target,label,koi_name,fpflag_nt,fpflag_ss,fpflag_co,fpflag_ec,koi_period,koi_depth,koi_snr
KIC 10797460,CONFIRMED,K00752.01,0,0,0,0,9.48803557,615.8,35.8
KIC 10811496,CANDIDATE,K00753.01,0,0,0,0,19.89913995,10829,76.3
KIC 10848459,FALSE POSITIVE,K00754.01,0,1,0,0,1.736952453,8079.2,505.6
KIC 10854555,CONFIRMED,K00755.01,0,0,0,0,2.525591777,603.3,40.9
KIC 10872983,CONFIRMED,K00756.01,0,0,0,0,11.09432054,1517.5,66.5
KIC 6721123,FALSE POSITIVE,K00114.01,0,1,1,0,7.36178958,233.7,47.7
KIC 10910878,CONFIRMED,K00757.01,0,0,0,0,16.06864674,4914.3,161.9
KIC 11446443,CONFIRMED,K00001.01,0,0,0,0,2.470613377,14230.9,4304.3
KIC 10666592,CONFIRMED,K00002.01,0,1,0,0,2.204735417,6674.7,5945.9
KIC 6922244,CONFIRMED,K00010.01,0,0,0,0,3.522498429,9145.7,1741.5
KIC 10984090,CONFIRMED,K00112.02,0,0,0,0,3.709214104,131.1,50.6
KIC 10419211,FALSE POSITIVE,K00742.01,0,1,0,0,11.521446064,17984.3,622.1
KIC 10464078,FALSE POSITIVE,K00743.01,0,1,0,0,19.40393776,8918.7,214.7
KIC 10480982,FALSE POSITIVE,K00744.01,0,1,0,0,19.221388942,74284,2317.0
KIC 10485250,FALSE POSITIVE,K00745.01,0,1,0,0,16.46983774,10478.9,303.4
KIC 10526549,CONFIRMED,K00746.01,0,0,0,0,9.27358173,1288.3,87.2
KIC 10583066,CONFIRMED,K00747.01,0,0,0,0,6.02930329,1912.7,65.4
KIC 10583180,FALSE POSITIVE,K00748.01,0,1,1,1,2.696370652,397.9,48.2
KIC 10601284,CONFIRMED,K00749.01,0,0,0,0,5.349553819,831,60.6
KIC 2306756,FALSE POSITIVE,K00113.01,0,1,0,0,386.6030528,24926.6,994.0
KIC 10662202,CONFIRMED,K00750.01,0,0,0,0,21.67699193,857.2,34.3
KIC 10682541,CONFIRMED,K00751.01,0,0,0,0,4.99677968,934.7,28.2
KIC 11460018,CONFIRMED,K00769.01,0,0,0,0,4.280963604,750.8,61.8
KIC 11463211,FALSE POSITIVE,K00770.01,0,0,1,0,1.50635409,2211.7,181.1
KIC 11465813,FALSE POSITIVE,K00771.01,0,1,1,0,670.645531,18090.6,642.7
KIC 11493732,FALSE POSITIVE,K00772.01,0,1,0,0,61.2563628,5123.3,85.3
KIC 11507101,CONFIRMED,K00773.01,0,0,0,0,38.3775486,724.2,34.7
KIC 10987985,CONFIRMED,K00758.01,0,0,0,0,16.01308419,1121.9,33.2
KIC 11018648,CONFIRMED,K00759.01,0,0,0,0,32.62876672,1804.8,80.0
KIC 11138155,CONFIRMED,K00760.01,0,0,0,0,4.959319244,9802,696.5
KIC 11152159,FALSE POSITIVE,K00761.01,0,1,1,0,2.701287801,860.4,48.3
KIC 11153539,CONFIRMED,K00762.01,0,0,0,0,4.49876511,460,29.5
KIC 11242721,FALSE POSITIVE,K00763.01,0,1,0,0,19.651209505,11766.3,513.4
KIC 9579641,CONFIRMED,K00115.01,0,0,0,0,5.412203927,601.6,166.7
KIC 11304958,CONFIRMED,K00764.01,0,0,0,0,41.43958662,2793.1,141.1
KIC 11391957,CONFIRMED,K00765.01,0,0,0,0,8.35389523,1041.6,43.4
KIC 11403044,CONFIRMED,K00766.01,0,0,0,0,4.125543472,1487.3,128.6
KIC 11414511,CONFIRMED,K00767.01,0,0,0,0,2.816504904,16813.7,1406.8
KIC 11442465,FALSE POSITIVE,K00768.01,0,1,1,0,33.93373447,8503.7,236.1
KIC 12110942,CONFIRMED,K00786.01,0,0,0,0,3.689920099,426.7,35.6
KIC 12366084,CONFIRMED,K00787.01,0,0,0,0,4.431238488,1010.9,71.1
KIC 12404086,CONFIRMED,K00788.01,0,0,0,0,26.39432897,1510.9,48.2
KIC 8395660,CONFIRMED,K00116.01,0,0,0,0,13.57078281,511.7,88.4
KIC 11656840,FALSE POSITIVE,K00774.01,0,1,0,0,7.442652004,24446.2,835.6
KIC 11754553,CONFIRMED,K00775.01,0,0,0,0,16.38489988,1127.1,28.9
KIC 11812062,CONFIRMED,K00776.01,0,0,0,0,3.728732147,5226.5,345.2
KIC 11818800,CANDIDATE,K00777.01,0,0,0,0,40.4195037,6256,36.9
KIC 11853255,CONFIRMED,K00778.01,0,0,0,0,2.243380573,821.7,38.9
KIC 11909839,FALSE POSITIVE,K00779.01,0,1,0,0,10.405998015,14488.8,745.2
KIC 11918099,CONFIRMED,K00780.01,0,0,0,0,2.337437946,971.2,82.4
KIC 11923270,CONFIRMED,K00781.01,0,0,0,0,11.59822233,2804.5,71.0
KIC 11960862,CONFIRMED,K00782.01,0,0,0,0,6.575315881,2793.3,221.1
KIC 12020329,CONFIRMED,K00783.01,0,0,0,0,7.275040844,3001,312.1
KIC 12066335,CONFIRMED,K00784.01,0,0,0,0,19.27153892,1219.8,37.1
KIC 12070811,CONFIRMED,K00785.01,0,0,0,0,12.3935651,916.6,35.8
KIC 3120431,FALSE POSITIVE,K00798.01,0,1,1,0,3.341913228,725.3,39.0
KIC 3246984,FALSE POSITIVE,K00799.01,0,0,1,0,1.626630225,1620.6,103.6
KIC 3342970,CONFIRMED,K00800.01,0,0,0,0,2.711504086,837.5,64.5
KIC 12459725,FALSE POSITIVE,K00789.01,0,0,0,1,14.1798187,459.9,11.2
KIC 12470844,CONFIRMED,K00790.01,0,0,0,0,8.47237911,1123.5,47.6
KIC 12644822,CONFIRMED,K00791.01,0,0,0,0,12.611904345,6105.6,277.2
KIC 2440757,FALSE POSITIVE,K00792.01,0,1,0,0,1.433769925,1976.3,112.6
KIC 2445129,FALSE POSITIVE,K00793.01,0,1,1,0,10.31872301,871.7,38.2
KIC 2713049,CONFIRMED,K00794.01,0,0,0,0,2.539183147,382.1,38.9
KIC 3114167,CONFIRMED,K00795.01,0,0,0,0,6.770300385,1304,50.8
KIC 3114661,FALSE POSITIVE,K00796.01,0,1,1,1,0.444291966,10967.4,299.7
KIC 3115833,CANDIDATE,K00797.01,0,0,0,0,10.181584004,5741.1,183.6
KIC 4139816,CONFIRMED,K00812.02,0,0,0,0,20.06036336,1494.7,35.2
KIC 4275191,CONFIRMED,K00813.01,0,0,0,0,3.895936525,8544.8,370.8
KIC 4476123,CONFIRMED,K00814.01,0,0,0,0,22.36646466,986.8,32.1
KIC 3351888,CONFIRMED,K00801.01,0,0,0,0,1.625522174,7969,799.7
KIC 3453214,CANDIDATE,K00802.01,0,0,0,0,19.620346923,21724.6,340.5
KIC 3554600,FALSE POSITIVE,K00803.01,1,0,1,0,7.544039,322.6,14.2
KIC 3641726,CONFIRMED,K00804.01,0,0,0,0,9.02930689,1019.8,53.9
KIC 3734868,FALSE POSITIVE,K00805.01,0,1,0,0,10.328035714,16917.7,636.8
KIC 3832474,CONFIRMED,K00806.01,0,0,0,0,143.2063047,10565.7,138.8
KIC 3836375,FALSE POSITIVE,K00807.01,0,0,1,1,1.540397253,816.1,38.8
KIC 3838486,FALSE POSITIVE,K00808.01,0,0,1,1,2.99025443,589.2,48.5
KIC 3935914,CONFIRMED,K00809.01,0,0,0,0,1.594745374,15044.5,1009.3
KIC 3940418,CONFIRMED,K00810.01,0,0,0,0,4.783002698,1008.7,70.6
KIC 4049131,CONFIRMED,K00811.01,0,0,0,0,20.50588921,2105.5,78.5
KIC 5287983,FALSE POSITIVE,K00828.01,0,1,1,0,2.507089906,1339.2,64.9
KIC 5358241,CONFIRMED,K00829.01,0,0,0,0,18.64932728,893.6,46.1
KIC 10875245,CONFIRMED,K00117.02,0,0,0,0,4.90144976,140.7,50.6
KIC 5358624,CONFIRMED,K00830.01,0,0,0,0,3.525632539,22335,1996.7
KIC 4544670,CANDIDATE,K00815.01,0,0,0,0,34.84398644,4523.6,76.8
KIC 4664847,CONFIRMED,K00816.01,0,0,0,0,7.748094239,2472.1,113.2
KIC 4725681,CONFIRMED,K00817.01,0,0,0,0,23.96793669,1182.3,27.5
KIC 4913852,CONFIRMED,K00818.01,0,0,0,0,8.11437482,1558,56.4
KIC 4932348,FALSE POSITIVE,K00819.01,0,1,0,0,38.036729482,82871.6,1300.0
KIC 4936180,CANDIDATE,K00820.01,0,0,0,0,4.64090031,2450.6,296.9
KIC 11913073,FALSE POSITIVE,K00011.01,0,1,1,1,3.747838198,616,138.2
KIC 5021899,CONFIRMED,K00821.01,0,0,0,0,21.81295996,1175.4,37.8
KIC 5077629,FALSE POSITIVE,K00822.01,0,1,0,0,7.91936937,15148.1,389.0
KIC 5115978,CANDIDATE,K00823.01,0,0,0,0,1.028436523,8098,89.6
KIC 5164255,CONFIRMED,K00824.01,0,0,0,0,15.37562369,15337,166.0
KIC 5252423,CONFIRMED,K00825.01,0,0,0,0,8.10363271,887.9,39.3
KIC 5272878,CONFIRMED,K00826.01,0,0,0,0,6.365839713,780.7,70.8
KIC 5283542,FALSE POSITIVE,K00827.01,0,0,1,0,5.97581754,962.4,50.3
KIC 5649215,FALSE POSITIVE,K00839.01,0,0,1,1,2.446737317,1177.9,110.2
KIC 5651104,CONFIRMED,K00840.01,0,0,0,0,3.04033046,10858.8,568.2
KIC 5792202,CONFIRMED,K00841.01,0,0,0,0,15.33528675,3081.4,86.6
KIC 5370302,FALSE POSITIVE,K00831.01,0,1,0,0,3.9043425,16228.4,323.4
KIC 5372966,FALSE POSITIVE,K00832.01,0,1,0,0,9.286358079,44791.4,1671.1
KIC 5376067,FALSE POSITIVE,K00833.01,0,1,0,0,3.951405455,2453.9,117.2
KIC 5436502,CONFIRMED,K00834.01,0,0,0,0,23.65369415,3341.8,266.3
KIC 5456651,CONFIRMED,K00835.01,0,0,0,0,11.76307164,1037.3,48.9
KIC 5481416,FALSE POSITIVE,K00836.01,0,1,1,1,2.384052875,1268.1,50.5
KIC 5531576,CONFIRMED,K00837.01,0,0,0,0,7.953547,875.4,38.4
KIC 5534814,FALSE POSITIVE,K00838.01,0,1,0,0,4.859386384,6044.3,269.7
KIC 6291653,CONFIRMED,K00850.01,0,0,0,0,10.526294577,9768,482.3
KIC 6392727,CONFIRMED,K00851.01,0,0,0,0,4.583520948,3812.1,99.5
KIC 6422070,CONFIRMED,K00852.01,0,0,0,0,3.76181843,510.6,35.9
KIC 6428700,CONFIRMED,K00853.01,0,0,0,0,8.20396958,1024.4,54.4
KIC 5794379,CONFIRMED,K00842.01,0,0,0,0,12.71809866,1149.4,52.7
KIC 5881688,CONFIRMED,K00843.01,0,0,0,0,4.190425659,2877.4,240.6
KIC 6022556,CONFIRMED,K00844.01,0,0,0,0,3.709870784,2020.3,116.1
KIC 6032497,CONFIRMED,K00845.01,0,0,0,0,16.3297527,1187.5,74.6
KIC 6061119,CONFIRMED,K00846.01,0,0,0,0,27.807566216,25391.1,748.1
KIC 6191521,CONFIRMED,K00847.01,0,0,0,0,80.8723469,3604.6,160.9
KIC 6267425,FALSE POSITIVE,K00848.01,0,1,1,0,3.166465862,4357.2,122.1
KIC 3531558,CONFIRMED,K00118.01,0,0,0,0,24.99324319,269.6,62.0
KIC 6276477,CONFIRMED,K00849.01,0,0,0,0,10.35533116,750.6,49.2
KIC 6863998,CONFIRMED,K00867.01,0,0,0,0,16.08518937,1442.4,62.6
KIC 6867155,CANDIDATE,K00868.01,0,0,0,0,235.9986399,20714.6,271.8
KIC 6948054,CONFIRMED,K00869.01,0,0,0,0,7.49018305,1123.6,53.0
KIC 6435936,CONFIRMED,K00854.01,0,0,0,0,56.0560754,1626,27.4
KIC 6522242,CONFIRMED,K00855.01,0,0,0,0,41.408316686,22838.9,907.8
KIC 6526710,CANDIDATE,K00856.01,0,0,0,0,39.74893077,15178.9,561.1
KIC 6587280,CONFIRMED,K00857.01,0,0,0,0,5.715425977,908.1,59.4
KIC 9471974,CONFIRMED,K00119.01,0,0,0,0,49.18394185,1646.2,355.7
KIC 6599919,CANDIDATE,K00858.01,0,0,0,0,13.61014819,5732.9,184.1
KIC 6675056,FALSE POSITIVE,K00859.01,0,1,1,1,10.44331991,1159.8,51.7
KIC 6685526,CONFIRMED,K00861.01,0,0,0,0,2.237489571,315.8,30.7
KIC 6756669,FALSE POSITIVE,K00862.01,0,1,0,0,5.851520671,33003.6,1630.4
KIC 6784235,CONFIRMED,K00863.01,0,0,0,0,3.167893418,781.2,64.8
KIC 6849310,CONFIRMED,K00864.01,0,0,0,0,4.311780262,1154,86.1
KIC 6862328,CANDIDATE,K00865.01,0,0,0,0,119.0207044,7430.5,223.5
KIC 6862603,FALSE POSITIVE,K00866.01,0,1,1,0,2.861159894,1014.3,58.3
KIC 7366258,CONFIRMED,K00880.01,0,0,0,0,26.44439337,1843.5,88.0
KIC 7373451,CONFIRMED,K00881.01,0,0,0,0,21.02250608,1772.5,62.4
KIC 6949607,CONFIRMED,K00870.01,0,0,0,0,5.912273234,961.4,62.8
KIC 7031517,CANDIDATE,K00871.01,0,0,0,0,12.940668656,42450,307.5
KIC 11869052,FALSE POSITIVE,K00120.01,0,1,0,0,20.5452375,218.5,18.5
KIC 7109675,CONFIRMED,K00872.01,0,0,0,0,33.60123371,7425.9,247.9
KIC 7118364,CONFIRMED,K00873.01,0,0,0,0,4.347288783,451.6,39.7
KIC 7134976,CONFIRMED,K00874.01,0,0,0,0,4.601811819,755.9,60.8
KIC 7135852,CONFIRMED,K00875.01,0,0,0,0,4.220965778,2260,157.8
KIC 7270230,FALSE POSITIVE,K00876.01,0,1,0,0,6.998099523,20285,192.3
KIC 7287995,CONFIRMED,K00877.01,0,0,0,0,5.95489993,1410.7,87.2
KIC 3247396,FALSE POSITIVE,K00121.01,0,1,1,1,8.8111022,401.1,76.8
KIC 7303253,CONFIRMED,K00878.01,0,0,0,0,23.58917143,1200.7,53.3
KIC 5094751,CONFIRMED,K00123.01,0,0,0,0,6.481633073,298.5,125.6
KIC 7678434,CONFIRMED,K00892.01,0,0,0,0,10.37168928,1254.9,64.5
KIC 7685981,CONFIRMED,K00893.01,0,0,0,0,4.40841331,549.4,45.1
KIC 7708215,FALSE POSITIVE,K00894.01,0,1,1,1,7.9426176,1590.7,60.4
KIC 7377033,FALSE POSITIVE,K00882.01,0,1,0,0,1.956811408,24905,125.4
KIC 7380537,CANDIDATE,K00883.01,0,0,0,0,2.688899233,37491.6,1011.6
KIC 7434875,CONFIRMED,K00884.01,0,0,0,0,9.439459486,3036.1,175.2
KIC 8349582,CONFIRMED,K00122.01,0,0,0,0,11.523067458,507.3,142.0
KIC 7455287,CONFIRMED,K00886.01,0,0,0,0,8.01078456,1333.6,48.5
KIC 7458762,CONFIRMED,K00887.01,0,0,0,0,7.41113177,620.5,50.4
KIC 7552344,FALSE POSITIVE,K00888.01,0,1,0,0,1.000747038,1823.5,147.4
KIC 757450,CONFIRMED,K00889.01,0,0,0,0,8.884922995,16053.4,388.2
KIC 7585481,CONFIRMED,K00890.01,0,0,0,0,8.09888906,6911.1,435.9
KIC 7663691,CONFIRMED,K00891.01,0,0,0,0,10.00653012,936.1,71.9
KIC 5812701,CONFIRMED,K00012.01,0,0,0,0,17.855221681,9065.2,915.7
KIC 8013419,CANDIDATE,K00901.01,0,0,0,0,12.732624065,6465.7,210.5
KIC 8018547,CANDIDATE,K00902.01,0,0,0,0,83.92494032,7958.7,182.1
KIC 8039892,CONFIRMED,K00903.01,0,0,0,0,5.007316661,6932.3,431.4
KIC 8150320,CONFIRMED,K00904.01,0,0,0,0,2.211116989,724.2,42.6
KIC 11086270,CONFIRMED,K00124.01,0,0,0,0,12.69104387,252.1,60.2
KIC 7767559,FALSE POSITIVE,K00895.01,0,1,0,0,4.409409243,12861,85.8
KIC 7825899,CONFIRMED,K00896.01,0,0,0,0,16.23947096,2590.7,123.8
KIC 7849854,CONFIRMED,K00897.01,0,0,0,0,2.052349884,14280.6,1072.1
KIC 7870390,CONFIRMED,K00898.01,0,0,0,0,9.7704486,1897.8,58.0
KIC 7907423,CONFIRMED,K00899.01,0,0,0,0,7.11373257,807.6,44.4
KIC 7938496,CONFIRMED,K00900.01,0,0,0,0,13.81020318,1309.7,46.2
KIC 8490993,CONFIRMED,K00911.01,0,0,0,0,4.093578461,538.6,36.4
KIC 8505670,CONFIRMED,K00912.01,0,0,0,0,10.8484518,1675.6,64.5
KIC 8544996,CONFIRMED,K00913.01,0,0,0,0,4.082274889,17859.2,1669.1
KIC 8552202,CANDIDATE,K00914.01,0,0,0,0,3.886655224,581.6,48.1
KIC 8180063,FALSE POSITIVE,K00905.01,0,0,1,0,5.795063956,1692.9,119.4
KIC 8226994,CONFIRMED,K00906.01,0,0,0,0,7.15681552,867,47.7
KIC 8247638,CONFIRMED,K00907.01,0,0,0,0,16.51410989,973.5,55.9
KIC 8255887,CONFIRMED,K00908.01,0,0,0,0,4.708326451,7912.7,633.4
KIC 8256049,FALSE POSITIVE,K00909.01,0,0,1,1,16.37198661,4147.6,54.5
KIC 8414716,CONFIRMED,K00910.01,0,0,0,0,5.392026903,1151.4,77.4
KIC 9140402,CANDIDATE,K00928.01,0,0,0,0,2.494170338,863.7,69.2
KIC 9141746,CONFIRMED,K00929.01,0,0,0,0,6.491682808,7163.3,502.3
KIC 9159275,FALSE POSITIVE,K00930.01,0,1,1,1,3.044770796,1695,203.5
KIC 9166862,CONFIRMED,K00931.01,0,0,0,0,3.855603916,16652.7,1173.9
KIC 9166870,FALSE POSITIVE,K00932.01,0,0,1,1,3.855599139,1030.9,90.1
KIC 11449844,CONFIRMED,K00125.01,0,1,0,0,38.47876629,23530,1077.8
KIC 8605074,FALSE POSITIVE,K00915.01,0,1,0,0,37.601661282,59130.1,1667.3
KIC 8628973,CONFIRMED,K00916.01,0,0,0,0,3.314947362,1398.2,123.5
KIC 8655354,FALSE POSITIVE,K00917.01,0,1,0,0,6.71969089,969.7,45.4
KIC 8672910,CONFIRMED,K00918.01,0,0,0,0,39.6431552,15663.8,690.3
KIC 8686150,FALSE POSITIVE,K00919.01,0,1,0,0,51.42598578,66067.7,1843.8
KIC 8689031,CONFIRMED,K00920.01,0,0,0,0,21.80451611,1144.9,49.9
KIC 8689373,CONFIRMED,K00921.01,0,0,0,0,10.28194593,1110.7,55.0
KIC 8826878,CONFIRMED,K00922.01,0,0,0,0,5.15448142,697.5,48.1
KIC 5897826,FALSE POSITIVE,K00126.01,0,1,0,0,33.80364366,13494.4,529.9
KIC 8883593,CONFIRMED,K00923.01,0,0,0,0,5.743469797,1240.2,79.7
KIC 8951215,CANDIDATE,K00924.01,0,0,0,0,39.4759093,1012.6,26.6
KIC 9016295,FALSE POSITIVE,K00925.01,0,1,0,0,19.974485239,40293.1,1398.8
KIC 9077124,CONFIRMED,K00926.01,0,0,0,0,3.166353562,1473.4,128.3
KIC 9097120,FALSE POSITIVE,K00927.01,0,1,1,0,23.899634407,20953.1,547.8
KIC 9466668,CONFIRMED,K00939.01,0,0,0,0,3.388012244,280.1,30.6
KIC 9479273,CONFIRMED,K00940.01,0,0,0,0,6.104849417,2090.3,293.7
KIC 8359498,CONFIRMED,K00127.01,0,0,0,0,3.578780566,11382.2,1838.4
KIC 9171801,FALSE POSITIVE,K00933.01,0,1,1,0,3.187067566,1037.4,37.2
KIC 9334289,CONFIRMED,K00934.01,0,0,0,0,5.826657508,1539.1,81.1
KIC 9347899,CONFIRMED,K00935.01,0,0,0,0,20.86021229,1910.5,117.0
KIC 9388479,CONFIRMED,K00936.01,0,0,0,0,9.467821474,2237,124.7
KIC 11359879,CONFIRMED,K00128.01,0,0,0,0,4.942783419,11144.7,2040.7
KIC 9406990,CONFIRMED,K00937.01,0,0,0,0,20.83426731,988.4,45.1
KIC 9415172,CONFIRMED,K00938.01,0,0,0,0,9.94602357,994.5,51.0
KIC 9904059,FALSE POSITIVE,K00145.01,0,1,0,0,102.9641952,1896.7,86.1
KIC 3231341,CONFIRMED,K01102.02,0,0,0,0,8.14515981,446.8,32.2
KIC 2860866,CANDIDATE,K01103.01,0,0,0,0,90.1240507,3020.3,57.9
KIC 7626506,CONFIRMED,K00150.02,0,0,0,0,28.5742692,824.9,97.1
KIC 10460629,CANDIDATE,K01168.01,0,0,0,0,856.672115,858.1,39.2
KIC 10319385,CANDIDATE,K01169.01,0,0,0,0,0.689210173,195,93.4
KIC 10482160,CONFIRMED,K01170.01,0,0,0,0,7.34373964,574.4,32.2
KIC 10485069,FALSE POSITIVE,K01171.01,1,0,0,1,0.445277068,186.7,28.9
KIC 3233043,FALSE POSITIVE,K00966.01,0,1,0,0,0.379463865,1973.3,458.6
KIC 6579806,FALSE POSITIVE,K00967.01,0,1,0,0,9.88047978,18541,534.5
KIC 3560301,FALSE POSITIVE,K00968.01,1,0,0,0,4.6484156,128.4,91.7
KIC 4044005,FALSE POSITIVE,K00969.01,0,1,0,0,17.512014768,4511.7,322.3
KIC 11502218,CANDIDATE,K00970.01,0,0,0,0,3.9886021,673.5,37.1
KIC 11180361,CANDIDATE,K00971.01,0,0,0,0,0.533059312,1495.8,179.6
KIC 5802246,FALSE POSITIVE,K01044.01,0,1,1,0,0.525154153,747.5,116.1
KIC 6066403,FALSE POSITIVE,K01045.01,0,0,1,1,1.303861044,598.2,140.6
KIC 6209637,FALSE POSITIVE,K01046.01,0,0,0,0,0.73452496,,
KIC 5988031,FALSE POSITIVE,K01047.01,0,0,1,0,2.55549176,113.8,24.3
KIC 7684873,FALSE POSITIVE,K00014.01,0,1,0,0,2.947376671,433.2,62.3
KIC 8559644,CONFIRMED,K00139.01,0,0,0,0,224.7789355,3487.5,235.7
KIC 2851100,FALSE POSITIVE,K01104.01,0,1,1,0,0.890110752,321.5,19.6
KIC 3130300,FALSE POSITIVE,K01105.01,0,0,1,0,5.76573396,248,22.2
KIC 3240158,CONFIRMED,K01106.01,0,0,0,0,7.42608123,443.3,37.5
KIC 3228959,FALSE POSITIVE,K01107.01,1,0,1,0,0.73094589,250.2,37.5
KIC 3218908,CONFIRMED,K01108.01,0,0,0,0,18.92537246,640.9,41.0
KIC 10341913,FALSE POSITIVE,K01172.01,1,0,1,1,0.933749106,186.2,136.3
KIC 10480921,FALSE POSITIVE,K01173.01,0,0,1,1,2.037440623,118.6,27.0
KIC 10287723,CANDIDATE,K01174.01,0,0,0,0,129995.7784,1474.9,35.7
KIC 10350571,CONFIRMED,K01175.01,0,0,0,0,31.5925809,145.1,25.5
KIC 3749365,CONFIRMED,K01176.01,0,0,0,0,1.97376085,30222.4,1252.5
KIC 11013201,CONFIRMED,K00972.01,0,0,0,0,13.118962443,372.2,267.4
KIC 11673674,FALSE POSITIVE,K00133.01,0,1,1,1,4.618767792,4399.1,270.1
KIC 9414417,CANDIDATE,K00974.01,0,0,0,0,53.5057611,195.6,71.2
KIC 3632418,CONFIRMED,K00975.01,0,0,0,0,2.785821236,68.9,53.6
KIC 3441784,FALSE POSITIVE,K00976.01,0,1,0,0,52.56901867,26900,184.3
KIC 5820218,FALSE POSITIVE,K01048.01,0,0,1,0,3.411758679,570.6,35.6
KIC 5876368,FALSE POSITIVE,K01049.01,0,1,1,1,0.525426427,324.6,63.6
KIC 5809890,CONFIRMED,K01050.01,0,0,0,0,1.269091415,340.9,73.5
KIC 6131236,CONFIRMED,K01051.01,0,0,0,0,6.79685353,393.1,29.8
KIC 9048161,FALSE POSITIVE,K00146.01,0,1,1,1,8.667822346,2121.9,187.6
KIC 3235672,FALSE POSITIVE,K01109.01,1,0,0,0,6.7210783,,
KIC 2837111,CONFIRMED,K01110.01,0,0,0,0,8.7348852,270.7,24.8
KIC 3120276,FALSE POSITIVE,K01111.01,0,0,1,1,10.26547688,399.6,20.1
KIC 2307199,CANDIDATE,K00151.01,0,0,0,0,13.4471791,1428.2,105.3
KIC 3547091,FALSE POSITIVE,K01177.01,0,1,0,0,3.305577989,17971,39.6
KIC 3869825,FALSE POSITIVE,K01178.01,0,1,0,0,4.800653901,15304.4,298.0
KIC 3655332,FALSE POSITIVE,K01179.01,0,1,1,1,15.06649901,36348,154.6
KIC 4042026,FALSE POSITIVE,K01180.01,0,1,0,0,34.82008158,18847.8,882.6
KIC 3344419,FALSE POSITIVE,K01181.01,1,0,0,1,0.651784374,2779.3,195.2
KIC 11192141,FALSE POSITIVE,K00977.01,0,1,0,0,1.353771892,1349.1,76.7
KIC 11494130,FALSE POSITIVE,K00978.01,1,0,0,0,18.95491633,867.5,249.3
KIC 5648449,FALSE POSITIVE,K00979.01,0,1,0,0,4.348866254,625.6,56.3
KIC 12167361,FALSE POSITIVE,K00980.01,0,1,0,0,47.93094546,2144.4,221.1
KIC 8607720,FALSE POSITIVE,K00981.01,1,0,0,0,3.99751422,32.8,6.1
KIC 1433962,FALSE POSITIVE,K00982.01,0,1,1,1,1.592633181,633.1,66.9
KIC 9032900,CONFIRMED,K00134.01,0,0,0,0,67.5923754,4158.1,60.9
KIC 5956342,CONFIRMED,K01052.01,0,0,0,0,17.02902786,568.9,29.8
KIC 5956656,CONFIRMED,K01053.01,0,0,0,0,1.224866441,196,21.1
KIC 3109930,CONFIRMED,K01112.01,0,0,0,0,37.8102649,570.3,35.2
KIC 2854914,CONFIRMED,K01113.01,0,0,0,0,25.93406406,414.5,42.2
KIC 3337425,FALSE POSITIVE,K01114.01,0,0,1,1,7.04710032,400.9,24.0
KIC 3116412,CONFIRMED,K01115.01,0,0,0,0,12.99204853,270.6,38.7
KIC 3865567,FALSE POSITIVE,K01182.01,0,1,1,0,11.11620211,4843.9,115.3
KIC 3544689,FALSE POSITIVE,K01183.01,0,1,1,1,1.922861499,1916.2,103.4
KIC 4037164,FALSE POSITIVE,K01184.01,0,1,1,1,0.635445336,2547.4,182.2
KIC 3443790,FALSE POSITIVE,K01185.01,0,1,1,0,1.665784138,2006.2,148.0
KIC 3966912,FALSE POSITIVE,K01186.01,0,1,1,0,55.6639167,3414.4,103.4
KIC 8394721,CONFIRMED,K00152.01,0,0,0,0,52.09081627,2894.1,243.5
KIC 11607193,FALSE POSITIVE,K00983.01,0,0,0,0,7.1548608,780.4,24.2
KIC 1161345,CONFIRMED,K00984.01,0,0,0,0,4.28746668,790.1,19.4
KIC 10227501,FALSE POSITIVE,K00985.01,0,0,1,0,2.002779769,260.5,22.2
KIC 2854698,CONFIRMED,K00986.01,0,0,0,0,8.18739443,517.6,38.4
KIC 6032981,FALSE POSITIVE,K01054.01,1,0,0,0,3.3226948,78.7,8.6
KIC 5866099,FALSE POSITIVE,K01055.01,0,1,1,1,36.97708808,1269.9,59.2
KIC 5964985,FALSE POSITIVE,K01056.01,0,0,0,0,1.851409163,232.5,54.4
KIC 6066416,FALSE POSITIVE,K01057.01,0,0,1,1,1.303859704,36.7,34.7
KIC 1996679,FALSE POSITIVE,K00147.01,0,1,1,0,145.5624926,2931.6,58.1
KIC 2849805,CONFIRMED,K01116.01,0,0,0,0,3.749105745,182.6,38.0
KIC 3114811,CONFIRMED,K01117.01,0,0,0,0,11.08956602,148.1,38.9
KIC 2853446,CANDIDATE,K01118.01,0,0,0,0,7.37290344,205.2,19.1
KIC 3003992,FALSE POSITIVE,K01119.01,0,0,0,1,7.24476126,58,27.2
KIC 3942446,CANDIDATE,K01193.01,0,0,0,0,119.0624882,5372.3,71.6
KIC 3554031,CONFIRMED,K01194.01,0,0,0,0,8.70798309,1419.6,28.1
KIC 7295235,CONFIRMED,K00987.01,0,0,0,0,3.179267286,200.9,41.0
KIC 2302548,CONFIRMED,K00988.01,0,0,0,0,10.38122447,801.5,41.9
KIC 10743597,FALSE POSITIVE,K00989.01,0,0,0,0,81.221876,9883,63.0
KIC 9818381,CONFIRMED,K00135.01,0,0,0,0,3.024092505,7765,1225.3
KIC 6124941,FALSE POSITIVE,K01058.01,0,0,1,0,5.670155713,536.7,37.3
KIC 6060203,CONFIRMED,K01059.01,0,0,0,0,1.022678654,129.2,21.6
KIC 5880320,CONFIRMED,K01060.01,0,0,0,0,12.10968709,284.7,33.4
KIC 6307537,FALSE POSITIVE,K01120.01,0,1,0,0,29.74454668,66894,765.0
KIC 6359798,FALSE POSITIVE,K01121.01,0,1,0,0,14.15402428,61625.1,930.3
KIC 6311681,FALSE POSITIVE,K01122.01,0,1,1,0,0.844786082,2468.5,245.6
KIC 6365321,FALSE POSITIVE,K01123.01,0,1,0,0,0.848483947,1907.4,185.0
KIC 6301035,FALSE POSITIVE,K01124.01,0,1,1,1,11.99097576,2124.3,102.8
KIC 3859079,CONFIRMED,K01199.01,0,0,0,0,53.5292702,1086.1,34.5
KIC 3557493,FALSE POSITIVE,K01200.01,0,0,0,1,0.393726813,564.6,64.8
KIC 4061149,CONFIRMED,K01201.01,0,0,0,0,2.757584622,563.1,19.6
KIC 3444588,CONFIRMED,K01202.01,0,0,0,0,0.928310036,376.2,22.6
KIC 3962243,CONFIRMED,K01203.01,0,0,0,0,31.8841473,910,25.3
KIC 10015516,FALSE POSITIVE,K00990.01,0,0,0,0,67.69213907,25457.2,1328.2
KIC 10154388,CONFIRMED,K00991.01,0,0,0,0,12.06222962,300.2,32.4
KIC 1432789,CONFIRMED,K00992.01,0,0,0,0,9.93146307,398.6,26.2
KIC 1718189,CONFIRMED,K00993.01,0,0,0,0,21.85362905,355.6,23.0
KIC 5130369,FALSE POSITIVE,K00140.01,0,1,1,1,19.97867,944.3,86.2
KIC 6037187,CONFIRMED,K01061.01,0,0,0,0,41.8059544,434.4,28.3
KIC 6147122,FALSE POSITIVE,K01062.01,0,1,1,0,15.45158184,85.3,21.0
KIC 8257407,FALSE POSITIVE,K01063.01,0,1,0,0,89.698168533,273106,3420.3
KIC 8218274,FALSE POSITIVE,K01064.01,0,1,0,0,1.187352427,20703,717.4
KIC 3964562,FALSE POSITIVE,K00015.01,0,1,1,1,3.012476582,1138.5,253.4
KIC 5735762,CONFIRMED,K00148.01,0,0,0,0,4.77800306,473,115.4
KIC 6292162,FALSE POSITIVE,K01125.01,0,1,0,0,7.814839231,2010.3,100.0
KIC 6307521,FALSE POSITIVE,K01126.01,0,1,1,1,29.7452499,778.9,55.9
KIC 6359320,CONFIRMED,K01127.01,0,0,0,0,5.32667299,611.4,34.1
KIC 3848972,FALSE POSITIVE,K01187.01,0,1,0,0,0.741057213,1996.3,251.9
KIC 3860441,FALSE POSITIVE,K01188.01,0,0,1,0,2.988085455,802.8,48.2
KIC 3765771,FALSE POSITIVE,K01189.01,0,1,1,0,2.783883492,903.9,86.1
KIC 3557341,FALSE POSITIVE,K01190.01,1,0,0,1,0.393727296,903.5,82.4
KIC 3859628,CONFIRMED,K01191.01,0,0,0,0,8.17242644,864.3,37.0
KIC 3644071,FALSE POSITIVE,K01192.02,1,0,0,1,359.047933,5622.7,91.1
KIC 1431122,CANDIDATE,K00994.01,0,0,0,0,4.2989201,237.6,20.0
KIC 3858949,FALSE POSITIVE,K00995.01,0,1,1,1,25.9518461,1058.5,65.8
KIC 3858824,FALSE POSITIVE,K00996.01,0,1,1,1,25.9518536,2017.9,79.4
KIC 2157247,FALSE POSITIVE,K00997.01,0,0,0,0,5.68628739,5559.7,414.4
KIC 7601633,FALSE POSITIVE,K00136.01,0,1,0,0,15.663886949,5144.4,175.9
KIC 8242681,FALSE POSITIVE,K01065.01,0,1,0,0,4.020628573,20901,282.6
KIC 8260218,CANDIDATE,K01066.01,0,0,0,0,5.714817603,12294.8,537.7
KIC 8246781,FALSE POSITIVE,K01067.01,0,1,0,0,185.02288222,43546.7,938.2
KIC 8264070,FALSE POSITIVE,K01068.01,0,1,1,1,2.897432135,1223.7,73.9
KIC 8222813,CONFIRMED,K01069.01,0,0,0,0,8.70420525,1074.9,74.0
KIC 6362874,CONFIRMED,K01128.01,0,0,0,0,0.974868896,197.6,82.6
KIC 6272413,CONFIRMED,K01129.01,0,0,0,0,4.89721006,274.4,16.9
KIC 8279765,FALSE POSITIVE,K01130.01,0,1,0,0,2.757794163,39043,349.2
KIC 8330548,FALSE POSITIVE,K01132.01,0,0,1,1,1.914158508,7829.2,124.6
KIC 3348082,CONFIRMED,K01196.02,0,0,0,0,11.63486009,292.3,18.4
KIC 3853673,FALSE POSITIVE,K01197.01,0,1,1,0,0.643794198,456.7,53.7
KIC 3447722,CONFIRMED,K01198.01,0,0,0,0,16.08832318,597.8,31.3
KIC 1432214,FALSE POSITIVE,K00998.01,0,1,0,0,161.78832712,87750,704.5
KIC 2165002,CONFIRMED,K00999.01,0,0,0,0,16.56806842,1331.4,41.9
KIC 2441728,FALSE POSITIVE,K01000.01,0,0,1,0,0.856895349,82.2,33.1
KIC 1871056,CONFIRMED,K01001.01,0,0,0,0,40.8065333,313.9,54.8
KIC 12105051,CANDIDATE,K00141.01,0,0,0,0,2.624234833,2607,361.1
KIC 8240904,CONFIRMED,K01070.01,0,0,0,0,6.61836309,549.1,31.5
KIC 8374494,FALSE POSITIVE,K01133.01,0,1,1,1,5.251916208,10624.3,146.3
KIC 8414907,FALSE POSITIVE,K01134.01,1,0,1,1,100.3039228,5450,63.2
KIC 8397446,FALSE POSITIVE,K01135.01,1,0,1,0,0.986620248,1345.8,117.7
KIC 8386035,FALSE POSITIVE,K01136.01,1,0,1,1,1.63484631,,
KIC 3438507,CONFIRMED,K01204.01,0,0,0,0,8.39842977,340.1,28.0
KIC 3869014,CONFIRMED,K01205.01,0,0,0,0,8.63847391,395.9,38.6
KIC 3756801,CANDIDATE,K01206.01,0,0,0,0,422.917678,1367.7,61.7
KIC 1865042,CONFIRMED,K01002.01,0,0,0,0,3.4815917,135.2,23.4
KIC 2438502,FALSE POSITIVE,K01003.01,0,1,0,0,8.360616221,28066.3,425.6
KIC 2309585,FALSE POSITIVE,K01004.01,0,1,1,1,1.838514968,2721.7,63.7
KIC 5780460,CONFIRMED,K01005.01,0,0,0,0,35.61760233,4634.9,155.0
KIC 8244190,FALSE POSITIVE,K01071.01,0,0,1,1,1.09206833,219.2,45.5
KIC 8229696,CONFIRMED,K01072.01,0,0,0,0,10.12805158,477.4,38.0
KIC 8262210,FALSE POSITIVE,K01073.01,0,1,1,1,1.613001111,104.1,19.3
KIC 10272640,CONFIRMED,K01074.01,0,0,0,0,3.770551475,12440,100.8
KIC 10232123,FALSE POSITIVE,K01075.01,0,0,1,0,1.343767797,4702.6,269.8
KIC 10223616,FALSE POSITIVE,K01076.01,1,0,0,0,29.12436474,6496,63.4
KIC 8415745,FALSE POSITIVE,K01138.01,0,1,1,0,31.82814583,4456.8,78.7
KIC 8378634,FALSE POSITIVE,K01139.01,0,1,1,1,3.629442796,426.6,76.4
KIC 8397675,FALSE POSITIVE,K01140.01,0,1,0,0,0.553261874,1038.1,202.2
KIC 8346392,CONFIRMED,K01141.01,0,0,0,0,5.72812616,643.4,20.8
KIC 8288947,CONFIRMED,K01142.01,0,0,0,0,3.75574267,417.4,27.9
KIC 8312852,FALSE POSITIVE,K01143.01,0,0,1,0,7.44042933,547.3,34.0
KIC 9480189,CONFIRMED,K00941.01,0,0,0,0,6.581477136,2318.9,116.2
KIC 11974540,CONFIRMED,K00129.01,0,1,0,0,24.669192732,7382.3,603.0
KIC 9512687,CONFIRMED,K00942.01,0,0,0,0,11.51517167,1357.4,53.2
KIC 8644288,CONFIRMED,K00137.01,0,0,0,0,7.641567589,2269.7,437.5
KIC 5738346,FALSE POSITIVE,K01006.01,0,1,0,0,30.6113932,3472,37.5
KIC 1725016,CONFIRMED,K01007.01,0,0,0,0,7.40742502,442,23.1
KIC 1722276,FALSE POSITIVE,K01008.01,1,0,0,0,569.934135,18904,66.7
KIC 892772,FALSE POSITIVE,K01009.01,0,0,1,0,5.09246539,254,17.1
KIC 1027438,FALSE POSITIVE,K01010.01,1,0,0,0,110.61576622,,
KIC 10268907,FALSE POSITIVE,K01077.01,0,0,0,1,1.103971357,317.9,21.7
KIC 5446285,CONFIRMED,K00142.01,0,0,0,0,10.916108342,1479,302.2
KIC 10166274,CONFIRMED,K01078.01,0,0,0,0,3.353732008,1264.7,47.8
KIC 10153827,FALSE POSITIVE,K01079.01,0,0,0,0,0.293630085,2017.7,170.0
KIC 8302450,FALSE POSITIVE,K01144.01,0,0,1,1,2.44199803,251.7,27.2
KIC 8313667,CANDIDATE,K01145.01,0,0,0,0,30.5872153,464.8,33.1
KIC 8351704,CONFIRMED,K01146.01,0,0,0,0,7.09712124,369.5,18.3
KIC 8299955,FALSE POSITIVE,K01147.01,0,0,1,1,2.6827683,79.8,26.7
KIC 9513865,CONFIRMED,K00943.01,0,0,0,0,3.601465336,777.7,50.7
KIC 9595686,FALSE POSITIVE,K00944.01,0,1,1,0,3.108251172,1867.7,156.5
KIC 9605514,CONFIRMED,K00945.01,0,0,0,0,25.8474958,537.4,27.3
KIC 9661877,FALSE POSITIVE,K00946.01,0,1,1,1,20.42720701,1273,36.7
KIC 5728283,FALSE POSITIVE,K01011.01,0,1,0,0,6.198273591,47302.6,2561.1
KIC 8127639,FALSE POSITIVE,K01012.01,0,0,1,1,1.023471798,861.4,63.0
KIC 6047498,FALSE POSITIVE,K01013.01,0,1,0,0,0.51872711,714.1,93.3
KIC 8125580,CONFIRMED,K01014.01,0,0,0,0,17.31711739,1473,35.9
KIC 8158127,CONFIRMED,K01015.01,0,0,0,0,9.42889884,565.4,50.4
KIC 10158990,FALSE POSITIVE,K01080.01,0,1,1,1,1.096583368,308.5,44.3
KIC 10149023,CANDIDATE,K01081.01,0,0,0,0,9.95639775,510.5,32.9
KIC 10141900,CONFIRMED,K01082.01,0,0,0,0,6.50327035,418.3,19.0
KIC 8410727,CONFIRMED,K01148.01,0,0,0,0,11.47609015,182.3,27.7
KIC 8349405,FALSE POSITIVE,K01149.01,1,0,0,0,7.1688266,,
KIC 8278371,CONFIRMED,K01150.01,0,0,0,0,0.677374687,76.7,38.7
KIC 8280511,CONFIRMED,K01151.01,0,0,0,0,10.43547031,210.2,36.7
KIC 9710326,CONFIRMED,K00947.01,0,0,0,0,28.59914031,1585.1,53.8
KIC 9761882,CONFIRMED,K00948.01,0,0,0,0,24.58716355,907.5,35.6
KIC 5297298,FALSE POSITIVE,K00130.01,0,1,0,0,34.193600311,13714.8,1405.6
KIC 9766437,CONFIRMED,K00949.01,0,0,0,0,12.53248222,1145.9,66.7
KIC 9772531,CANDIDATE,K00950.01,0,0,0,0,31.201692472,34513.7,607.4
KIC 9775938,CONFIRMED,K00951.01,0,0,0,0,13.19720694,2141.4,116.2
KIC 8176653,FALSE POSITIVE,K01016.01,0,0,1,0,2.866680334,712.4,43.0
KIC 8174625,CONFIRMED,K01017.01,0,0,0,0,17.44486016,826.9,46.0
KIC 8183911,FALSE POSITIVE,K01018.01,0,0,1,0,8.30697421,158.7,17.4
KIC 8179973,FALSE POSITIVE,K01019.01,1,0,0,0,2.49705175,,
KIC 10157458,CONFIRMED,K01083.01,0,0,0,0,7.33685101,325.8,21.6
KIC 4649305,FALSE POSITIVE,K00143.01,0,1,0,0,22.65117451,2250,170.1
KIC 10148521,FALSE POSITIVE,K01084.01,0,0,1,0,1.204274435,185.8,34.7
KIC 10118816,CONFIRMED,K01085.01,0,0,0,0,7.71790675,306.8,12.6
KIC 10122255,CONFIRMED,K01086.01,0,0,0,0,27.6652847,469.2,36.1
KIC 3124412,FALSE POSITIVE,K01087.01,0,1,1,1,0.948950734,2133,238.6
KIC 3835670,CONFIRMED,K00149.01,0,0,0,0,14.55730897,956.9,200.0
KIC 10287248,FALSE POSITIVE,K01152.01,0,1,1,0,4.722254104,82670,314.1
KIC 10351767,FALSE POSITIVE,K01153.01,1,0,0,0,0.635069939,33117.3,578.6
KIC 10295951,CANDIDATE,K01154.01,0,0,0,0,6.810823723,14446.8,1441.9
KIC 10342041,FALSE POSITIVE,K01155.01,0,0,1,1,0.933746515,2936.6,549.5
KIC 10514770,FALSE POSITIVE,K01156.01,0,1,0,0,1.872421727,3018.9,179.0
KIC 9787239,CONFIRMED,K00952.01,0,0,0,0,5.90127815,1525.2,56.6
KIC 2309719,FALSE POSITIVE,K01020.01,0,1,0,0,54.35635067,10510.4,628.1
KIC 2558363,FALSE POSITIVE,K01021.01,0,0,1,1,0.54624855,639.7,42.9
KIC 2716853,CONFIRMED,K01022.01,0,0,0,0,18.82744023,1006.2,29.5
KIC 2445154,FALSE POSITIVE,K01023.01,0,0,1,1,8.4120069,819.6,39.7
KIC 2715135,CONFIRMED,K01024.01,0,0,0,0,5.747711909,820.1,51.7
KIC 3113266,FALSE POSITIVE,K01088.01,0,1,1,0,0.995861402,4993.8,272.0
KIC 3247268,CONFIRMED,K01089.01,0,0,0,0,86.67856052,8244.1,318.3
KIC 3232859,FALSE POSITIVE,K01090.01,0,1,1,0,8.387210055,4952,180.6
KIC 3098184,FALSE POSITIVE,K01091.01,0,1,0,1,15.2384539,7019,56.0
KIC 2720309,FALSE POSITIVE,K01092.01,0,0,0,0,0.413334492,2025.1,236.9
KIC 10342065,FALSE POSITIVE,K01157.01,0,0,1,1,0.93374614,1717.5,365.7
KIC 10352945,FALSE POSITIVE,K01158.01,0,0,1,1,6.47179275,402.5,30.7
KIC 10354039,CONFIRMED,K01159.01,0,0,0,0,64.617518,2486.6,61.9
KIC 10330115,CONFIRMED,K01160.01,0,0,0,0,13.21409607,1154.8,38.0
KIC 10426656,CONFIRMED,K01161.01,0,0,0,0,6.05729966,385.2,35.1
KIC 9820483,CONFIRMED,K00953.01,0,0,0,0,3.584101048,2608.1,166.3
KIC 9941662,CONFIRMED,K00013.01,0,1,0,0,1.763587535,4590.6,4061.9
KIC 7778437,CONFIRMED,K00131.01,0,0,0,0,5.014234733,6536,794.3
KIC 9823457,CONFIRMED,K00954.01,0,0,0,0,8.11528727,834.9,59.1
KIC 2574201,FALSE POSITIVE,K01025.01,0,1,1,0,37.4783492,1467.9,18.3
KIC 2166206,FALSE POSITIVE,K01028.01,0,0,1,1,8.09695764,283.5,35.4
KIC 2164169,CONFIRMED,K01029.01,0,0,0,0,32.3122867,677.8,33.6
KIC 2574338,CONFIRMED,K01030.01,0,0,0,0,9.22961384,492.1,19.3
KIC 2584163,CONFIRMED,K01031.01,0,0,0,0,14.5598556,290.6,15.6
KIC 4180280,CONFIRMED,K00144.01,0,0,0,0,4.176254191,1360.1,249.7
KIC 3239636,FALSE POSITIVE,K01093.01,1,0,1,0,0.528755447,408.5,100.1
KIC 2721030,CONFIRMED,K01094.01,0,0,0,0,6.10027621,766.6,43.2
KIC 3329204,CANDIDATE,K01095.01,0,0,0,0,51.59809554,5869.2,79.7
KIC 3230491,CANDIDATE,K01096.01,0,0,0,0,1500,9592,62.5
KIC 3340070,FALSE POSITIVE,K01097.01,0,0,0,0,10.9110487,401.9,28.3
KIC 10528068,CONFIRMED,K01162.01,0,0,0,0,158.6850022,898.3,97.4
KIC 10468940,CONFIRMED,K01163.01,0,0,0,0,2.936527336,352.3,34.7
KIC 9825625,CONFIRMED,K00955.01,0,0,0,0,7.03902016,529.8,54.3
KIC 9875711,CONFIRMED,K00956.01,0,0,0,0,8.360870704,2039.7,120.9
KIC 7661409,FALSE POSITIVE,K00957.01,0,0,1,0,3.14051153,1444.4,139.5
KIC 1026957,CONFIRMED,K00958.01,0,0,0,0,21.76129812,1300.7,60.0
KIC 10002261,FALSE POSITIVE,K00959.01,0,1,0,0,12.713794177,36718.7,2981.3
KIC 8176650,FALSE POSITIVE,K00960.01,0,1,0,0,15.801100028,37545,1642.2
KIC 2162635,CANDIDATE,K01032.01,0,0,0,0,1500.1406772,4129.9,83.3
KIC 5899544,FALSE POSITIVE,K01034.01,0,0,1,0,1.739428983,5897.4,130.0
KIC 5963222,FALSE POSITIVE,K01035.01,0,1,1,0,1.217266418,5811.5,603.4
KIC 5982353,FALSE POSITIVE,K01036.01,0,1,0,0,19.563092517,12992.2,2477.0
KIC 6205468,FALSE POSITIVE,K01037.01,0,1,1,1,3.7228551,2969.2,294.8
KIC 8506766,FALSE POSITIVE,K00138.01,0,1,0,0,48.93786896,7240.1,445.7
KIC 3240706,FALSE POSITIVE,K01098.01,0,1,1,0,5.48990788,598.9,36.7
KIC 2853093,CONFIRMED,K01099.01,0,0,0,0,161.5278347,4653.6,54.7
KIC 3228824,FALSE POSITIVE,K01100.01,1,0,1,1,0.73093905,451.1,52.4
KIC 3245969,CONFIRMED,K01101.01,0,0,0,0,11.39102358,448.6,10.5
KIC 10341831,FALSE POSITIVE,K01164.01,0,0,1,1,0.933749941,415.3,88.8
KIC 10337517,CONFIRMED,K01165.01,0,0,0,0,7.053934488,511.5,56.3
KIC 10351231,CONFIRMED,K01166.01,0,0,0,0,7.6746614,503,20.8
KIC 10485179,FALSE POSITIVE,K01167.01,1,0,1,1,0.445275074,254.7,86.3
KIC 8561063,CONFIRMED,K00961.01,0,0,0,0,1.213770423,1821,111.4
KIC 8892910,FALSE POSITIVE,K00132.01,0,1,0,0,10.810132734,6165.2,806.5
KIC 10657664,FALSE POSITIVE,K00964.01,0,1,0,0,3.273699006,6862.8,1293.1
KIC 3337351,FALSE POSITIVE,K00965.01,0,1,1,1,7.047103499,71318,274.9
KIC 6153201,FALSE POSITIVE,K01038.01,0,0,0,1,0.530300102,3040,207.4
KIC 5802486,FALSE POSITIVE,K01039.01,0,1,1,0,1.073917869,1926.6,137.5
KIC 5817553,FALSE POSITIVE,K01040.01,1,0,1,1,4.206096814,1298.1,149.3
KIC 5982368,FALSE POSITIVE,K01041.01,0,1,1,1,19.56313723,5536,157.8
KIC 5816811,FALSE POSITIVE,K01042.01,0,1,1,1,2.227718792,1039,124.3
KIC 5816165,FALSE POSITIVE,K01043.01,0,1,0,0,0.591914504,1057.7,56.3
KIC 7102227,CONFIRMED,K01360.01,0,0,0,0,36.7704935,1346.6,40.8
KIC 6960913,CONFIRMED,K01361.01,0,0,0,0,59.8780258,1419.1,51.8
KIC 6837146,CANDIDATE,K01362.01,0,0,0,0,20.51360192,1174.1,32.3
KIC 11122894,CONFIRMED,K01426.02,0,0,0,0,74.92768653,4119.2,161.5
KIC 11129738,CONFIRMED,K01427.01,0,0,0,0,2.613020421,599.7,31.1
KIC 11401182,CONFIRMED,K01428.01,0,0,0,0,0.927859786,515.3,99.8
KIC 11030711,CONFIRMED,K01429.01,0,0,0,0,205.912735,2378.8,49.4
KIC 11512246,CONFIRMED,K00168.03,0,0,0,0,7.10695741,131,33.8
KIC 6607286,CANDIDATE,K01239.01,0,0,0,0,0.783276173,264.7,46.9
KIC 6690082,CONFIRMED,K01240.01,0,0,0,0,2.1395563,266.1,48.9
KIC 6448890,CONFIRMED,K01241.01,0,0,0,0,21.4054422,409.3,60.9
KIC 10730034,CONFIRMED,K01305.01,0,0,0,0,2.633852528,259.8,23.3
KIC 10858691,CONFIRMED,K01306.01,0,0,0,0,1.796320953,210.9,22.1
KIC 8107380,CONFIRMED,K00162.01,0,0,0,0,14.00640392,716.4,109.3
KIC 6936909,CONFIRMED,K01363.01,0,0,0,0,3.546531809,442.7,26.4
KIC 6962977,CONFIRMED,K01364.01,0,0,0,0,20.8341497,803.1,26.2
KIC 11176127,CONFIRMED,K01430.01,0,0,0,0,10.47548084,1070.7,40.3
KIC 11075279,CANDIDATE,K01431.01,0,0,0,0,345.1589354,5087.9,197.9
KIC 11014932,CONFIRMED,K01432.01,0,0,0,0,6.88595222,428.5,34.5
KIC 6607447,CANDIDATE,K01242.01,0,0,0,0,99.6442783,3215.6,163.2
KIC 6677256,FALSE POSITIVE,K01243.01,0,1,1,1,3.125814002,238.8,32.0
KIC 8030148,CONFIRMED,K00155.01,0,0,0,0,5.660669429,737.8,201.1
KIC 6692833,FALSE POSITIVE,K01244.01,0,0,1,0,10.80487163,292.7,27.4
KIC 6693640,CONFIRMED,K01245.01,0,0,0,0,13.71938426,316.4,48.3
KIC 10973814,CONFIRMED,K01307.01,0,0,0,0,44.8520997,780.8,33.0
KIC 6541920,CONFIRMED,K00157.05,0,0,0,0,118.3786735,1083.3,83.1
KIC 10586208,CONFIRMED,K01308.01,0,0,0,0,23.58444746,429.2,42.8
KIC 7174351,FALSE POSITIVE,K01365.01,0,0,1,1,1.487084251,295.7,17.9
KIC 6932987,CONFIRMED,K01366.01,0,0,0,0,19.25404023,987.7,50.7
KIC 11288505,CONFIRMED,K01433.01,0,0,0,0,19.80787763,616.3,20.1
KIC 11493431,CONFIRMED,K01434.01,0,0,0,0,2.343230566,246.5,23.9
KIC 6441738,CANDIDATE,K01246.01,0,0,0,0,19.03723442,401.3,25.3
KIC 8801343,FALSE POSITIVE,K01247.01,0,1,0,0,2.73987398,20632.2,1454.3
KIC 8488878,FALSE POSITIVE,K01248.01,0,1,0,0,5.801880653,41924,396.8
KIC 8560285,FALSE POSITIVE,K01249.01,0,1,0,0,85.34092607,51746.2,898.4
KIC 8620565,FALSE POSITIVE,K01250.01,0,1,1,1,0.782045734,16185,272.3
KIC 8616873,CANDIDATE,K01251.01,0,0,0,0,0.576078683,10084.8,426.0
KIC 10854768,CONFIRMED,K01309.01,0,0,0,0,10.1171684,288.7,50.6
KIC 10964440,CONFIRMED,K01310.01,0,0,0,0,19.12947603,451.2,31.7
KIC 10713616,CONFIRMED,K01311.01,0,0,0,0,83.5781976,630.8,54.9
KIC 10963242,CONFIRMED,K01312.01,0,0,0,0,6.1469956,249.6,25.8
KIC 10785538,FALSE POSITIVE,K01313.01,0,1,1,0,0.522457732,143.8,48.2
KIC 8191672,CONFIRMED,K00018.01,0,1,0,0,3.548465446,7251.5,2486.5
KIC 6851425,CONFIRMED,K00163.01,0,0,0,0,11.1199028,636.3,100.3
KIC 6934291,CONFIRMED,K01367.01,0,0,0,0,0.567856484,334.8,53.8
KIC 7357531,FALSE POSITIVE,K01368.01,0,1,1,0,251.0597249,7419.8,110.3
KIC 6185711,FALSE POSITIVE,K00169.01,0,0,1,1,11.70219638,639.7,41.3
KIC 11037335,CONFIRMED,K01435.01,0,0,0,0,40.7150498,563.9,56.4
KIC 11389771,CONFIRMED,K01436.01,0,0,0,0,2.508553286,211.6,26.8
KIC 8737796,FALSE POSITIVE,K01252.01,1,0,1,0,0.885747456,895.2,203.6
KIC 8462258,FALSE POSITIVE,K01253.01,0,0,1,0,3.611541977,2972.3,167.1
KIC 10925104,CONFIRMED,K00156.01,0,0,0,0,8.041347775,591,77.5
KIC 8454250,FALSE POSITIVE,K01254.01,0,0,1,0,5.082722475,1974.1,95.5
KIC 8494263,CANDIDATE,K01255.01,0,0,0,0,78.9257421,17972,85.2
KIC 8848271,FALSE POSITIVE,K01256.01,0,1,1,0,9.991625291,3450.5,220.3
KIC 10585852,CONFIRMED,K01314.01,0,0,0,0,8.57504983,160.6,36.9
KIC 10928043,CANDIDATE,K01315.01,0,0,0,0,6.84639884,149.7,36.3
KIC 10794087,CONFIRMED,K01316.01,0,0,0,0,7.64970832,55.4,28.5
KIC 4275739,FALSE POSITIVE,K01317.01,0,1,0,0,2.171827838,42086,300.6
KIC 7287415,CONFIRMED,K01369.01,0,0,0,0,3.016182013,222.5,31.9
KIC 6924203,CONFIRMED,K01370.01,0,0,0,0,6.8833761,458.4,28.1
KIC 6878167,FALSE POSITIVE,K01371.01,0,1,1,0,0.833980196,261.2,56.9
KIC 6880531,FALSE POSITIVE,K01372.01,1,0,0,0,69.62754202,,
KIC 6863839,FALSE POSITIVE,K01373.01,0,0,1,1,1.926353494,185.1,36.9
KIC 7296086,FALSE POSITIVE,K01374.01,0,0,1,1,0.890737359,195.8,37.7
KIC 11599038,CONFIRMED,K01437.01,0,0,0,0,7.01733571,255.5,15.5
KIC 11193263,CONFIRMED,K01438.01,0,0,0,0,6.91134223,201.7,44.0
KIC 11027624,CONFIRMED,K01439.01,0,0,0,0,394.6249514,2013.3,234.6
KIC 11032227,CONFIRMED,K01440.01,0,0,0,0,7.19304935,255.3,19.0
KIC 8751933,CONFIRMED,K01257.01,0,0,0,0,86.64764448,7311.6,241.9
KIC 8630788,CONFIRMED,K01258.01,0,0,0,0,36.33750453,2828.4,96.8
KIC 8823426,FALSE POSITIVE,K01259.01,0,1,1,1,1.506507172,880.9,86.7
KIC 4070376,FALSE POSITIVE,K01318.01,0,1,0,0,1.634614356,19761.5,376.5
KIC 4078157,FALSE POSITIVE,K01319.01,0,1,0,0,16.025018977,29090,257.8
KIC 4164994,CONFIRMED,K01320.01,0,0,0,0,10.50682978,13355.5,343.4
KIC 4480676,FALSE POSITIVE,K01321.01,0,1,0,0,0.711966971,6227.5,392.2
KIC 4079535,FALSE POSITIVE,K01322.01,0,1,1,1,17.72724392,16878,109.7
KIC 6766634,CONFIRMED,K01375.01,0,0,0,0,321.2124365,2358.6,81.7
KIC 6774826,FALSE POSITIVE,K01376.01,0,0,1,0,7.13895376,254.2,32.9
KIC 5652237,FALSE POSITIVE,K00164.01,0,1,1,1,4.4645454,194.3,37.6
KIC 7211469,CONFIRMED,K01377.01,0,0,0,0,11.29689442,198.5,20.9
KIC 7375795,FALSE POSITIVE,K01378.01,0,0,1,0,19.30112039,232.3,45.0
KIC 7255336,FALSE POSITIVE,K00019.01,0,1,0,0,1.20320092,2807.1,250.8
KIC 7831264,CONFIRMED,K00171.01,0,0,0,0,5.968724048,510.6,107.1
KIC 7802136,FALSE POSITIVE,K01449.01,0,1,0,0,10.980246199,50078,1555.4
KIC 7532973,CONFIRMED,K01450.01,0,1,0,0,2.144632238,19836.9,334.8
KIC 9632895,FALSE POSITIVE,K01451.01,0,1,0,0,27.32204488,77474.5,3622.7
KIC 7449844,FALSE POSITIVE,K01452.01,0,1,0,0,1.152216965,12072,104.5
KIC 8766222,FALSE POSITIVE,K01260.01,0,1,1,1,5.2972293,1210.5,31.8
KIC 8678594,CONFIRMED,K01261.01,0,0,0,0,133.460999,5032.9,162.3
KIC 8703884,FALSE POSITIVE,K01262.01,0,0,1,1,14.17098745,3070.8,93.6
KIC 8560840,FALSE POSITIVE,K01263.01,0,1,1,1,31.9734169,1414.4,62.5
KIC 4076098,CONFIRMED,K01323.01,0,0,0,0,3.990105908,6154.9,247.8
KIC 4551328,FALSE POSITIVE,K01324.01,0,1,1,0,0.52205862,1381.3,169.0
KIC 4282872,CONFIRMED,K01325.01,0,0,0,0,10.035381809,2829.7,150.9
KIC 4639868,FALSE POSITIVE,K01326.01,0,1,0,0,53.100942624,19981.1,1108.5
KIC 10555375,FALSE POSITIVE,K00158.01,0,0,1,1,5.80181368,269.6,35.3
KIC 4372768,FALSE POSITIVE,K01327.01,0,1,1,1,15.6402515,800.3,19.3
KIC 7211221,CONFIRMED,K01379.01,0,0,0,0,5.62154315,172.3,35.3
KIC 7025526,FALSE POSITIVE,K01380.01,0,1,1,1,1.074106954,64.5,48.5
KIC 9451127,FALSE POSITIVE,K01381.01,0,1,0,0,5.117401517,62929,456.6
KIC 9446824,FALSE POSITIVE,K01382.01,0,1,0,0,4.20233673,45982,258.8
KIC 11356260,CONFIRMED,K01441.01,0,0,0,0,8.50698069,295.5,20.7
KIC 11044770,FALSE POSITIVE,K00170.01,0,1,1,1,15.60865244,311.4,46.9
KIC 11600889,CONFIRMED,K01442.01,0,0,0,0,0.669310092,131.8,75.3
KIC 11197126,FALSE POSITIVE,K01443.01,0,1,1,0,4.494498254,248.2,39.3
KIC 11043167,CONFIRMED,K01444.01,0,0,0,0,44.9306706,438.4,33.8
KIC 8612847,CONFIRMED,K01264.01,0,0,0,0,14.13175309,1033,40.1
KIC 8552583,FALSE POSITIVE,K01265.01,0,1,1,1,1.061934816,437.2,74.5
KIC 8547140,CONFIRMED,K01266.01,0,0,0,0,11.41926141,915.6,58.0
KIC 8519253,FALSE POSITIVE,K01267.01,0,1,1,0,5.93821065,522.5,33.6
KIC 8813698,CANDIDATE,K01268.01,0,0,0,0,268.9410974,9010.2,120.4
KIC 8757910,FALSE POSITIVE,K01269.01,0,1,1,0,0.655001616,271.2,104.5
KIC 4074736,CANDIDATE,K01328.01,0,0,0,0,80.9669561,4733,52.0
KIC 4072526,CONFIRMED,K01329.01,0,0,0,0,33.1996355,1112.5,32.6
KIC 4150539,FALSE POSITIVE,K01330.01,0,1,1,1,8.65306587,1048.1,43.0
KIC 4274548,CANDIDATE,K01331.01,0,0,0,0,6.80082032,699.9,25.5
KIC 4455231,CONFIRMED,K01332.01,0,0,0,0,19.30581662,709.1,36.3
KIC 8953257,FALSE POSITIVE,K01383.01,0,1,0,0,3.221785738,46379,336.4
KIC 8971432,FALSE POSITIVE,K01384.01,1,0,0,0,0.6243875,36854.7,628.3
KIC 9278553,FALSE POSITIVE,K01385.01,0,1,0,0,18.610092584,50833.5,1309.3
KIC 9527915,CONFIRMED,K00165.01,0,0,0,0,13.22175358,876.5,93.6
KIC 9143254,FALSE POSITIVE,K01386.01,0,1,0,0,1.137525054,18006.1,633.1
KIC 8949247,FALSE POSITIVE,K01387.01,0,1,0,0,23.799939273,60186.4,2065.8
KIC 11336883,CONFIRMED,K01445.01,0,0,0,0,7.16893064,112.8,36.3
KIC 12506351,FALSE POSITIVE,K01446.01,0,1,0,0,1.22775877,46148,292.7
KIC 7622486,FALSE POSITIVE,K01447.01,0,1,0,0,40.24649897,159414,420.9
KIC 9705459,FALSE POSITIVE,K01448.01,0,1,0,0,2.48658617,42122,91.6
KIC 8564587,CONFIRMED,K01270.01,0,0,0,0,5.729317577,865.4,59.0
KIC 8631160,CANDIDATE,K01271.01,0,0,0,0,162.0479502,4840.5,370.2
KIC 8552498,FALSE POSITIVE,K01272.01,0,1,0,1,0.530967162,244.9,125.5
KIC 8806072,CONFIRMED,K01273.01,0,0,0,0,40.05881661,1239.4,62.6
KIC 4285107,FALSE POSITIVE,K01333.01,0,0,1,1,2.243016513,299.6,59.1
KIC 4150624,FALSE POSITIVE,K01334.01,0,1,1,1,8.6531216,654.8,35.7
KIC 8972058,CONFIRMED,K00159.01,0,0,0,0,8.99088621,469.7,93.6
KIC 9346253,FALSE POSITIVE,K01388.01,0,1,0,0,34.064566412,28450.4,1305.9
KIC 9002237,FALSE POSITIVE,K01389.01,0,1,0,0,4.350087749,23593,192.2
KIC 9288786,FALSE POSITIVE,K01390.01,0,1,0,0,1.744101106,9681.4,152.6
KIC 8958035,FALSE POSITIVE,K01391.01,0,1,0,0,7.981187121,7609.5,202.1
KIC 9040849,FALSE POSITIVE,K01392.01,0,0,1,0,4.118775582,2647.7,125.6
KIC 9202151,CANDIDATE,K01393.01,0,0,0,0,1.694740233,1446.8,92.3
KIC 7842610,FALSE POSITIVE,K01453.01,0,1,1,0,0.971933156,4786,223.1
KIC 7830637,FALSE POSITIVE,K01454.01,0,1,0,0,121.5991278,10537,297.0
KIC 4760746,CANDIDATE,K01455.01,0,0,0,0,15.068060768,19387,282.8
KIC 7832356,CONFIRMED,K01456.01,0,0,0,0,7.886632468,6331.2,392.3
KIC 9643874,CONFIRMED,K01457.01,0,0,0,0,8.027681123,8725.4,461.5
KIC 8800954,CONFIRMED,K01274.01,0,0,0,0,704.962626,2319.1,96.1
KIC 8583696,CONFIRMED,K01275.01,0,0,0,0,50.28635977,1119.3,99.5
KIC 8804283,CONFIRMED,K01276.01,0,0,0,0,22.79020351,617.9,47.7
KIC 8552565,FALSE POSITIVE,K01277.01,0,1,1,1,1.061932545,133.6,80.2
KIC 4155328,CONFIRMED,K01335.01,0,0,0,0,127.8334997,1829.9,76.9
KIC 4077526,CONFIRMED,K01336.01,0,0,0,0,10.21864532,445.3,26.6
KIC 8937021,FALSE POSITIVE,K01394.01,0,1,1,1,5.663621501,1225,39.8
KIC 8935810,CONFIRMED,K01395.01,0,0,0,0,6.230335,1449.2,31.6
KIC 2441495,CONFIRMED,K00166.01,0,0,0,0,12.49340725,715.7,76.2
KIC 9455556,CONFIRMED,K01396.01,0,0,0,0,6.62643441,814.6,40.6
KIC 9427402,CANDIDATE,K01397.01,0,0,0,0,6.247030799,1496.6,44.8
KIC 3732821,CONFIRMED,K01207.01,0,0,0,0,13.73474071,746.4,31.0
KIC 3962440,CANDIDATE,K01208.01,0,0,0,0,700.00298217,3245.9,60.3
KIC 3534076,CANDIDATE,K01209.01,0,0,0,0,272.0868353,5572,21.5
KIC 3962357,CONFIRMED,K01210.01,0,0,0,0,14.55387488,319.7,26.8
KIC 9110357,FALSE POSITIVE,K00016.01,0,1,1,1,0.895277575,534.5,132.1
KIC 8609450,CONFIRMED,K01278.01,0,0,0,0,24.8056775,624.4,39.4
KIC 4243911,CONFIRMED,K01337.01,0,0,0,0,1.922799706,259.7,30.1
KIC 4466677,CONFIRMED,K01338.01,0,0,0,0,3.222975318,232.7,31.3
KIC 4135665,CONFIRMED,K01339.01,0,0,0,0,4.16811839,263,26.7
KIC 9269281,CONFIRMED,K01398.01,0,0,0,0,5.82348911,888.7,38.1
KIC 9100484,CANDIDATE,K01399.01,0,0,0,0,8.75059775,881.9,28.3
KIC 9157908,FALSE POSITIVE,K01400.01,0,1,1,0,9.41475056,483.4,55.2
KIC 9030447,FALSE POSITIVE,K01401.01,1,0,0,0,0.56669006,104.6,53.8
KIC 9034103,CONFIRMED,K01402.01,0,0,0,0,7.13969705,512.9,27.8
KIC 9214942,CONFIRMED,K01403.01,0,0,0,0,18.75470238,995.3,33.2
KIC 3858704,FALSE POSITIVE,K01211.01,0,0,1,0,3.00363219,101.2,38.5
KIC 3749134,CONFIRMED,K01212.01,0,0,0,0,11.30123036,277.1,18.5
KIC 3556220,FALSE POSITIVE,K01213.01,0,1,1,1,0.796722833,107.1,43.9
KIC 3660924,CONFIRMED,K01214.01,0,0,0,0,4.24153629,188.1,18.0
KIC 3939150,CONFIRMED,K01215.01,0,0,0,0,17.32419108,241.3,49.1
KIC 8628758,CONFIRMED,K01279.01,0,0,0,0,14.37457572,335.8,55.2
KIC 8509361,FALSE POSITIVE,K01280.01,0,0,1,1,6.0990118,227.5,39.3
KIC 8742590,CONFIRMED,K01281.01,0,0,0,0,49.4781446,496.6,20.4
KIC 8822366,CONFIRMED,K01282.01,0,0,0,0,30.8639476,256.5,63.0
KIC 4386059,FALSE POSITIVE,K01340.01,0,0,1,1,2.90060781,124.8,20.6
KIC 4650674,CONFIRMED,K01341.01,0,0,0,0,4.51436096,230.7,28.4
KIC 4275721,CONFIRMED,K01342.01,0,0,0,0,3.77359871,176,25.6
KIC 8874090,CONFIRMED,K01404.01,0,0,0,0,13.32389352,781.3,25.9
KIC 11666881,CONFIRMED,K00167.01,0,0,0,0,4.919584997,425.7,132.0
KIC 9264949,CONFIRMED,K01405.01,0,0,0,0,11.41911886,509.2,23.7
KIC 9271752,CONFIRMED,K01406.01,0,0,0,0,11.36113254,569.5,57.0
KIC 9007866,FALSE POSITIVE,K01407.01,1,0,0,0,1.3866358,70.1,6.8
KIC 9150827,CONFIRMED,K01408.01,0,0,0,0,14.53410833,510.6,32.5
KIC 3839488,CONFIRMED,K01216.01,0,0,0,0,11.13127159,211.2,36.8
KIC 3542588,FALSE POSITIVE,K01217.01,0,0,1,1,3.47143963,99.8,27.5
KIC 3442055,CONFIRMED,K01218.01,0,0,0,0,29.6193891,314.7,42.5
KIC 3440861,FALSE POSITIVE,K01219.01,1,0,0,0,3.50376155,,
KIC 12252424,CONFIRMED,K00153.01,0,0,0,0,8.925079516,977.5,135.8
KIC 8700771,CONFIRMED,K01283.01,0,0,0,0,8.0922105,65.3,37.5
KIC 10960993,FALSE POSITIVE,K01284.01,0,1,0,1,3.117087797,12152.1,441.7
KIC 10599397,FALSE POSITIVE,K01285.01,0,1,0,0,0.937406378,5079.6,138.9
KIC 10879208,FALSE POSITIVE,K01286.01,0,1,1,1,0.668483615,2899.8,161.2
KIC 10843203,FALSE POSITIVE,K01287.01,0,1,0,0,4.429633087,6120.1,166.3
KIC 4570931,FALSE POSITIVE,K01343.01,0,0,1,1,1.544927524,138.5,25.4
KIC 4136466,CONFIRMED,K01344.01,0,0,0,0,4.48758768,112,25.9
KIC 7284688,FALSE POSITIVE,K01345.01,0,0,0,0,0.323021692,47100,520.6
KIC 7199774,FALSE POSITIVE,K01346.01,0,1,0,0,4.70818628,56545,24.7
KIC 7037540,FALSE POSITIVE,K01347.01,0,1,0,0,14.405857436,30430.6,2294.1
KIC 6866228,FALSE POSITIVE,K01348.01,0,1,0,0,7.702374154,18377,157.2
KIC 9391208,CONFIRMED,K01409.01,0,0,0,0,16.56062577,700.8,30.8
KIC 9391506,CONFIRMED,K01410.01,0,0,0,0,15.74958583,659.5,42.6
KIC 8950853,CONFIRMED,K01412.01,0,0,0,0,37.8145252,412.5,57.9
KIC 9006449,CONFIRMED,K01413.01,0,0,0,0,12.64504291,200.4,32.7
KIC 4043190,CONFIRMED,K01220.01,0,0,0,0,6.40087137,133.6,24.4
KIC 3640905,CONFIRMED,K01221.01,0,0,0,0,30.1599411,175.9,32.3
KIC 4060815,FALSE POSITIVE,K01222.01,1,0,0,0,4.2856756,31.4,8.3
KIC 6613006,FALSE POSITIVE,K01223.01,0,1,0,0,7.388833611,13063.5,1509.3
KIC 6606653,FALSE POSITIVE,K01224.01,0,1,0,0,2.698021895,6721.2,647.1
KIC 10790387,CONFIRMED,K01288.01,0,0,0,0,117.93110803,8506.6,212.5
KIC 10748393,FALSE POSITIVE,K01289.01,0,0,0,1,4.887806806,4676,116.1
KIC 10874226,FALSE POSITIVE,K01290.01,0,1,0,0,11.973605044,3822.9,172.9
KIC 10661771,FALSE POSITIVE,K01291.01,0,1,1,1,1.231364189,1097.1,229.7
KIC 10924853,FALSE POSITIVE,K01292.01,0,0,1,0,2.102416517,1502.5,94.3
KIC 10874926,FALSE POSITIVE,K01293.01,0,1,0,0,11.703109303,4201,126.6
KIC 6631721,FALSE POSITIVE,K00160.01,0,0,1,0,13.73808249,660.7,68.4
KIC 6847018,FALSE POSITIVE,K01349.01,0,1,0,0,16.66216657,27442,114.5
KIC 7220322,FALSE POSITIVE,K01350.01,0,1,1,1,0.752159702,3425,291.1
KIC 6956233,FALSE POSITIVE,K01352.01,0,1,1,1,4.81886153,1318.6,86.3
KIC 7303287,CONFIRMED,K01353.01,0,0,0,0,125.86540191,12389.5,544.7
KIC 8916492,FALSE POSITIVE,K01414.01,0,1,0,0,4.02378908,32.1,36.1
KIC 11193447,FALSE POSITIVE,K01415.01,0,0,0,0,0.312941621,35262,413.9
KIC 11517719,CONFIRMED,K01416.01,0,1,0,0,2.495780169,25070,171.4
KIC 11599264,FALSE POSITIVE,K01417.01,0,1,0,0,8.428090255,11355.5,183.0
KIC 11100657,FALSE POSITIVE,K01418.01,0,1,0,0,8.344104633,9695,89.7
KIC 6620003,CANDIDATE,K01225.01,0,0,0,0,1.714274727,28460.1,987.2
KIC 6621116,FALSE POSITIVE,K01226.01,0,1,0,0,137.75960504,83298,885.9
KIC 6629332,FALSE POSITIVE,K01227.01,0,1,0,0,2.155278342,20739,142.7
KIC 6387450,FALSE POSITIVE,K01228.01,0,1,0,0,3.661326482,17846,424.6
KIC 6432059,FALSE POSITIVE,K01229.01,1,0,0,0,0.76973817,,
KIC 6470149,FALSE POSITIVE,K01230.01,0,1,0,0,165.739861,7343.4,527.8
KIC 10549562,FALSE POSITIVE,K01294.01,0,1,1,1,9.08937826,779.8,72.7
KIC 10874614,CONFIRMED,K00017.01,0,0,0,0,3.234699282,10558.7,3003.8
KIC 10666230,FALSE POSITIVE,K01295.01,0,1,0,0,1.577800747,697.7,79.6
KIC 10971674,FALSE POSITIVE,K01296.01,0,1,0,0,2.380862632,32634,2590.6
KIC 6891543,FALSE POSITIVE,K01354.01,0,0,1,1,1.752567456,607.3,92.2
KIC 7211141,CONFIRMED,K01355.01,0,0,0,0,51.92920654,3425.8,81.8
KIC 7363829,CANDIDATE,K01356.01,0,0,0,0,384.02570682,,
KIC 6719086,CANDIDATE,K01357.01,0,0,0,0,3.014330766,975.3,57.3
KIC 7376983,CONFIRMED,K01358.01,0,0,0,0,5.644914154,1397.9,63.9
KIC 5084942,CONFIRMED,K00161.01,0,0,0,0,3.105507835,904.6,178.6
KIC 11125936,FALSE POSITIVE,K01419.01,0,1,1,0,1.336109338,2204.3,150.0
KIC 11026304,CANDIDATE,K01420.01,0,0,0,0,13.35151248,3308.8,107.9
KIC 11342550,CANDIDATE,K01421.01,0,0,0,0,1693.6636225,9515.3,122.8
KIC 11497958,CONFIRMED,K01422.01,0,0,0,0,5.841636615,1336.3,41.1
KIC 6462874,FALSE POSITIVE,K01231.01,0,0,1,1,22.34293693,2691.1,35.3
KIC 6665223,FALSE POSITIVE,K01232.01,0,1,0,0,119.40817159,18563.3,508.4
KIC 6545358,FALSE POSITIVE,K01233.01,0,1,1,0,1.171536413,1132.7,67.0
KIC 6390824,FALSE POSITIVE,K01234.01,0,0,1,0,0.973547911,435.7,38.7
KIC 6546528,FALSE POSITIVE,K01235.01,0,1,1,1,3.053563251,508.4,50.4
KIC 10676923,FALSE POSITIVE,K01297.01,0,0,1,1,1.031096352,265.4,37.8
KIC 10604335,CONFIRMED,K01298.01,0,0,0,0,11.00817635,1462.5,42.1
KIC 10864656,CONFIRMED,K01299.01,0,0,0,0,52.5008645,946.7,116.2
KIC 10975146,CONFIRMED,K01300.01,0,0,0,0,0.63133171,434.5,95.8
KIC 10538176,CONFIRMED,K01301.01,0,0,0,0,12.69905011,797.4,30.4
KIC 6946199,CONFIRMED,K01359.01,0,0,0,0,37.1011418,1357.5,55.2
KIC 11177707,CONFIRMED,K01423.01,0,0,0,0,124.4197175,4107,39.9
KIC 11611600,CONFIRMED,K01424.01,0,0,0,0,1.219568047,494.9,65.9
KIC 11254382,CONFIRMED,K01425.01,0,0,0,0,2.05388477,546.7,50.0
KIC 6677841,CONFIRMED,K01236.01,0,0,0,0,35.7353616,778.8,58.4
KIC 9970525,FALSE POSITIVE,K00154.01,0,0,0,0,30.00908916,,
KIC 6531491,FALSE POSITIVE,K01237.01,0,1,1,1,14.32407216,2053.9,58.0
KIC 6383821,CONFIRMED,K01238.01,0,0,0,0,27.07237655,514.2,44.0
KIC 10724369,CONFIRMED,K01302.01,0,0,0,0,55.6391882,853,48.3
KIC 10867062,CANDIDATE,K01303.01,0,0,0,0,34.2966363,696.6,66.7
KIC 10744335,CONFIRMED,K01304.01,0,0,0,0,4.59726613,313,17.0
KIC 4860678,CONFIRMED,K01602.01,0,0,0,0,9.97716876,252.9,21.8
KIC 5177104,CONFIRMED,K01603.01,0,0,0,0,3.02168007,171.9,32.9
KIC 7023960,FALSE POSITIVE,K00187.01,0,1,0,0,30.882538697,24012,1266.2
KIC 10033279,FALSE POSITIVE,K01604.01,0,0,1,0,72.4914068,1063.5,39.2
KIC 5009189,FALSE POSITIVE,K01605.01,0,1,0,0,4.93913074,382.9,22.0
KIC 8230616,CONFIRMED,K01713.02,0,0,0,0,2.240486703,436.3,33.8
KIC 9836959,CONFIRMED,K01715.01,0,0,0,0,105.0145774,296,33.9
KIC 9838949,CONFIRMED,K01716.01,0,0,0,0,4.88084456,343,32.6
KIC 9895006,CONFIRMED,K01717.01,0,0,0,0,10.56137217,238.4,21.7
KIC 9896558,CONFIRMED,K01718.01,0,0,0,0,67.6690554,961.1,37.2
KIC 9589323,CONFIRMED,K01488.01,0,0,0,0,3.949627144,807.2,45.1
KIC 9823487,CONFIRMED,K01489.01,0,0,0,0,16.00460392,831.9,34.3
KIC 9602514,FALSE POSITIVE,K01490.01,0,0,1,1,3.55650737,293.6,77.1
KIC 9726659,CONFIRMED,K01491.01,0,0,0,0,3.148661555,550.5,35.3
KIC 12108312,FALSE POSITIVE,K01492.01,0,1,1,1,0.70544824,462.4,118.2
KIC 5371776,CONFIRMED,K01557.01,0,0,0,0,3.295701024,1745.7,114.7
KIC 9573539,CONFIRMED,K00180.01,0,0,0,0,10.04556377,671.4,66.5
KIC 9886661,CONFIRMED,K01606.01,0,0,0,0,5.082748362,276.7,40.9
KIC 5477805,FALSE POSITIVE,K01607.01,0,0,1,0,5.00673576,191.2,26.6
KIC 10055126,CONFIRMED,K01608.01,0,0,0,0,9.17617167,206.9,34.3
KIC 5009743,CONFIRMED,K01609.01,0,0,0,0,41.6980186,440.8,43.4
KIC 10015937,CONFIRMED,K01720.01,0,0,0,0,59.6585348,1043.8,21.2
KIC 10019065,CONFIRMED,K01721.01,0,0,0,0,52.6298542,675.8,27.2
KIC 7950644,CONFIRMED,K00192.01,0,0,0,0,10.290994129,9655.7,1245.7
KIC 10080248,CONFIRMED,K01722.01,0,0,0,0,14.8783945,322.8,22.9
KIC 10213902,CONFIRMED,K01723.01,0,0,0,0,59.6222627,993.4,31.9
KIC 9842906,FALSE POSITIVE,K01493.01,0,0,1,1,4.9883873,507.6,42.4
KIC 11821363,CONFIRMED,K01494.01,0,0,0,0,8.19596647,792.8,20.2
KIC 7629518,CONFIRMED,K01495.01,0,0,0,0,15.59466045,867.7,49.2
KIC 10810838,CONFIRMED,K00174.01,0,0,0,0,56.35407916,1037,59.4
KIC 4828341,FALSE POSITIVE,K01496.01,0,1,0,0,36.12895451,3758.6,66.3
KIC 10019763,FALSE POSITIVE,K01558.01,0,1,0,0,32.50456309,7589.6,148.1
KIC 9899280,FALSE POSITIVE,K01559.01,0,1,1,1,1.332560589,566.6,108.8
KIC 8046659,CANDIDATE,K01560.01,0,0,0,0,31.56904354,4229.4,113.6
KIC 4940438,FALSE POSITIVE,K01561.01,0,1,0,0,9.08590495,2121.3,50.5
KIC 5308663,FALSE POSITIVE,K01562.01,0,0,0,1,0.784512952,586,44.4
KIC 5474733,FALSE POSITIVE,K01610.01,0,0,1,0,0.883778461,120.1,31.7
KIC 10963065,CONFIRMED,K01612.01,0,0,0,0,2.465024332,30.7,23.2
KIC 6268648,CONFIRMED,K01613.01,0,0,0,0,15.86624787,77.3,28.4
KIC 10125352,FALSE POSITIVE,K00021.01,0,1,1,0,4.288515468,3456.7,292.1
KIC 5357901,CONFIRMED,K00188.01,0,0,0,0,3.797018259,14431.2,1549.0
KIC 4278221,CONFIRMED,K01615.01,0,0,0,0,1.340596782,107.5,37.6
KIC 10214162,CONFIRMED,K01724.01,0,0,0,0,17.42393582,770.9,33.2
KIC 10905746,CONFIRMED,K01725.01,0,0,0,0,9.8786461,1472.7,49.2
KIC 8242434,CONFIRMED,K01726.01,0,0,0,0,44.96407458,811.6,88.0
KIC 6185331,CONFIRMED,K01727.01,0,0,0,0,49.7700907,3529.2,109.8
KIC 11820830,FALSE POSITIVE,K01728.01,0,1,0,0,12.7319385,11449,69.9
KIC 11774387,FALSE POSITIVE,K01497.01,0,1,1,1,0.520222869,269.5,28.9
KIC 9636135,CONFIRMED,K01498.01,0,0,0,0,5.83376197,532.9,36.6
KIC 7841925,CONFIRMED,K01499.01,0,0,0,0,14.16400071,728.1,71.5
KIC 5219234,CONFIRMED,K01563.01,0,0,0,0,5.48711441,1328.6,51.9
KIC 12504988,FALSE POSITIVE,K00181.01,0,1,0,0,5.093938816,25026.7,1131.7
KIC 9015738,CONFIRMED,K01616.01,0,0,0,0,13.93291548,131.6,28.9
KIC 7215603,CONFIRMED,K01618.01,0,0,0,0,2.36436762,28.4,12.4
KIC 4276716,CANDIDATE,K01619.01,0,0,0,0,20.6654374,100.4,13.6
KIC 5561278,CONFIRMED,K01621.01,0,0,0,0,20.31047472,164.6,46.1
KIC 7287683,CANDIDATE,K01622.01,0,0,0,0,69.8347983,266.6,46.8
KIC 6387542,CONFIRMED,K01626.01,0,0,0,0,2.53475568,463,51.3
KIC 8266276,FALSE POSITIVE,K01731.02,0,0,1,0,0.837898153,268.9,13.9
KIC 6869184,CONFIRMED,K01732.01,0,0,0,0,43.3167427,987.5,27.1
KIC 8396405,CANDIDATE,K01733.01,0,0,0,0,19.18109525,865.4,17.6
KIC 10799735,FALSE POSITIVE,K00193.01,0,1,0,0,37.590298548,19938.9,929.0
KIC 6604328,CONFIRMED,K01736.01,0,0,0,0,31.0033072,645.2,22.1
KIC 9719634,FALSE POSITIVE,K01500.01,0,0,1,1,3.351556891,341.9,38.8
KIC 7439316,CONFIRMED,K01501.01,0,0,0,0,2.617028373,499.4,30.8
KIC 12061238,FALSE POSITIVE,K01502.01,0,0,1,0,1.876406096,433.8,37.0
KIC 8323753,FALSE POSITIVE,K00175.01,0,0,1,1,6.71425632,283.5,46.5
KIC 12400538,CONFIRMED,K01503.01,0,0,0,0,150.2412582,2378.5,72.3
KIC 5184584,CONFIRMED,K01564.01,0,0,0,0,53.44944498,3437,119.5
KIC 5636648,FALSE POSITIVE,K01565.01,0,1,1,1,0.466743525,796.1,103.6
KIC 5564247,FALSE POSITIVE,K01566.01,0,0,1,0,1.727177258,347.4,17.1
KIC 5438099,CONFIRMED,K01567.01,0,0,0,0,7.24022418,864.9,48.2
KIC 6543893,CONFIRMED,K01627.01,0,0,0,0,10.29674097,1011.8,31.3
KIC 6975129,CONFIRMED,K01628.01,0,0,0,0,19.74733983,480.7,47.1
KIC 11391018,CONFIRMED,K00189.01,0,0,0,0,30.360445359,21124.7,1126.2
KIC 8685497,CONFIRMED,K01629.01,0,0,0,0,4.4096675,132.7,26.4
KIC 4365645,CONFIRMED,K01738.01,0,0,0,0,4.16787814,168.1,32.9
KIC 7199906,CANDIDATE,K01739.01,0,0,0,0,220.65651253,,
KIC 8197343,CONFIRMED,K01746.01,0,0,0,0,11.79161234,415.4,20.7
KIC 7032421,FALSE POSITIVE,K01747.01,0,1,0,0,20.55848388,677.3,20.8
KIC 6786348,CONFIRMED,K01749.01,0,0,0,0,26.964501,601.7,20.1
KIC 6209677,CONFIRMED,K01750.01,0,0,0,0,7.76845639,217.8,23.6
KIC 9641018,FALSE POSITIVE,K01504.01,0,1,1,1,2.178154348,428.6,93.0
KIC 9813499,CONFIRMED,K01505.01,0,0,0,0,5.03257009,439.1,26.3
KIC 12254792,CONFIRMED,K01506.01,0,0,0,0,40.4286676,916.1,40.9
KIC 12020218,CONFIRMED,K01507.01,0,0,0,0,21.3588236,640.1,33.2
KIC 7690844,CONFIRMED,K01508.01,0,0,0,0,22.0459163,804.8,29.7
KIC 9535080,FALSE POSITIVE,K01509.01,0,1,0,0,49.6456235,857.5,176.5
KIC 5210475,FALSE POSITIVE,K01568.01,0,0,1,0,1.008917105,338.5,34.2
KIC 8009350,CONFIRMED,K01569.01,0,0,0,0,13.75207851,1215.6,36.8
KIC 8082001,CONFIRMED,K01570.01,0,0,0,0,6.33855946,721.7,57.4
KIC 9017682,CANDIDATE,K01630.01,0,0,0,0,11.30507984,278.4,19.5
KIC 9277896,CONFIRMED,K01632.01,0,0,0,0,4.59489816,109.7,27.7
KIC 9401997,CONFIRMED,K01633.01,0,0,0,0,32.2964275,472.2,17.9
KIC 10686864,CONFIRMED,K01637.01,0,0,0,0,2.97041801,530.7,22.4
KIC 10749128,FALSE POSITIVE,K01639.01,0,0,0,0,125.0426,104.3,6.4
KIC 11904734,CANDIDATE,K01764.01,0,0,0,0,12.681733929,5879.1,102.8
KIC 8043714,FALSE POSITIVE,K01765.01,0,1,0,0,6.814984472,23915.3,742.2
KIC 7918217,FALSE POSITIVE,K01770.01,0,1,1,1,63.9354965,1250.6,57.6
KIC 10153011,CANDIDATE,K01773.01,0,0,0,0,83.09708021,15860.2,277.2
KIC 9631995,CONFIRMED,K00022.01,0,0,0,0,7.891448838,10344.6,1955.1
KIC 11870545,CANDIDATE,K01510.01,0,0,0,0,0.839961456,492.9,35.1
KIC 7901948,CONFIRMED,K01511.01,0,0,0,0,2.578852119,334.3,36.7
KIC 11955499,FALSE POSITIVE,K01512.01,0,1,1,0,9.04189129,783.4,34.5
KIC 6442377,CONFIRMED,K00176.01,0,0,0,0,30.22910274,443.4,71.7
KIC 9784222,FALSE POSITIVE,K01513.01,0,1,1,1,0.798200403,396.8,65.9
KIC 5376836,FALSE POSITIVE,K00182.01,0,1,0,0,3.479425638,19550,123.3
KIC 5557821,FALSE POSITIVE,K01571.01,0,0,1,0,2.92878704,549.4,47.7
KIC 10004519,CONFIRMED,K01572.01,0,0,0,0,9.80321143,813.4,53.1
KIC 5031857,CONFIRMED,K01573.01,0,0,0,0,24.81097206,2090.8,123.9
KIC 10879038,CONFIRMED,K01641.01,0,0,0,0,4.8538404,196.4,15.4
KIC 10990917,CONFIRMED,K01643.01,0,0,0,0,11.04605365,308.3,24.3
KIC 11043136,FALSE POSITIVE,K01644.01,0,1,0,0,2.621706694,4572,24.3
KIC 11046025,CONFIRMED,K01646.01,0,0,0,0,3.72020708,156.9,15.0
KIC 5771719,FALSE POSITIVE,K00190.01,0,1,0,0,12.264867364,11310.9,560.2
KIC 9729691,CONFIRMED,K01751.01,0,0,0,0,8.689301216,1117,70.9
KIC 4950232,FALSE POSITIVE,K01753.01,0,0,1,0,0.979442525,469.3,27.0
KIC 10904857,CONFIRMED,K00194.01,0,0,0,0,3.120828136,16456,113.5
KIC 8651389,CONFIRMED,K01754.01,0,0,0,0,15.13590453,255.7,19.8
KIC 9520668,FALSE POSITIVE,K01514.01,0,0,1,0,1.399326503,206.4,22.7
KIC 7871954,CONFIRMED,K01515.01,0,0,0,0,1.937029968,312.3,42.8
KIC 12418724,CONFIRMED,K01516.01,0,0,0,0,20.55331441,678.3,40.6
KIC 7456001,CONFIRMED,K01517.01,0,0,0,0,40.0686713,970.9,62.0
KIC 10028792,CONFIRMED,K01574.01,0,0,0,0,114.73658,4850,230.6
KIC 5553652,FALSE POSITIVE,K01575.01,0,1,1,0,24.3282251,1120.6,26.4
KIC 5299459,CONFIRMED,K01576.01,0,0,0,0,10.41572666,825.3,69.3
KIC 11153121,CONFIRMED,K01647.01,0,0,0,0,14.97031664,290.5,28.9
KIC 11177543,CONFIRMED,K01648.01,0,0,0,0,38.3262237,392.1,15.0
KIC 11337141,CONFIRMED,K01649.01,0,0,0,0,4.04355245,416.2,21.2
KIC 6705142,CANDIDATE,K01758.01,0,0,0,0,5.59728249,1407.3,30.8
KIC 3967760,CONFIRMED,K01760.01,0,0,0,0,5.52418625,491,20.7
KIC 4067336,FALSE POSITIVE,K01761.01,0,1,0,0,10.12742274,933.5,19.5
KIC 5387843,FALSE POSITIVE,K01762.01,0,0,1,0,0.870693883,438.5,55.6
KIC 7549209,CONFIRMED,K01518.01,0,0,0,0,27.5071114,580.7,30.7
KIC 7663405,CONFIRMED,K01519.01,0,0,0,0,5.1443645,310.7,20.2
KIC 9765975,CONFIRMED,K01520.01,0,0,0,0,18.45848388,535.3,41.5
KIC 9818462,CONFIRMED,K01521.01,0,0,0,0,25.9421582,569.7,31.6
KIC 6803202,CONFIRMED,K00177.01,0,0,0,0,21.06075303,301.2,54.4
KIC 9651668,CONFIRMED,K00183.01,0,0,0,0,2.684328541,18136.5,2833.1
KIC 12506770,CONFIRMED,K01577.01,0,0,0,0,2.806243488,599.6,22.4
KIC 5629985,FALSE POSITIVE,K01578.01,0,0,1,0,2.27190723,149,36.8
KIC 9898364,FALSE POSITIVE,K01579.01,0,0,1,0,7.132351753,744.1,91.2
KIC 11337372,CONFIRMED,K01650.01,0,0,0,0,6.53194024,771.9,39.6
KIC 11337833,CONFIRMED,K01651.01,0,0,0,0,51.3011844,498.9,19.6
KIC 11546211,FALSE POSITIVE,K01654.01,0,1,0,0,1.097211085,38946,83.5
KIC 11547505,CONFIRMED,K01655.01,0,0,0,0,0.938466959,217.4,54.4
KIC 4471747,CANDIDATE,K01656.01,0,0,0,0,51.3901452,494,15.4
KIC 11502867,CONFIRMED,K00195.01,0,0,0,0,3.217518511,14319.4,1287.4
KIC 9909735,CONFIRMED,K01779.01,0,0,0,0,4.66271902,1630.6,28.2
KIC 11551692,CONFIRMED,K01781.01,0,0,0,0,7.834433676,2018.1,246.6
KIC 12266636,CONFIRMED,K01522.01,0,0,0,0,33.3856176,553.2,37.1
KIC 9850893,FALSE POSITIVE,K01523.01,0,0,1,1,8.48039789,259.7,22.7
KIC 4826110,FALSE POSITIVE,K01524.01,0,0,1,0,1.333395306,114.5,11.5
KIC 7869917,CONFIRMED,K01525.01,0,0,0,0,7.71467686,233.9,33.3
KIC 9824805,CONFIRMED,K01526.01,0,0,0,0,4.4444826,163,18.0
KIC 5193400,FALSE POSITIVE,K01580.01,0,1,1,1,21.3781146,556.1,35.4
KIC 7939330,CONFIRMED,K01581.01,0,0,0,0,29.5422566,879.9,39.5
KIC 4918309,CANDIDATE,K01582.01,0,0,0,0,186.4361811,4347,66.5
KIC 12602568,CONFIRMED,K01583.01,0,0,0,0,8.04727721,486,36.1
KIC 9941066,CONFIRMED,K01584.01,0,0,0,0,5.87063416,505.6,23.2
KIC 5972334,CONFIRMED,K00191.01,0,0,0,0,15.358767771,14638.1,812.6
KIC 4650733,CONFIRMED,K01659.01,0,0,0,0,29.5390897,403.3,18.8
KIC 4830605,CANDIDATE,K01660.01,0,0,0,0,35.6364022,452.6,15.7
KIC 4832197,FALSE POSITIVE,K01661.01,0,1,0,0,0.94773253,11306,103.9
KIC 4844004,FALSE POSITIVE,K01662.01,0,1,0,0,0.784031658,352.2,28.2
KIC 12120943,CANDIDATE,K01458.01,0,0,0,0,8.98128472,4924,76.6
KIC 9761199,FALSE POSITIVE,K01459.01,0,1,0,0,0.692015479,4518.1,163.4
KIC 7751571,FALSE POSITIVE,K01460.01,0,1,1,1,17.0421346,3616.7,108.9
KIC 9579499,FALSE POSITIVE,K01461.01,0,1,0,0,7.94671044,6084.4,165.3
KIC 11913013,FALSE POSITIVE,K01462.01,0,1,1,1,3.74781242,5367,44.8
KIC 7768451,CANDIDATE,K01527.01,0,0,0,0,192.667139,1148.3,26.0
KIC 7691260,CONFIRMED,K01528.01,0,0,0,0,3.989544192,190,26.2
KIC 9821454,CONFIRMED,K01529.01,0,0,0,0,17.9776037,213.9,23.3
KIC 11954842,CONFIRMED,K01530.01,0,0,0,0,12.98494603,257.2,38.4
KIC 7972785,FALSE POSITIVE,K00184.01,0,1,0,0,7.300735516,13051.7,1640.0
KIC 5470739,CONFIRMED,K01585.01,0,0,0,0,19.17893976,752.8,34.3
KIC 10022908,CONFIRMED,K01586.01,0,0,0,0,6.99130452,555.4,36.3
KIC 9932970,CANDIDATE,K01587.01,0,0,0,0,52.971584,3882.6,51.4
KIC 5617854,CONFIRMED,K01588.01,0,0,0,0,3.517494725,532.8,52.6
KIC 4932442,CONFIRMED,K01665.01,0,0,0,0,6.93365167,119.6,20.1
KIC 5183357,CONFIRMED,K01669.01,0,0,0,0,61.0373591,437.5,40.2
KIC 5269467,CONFIRMED,K01672.01,0,0,0,0,33.8677783,894.8,23.8
KIC 5360920,CANDIDATE,K01675.01,0,0,0,0,14.62399621,1082,25.0
KIC 7672940,FALSE POSITIVE,K01463.01,0,1,0,0,1064.2680956,22771.7,1171.2
KIC 7838655,FALSE POSITIVE,K01464.01,0,0,1,1,2.113202658,2104.8,97.2
KIC 11702948,CANDIDATE,K01465.01,0,0,0,0,9.771462706,6933.2,215.0
KIC 9512981,CANDIDATE,K01466.01,0,0,0,0,281.5628889,21012,237.1
KIC 7770450,FALSE POSITIVE,K01467.01,0,1,1,1,1.157808038,866.7,78.8
KIC 11455491,FALSE POSITIVE,K00178.01,0,1,1,1,6.14281498,122,36.0
KIC 11764462,CONFIRMED,K01531.01,0,0,0,0,5.69919592,159.4,35.3
KIC 11656246,CONFIRMED,K01532.01,0,0,0,0,18.11473813,241.5,51.3
KIC 7808587,CONFIRMED,K01533.01,0,0,0,0,6.24145791,163.7,30.8
KIC 4741126,CONFIRMED,K01534.01,0,0,0,0,20.4222447,189.3,34.7
KIC 5301750,CONFIRMED,K01589.01,0,0,0,0,8.72585478,446.7,37.7
KIC 5526717,CONFIRMED,K01677.01,0,0,0,0,52.069002,558.3,25.6
KIC 5530882,FALSE POSITIVE,K01680.01,0,0,1,1,5.0825188,105,17.1
KIC 5531953,CONFIRMED,K01681.02,0,0,0,0,1.992812339,314.8,16.8
KIC 6034945,CONFIRMED,K01683.01,0,0,0,0,9.11500269,268.3,21.7
KIC 9851226,FALSE POSITIVE,K01468.01,0,0,1,1,8.48031942,1426.7,92.8
KIC 8692861,CONFIRMED,K00172.01,0,0,0,0,13.7223682,571.1,97.9
KIC 7543649,FALSE POSITIVE,K01469.01,0,1,1,0,3.582076914,1534.4,138.4
KIC 9480310,CONFIRMED,K01470.01,0,0,0,0,15.43400996,1785.9,59.7
KIC 11858748,FALSE POSITIVE,K01471.01,0,0,1,1,1.780984316,590.9,46.0
KIC 11669125,CONFIRMED,K01535.01,0,0,0,0,70.6981724,357.7,37.7
KIC 12159249,CONFIRMED,K01536.01,0,0,0,0,3.74443645,73.3,25.4
KIC 9872292,CANDIDATE,K01537.01,0,0,0,0,10.19154678,61.3,27.6
KIC 9963461,FALSE POSITIVE,K01538.01,0,1,0,0,10.581581895,112642,1241.4
KIC 8081482,FALSE POSITIVE,K01539.01,0,1,0,0,2.819453322,71867,202.0
KIC 5542466,CONFIRMED,K01590.02,0,0,0,0,2.35574505,266.9,17.0
KIC 4178389,CANDIDATE,K00185.01,0,0,0,0,23.210509958,28736.9,958.7
KIC 10028140,CONFIRMED,K01591.01,0,0,0,0,19.65639342,843.2,25.5
KIC 6048024,FALSE POSITIVE,K01684.01,0,1,0,0,62.81584402,1688.4,54.6
KIC 6049190,CONFIRMED,K01685.01,0,0,0,0,70.468171,922.4,45.0
KIC 6149553,FALSE POSITIVE,K01686.01,1,0,0,0,56.86716792,,
KIC 6198999,CONFIRMED,K01687.01,0,0,0,0,3.93246069,455.5,30.6
KIC 6310636,CONFIRMED,K01688.01,0,0,0,0,0.921030497,101.5,27.0
KIC 6616218,CONFIRMED,K01692.01,0,0,0,0,5.960400011,828.3,126.1
KIC 7761545,CONFIRMED,K01472.01,0,0,0,0,85.3514875,4674.7,142.8
KIC 7499398,CANDIDATE,K01473.01,0,0,0,0,23.02028478,5077.8,97.2
KIC 12365184,CONFIRMED,K01474.01,0,0,0,0,69.72646639,4491.2,300.7
KIC 4770365,CONFIRMED,K01475.01,0,0,0,0,1.609321941,728.5,35.3
KIC 10748390,CONFIRMED,K00003.01,0,0,0,0,4.887803076,4315.8,862.3
KIC 11804465,CONFIRMED,K00020.01,0,0,0,0,4.437962934,16387.6,3535.6
KIC 9663113,CONFIRMED,K00179.01,0,0,0,0,20.74028645,1023.3,155.3
KIC 5649956,FALSE POSITIVE,K01540.01,0,1,0,0,1.207852845,49720,205.9
KIC 4840513,FALSE POSITIVE,K01541.01,0,1,0,0,2.379282197,48434,538.0
KIC 5217586,FALSE POSITIVE,K01592.01,0,0,1,0,26.0692512,831.5,59.7
KIC 5289854,CONFIRMED,K01593.01,0,0,0,0,9.69501146,515.2,18.3
KIC 9895709,FALSE POSITIVE,K01594.01,0,0,1,0,1.818939148,331.2,39.3
KIC 10006581,CONFIRMED,K01595.01,0,0,0,0,40.1097817,732,40.3
KIC 6696462,FALSE POSITIVE,K01693.01,0,1,0,0,3.403743926,815.9,59.5
KIC 7220429,CONFIRMED,K01700.01,0,0,0,0,8.03753796,286.5,31.1
KIC 7222086,FALSE POSITIVE,K01701.01,0,1,0,0,2.43902575,82.5,20.5
KIC 12406749,CONFIRMED,K01476.01,0,0,0,0,56.3587987,2559.6,44.4
KIC 7811397,CANDIDATE,K01477.01,0,0,0,0,169.4976085,12192,82.8
KIC 12403119,CONFIRMED,K01478.01,0,0,0,0,76.13622222,2949.5,339.4
KIC 9842890,FALSE POSITIVE,K01479.01,0,0,1,0,4.9883872,638.2,52.9
KIC 8113154,FALSE POSITIVE,K01542.01,0,1,0,0,2.586878667,25480,261.3
KIC 5270698,FALSE POSITIVE,K01543.01,0,1,0,0,3.964333304,25886.2,408.5
KIC 5024450,FALSE POSITIVE,K01544.01,0,1,0,0,1.525924389,24627.2,423.9
KIC 5282049,FALSE POSITIVE,K01545.01,0,1,0,0,5.910371418,17219.2,990.3
KIC 5475431,CANDIDATE,K01546.01,0,0,0,0,0.917568975,15805,128.1
KIC 10027323,CONFIRMED,K01596.01,0,0,0,0,5.92365747,406.5,26.4
KIC 12019440,CONFIRMED,K00186.01,0,0,0,0,3.24325988,16450.9,1586.2
KIC 5039228,CANDIDATE,K01597.01,0,0,0,0,7.79668781,361.3,48.5
KIC 10004738,CONFIRMED,K01598.01,0,0,0,0,56.4758069,1091.8,70.0
KIC 7304449,CONFIRMED,K01702.01,0,0,0,0,1.538180949,841,47.7
KIC 7386827,CONFIRMED,K01704.01,0,0,0,0,10.4188915,670,42.1
KIC 7522911,CONFIRMED,K01705.01,0,0,0,0,20.4998763,437.8,21.1
KIC 7626370,CONFIRMED,K01706.01,0,0,0,0,1.921437488,278.7,56.7
KIC 7703955,CONFIRMED,K01707.01,0,0,0,0,96.109323,982.3,28.7
KIC 7512982,CONFIRMED,K01480.01,0,0,0,0,20.38174802,1597.1,46.8
KIC 9597806,CONFIRMED,K01481.01,0,0,0,0,5.101375725,894.6,55.1
KIC 7812167,FALSE POSITIVE,K01482.01,0,1,1,1,17.7940049,879.4,27.7
KIC 11760959,FALSE POSITIVE,K01484.01,0,0,1,0,3.47021401,1105.2,8.3
KIC 5283458,CANDIDATE,K01547.01,0,0,0,0,30.69395532,18121,196.6
KIC 9940565,FALSE POSITIVE,K01548.01,0,1,0,0,2.139325409,6897.8,164.4
KIC 8053552,CANDIDATE,K01549.01,0,0,0,0,29.481061268,11870.9,332.0
KIC 8111381,FALSE POSITIVE,K01550.01,0,1,1,0,2.233799622,2658.5,228.9
KIC 5444549,FALSE POSITIVE,K01551.01,0,1,1,0,31.13862664,11427,163.7
KIC 5474613,CONFIRMED,K01599.01,0,0,0,0,20.4074846,363.4,24.5
KIC 4860932,FALSE POSITIVE,K01600.01,0,1,1,0,12.36564669,388.4,22.8
KIC 5438757,CONFIRMED,K01601.01,0,0,0,0,10.35078415,273.1,36.5
KIC 7750419,CANDIDATE,K01708.01,0,0,0,0,32.7737631,564.5,21.7
KIC 7815744,CONFIRMED,K01710.01,0,0,0,0,14.20442616,800.6,26.7
KIC 7955580,CONFIRMED,K01711.01,0,0,0,0,55.673582,765.1,22.7
KIC 9692345,FALSE POSITIVE,K01485.01,0,1,1,1,0.687895191,462.5,60.9
KIC 7898352,CONFIRMED,K01486.01,0,0,0,0,127.2824442,8088.6,148.1
KIC 11402995,CONFIRMED,K00173.01,0,0,0,0,10.06083238,460.2,86.4
KIC 12062667,FALSE POSITIVE,K01487.01,0,0,1,1,2.92928244,268.6,39.2
KIC 7984047,CANDIDATE,K01552.01,0,0,0,0,77.63424586,16612,185.5
KIC 7951018,CONFIRMED,K01553.01,0,0,0,0,52.75878505,5805.8,265.4
KIC 9899355,FALSE POSITIVE,K01554.01,0,1,1,1,1.332564478,1071.5,119.6
KIC 12644774,FALSE POSITIVE,K01555.01,0,1,1,1,41.0772969,1216.8,28.8
KIC 9902856,FALSE POSITIVE,K01556.01,0,1,0,0,135.9121619,10188,99.5
KIC 7747425,CONFIRMED,K01952.04,0,0,0,0,42.4729078,334,22.8
KIC 9892816,CONFIRMED,K01955.01,0,0,0,0,15.17026921,224.8,45.4
KIC 9836149,CONFIRMED,K01958.01,0,0,0,0,17.8159689,776.8,22.5
KIC 4813563,CONFIRMED,K01959.01,0,0,0,0,36.5157639,861.3,34.7
KIC 2985767,CONFIRMED,K02032.01,0,0,0,0,14.07969236,169.5,26.2
KIC 2304320,CONFIRMED,K02033.01,0,0,0,0,16.54081386,370,32.8
KIC 3657758,CONFIRMED,K02034.01,0,0,0,0,3.609313059,1375.1,35.0
KIC 9790806,CONFIRMED,K02035.01,0,0,0,0,1.93155546,504.9,8.6
KIC 6382217,CONFIRMED,K02036.01,0,0,0,0,8.41100305,755.6,27.6
KIC 5375194,CONFIRMED,K01825.01,0,0,0,0,13.52252364,690.6,22.4
KIC 6468138,CONFIRMED,K01826.01,0,0,0,0,134.2520474,832.1,57.2
KIC 10019708,CONFIRMED,K00199.01,0,0,0,0,3.268695042,10091.4,1429.9
KIC 11875734,CONFIRMED,K01828.01,0,0,0,0,99.7468804,1287,45.6
KIC 7697568,FALSE POSITIVE,K01829.01,0,1,0,0,22.84156293,2940.7,47.6
KIC 7046804,CONFIRMED,K00205.01,0,0,0,0,11.720123999,9763.3,707.3
KIC 7449136,CONFIRMED,K01890.01,0,0,0,0,4.33643506,108.5,48.0
KIC 8680979,CONFIRMED,K01891.01,0,0,0,0,15.95541913,762.6,39.0
KIC 9030537,CONFIRMED,K01892.01,0,0,0,0,62.5613879,1372.6,35.0
KIC 6949061,CONFIRMED,K01960.01,0,0,0,0,8.96847034,234.3,38.2
KIC 7269493,CONFIRMED,K01961.01,0,0,0,0,1.907810683,120.5,40.9
KIC 5513648,CANDIDATE,K01962.01,0,0,0,0,32.85862571,162.8,36.4
KIC 9164836,FALSE POSITIVE,K00213.01,0,1,0,0,48.118812545,69850.7,2145.1
KIC 7887791,CANDIDATE,K01964.01,0,0,0,0,2.229326354,49.1,24.6
KIC 11657891,CONFIRMED,K01965.01,0,0,0,0,2.514628496,228.4,33.3
KIC 6305192,CONFIRMED,K00219.01,0,0,0,0,8.025118521,3120.4,373.0
KIC 9634821,CONFIRMED,K02037.01,0,0,0,0,73.7578875,1836.9,20.2
KIC 8950568,CONFIRMED,K02038.01,0,0,0,0,8.30537702,365.6,28.5
KIC 3326377,CONFIRMED,K01830.01,0,0,0,0,13.22714056,812,51.8
KIC 11601584,CONFIRMED,K01831.01,0,0,0,0,51.8098276,1025.4,56.8
KIC 8689793,CONFIRMED,K01893.01,0,0,0,0,3.554856338,232.9,40.8
KIC 11673802,CONFIRMED,K01894.01,0,0,0,0,5.28790754,343.9,90.6
KIC 4263293,CONFIRMED,K01895.01,0,0,0,0,8.45746636,1320.3,21.8
KIC 5695524,CONFIRMED,K01897.01,0,0,0,0,59.7711433,574.5,38.5
KIC 6205897,CONFIRMED,K01967.01,0,0,0,0,4.417692516,279.2,35.1
KIC 7948784,CONFIRMED,K01968.01,0,0,0,0,10.08744556,568.1,39.9
KIC 9244756,CONFIRMED,K01969.01,0,0,0,0,16.34355902,829.4,34.0
KIC 9650808,CONFIRMED,K01970.01,0,0,0,0,21.96401646,693.4,26.9
KIC 8804845,CONFIRMED,K02039.01,0,0,0,0,5.42586901,259,26.1
KIC 10480915,CONFIRMED,K02040.01,0,0,0,0,19.58561177,532.9,27.1
KIC 11709244,CONFIRMED,K01832.01,0,0,0,0,4.544436472,879.3,42.5
KIC 11853878,CONFIRMED,K01833.01,0,0,0,0,3.69298623,763.3,33.9
KIC 5728139,CONFIRMED,K00206.01,0,0,0,0,5.334082429,4676.5,653.4
KIC 7668663,CONFIRMED,K01898.01,0,0,0,0,6.4980147,190.9,41.2
KIC 7047922,CONFIRMED,K01899.01,0,0,0,0,19.76169247,392.5,35.3
KIC 9353314,CONFIRMED,K01900.01,0,0,0,0,5.18498961,430.1,36.4
KIC 3629967,CONFIRMED,K01901.01,0,0,0,0,85.6542476,476,36.6
KIC 9347009,CONFIRMED,K01971.01,0,0,0,0,19.32945602,935.5,26.8
KIC 11253711,CONFIRMED,K01972.02,0,0,0,0,1.226223959,56.1,18.9
KIC 4917596,CONFIRMED,K01973.01,0,0,0,0,3.290114076,645.3,30.3
KIC 4743513,FALSE POSITIVE,K00024.01,0,1,1,1,2.086075752,3657.8,102.2
KIC 11046458,CONFIRMED,K00214.01,0,0,0,0,3.311864148,5976.5,448.2
KIC 9111849,CANDIDATE,K02042.01,0,0,0,0,63.0732241,671.3,30.0
KIC 7132798,CONFIRMED,K00220.01,0,0,0,0,2.422084188,1871.8,423.7
KIC 3448130,CONFIRMED,K02043.01,0,0,0,0,78.5461106,658.7,35.6
KIC 9656252,CONFIRMED,K02044.01,0,0,0,0,16.92342126,1125.3,40.8
KIC 6026438,CONFIRMED,K02045.01,0,0,0,0,5.47665801,648,32.1
KIC 9471268,CONFIRMED,K01835.01,0,0,0,0,4.580346161,308.3,49.8
KIC 10657406,CONFIRMED,K01837.01,0,0,0,0,34.1732156,635,38.9
KIC 5526527,CONFIRMED,K01838.01,0,0,0,0,16.7364755,1147,9.9
KIC 5809954,FALSE POSITIVE,K01902.01,0,1,0,0,137.8645881,2363,28.2
KIC 8766650,CONFIRMED,K01904.01,0,0,0,0,12.43929428,254.3,24.9
KIC 10328393,CONFIRMED,K01905.01,0,0,0,0,7.62635494,296.1,32.5
KIC 11773328,CANDIDATE,K01906.01,0,0,0,0,8.710442022,1196.4,42.6
KIC 7094486,CONFIRMED,K01907.01,0,0,0,0,11.35010642,1221,38.3
KIC 7289577,CONFIRMED,K01974.01,0,0,0,0,109.4450597,1269.6,30.1
KIC 8543100,CONFIRMED,K01975.01,0,0,0,0,7.56052209,659.8,34.6
KIC 2693736,CONFIRMED,K01976.01,0,0,0,0,12.12401737,788.4,40.1
KIC 9412760,CONFIRMED,K01977.01,0,0,0,0,9.38740646,384.6,22.3
KIC 10663396,CONFIRMED,K02046.01,0,0,0,0,23.8990075,293.4,61.5
KIC 11457726,CONFIRMED,K02047.01,0,0,0,0,6.22161107,165,29.0
KIC 8956206,CONFIRMED,K02048.01,0,0,0,0,6.17998508,750.5,29.0
KIC 9649706,CONFIRMED,K02049.01,0,0,0,0,1.569066598,147.2,48.7
KIC 5856571,CONFIRMED,K01839.01,0,0,0,0,9.59068586,544.6,40.0
KIC 7765528,CONFIRMED,K01840.01,0,0,0,0,7.03932913,836.7,48.6
KIC 11760231,CONFIRMED,K01841.01,0,0,0,0,49.6075771,626.7,44.9
KIC 7779077,CONFIRMED,K01842.01,0,0,0,0,16.84183355,822.1,23.6
KIC 6046540,CONFIRMED,K00200.01,0,0,0,0,7.340714946,8510.5,856.3
KIC 5706966,CONFIRMED,K01908.01,0,0,0,0,12.55111099,494.1,33.2
KIC 3762468,CONFIRMED,K00208.01,0,0,0,0,3.003879547,8538,80.8
KIC 10130039,CONFIRMED,K01909.01,0,0,0,0,12.75800092,187.9,41.7
KIC 9518318,CONFIRMED,K01978.01,0,0,0,0,6.51112385,695.1,38.4
KIC 7273277,CONFIRMED,K01979.01,0,0,0,0,2.714078374,143.5,36.8
KIC 11769890,CONFIRMED,K01980.01,0,0,0,0,122.8799543,717.7,41.9
KIC 6862721,CONFIRMED,K01982.01,0,0,0,0,4.88753111,679.6,17.4
KIC 12301181,CONFIRMED,K02059.01,0,0,0,0,6.14728341,119.7,26.8
KIC 9279354,CONFIRMED,K02060.01,0,0,0,0,2.800111267,706.7,33.5
KIC 6774880,CONFIRMED,K02062.01,0,0,0,0,34.3511339,599.4,28.8
KIC 3937519,CONFIRMED,K00221.01,0,0,0,0,3.413036353,3868.7,480.7
KIC 7449541,CONFIRMED,K02063.01,0,0,0,0,3.00725068,285.8,30.0
KIC 5080636,CONFIRMED,K01843.01,0,0,0,0,4.194496867,660.7,45.0
KIC 3338885,CONFIRMED,K01845.01,0,0,0,0,1.970340203,403.2,56.3
KIC 6776401,CONFIRMED,K01847.01,0,0,0,0,26.85323647,965.8,53.3
KIC 8226050,CONFIRMED,K01910.01,0,0,0,0,34.2685741,699.3,38.2
KIC 9965957,CONFIRMED,K01911.01,0,0,0,0,5.75321539,733.8,31.8
KIC 9704384,CONFIRMED,K01913.01,0,0,0,0,5.50860699,203.9,38.2
KIC 8426567,CONFIRMED,K01914.01,0,0,0,0,18.93055119,684,26.2
KIC 12508335,FALSE POSITIVE,K00215.01,0,1,0,0,42.94386258,9207.9,273.0
KIC 10094670,CONFIRMED,K01984.01,0,0,0,0,22.06402,388.7,31.5
KIC 8142942,CONFIRMED,K01985.01,0,0,0,0,5.756245244,623.6,45.5
KIC 8257205,CONFIRMED,K01986.01,0,0,0,0,148.4601819,1532.1,33.7
KIC 9044228,CONFIRMED,K01988.01,0,0,0,0,0.934885365,270.4,57.8
KIC 7265298,CONFIRMED,K02051.01,0,0,0,0,25.7626846,619.5,38.0
KIC 3248501,CANDIDATE,K02052.01,0,0,0,0,4.22464216,987,7.7
KIC 2307415,CONFIRMED,K02053.01,0,0,0,0,13.12162167,196.9,32.7
KIC 7430034,CONFIRMED,K01848.01,0,0,0,0,49.6220669,505.5,47.6
KIC 9735426,CONFIRMED,K01849.01,0,0,0,0,8.08801663,952.9,46.1
KIC 8826168,CONFIRMED,K01850.01,0,0,0,0,11.55103848,402.8,49.8
KIC 10464050,CONFIRMED,K01851.01,0,0,0,0,4.469754641,553.9,37.1
KIC 9763348,CONFIRMED,K01852.01,0,0,0,0,15.77382794,313.6,30.4
KIC 9101496,CONFIRMED,K01915.01,0,0,0,0,6.56226483,260.8,41.2
KIC 6037581,CONFIRMED,K01916.01,0,0,0,0,20.67876365,323.9,42.6
KIC 10723750,CONFIRMED,K00209.01,0,0,0,0,50.79034648,5671.1,508.8
KIC 10779233,CONFIRMED,K01989.01,0,0,0,0,201.118319,584.8,34.7
KIC 11614617,CONFIRMED,K01990.01,0,0,0,0,24.7577652,458.7,37.6
KIC 11450414,CONFIRMED,K01992.01,0,0,0,0,12.7983174,336.6,38.2
KIC 4736569,CONFIRMED,K01996.01,0,0,0,0,10.13200555,911.6,37.6
KIC 10384798,CONFIRMED,K01997.01,0,0,0,0,38.505224,695.2,35.5
KIC 3128552,CONFIRMED,K02055.01,0,0,0,0,8.67890312,540.6,37.4
KIC 10134152,CONFIRMED,K02056.01,0,0,0,0,39.3135699,500.1,33.8
KIC 9573685,CONFIRMED,K02057.01,0,0,0,0,5.94565516,401.2,28.5
KIC 10329835,CONFIRMED,K02058.01,0,0,0,0,1.52373073,364.7,34.1
KIC 6849046,CONFIRMED,K00201.01,0,0,0,0,4.225384543,7563,1457.8
KIC 8804397,CONFIRMED,K01853.01,0,0,0,0,60.0853848,432.2,51.7
KIC 9662811,CONFIRMED,K01854.01,0,0,0,0,43.0343364,541.6,50.0
KIC 11570749,CANDIDATE,K01856.01,0,0,0,0,46.2991052,854.9,55.0
KIC 11297236,CONFIRMED,K01857.01,0,0,0,0,88.6440015,625.5,57.6
KIC 10074466,CONFIRMED,K01917.01,0,0,0,0,35.01190875,436.7,34.0
KIC 8218379,CONFIRMED,K01920.01,0,0,0,0,16.57099265,644.9,40.9
KIC 7755636,CONFIRMED,K01921.01,0,0,0,0,16.00496657,377.5,49.8
KIC 9411166,CONFIRMED,K01922.01,0,0,0,0,1.954525966,392.8,43.1
KIC 4989057,CONFIRMED,K01923.01,0,0,0,0,7.23400381,453.3,34.3
KIC 9834040,CONFIRMED,K01998.01,0,0,0,0,6.77408984,520.3,33.6
KIC 6152974,CONFIRMED,K00216.01,0,0,0,0,20.172024672,5368.1,226.8
KIC 8802693,CONFIRMED,K02000.01,0,0,0,0,26.41044199,991.1,31.2
KIC 6061773,CONFIRMED,K02001.01,0,0,0,0,8.27745764,197.2,17.3
KIC 10024701,CONFIRMED,K02002.01,0,0,0,0,14.37504582,251.1,15.7
KIC 2579043,CANDIDATE,K02064.01,0,0,0,0,6.31219171,403.7,35.6
KIC 3239671,CONFIRMED,K02066.01,0,0,0,0,147.97391,1267.1,26.4
KIC 9304101,CONFIRMED,K02067.01,0,0,0,0,13.24503482,156.1,35.7
KIC 11360571,CONFIRMED,K02069.01,0,0,0,0,77.2550726,589.5,44.0
KIC 6035124,CONFIRMED,K02071.01,0,0,0,0,3.85690686,127.8,24.3
KIC 8160953,CONFIRMED,K01858.01,0,0,0,0,116.3311739,1586.3,31.5
KIC 4157325,CONFIRMED,K01860.01,0,0,0,0,6.31943553,581.1,61.0
KIC 5108214,FALSE POSITIVE,K01924.01,0,1,1,0,2.11913005,28.7,21.5
KIC 9955598,CONFIRMED,K01925.01,0,0,0,0,68.958447,123.3,30.0
KIC 7219761,FALSE POSITIVE,K01927.01,0,0,0,0,47.76397728,,
KIC 5770074,CONFIRMED,K01928.01,0,0,0,0,63.0380366,658.7,53.1
KIC 10136549,CONFIRMED,K01929.01,0,0,0,0,9.69315023,141.8,45.1
KIC 9851271,FALSE POSITIVE,K02003.01,0,0,1,1,8.48031229,351.1,37.3
KIC 12154526,CONFIRMED,K02004.01,0,0,0,0,56.1886436,346.2,35.6
KIC 6665512,CONFIRMED,K02005.01,0,0,0,0,6.92101452,529.7,39.9
KIC 10525027,CONFIRMED,K02006.01,0,0,0,0,3.27344784,262.5,34.0
KIC 11069176,CONFIRMED,K02007.01,0,0,0,0,15.3789014,185.1,17.6
KIC 10005758,CONFIRMED,K01783.01,0,0,0,0,134.4785189,4033.5,149.9
KIC 10158418,CANDIDATE,K01784.01,0,0,0,0,5.007414194,4413.9,196.6
KIC 3128793,FALSE POSITIVE,K01786.01,0,1,0,0,24.68662378,8052.3,210.9
KIC 5864975,CONFIRMED,K01787.01,0,0,0,0,98.7179332,7320,124.4
KIC 2975770,CONFIRMED,K01788.01,0,0,0,0,71.52543938,5904.3,111.3
KIC 3648437,CANDIDATE,K01861.01,0,0,0,0,17.50441726,725.4,47.5
KIC 7877496,CONFIRMED,K00202.01,0,1,0,0,1.72086129,10184.5,1654.9
KIC 7286173,CONFIRMED,K01862.01,0,0,0,0,56.4349933,580,47.7
KIC 11126381,CONFIRMED,K01863.01,0,0,0,0,33.7888028,649.2,36.0
KIC 4149450,CONFIRMED,K01864.01,0,0,0,0,3.215109385,158,53.3
KIC 5511081,CONFIRMED,K01930.01,0,0,0,0,13.72710334,199.2,62.5
KIC 10978763,CONFIRMED,K01931.01,0,0,0,0,4.97760447,287.3,27.5
KIC 8098728,FALSE POSITIVE,K02008.01,0,1,0,0,24.4851178,263.8,10.9
KIC 2449431,CANDIDATE,K02009.01,0,0,0,0,86.7490807,547.1,35.7
KIC 5631630,CONFIRMED,K02010.01,0,0,0,0,25.96190067,350.3,37.5
KIC 6504954,CONFIRMED,K01790.01,0,0,0,0,130.3543929,5128.7,103.7
KIC 9410930,CONFIRMED,K00196.01,0,1,0,0,1.855557556,10570.1,1853.8
KIC 5731623,CANDIDATE,K01793.01,0,0,0,0,3.261759866,3876.1,190.4
KIC 6153672,FALSE POSITIVE,K01794.01,0,1,0,0,3.364425589,4843,32.0
KIC 10676014,CONFIRMED,K01797.01,0,0,0,0,16.78175788,908,118.8
KIC 9520838,CONFIRMED,K01866.01,0,0,0,0,105.3035093,1362.2,40.6
KIC 8167996,CONFIRMED,K01867.01,0,0,0,0,2.549562652,495.1,43.7
KIC 6773862,CONFIRMED,K01868.01,0,0,0,0,17.76076524,1287.2,42.6
KIC 10602291,CANDIDATE,K00210.01,0,0,0,0,20.92735802,8091,263.5
KIC 5202905,CONFIRMED,K01932.01,0,0,0,0,22.8245144,322.7,15.9
KIC 9072190,CONFIRMED,K01933.01,0,0,0,0,49.1011093,845.6,39.7
KIC 5384079,CONFIRMED,K02011.01,0,0,0,0,7.05675145,130,25.2
KIC 9839821,CONFIRMED,K02012.01,0,0,0,0,34.8536903,767.7,27.0
KIC 4056616,CONFIRMED,K02013.01,0,0,0,0,2.41434868,191,30.0
KIC 6707908,FALSE POSITIVE,K02014.01,0,1,0,0,2.466070972,704.5,42.6
KIC 8492026,CONFIRMED,K02016.01,0,0,0,0,4.30656389,257,39.8
KIC 6867766,FALSE POSITIVE,K01798.01,0,1,0,0,12.964717746,3732.9,183.3
KIC 6058614,FALSE POSITIVE,K01799.01,0,1,0,0,1.731079436,11974,36.2
KIC 11017901,CONFIRMED,K01800.01,0,0,0,0,7.794302043,3387.4,159.2
KIC 5088591,CONFIRMED,K01801.01,0,0,0,0,14.5324483,1355.9,16.5
KIC 11298298,CONFIRMED,K01802.01,0,0,0,0,5.248667607,601.2,59.5
KIC 10187159,CONFIRMED,K01870.01,0,0,0,0,7.96431492,746,44.3
KIC 9758089,CONFIRMED,K01871.01,0,0,0,0,92.7297248,1257.5,43.3
KIC 10619192,CONFIRMED,K00203.01,0,1,0,0,1.485710994,20823.9,1176.6
KIC 9883311,CANDIDATE,K01872.01,0,0,0,0,30.5231459,2212.3,38.7
KIC 4939346,CONFIRMED,K01873.01,0,0,0,0,71.3116598,2138,43.4
KIC 4242147,CANDIDATE,K01934.01,0,0,0,0,28.78270955,864.5,40.1
KIC 5396122,FALSE POSITIVE,K01935.01,0,1,0,0,15.44428875,3596.2,44.9
KIC 10190777,CONFIRMED,K01937.01,0,0,0,0,1.411230023,388.2,89.3
KIC 9651234,CONFIRMED,K01938.01,0,0,0,0,96.9151707,862.8,53.4
KIC 7045496,CONFIRMED,K01939.01,0,0,0,0,13.47472742,729.6,25.3
KIC 8750043,CONFIRMED,K02017.01,0,0,0,0,2.29503515,172.1,11.6
KIC 9973109,CONFIRMED,K02018.01,0,0,0,0,27.495634,483.3,24.7
KIC 6226290,CONFIRMED,K02019.01,0,0,0,0,14.08826442,889.4,34.2
KIC 9595827,CONFIRMED,K00217.01,0,0,0,0,3.905081685,21340.5,1315.8
KIC 9349482,CONFIRMED,K02020.01,0,0,0,0,110.9643706,1283.2,42.1
KIC 4349442,FALSE POSITIVE,K01803.02,0,0,0,1,12.720298433,283.6,12.7
KIC 4644952,CONFIRMED,K01805.01,0,0,0,0,6.94135824,825,43.1
KIC 2987027,CONFIRMED,K00197.01,0,0,0,0,17.276296682,10458,871.4
KIC 8978528,CONFIRMED,K01874.01,0,0,0,0,18.6848377,1251.5,41.2
KIC 9967771,CONFIRMED,K01875.01,0,0,0,0,9.91724268,457.9,38.8
KIC 11622600,CONFIRMED,K01876.01,0,0,0,0,82.5341188,1895.4,40.1
KIC 10454632,CONFIRMED,K01877.01,0,0,0,0,20.16037858,343.6,35.1
KIC 10005788,CONFIRMED,K01940.01,0,0,0,0,10.99470891,884.7,32.7
KIC 10656508,CANDIDATE,K00211.01,0,0,0,0,124.03589939,7690,190.1
KIC 5213902,FALSE POSITIVE,K01941.01,0,0,1,0,1.194812329,189.5,41.2
KIC 2832589,CONFIRMED,K01942.01,0,0,0,0,10.84969477,1122.1,43.5
KIC 2438513,CONFIRMED,K01944.01,0,0,0,0,12.18420006,499.3,23.3
KIC 6356207,CONFIRMED,K02021.01,0,0,0,0,3.76417012,558.4,27.2
KIC 8564674,CONFIRMED,K02022.01,0,0,0,0,5.92972237,412.1,8.9
KIC 8578780,CONFIRMED,K02023.01,0,0,0,0,13.59051547,621.9,27.7
KIC 4544907,CONFIRMED,K02024.01,0,0,0,0,46.8776724,539.8,37.5
KIC 7761918,CONFIRMED,K01808.01,0,0,0,0,89.1935737,868.3,43.5
KIC 8240797,CONFIRMED,K01809.01,0,0,0,0,13.09390911,398.7,62.2
KIC 8164262,FALSE POSITIVE,K01810.01,1,0,0,0,87.455958,1604.9,118.9
KIC 6279974,FALSE POSITIVE,K01812.01,0,1,0,0,0.805259257,1384.3,329.7
KIC 9455325,CONFIRMED,K01813.01,0,0,0,0,9.76785911,585.4,54.1
KIC 3098810,CONFIRMED,K01878.01,0,0,0,0,40.80957343,436.1,39.3
KIC 8367644,CONFIRMED,K01879.01,0,0,0,0,22.08551599,3157.4,48.5
KIC 10332883,CONFIRMED,K01880.01,0,0,0,0,1.151166776,578.4,83.7
KIC 9071386,FALSE POSITIVE,K00023.01,0,1,0,0,4.693305543,14522.9,1765.2
KIC 9305831,CONFIRMED,K00204.01,0,0,0,0,3.246732048,6998.2,775.0
KIC 11656918,CONFIRMED,K01945.01,0,0,0,0,62.1385979,886.3,36.1
KIC 10844890,CANDIDATE,K01946.01,0,0,0,0,8.29482811,559.5,38.1
KIC 9536692,FALSE POSITIVE,K01948.01,0,1,1,0,26.635216,1492.8,30.6
KIC 4636578,CONFIRMED,K02025.01,0,0,0,0,17.84850835,391.2,43.5
KIC 11923284,CONFIRMED,K02026.01,0,0,0,0,2.757977384,211,22.5
KIC 9838975,FALSE POSITIVE,K00218.01,0,1,0,0,18.692860599,51256.5,1281.9
KIC 5621125,CONFIRMED,K01814.01,0,0,0,0,14.80075082,501.4,54.0
KIC 9872283,CONFIRMED,K01815.01,0,0,0,0,3.126861192,794.6,94.6
KIC 10666242,FALSE POSITIVE,K00198.01,0,1,0,0,87.24250316,17860.5,335.2
KIC 8624520,CANDIDATE,K01816.01,0,0,0,0,10.240611361,2958,72.0
KIC 7870032,CONFIRMED,K01818.01,0,0,0,0,16.87725775,818.4,43.1
KIC 9597058,CONFIRMED,K01819.01,0,0,0,0,12.05705659,523.9,20.8
KIC 4035640,CONFIRMED,K01881.01,0,0,0,0,28.26727385,1160.2,42.1
KIC 6205228,CONFIRMED,K01882.01,0,0,0,0,3.770590654,314.4,37.1
KIC 11758544,CONFIRMED,K01883.01,0,0,0,0,2.7073064,69.5,31.7
KIC 4851530,CANDIDATE,K01884.01,0,0,0,0,23.11707222,2407.5,61.2
KIC 3118797,CONFIRMED,K01950.01,0,0,0,0,66.4159789,2053.2,33.6
KIC 6300348,CANDIDATE,K00212.01,0,0,0,0,5.69590202,4921.1,391.2
KIC 7102316,CONFIRMED,K02028.01,0,0,0,0,57.2488518,1455.6,29.8
KIC 9489524,CONFIRMED,K02029.01,0,0,0,0,16.33269981,300.4,17.5
KIC 5940165,CONFIRMED,K02031.01,0,0,0,0,9.30413878,637.3,24.2
KIC 8277797,CONFIRMED,K01820.01,0,0,0,0,4.33722007,358.5,47.9
KIC 5124667,CONFIRMED,K01822.01,0,0,0,0,150.8783198,659.9,70.6
KIC 2989404,CONFIRMED,K01824.01,0,0,0,0,3.553831111,191.8,77.4
KIC 11413812,CONFIRMED,K01885.01,0,0,0,0,5.65378163,366.8,37.8
KIC 9549648,CONFIRMED,K01886.01,0,0,0,0,5.99185827,186.3,32.1
KIC 10063802,CONFIRMED,K01888.01,0,0,0,0,120.0183551,886,46.1
KIC 11074178,CONFIRMED,K01889.01,0,0,0,0,14.30517579,863.4,37.5
KIC 11030475,CONFIRMED,K02248.01,0,0,0,0,2.81814715,278.6,16.5
KIC 5942808,CONFIRMED,K02250.01,0,0,0,0,2.935362067,1052.6,38.0
KIC 6206214,CONFIRMED,K02252.01,0,0,0,0,13.53953595,134.2,21.8
KIC 8959839,CONFIRMED,K02253.01,0,0,0,0,22.7082375,298.8,22.0
KIC 7672097,CONFIRMED,K02255.01,0,0,0,0,7.97033985,490.8,23.5
KIC 6142862,FALSE POSITIVE,K02336.01,0,0,1,0,5.33459393,226.3,14.7
KIC 5599774,CONFIRMED,K02337.01,0,0,0,0,8.49640437,834,21.8
KIC 8099138,CONFIRMED,K02338.01,0,0,0,0,66.1843646,560.5,21.3
KIC 7033233,CONFIRMED,K02339.01,0,0,0,0,2.032318856,287.5,20.4
KIC 6383785,CONFIRMED,K00239.02,0,0,0,0,3.62275506,180.6,22.3
KIC 9411412,CONFIRMED,K02101.01,0,0,0,0,2.892216772,360.5,23.9
KIC 7008211,CONFIRMED,K02102.01,0,0,0,0,187.746606,1583,20.2
KIC 7620413,CONFIRMED,K02103.01,0,0,0,0,2.543063763,152,26.5
KIC 4545187,CONFIRMED,K00223.01,0,0,0,0,3.177414601,1134.3,113.7
KIC 10854546,CONFIRMED,K02104.01,0,0,0,0,2.168451063,466.9,45.5
KIC 11774991,CONFIRMED,K02173.01,0,0,0,0,37.8154157,286.4,22.4
KIC 8261920,CONFIRMED,K02174.02,0,0,0,0,33.1362861,825.2,16.3
KIC 9112931,CONFIRMED,K02256.01,0,0,0,0,10.71253475,1198.6,31.2
KIC 9071593,CONFIRMED,K02257.01,0,0,0,0,32.5635249,578.3,24.1
KIC 8126558,CONFIRMED,K02259.01,0,0,0,0,12.19140405,665.8,19.4
KIC 11811193,CONFIRMED,K02260.01,0,0,0,0,6.11784972,60.5,25.8
KIC 3734418,CONFIRMED,K02261.01,0,0,0,0,3.97599629,206,27.3
KIC 8681734,CONFIRMED,K02340.01,0,0,0,0,7.68478504,274.1,21.4
KIC 10232693,FALSE POSITIVE,K02341.01,0,0,1,0,0.990516282,101.6,20.4
KIC 10212441,CONFIRMED,K02342.01,0,0,0,0,15.0447098,97.9,23.4
KIC 6119141,CANDIDATE,K02343.01,0,0,0,0,29.0726293,439.6,20.9
KIC 8247771,CONFIRMED,K02344.01,0,0,0,0,1.118547814,234.8,21.7
KIC 8165946,CONFIRMED,K02105.01,0,0,0,0,6.42199919,161.6,25.4
KIC 12017109,CONFIRMED,K02106.01,0,0,0,0,9.75374033,430.8,18.9
KIC 9225395,CONFIRMED,K02107.01,0,0,0,0,81.3153052,715.5,20.7
KIC 10709622,CONFIRMED,K02108.01,0,0,0,0,51.3283527,692.3,34.7
KIC 11499228,CONFIRMED,K02109.01,0,0,0,0,19.7919389,383.7,22.8
KIC 9022166,CONFIRMED,K02175.01,0,0,0,0,26.8475962,254.1,39.2
KIC 10965588,CONFIRMED,K02177.01,0,0,0,0,62.8917493,791,22.6
KIC 10670119,CONFIRMED,K02179.01,0,0,0,0,14.87149773,944.9,27.3
KIC 4043443,FALSE POSITIVE,K00231.01,0,1,0,0,119.8401019,5448.7,83.7
KIC 8491277,CONFIRMED,K00234.01,0,0,0,0,9.61375316,797.9,108.6
KIC 8613535,CONFIRMED,K02263.01,0,0,0,0,29.9685917,309.5,26.5
KIC 12256520,CONFIRMED,K02264.01,0,0,0,0,33.2407985,341.9,20.4
KIC 3337432,FALSE POSITIVE,K02265.01,0,0,1,1,2.97600846,103.2,25.9
KIC 5629538,CONFIRMED,K02345.01,0,0,0,0,15.18727049,292.5,21.4
KIC 8561231,CONFIRMED,K02346.01,0,0,0,0,28.6853212,689.1,23.8
KIC 8235924,CONFIRMED,K02347.01,0,0,0,0,0.588001053,297.4,50.9
KIC 6941084,CONFIRMED,K02348.01,0,0,0,0,85.7357202,747.7,20.8
KIC 6200235,CONFIRMED,K02350.01,0,0,0,0,1.078389713,300.5,23.6
KIC 11460462,CONFIRMED,K02110.01,0,0,0,0,5.03728033,76.3,20.9
KIC 8612275,CONFIRMED,K02111.01,0,0,0,0,3.289726319,234.9,27.0
KIC 7207061,CONFIRMED,K02113.01,0,0,0,0,15.94248453,1093.7,34.3
KIC 7286911,CONFIRMED,K02180.01,0,0,0,0,11.55562042,441.5,22.7
KIC 8591173,CONFIRMED,K02181.01,0,0,0,0,12.2885046,342.1,12.0
KIC 6962109,CONFIRMED,K02182.01,0,0,0,0,17.13263125,850.2,26.4
KIC 5706595,CONFIRMED,K02183.01,0,0,0,0,19.0231361,401.6,19.7
KIC 10489345,CONFIRMED,K02266.01,0,0,0,0,1.003931703,491.1,25.2
KIC 11774303,FALSE POSITIVE,K02269.01,0,1,1,0,0.614083885,389.5,36.4
KIC 10329469,CONFIRMED,K02271.01,0,0,0,0,55.8224775,879.6,23.7
KIC 9654875,CANDIDATE,K02272.01,0,0,0,0,1.34145255,26.6,31.2
KIC 9717943,CONFIRMED,K02273.01,0,0,0,0,6.11010439,59.7,11.8
KIC 8026752,CONFIRMED,K00240.01,0,0,0,0,4.286866229,1321.9,167.3
KIC 1872821,CONFIRMED,K02351.01,0,0,0,0,10.27380957,352.8,19.2
KIC 8013439,CONFIRMED,K02352.01,0,0,0,0,13.39155154,48.9,24.5
KIC 6921944,CONFIRMED,K02114.01,0,0,0,0,4.421566535,684,31.9
KIC 9532052,CONFIRMED,K02115.01,0,0,0,0,15.72585941,1313.1,32.7
KIC 8164012,CONFIRMED,K02116.01,0,0,0,0,1.252753881,200,40.5
KIC 4140813,CONFIRMED,K02117.01,0,0,0,0,13.36019864,699.9,21.3
KIC 8611781,CONFIRMED,K02185.01,0,0,0,0,76.957056,367.1,26.5
KIC 3097926,CANDIDATE,K02186.01,0,0,0,0,14.97974335,1211.8,33.2
KIC 10518424,FALSE POSITIVE,K02188.01,0,1,1,1,2.69633621,238.6,26.5
KIC 5730445,CANDIDATE,K02189.01,0,0,0,0,33.35859852,1825.9,32.2
KIC 5601258,CONFIRMED,K02191.01,0,0,0,0,8.84784273,460.2,21.1
KIC 7960980,CONFIRMED,K02274.01,0,0,0,0,9.98970266,988.4,24.1
KIC 8107225,CONFIRMED,K00235.01,0,0,0,0,5.63252508,634.4,70.9
KIC 3458028,CONFIRMED,K02276.01,0,0,0,0,1.442592305,166,27.1
KIC 3342794,CONFIRMED,K02278.01,0,0,0,0,14.17222858,246.8,24.5
KIC 5716932,CONFIRMED,K02358.01,0,0,0,0,56.4931698,411.9,31.8
KIC 11288051,CONFIRMED,K00241.01,0,0,0,0,13.82142084,765.2,75.3
KIC 7515670,FALSE POSITIVE,K02360.01,0,0,1,0,2.30367952,136.4,18.9
KIC 11566256,CONFIRMED,K02361.01,0,0,0,0,5.78387049,413.3,20.7
KIC 8495415,CONFIRMED,K02362.02,0,0,0,0,11.08507658,771.8,17.7
KIC 4055304,CONFIRMED,K02119.01,0,0,0,0,0.571038347,242.1,38.2
KIC 4857213,CONFIRMED,K02120.01,0,0,0,0,8.77425786,239.6,22.3
KIC 9415108,CONFIRMED,K02121.01,0,0,0,0,4.51005082,294.8,21.5
KIC 4262581,CONFIRMED,K02122.01,0,0,0,0,37.6468519,427.4,31.0
KIC 8591693,CONFIRMED,K02123.01,0,0,0,0,29.4557841,533.8,26.6
KIC 4833421,CONFIRMED,K00232.01,0,0,0,0,12.466004437,2232.1,304.6
KIC 8282651,CONFIRMED,K02193.01,0,0,0,0,2.361724472,587,34.6
KIC 3548044,CONFIRMED,K02194.01,0,0,0,0,34.7630543,293.7,24.0
KIC 11401767,CONFIRMED,K02195.01,0,0,0,0,20.0545282,305.4,26.9
KIC 10909127,CONFIRMED,K02200.01,0,0,0,0,3.17059731,325.4,20.1
KIC 3661886,CONFIRMED,K02279.01,0,0,0,0,27.0142622,287.6,25.5
KIC 2439243,CONFIRMED,K02280.01,0,0,0,0,26.0203329,1164.4,23.7
KIC 9221517,CONFIRMED,K02281.01,0,0,0,0,0.769854899,109.6,28.7
KIC 6751874,CONFIRMED,K02282.01,0,0,0,0,6.89226333,214.4,22.4
KIC 10863608,CONFIRMED,K02368.01,0,0,0,0,8.07127043,318.2,16.9
KIC 5602588,CONFIRMED,K02369.01,0,0,0,0,11.01819178,545.7,22.0
KIC 5385304,CANDIDATE,K02370.01,0,0,0,0,78.7327023,495.8,19.1
KIC 5547480,FALSE POSITIVE,K00224.01,0,1,1,0,3.979867514,907.6,65.2
KIC 11462341,CANDIDATE,K02124.01,0,0,0,0,42.3375799,354.8,18.1
KIC 9405595,CONFIRMED,K02125.01,0,0,0,0,23.3593589,570.1,25.9
KIC 3546060,CONFIRMED,K02126.01,0,0,0,0,9.69310837,1130.7,30.4
KIC 7019489,FALSE POSITIVE,K02128.01,0,1,1,0,24.2598301,1540.3,26.3
KIC 2141783,FALSE POSITIVE,K02201.01,0,1,0,0,116.5214317,771.5,25.0
KIC 4144576,CONFIRMED,K02202.01,0,0,0,0,0.813166357,173.5,34.8
KIC 8494542,CONFIRMED,K02204.01,0,0,0,0,10.86062378,189.6,20.7
KIC 9992325,CONFIRMED,K02205.01,0,0,0,0,24.08632177,1041.7,18.0
KIC 11073656,CANDIDATE,K02206.01,0,0,0,0,1.834277283,286.5,24.8
KIC 10206675,FALSE POSITIVE,K02283.01,0,1,1,0,17.40208965,616.5,20.9
KIC 9945370,CONFIRMED,K02285.01,0,0,0,0,37.9456138,1032.9,24.0
KIC 3832716,FALSE POSITIVE,K00027.01,1,0,0,0,1.141877248,309490,2036.3
KIC 8453211,FALSE POSITIVE,K00236.01,0,1,1,1,5.77675928,3522.5,141.4
KIC 8973129,CONFIRMED,K02286.01,0,0,0,0,24.1738244,532.6,21.5
KIC 12505654,CONFIRMED,K02353.01,0,0,0,0,5.186737262,712.7,25.7
KIC 7215678,CANDIDATE,K02354.01,0,0,0,0,1.151244686,269.6,32.6
KIC 11670125,CONFIRMED,K02355.01,0,0,0,0,1.217000383,459.8,26.5
KIC 11461844,CONFIRMED,K02356.01,0,0,0,0,13.6823798,179.6,17.0
KIC 7449554,CANDIDATE,K02357.01,0,0,0,0,2.42088277,223.3,20.7
KIC 9351920,CONFIRMED,K02129.01,0,0,0,0,8.79618433,286.3,27.0
KIC 2161536,CONFIRMED,K02130.01,0,0,0,0,16.85592593,871.5,19.5
KIC 10549023,CONFIRMED,K02131.01,0,0,0,0,14.36270451,349.4,26.8
KIC 9661979,CONFIRMED,K02132.01,0,0,0,0,69.8956789,548.4,21.9
KIC 8219268,CONFIRMED,K02133.01,0,0,0,0,6.24667547,396.8,63.6
KIC 10531955,CONFIRMED,K02208.01,0,0,0,0,2.344512589,58.9,21.9
KIC 8168187,CONFIRMED,K02209.01,0,0,0,0,18.3027235,186.7,24.7
KIC 4142847,CONFIRMED,K02210.01,0,0,0,0,2.888904439,402.2,23.7
KIC 10203349,CONFIRMED,K02212.01,0,0,0,0,17.14648756,440.3,28.3
KIC 9718066,CONFIRMED,K02287.01,0,0,0,0,16.09227518,128.5,18.1
KIC 3440978,CANDIDATE,K02288.01,0,0,0,0,38.103908,961.1,20.3
KIC 3867615,CONFIRMED,K02289.01,0,0,0,0,62.7843981,325,21.1
KIC 12121570,CONFIRMED,K02290.01,0,0,0,0,91.500873,704.8,22.6
KIC 8410415,CONFIRMED,K02291.01,0,0,0,0,44.2993483,797.9,23.2
KIC 7987866,CONFIRMED,K02363.01,0,0,0,0,3.13877646,174.1,20.2
KIC 9532710,CANDIDATE,K02364.01,0,0,0,0,5.24242029,334.9,20.1
KIC 11560897,CONFIRMED,K02365.01,0,0,0,0,35.9682692,269.7,21.0
KIC 11342416,CONFIRMED,K02366.01,0,0,0,0,25.3690868,110.1,21.6
KIC 9086251,CONFIRMED,K02367.01,0,0,0,0,6.89213244,82,17.3
KIC 4254466,CONFIRMED,K02134.01,0,0,0,0,42.3006282,507.9,23.8
KIC 5801571,FALSE POSITIVE,K00225.01,0,1,0,0,0.838597429,2482.1,303.7
KIC 9904006,CONFIRMED,K02135.01,0,0,0,0,55.1866213,375.5,36.2
KIC 5288570,FALSE POSITIVE,K02136.01,0,0,1,1,1.728528176,197.6,26.2
KIC 9364609,CONFIRMED,K02137.01,0,0,0,0,14.97436238,265.4,24.9
KIC 7457296,CONFIRMED,K02213.01,0,0,0,0,3.97076603,349.2,23.9
KIC 10328458,CONFIRMED,K02214.01,0,0,0,0,2.352273912,318.6,20.4
KIC 7050060,FALSE POSITIVE,K02215.01,0,0,1,0,22.0425953,348,90.4
KIC 4248120,CONFIRMED,K02216.01,0,0,0,0,23.34036251,615.1,18.2
KIC 9580992,CANDIDATE,K02217.01,0,0,0,0,37.8034121,678.1,20.2
KIC 8321314,CONFIRMED,K02293.01,0,0,0,0,15.03366411,374.9,22.2
KIC 6934986,CANDIDATE,K02294.01,0,0,0,0,131.485184,557.8,19.4
KIC 4049901,CANDIDATE,K02295.01,0,0,0,0,16.2908527,44.1,14.5
KIC 11498128,CONFIRMED,K02296.01,0,0,0,0,106.247882,397.4,24.0
KIC 8041216,CONFIRMED,K00237.01,0,0,0,0,8.508333104,646.5,93.4
KIC 11824786,CONFIRMED,K02371.01,0,0,0,0,12.94123564,328.8,22.1
KIC 12254909,CONFIRMED,K02372.01,0,0,0,0,5.349791,88.8,23.3
KIC 10798331,CANDIDATE,K02373.01,0,0,0,0,147.281212,452.8,17.3
KIC 9364290,CONFIRMED,K02374.01,0,0,0,0,5.26211833,194.5,20.3
KIC 5022828,CONFIRMED,K02138.01,0,0,0,0,23.5541012,95.2,29.9
KIC 8233702,CONFIRMED,K02140.01,0,0,0,0,41.6977582,684.8,27.7
KIC 11403339,CONFIRMED,K02143.01,0,0,0,0,4.79029482,142,23.1
KIC 8260902,CONFIRMED,K02144.01,0,0,0,0,38.6715843,599.3,25.2
KIC 8381204,CONFIRMED,K02145.01,0,0,0,0,8.32651854,267.9,27.2
KIC 12058204,CONFIRMED,K02218.01,0,0,0,0,5.53533152,260.6,27.5
KIC 5357545,CONFIRMED,K02219.01,0,0,0,0,3.757294695,273.3,23.4
KIC 6871071,CONFIRMED,K02220.01,0,0,0,0,3.2828024,142.5,24.4
KIC 5342473,CONFIRMED,K02297.01,0,0,0,0,4.64495172,147.4,19.8
KIC 9334893,CONFIRMED,K02298.02,0,0,0,0,31.8055128,141.7,10.9
KIC 9963265,CONFIRMED,K02299.01,0,0,0,0,16.48686712,987.9,22.1
KIC 10583761,CONFIRMED,K02300.01,0,0,0,0,2.685054445,252.7,28.9
KIC 7542813,CONFIRMED,K02302.01,0,0,0,0,16.8600805,273.4,22.4
KIC 12058147,CONFIRMED,K02072.01,0,0,0,0,1.54320541,91.2,35.2
KIC 8164257,CONFIRMED,K02073.01,0,0,0,0,49.5004725,965.2,27.8
KIC 10593759,FALSE POSITIVE,K00025.01,0,1,0,0,3.132604547,9969.2,222.3
KIC 6774537,CONFIRMED,K02146.01,0,0,0,0,2.949029106,358.3,29.3
KIC 10404582,CONFIRMED,K02147.01,0,0,0,0,37.8658964,395.2,25.9
KIC 5959753,CONFIRMED,K00226.01,0,0,0,0,8.30865307,836.1,74.3
KIC 6021193,CONFIRMED,K02148.01,0,0,0,0,11.93205399,178.5,32.3
KIC 6287313,CONFIRMED,K02221.01,0,0,0,0,10.62788695,326.7,22.6
KIC 9289704,CANDIDATE,K02222.01,0,0,0,0,34.135676,622,8.6
KIC 9278725,CONFIRMED,K02223.01,0,0,0,0,1.104462494,469.1,35.3
KIC 4458082,CONFIRMED,K02303.01,0,0,0,0,4.89336495,138.3,15.9
KIC 8042453,CONFIRMED,K02304.01,0,0,0,0,11.17392077,324.8,21.4
KIC 10874215,CONFIRMED,K02305.01,0,0,0,0,31.0325991,737.4,17.6
KIC 6666233,FALSE POSITIVE,K02306.01,0,1,0,0,0.512407185,329.2,46.1
KIC 7661065,FALSE POSITIVE,K02307.01,0,1,0,0,4.150297119,593.4,24.2
KIC 8866137,CONFIRMED,K02074.01,0,0,0,0,33.4178173,1166.8,28.4
KIC 10857519,CONFIRMED,K02075.01,0,0,0,0,2.053341891,65.5,23.2
KIC 9517393,CONFIRMED,K02076.01,0,0,0,0,56.7769831,884.3,33.6
KIC 9351316,CONFIRMED,K02078.01,0,0,0,0,18.78429232,1009.5,23.8
KIC 10617017,CONFIRMED,K02149.01,0,0,0,0,13.15140223,97.8,25.5
KIC 3229150,CONFIRMED,K02150.01,0,0,0,0,18.5084526,758.9,30.1
KIC 7989422,FALSE POSITIVE,K02151.01,0,1,1,0,7.47763833,110,26.2
KIC 9641481,CONFIRMED,K02152.01,0,0,0,0,42.1918331,488.7,25.7
KIC 8892157,CONFIRMED,K02224.01,0,0,0,0,3.73090026,191.2,24.0
KIC 11569782,CONFIRMED,K02225.01,0,0,0,0,2.787874175,197.4,22.2
KIC 11520459,CANDIDATE,K02226.01,0,0,0,0,8.46354384,792.2,26.1
KIC 7219825,CONFIRMED,K00238.01,0,0,0,0,17.23232894,509.8,64.1
KIC 3749978,CONFIRMED,K02308.01,0,0,0,0,28.5057217,755.8,20.8
KIC 10010440,CONFIRMED,K02309.01,0,0,0,0,53.5991459,523.1,23.1
KIC 11718144,CONFIRMED,K02310.01,0,0,0,0,16.4581861,435.8,22.4
KIC 4247991,CONFIRMED,K02311.03,0,0,0,0,104.3519624,243.8,15.8
KIC 10026544,CANDIDATE,K02312.01,0,0,0,0,176.331289,109.8,8.4
KIC 9473078,CONFIRMED,K02079.01,0,0,0,0,0.693842661,49.3,28.9
KIC 10864531,CONFIRMED,K02080.01,0,0,0,0,83.4887405,955.4,24.7
KIC 2853780,FALSE POSITIVE,K02081.02,1,0,0,0,589.17968,253.4,7.7
KIC 9472000,CONFIRMED,K02082.01,0,0,0,0,31.5888979,360.6,27.3
KIC 10253547,CONFIRMED,K02153.01,0,0,0,0,59.9809868,282.4,25.2
KIC 12505076,CONFIRMED,K02154.01,0,0,0,0,11.92979348,709.3,27.8
KIC 6185476,CANDIDATE,K00227.01,0,0,0,0,17.65737838,2155.7,117.2
KIC 12116380,CONFIRMED,K02155.01,0,0,0,0,4.3394569,337.4,31.6
KIC 2556650,CONFIRMED,K02156.01,0,0,0,0,2.852348262,1402.9,33.3
KIC 10600955,CONFIRMED,K02227.01,0,0,0,0,65.6480892,588.7,22.0
KIC 10801100,FALSE POSITIVE,K02228.01,1,0,0,0,102.653705,687.3,82.1
KIC 4473226,CONFIRMED,K02229.01,0,0,0,0,14.83340944,783,19.1
KIC 8914779,FALSE POSITIVE,K02230.01,0,0,1,0,0.987338654,26.5,25.0
KIC 2854181,CONFIRMED,K02232.01,0,0,0,0,101.1323475,1502.9,25.7
KIC 8963721,FALSE POSITIVE,K02233.01,0,0,1,1,1.811460943,428.5,83.9
KIC 10132832,CONFIRMED,K02313.01,0,0,0,0,16.07673148,488,19.3
KIC 3219995,CONFIRMED,K02314.01,0,0,0,0,18.87058705,588,28.5
KIC 6062929,CONFIRMED,K02315.01,0,0,0,0,22.1334224,654.6,16.3
KIC 7504778,CONFIRMED,K02316.01,0,0,0,0,17.1369408,362.1,25.4
KIC 7097965,CONFIRMED,K02083.01,0,0,0,0,7.72085047,267,25.0
KIC 4249725,CONFIRMED,K00222.01,0,0,0,0,6.312508525,1286,112.5
KIC 3967326,CONFIRMED,K02084.01,0,0,0,0,4.19577385,874.2,23.3
KIC 6768394,CONFIRMED,K02086.01,0,0,0,0,7.1329472,145,27.2
KIC 5211199,CONFIRMED,K02158.01,0,0,0,0,4.5620407,81.6,22.8
KIC 8804455,FALSE POSITIVE,K02159.02,0,0,1,0,2.392630668,101.5,20.5
KIC 5546761,CONFIRMED,K02160.01,0,0,0,0,17.6700291,348.4,25.0
KIC 9205938,CONFIRMED,K02162.01,0,0,0,0,108.593113,338.2,24.3
KIC 10723367,CONFIRMED,K02236.01,0,0,0,0,19.9865916,648,21.8
KIC 5005121,CONFIRMED,K02237.01,0,0,0,0,76.421501,578.4,23.9
KIC 8229458,CONFIRMED,K02238.01,0,0,0,0,1.646801683,284.2,25.2
KIC 10684670,CONFIRMED,K02317.01,0,0,0,0,3.78861833,143.4,18.2
KIC 11495458,CONFIRMED,K02318.01,0,0,0,0,10.45839865,306.8,18.6
KIC 9003401,CONFIRMED,K02319.01,0,0,0,0,21.1033014,192.5,21.3
KIC 5978559,CONFIRMED,K02321.01,0,0,0,0,95.6114617,487.4,21.6
KIC 8872048,CANDIDATE,K02323.01,0,0,0,0,58.35512552,,
KIC 7746958,CANDIDATE,K02324.01,0,0,0,0,1.204686597,233.2,10.8
KIC 6922710,CONFIRMED,K02087.01,0,0,0,0,23.1274171,157.3,20.9
KIC 11348997,CONFIRMED,K02090.01,0,0,0,0,5.132486123,908.4,35.4
KIC 5705819,CONFIRMED,K02091.01,0,0,0,0,8.77997349,755.7,32.7
KIC 6696580,CONFIRMED,K02092.01,0,0,0,0,57.6896212,1626.6,30.2
KIC 11358389,CONFIRMED,K02163.01,0,0,0,0,10.66489514,292.6,25.3
KIC 7204981,CONFIRMED,K02164.01,0,0,0,0,5.1233204,286.2,25.1
KIC 3847907,CONFIRMED,K00229.01,0,0,0,0,3.573202801,2975,362.1
KIC 4370527,CONFIRMED,K02166.01,0,0,0,0,61.6174528,1350.7,19.5
KIC 6041734,CONFIRMED,K02167.01,0,0,0,0,24.3398202,777.3,27.8
KIC 5125347,CONFIRMED,K02241.01,0,0,0,0,7.16520428,433.8,17.6
KIC 9336200,CONFIRMED,K02242.01,0,0,0,0,1.755843555,386,25.1
KIC 4770617,CONFIRMED,K02243.01,0,0,0,0,5.18560081,252.6,27.6
KIC 4454934,CONFIRMED,K02245.01,0,0,0,0,33.4698571,370.7,23.2
KIC 9458343,CONFIRMED,K02246.01,0,0,0,0,11.89520436,184.3,22.3
KIC 7120108,CONFIRMED,K02325.01,0,0,0,0,1.025857984,270.7,36.0
KIC 10730703,CONFIRMED,K02327.01,0,0,0,0,5.60013327,329.2,22.8
KIC 8007644,CONFIRMED,K02328.01,0,0,0,0,25.2034128,697.1,22.3
KIC 11192235,CONFIRMED,K02329.01,0,0,0,0,1.615357809,499.6,31.2
KIC 6525946,CANDIDATE,K02093.01,0,0,0,0,6.78341325,501.2,35.3
KIC 8505920,CONFIRMED,K02094.01,0,0,0,0,42.4269647,632.4,26.0
KIC 7918992,CONFIRMED,K02095.01,0,0,0,0,1.434745129,200.7,28.4
KIC 11308499,CONFIRMED,K02168.01,0,0,0,0,3.28192056,191,24.5
KIC 9006186,CONFIRMED,K02169.01,0,0,0,0,5.45298742,86,21.0
KIC 7802719,CONFIRMED,K02247.01,0,0,0,0,4.45743267,175.7,20.8
KIC 5023956,FALSE POSITIVE,K00233.01,0,1,1,1,1.824649,3218.5,184.3
KIC 12401863,CONFIRMED,K02331.01,0,0,0,0,2.832647249,114.7,27.5
KIC 5534941,CONFIRMED,K02332.01,0,0,0,0,3.70063251,68.6,29.8
KIC 11121752,CONFIRMED,K02333.01,0,0,0,0,3.93083997,101.4,22.0
KIC 2990873,CONFIRMED,K02335.01,0,0,0,0,16.22378479,262.3,20.6
KIC 9307509,CONFIRMED,K02096.01,0,0,0,0,9.76293284,553.2,23.6
KIC 10158729,CONFIRMED,K02097.01,0,0,0,0,58.601926,396.4,19.1
KIC 6105462,CONFIRMED,K02098.01,0,0,0,0,25.0823402,244.6,30.5
KIC 3120355,CONFIRMED,K02099.01,0,0,0,0,78.0998908,656.9,23.8
KIC 6047072,CONFIRMED,K02100.01,0,0,0,0,4.27103727,180.4,24.6
KIC 11410904,CONFIRMED,K02171.01,0,0,0,0,3.53232429,224.2,12.8
KIC 5021737,FALSE POSITIVE,K00026.01,0,1,1,1,15.03946326,5237.7,181.6
KIC 3862246,FALSE POSITIVE,K00230.01,0,1,0,0,4.702495974,4787.3,101.1
KIC 4173026,CONFIRMED,K02172.01,0,0,0,0,10.44087398,821.5,22.2
KIC 10471621,CANDIDATE,K02554.01,0,0,0,0,39.7557642,621.8,10.2
KIC 5350244,CONFIRMED,K02555.01,0,0,0,0,12.5722897,86.5,12.4
KIC 5374403,CONFIRMED,K02556.01,0,0,0,0,40.8366307,264.8,18.7
KIC 10925113,FALSE POSITIVE,K02557.01,0,0,1,1,11.7761073,281.3,15.1
KIC 11769801,FALSE POSITIVE,K02633.01,1,0,0,0,29.7123181,385.4,130.0
KIC 11752906,CONFIRMED,K00253.02,0,0,0,0,20.6180348,769.5,16.3
KIC 1995519,CONFIRMED,K02634.01,0,0,0,0,19.9401211,758.9,18.0
KIC 4914566,CONFIRMED,K02635.01,0,0,0,0,22.2420032,63.5,16.2
KIC 6198182,CONFIRMED,K02636.01,0,0,0,0,3.88148385,36.3,11.9
KIC 10024051,CONFIRMED,K02409.01,0,0,0,0,0.577369336,400.4,68.3
KIC 8676038,FALSE POSITIVE,K02410.01,1,0,0,0,186.65435483,,
KIC 4349452,CONFIRMED,K00244.01,0,0,0,0,12.720370263,1180.1,485.5
KIC 8073806,CONFIRMED,K02411.01,0,0,0,0,11.96407399,784.2,22.9
KIC 10419312,FALSE POSITIVE,K02412.01,0,0,1,0,2.493237866,259.2,20.7
KIC 3234598,CONFIRMED,K02413.01,0,0,0,0,12.90467523,412.4,21.2
KIC 10453588,CONFIRMED,K02484.01,0,0,0,0,68.8861017,143.9,19.5
KIC 11125613,CONFIRMED,K02485.01,0,0,0,0,9.99115241,391.7,16.7
KIC 8074328,CANDIDATE,K02486.01,0,0,0,0,4.267961416,127.4,24.6
KIC 7212184,CONFIRMED,K02487.01,0,0,0,0,36.292017,374.7,21.4
KIC 6956014,FALSE POSITIVE,K00031.01,0,1,0,0,0.925589891,400.8,20.6
KIC 9757613,CONFIRMED,K00250.02,0,0,0,0,17.25121397,2054.8,68.6
KIC 5307858,FALSE POSITIVE,K02558.01,1,0,1,0,1.867281146,701.1,58.5
KIC 6605493,CONFIRMED,K02559.01,0,0,0,0,9.30991834,114.5,19.2
KIC 4670217,CANDIDATE,K02560.01,0,0,0,0,18.1209388,504.2,15.8
KIC 7259298,CONFIRMED,K02561.01,0,0,0,0,3.23941775,77.4,17.2
KIC 9574179,CANDIDATE,K02637.01,0,0,0,0,3.98864999,94.2,12.4
KIC 6211812,CONFIRMED,K02638.01,0,0,0,0,2.524017517,303,19.8
KIC 11391755,CANDIDATE,K02639.01,0,0,0,0,25.1123362,398.8,11.8
KIC 9088780,CANDIDATE,K02640.01,0,0,0,0,33.18089453,,
KIC 8894646,CANDIDATE,K02641.01,0,0,0,0,3.55557922,60.4,15.5
KIC 8611832,CONFIRMED,K02414.01,0,0,0,0,22.5968256,142.9,22.2
KIC 5621586,CONFIRMED,K02415.01,0,0,0,0,5.25419589,461.8,26.1
KIC 9210387,CONFIRMED,K02416.01,0,0,0,0,5.90608902,340.7,9.3
KIC 11852982,CONFIRMED,K00247.01,0,0,0,0,13.81504449,1032.6,46.7
KIC 8559152,CONFIRMED,K02488.01,0,0,0,0,12.4128518,108.1,19.4
KIC 2718778,CONFIRMED,K02489.01,0,0,0,0,3.92453009,463.5,25.3
KIC 3122913,CONFIRMED,K02490.01,0,0,0,0,11.60653061,771.7,17.8
KIC 9229657,CONFIRMED,K02491.01,0,0,0,0,2.66831274,266.2,23.3
KIC 10415227,FALSE POSITIVE,K02562.01,0,0,1,0,2.9322509,181.2,13.1
KIC 5175024,CONFIRMED,K02563.01,0,0,0,0,23.4772553,141.4,17.6
KIC 9026749,CONFIRMED,K02564.01,0,0,0,0,66.5576728,214.2,21.3
KIC 12216278,FALSE POSITIVE,K02565.01,0,0,1,0,2.01948607,275.4,27.9
KIC 9159242,FALSE POSITIVE,K02566.01,0,0,1,1,3.04468229,71.4,22.2
KIC 12061096,FALSE POSITIVE,K02642.01,0,0,1,0,15.05028313,615.2,13.4
KIC 5794240,CONFIRMED,K00254.01,0,0,0,0,2.455240626,36911.9,1341.6
KIC 6933567,CONFIRMED,K02643.01,0,0,0,0,9.08233411,296.9,15.8
KIC 9993529,FALSE POSITIVE,K02644.01,0,0,1,0,0.790539912,277.3,31.5
KIC 11303815,FALSE POSITIVE,K02645.01,0,0,1,1,1.705782214,278,11.5
KIC 6044553,FALSE POSITIVE,K02646.01,1,0,1,0,0.532086296,495.8,85.2
KIC 9654468,CONFIRMED,K02417.01,0,0,0,0,47.7052566,1161.5,22.8
KIC 10027247,CONFIRMED,K02418.01,0,0,0,0,86.829519,751,15.1
KIC 6343170,CONFIRMED,K02419.01,0,0,0,0,9.95667035,586.8,16.8
KIC 7107802,CONFIRMED,K02420.01,0,0,0,0,10.41728722,210.4,20.3
KIC 11752632,CONFIRMED,K02492.01,0,0,0,0,0.984941669,81.4,22.9
KIC 10028535,CONFIRMED,K02493.01,0,0,0,0,0.663085361,322.7,35.3
KIC 7047207,CONFIRMED,K02494.01,0,0,0,0,19.1187425,217.5,20.5
KIC 5212220,FALSE POSITIVE,K02495.01,0,0,1,0,1.08749101,126.4,33.5
KIC 9964748,FALSE POSITIVE,K02496.01,0,0,1,0,1.183818383,84.3,12.7
KIC 9842937,FALSE POSITIVE,K02567.01,0,0,1,1,4.98845099,193.9,23.3
KIC 8247770,CANDIDATE,K02569.01,0,0,0,0,8.28157072,139.2,12.9
KIC 6867588,CANDIDATE,K02571.01,0,0,0,0,0.82628442,134.9,25.6
KIC 7501646,CANDIDATE,K02572.01,0,0,0,0,6.37705295,502.8,17.9
KIC 11962284,CONFIRMED,K02647.01,0,0,0,0,8.83929462,316.2,14.8
KIC 2573056,FALSE POSITIVE,K02648.01,0,1,1,0,0.631795416,145.2,24.7
KIC 6842682,CONFIRMED,K02649.01,0,0,0,0,7.56126152,180.6,15.7
KIC 8890150,CONFIRMED,K02650.01,0,0,0,0,34.9897847,498.5,11.5
KIC 8838950,CANDIDATE,K02421.01,0,0,0,0,2.27050106,106.7,15.9
KIC 11360805,CONFIRMED,K02422.01,0,0,0,0,26.7838935,365.3,20.9
KIC 9845898,CONFIRMED,K02423.01,0,0,0,0,45.126216,373.1,17.1
KIC 12453581,CONFIRMED,K02424.01,0,0,0,0,11.94019101,631.7,15.6
KIC 11922678,FALSE POSITIVE,K02425.01,0,0,1,1,3.51295674,83.1,22.5
KIC 11179076,CONFIRMED,K02497.01,0,0,0,0,48.4313003,886.4,17.3
KIC 5364071,CONFIRMED,K00248.01,0,0,0,0,7.203855862,1765.9,101.1
KIC 5959719,CONFIRMED,K02498.01,0,0,0,0,6.73808701,92.9,14.4
KIC 5544903,FALSE POSITIVE,K02499.01,0,0,1,0,7.57571414,418.5,12.8
KIC 5542983,FALSE POSITIVE,K02501.01,0,1,1,0,4.76887671,115.8,20.0
KIC 8256453,FALSE POSITIVE,K02573.01,0,1,0,0,1.347512632,2651.8,88.7
KIC 9474493,FALSE POSITIVE,K02574.01,0,0,1,1,0.512581697,259.1,45.2
KIC 4551663,FALSE POSITIVE,K02576.01,0,0,1,0,12.07760884,151,14.0
KIC 12257999,CANDIDATE,K02577.01,0,0,0,0,18.55581565,565.9,33.2
KIC 6922203,CANDIDATE,K02578.01,0,0,0,0,13.33094869,725.6,17.1
KIC 11752908,FALSE POSITIVE,K02651.01,0,0,0,1,6.38315744,1112.6,23.8
KIC 7021681,CONFIRMED,K00255.01,0,0,0,0,27.52194772,2312.8,106.5
KIC 4346178,CONFIRMED,K02652.01,0,0,0,0,16.1289679,389,21.3
KIC 9664142,CONFIRMED,K02654.01,0,0,0,0,13.5631157,336.4,15.4
KIC 10018233,CONFIRMED,K02655.01,0,0,0,0,16.2959916,369.6,15.7
KIC 8081899,CONFIRMED,K02426.01,0,0,0,0,4.16056658,75.8,16.3
KIC 10189557,FALSE POSITIVE,K02427.01,0,0,1,0,2.93101771,199.1,15.0
KIC 8478994,CONFIRMED,K00245.01,0,0,0,0,39.79220077,610.4,179.5
KIC 9965184,FALSE POSITIVE,K02428.01,0,1,1,1,16.2276756,525.8,20.5
KIC 9911882,FALSE POSITIVE,K02429.01,0,0,1,0,1.595630597,259.6,18.3
KIC 8631504,CONFIRMED,K02503.01,0,0,0,0,14.8200596,184.9,21.9
KIC 8110767,CONFIRMED,K02504.01,0,0,0,0,20.49041,661.8,23.3
KIC 5471574,FALSE POSITIVE,K02505.01,0,1,1,1,0.962827066,86.3,28.7
KIC 6767840,CONFIRMED,K02506.01,0,0,0,0,8.679037,301.6,19.9
KIC 8379705,CONFIRMED,K02507.01,0,0,0,0,11.1296971,371,14.7
KIC 9896018,CONFIRMED,K02579.01,0,0,0,0,2.7296036,145.6,18.4
KIC 11037511,CONFIRMED,K02580.01,0,0,0,0,3.11604194,345.2,18.8
KIC 11818872,CONFIRMED,K02581.01,0,0,0,0,12.7372371,100.8,12.9
KIC 11771430,CONFIRMED,K02582.01,0,0,0,0,40.0306267,214.5,19.5
KIC 5513012,CONFIRMED,K02668.01,0,0,0,0,0.679336747,240.7,36.7
KIC 11761199,FALSE POSITIVE,K02669.01,0,1,0,0,213.6103207,110990,534.5
KIC 8074805,FALSE POSITIVE,K02670.01,0,1,0,0,170.8658492,29840.8,897.0
KIC 2437505,FALSE POSITIVE,K02671.02,0,0,0,0,17.5509742,3859,9.7
KIC 11253827,CONFIRMED,K02672.01,0,0,0,0,88.5122014,2518.7,63.1
KIC 3533469,FALSE POSITIVE,K02430.01,0,0,1,0,10.21507506,258.6,17.4
KIC 8956706,FALSE POSITIVE,K02431.01,0,0,0,0,8.3806973,650.8,4.6
KIC 7047363,CONFIRMED,K02432.01,0,0,0,0,31.0572947,636.6,15.8
KIC 11968463,CONFIRMED,K02433.01,0,0,0,0,15.1622287,479.8,28.5
KIC 8836888,CANDIDATE,K02508.01,0,0,0,0,7.10397925,370.5,16.8
KIC 9880190,CONFIRMED,K02509.01,0,0,0,0,4.5513988,188.7,19.4
KIC 5392702,FALSE POSITIVE,K02510.01,0,0,1,0,12.2141545,535.8,24.7
KIC 8429566,FALSE POSITIVE,K02511.01,0,1,1,0,3.732261,153.6,15.7
KIC 10387742,CONFIRMED,K02583.01,0,0,0,0,3.03267135,42.4,15.6
KIC 7673841,CONFIRMED,K02585.01,0,0,0,0,5.34182466,70.5,19.2
KIC 9827149,CONFIRMED,K02586.01,0,0,0,0,2.131945045,269.4,22.9
KIC 5546691,CONFIRMED,K02587.01,0,0,0,0,12.9462567,168.7,15.7
KIC 12156347,CONFIRMED,K02588.01,0,0,0,0,5.77957133,396.6,18.9
KIC 8636539,CANDIDATE,K02656.01,0,0,0,0,6.77367892,150.7,15.1
KIC 9283156,CANDIDATE,K02657.01,0,0,0,0,5.22402436,48.1,15.1
KIC 8547429,CONFIRMED,K02658.01,0,0,0,0,11.6601667,181,20.4
KIC 8803882,FALSE POSITIVE,K02659.01,0,1,0,0,89.465468,67.9,5.7
KIC 9893318,CONFIRMED,K02660.01,0,0,0,0,18.0161227,499.5,16.7
KIC 6864885,FALSE POSITIVE,K02434.01,0,1,1,1,40.8777605,719.1,23.6
KIC 5097868,FALSE POSITIVE,K02435.01,0,0,1,0,6.80243431,249.1,14.9
KIC 8570333,CONFIRMED,K02436.01,0,0,0,0,84.5733346,891.6,20.4
KIC 5036705,CONFIRMED,K02437.01,0,0,0,0,4.14789051,137.6,16.4
KIC 9574158,CANDIDATE,K02512.01,0,0,0,0,15.92108138,716.8,16.1
KIC 9653622,CONFIRMED,K02513.01,0,0,0,0,19.0054098,542.4,20.2
KIC 4391348,FALSE POSITIVE,K02514.01,0,0,1,0,1.96433113,139.1,14.2
KIC 7294743,CANDIDATE,K02516.01,0,0,0,0,2.81043228,47.4,17.8
KIC 8947520,CONFIRMED,K02517.01,0,0,0,0,0.968527683,114.6,16.9
KIC 10468885,CONFIRMED,K02589.01,0,0,0,0,0.664074145,212.6,20.9
KIC 12016267,FALSE POSITIVE,K02590.01,0,0,0,0,11.7489907,36.7,12.5
KIC 6765135,CANDIDATE,K02592.01,0,0,0,0,175.603366,506.8,14.7
KIC 3861595,CONFIRMED,K00004.01,0,0,0,0,3.849371737,1298.6,132.7
KIC 5725087,FALSE POSITIVE,K00033.01,0,1,0,0,0.366197145,275.3,16.7
KIC 10489206,CONFIRMED,K00251.01,0,0,0,0,4.164384505,2338,132.1
KIC 3426367,CONFIRMED,K02662.01,0,0,0,0,2.10433534,242.1,20.7
KIC 5562090,CONFIRMED,K02664.01,0,0,0,0,28.8431751,756.7,15.0
KIC 11548140,FALSE POSITIVE,K00256.01,0,1,0,0,1.378649746,22462,172.2
KIC 12110786,FALSE POSITIVE,K02665.01,0,0,1,0,1.112207126,54.7,13.0
KIC 5342061,CANDIDATE,K02666.01,0,0,0,0,64.034363,758.8,16.9
KIC 3654095,FALSE POSITIVE,K02667.01,0,0,1,0,1.303576682,245.5,22.1
KIC 5078939,FALSE POSITIVE,K02438.01,0,1,1,0,1.958577398,453,24.5
KIC 6867555,CONFIRMED,K02439.01,0,0,0,0,5.19103699,290.1,25.2
KIC 5339567,CONFIRMED,K02440.01,0,0,0,0,4.86638504,143.8,17.1
KIC 4459924,FALSE POSITIVE,K02441.01,0,0,1,0,4.79176993,116.6,23.0
KIC 11080405,CONFIRMED,K02442.01,0,0,0,0,25.1933989,481.2,18.0
KIC 5529738,FALSE POSITIVE,K02518.01,0,0,0,1,0.759762021,227,65.3
KIC 4047631,CANDIDATE,K02519.01,0,0,0,0,4.790912471,360.7,17.6
KIC 10059645,CONFIRMED,K02520.01,0,0,0,0,6.49441464,357.3,17.7
KIC 7183745,CONFIRMED,K02521.01,0,0,0,0,28.4750006,763.8,21.4
KIC 8212002,CONFIRMED,K02593.01,0,0,0,0,14.7966306,56.1,22.4
KIC 8004903,CONFIRMED,K02594.01,0,0,0,0,11.25401871,433.4,17.0
KIC 8883329,CONFIRMED,K02595.01,0,0,0,0,9.18244299,87.6,20.3
KIC 3644653,FALSE POSITIVE,K02596.01,1,0,1,1,119.682075,1704.1,38.1
KIC 5514383,CONFIRMED,K00257.01,0,0,0,0,6.88341278,487.4,35.4
KIC 10747445,FALSE POSITIVE,K02673.01,0,1,0,0,4.593595496,45034,92.0
KIC 8022489,CONFIRMED,K02674.01,0,0,0,0,197.5111484,2575.6,175.2
KIC 9209624,CONFIRMED,K02443.01,0,0,0,0,6.79164656,102.6,18.5
KIC 3354846,CONFIRMED,K02444.01,0,0,0,0,18.5525162,771.5,17.2
KIC 6516185,CANDIDATE,K02445.01,0,0,0,0,47.3659328,757,16.0
KIC 3946023,FALSE POSITIVE,K02447.01,0,1,1,0,1.045492348,28.7,21.7
KIC 9177629,CONFIRMED,K02522.01,0,0,0,0,5.60402307,224.9,20.6
KIC 7778767,CONFIRMED,K02523.01,0,0,0,0,13.0313583,573.3,18.9
KIC 7515762,CONFIRMED,K02524.01,0,0,0,0,40.9905002,297.3,15.4
KIC 5942949,CONFIRMED,K02525.01,0,0,0,0,57.2932309,773.6,15.7
KIC 12120307,CONFIRMED,K02597.01,0,0,0,0,8.00504749,187.5,15.6
KIC 7446631,CANDIDATE,K02598.01,0,0,0,0,29.2254372,174.1,15.7
KIC 9777251,FALSE POSITIVE,K02600.01,0,0,1,1,1.33255087,123.3,14.0
KIC 6864893,FALSE POSITIVE,K02375.01,0,1,1,1,40.8792243,413.6,23.4
KIC 11701407,CONFIRMED,K02376.01,0,0,0,0,18.8262877,795.8,19.9
KIC 5906426,CANDIDATE,K02377.01,0,0,0,0,13.9034057,261.4,15.3
KIC 10813132,CONFIRMED,K02378.01,0,0,0,0,4.76702759,163.4,14.3
KIC 5857540,CONFIRMED,K02448.01,0,0,0,0,13.62801048,912.8,26.7
KIC 12208631,CANDIDATE,K02449.01,0,0,0,0,53.3580444,736.1,19.7
KIC 7289317,CONFIRMED,K02450.01,0,0,0,0,16.83203175,326,21.6
KIC 6500206,FALSE POSITIVE,K02451.01,0,1,0,0,13.37499553,458.1,16.9
KIC 5545815,FALSE POSITIVE,K02452.01,0,0,1,0,4.35370136,168.9,12.2
KIC 3116302,FALSE POSITIVE,K02526.01,0,0,0,0,134.96694,68.4,6.9
KIC 7879433,CONFIRMED,K02527.01,0,0,0,0,1.385787741,85.4,19.1
KIC 9205907,CONFIRMED,K02528.01,0,0,0,0,12.02295362,778.6,20.1
KIC 8463346,CONFIRMED,K02529.01,0,0,0,0,16.79716262,1023.8,21.2
KIC 7531677,FALSE POSITIVE,K02601.01,0,0,1,0,2.622134451,128.2,42.9
KIC 10068659,CONFIRMED,K02602.01,0,0,0,0,11.47685263,240.6,16.5
KIC 2443393,CANDIDATE,K02603.01,0,0,0,0,73.711039,136.7,21.1
KIC 9019191,CANDIDATE,K02604.01,0,0,0,0,14.43348326,526.8,14.8
KIC 9718379,FALSE POSITIVE,K02379.01,0,1,1,0,40.0088894,582.3,20.2
KIC 3002478,CANDIDATE,K02380.01,0,0,0,0,6.35705314,272.2,17.3
KIC 4055774,FALSE POSITIVE,K02381.01,0,0,1,1,6.58738839,258.5,15.7
KIC 6670075,FALSE POSITIVE,K02382.01,0,1,1,0,0.759706632,39.7,21.6
KIC 9395024,CONFIRMED,K02383.01,0,0,0,0,4.37033233,177.8,17.7
KIC 8631751,CANDIDATE,K02453.01,0,0,0,0,1.530515205,659.7,23.2
KIC 11401822,FALSE POSITIVE,K02454.01,0,1,0,1,1.08070294,145.6,17.6
KIC 6507427,FALSE POSITIVE,K02455.01,0,0,0,1,4.74254518,305.7,13.2
KIC 5521300,FALSE POSITIVE,K02456.01,0,1,1,0,18.13559979,452.7,16.4
KIC 9753154,CONFIRMED,K02457.01,0,0,0,0,3.70429015,55.7,15.9
KIC 9011825,CONFIRMED,K02530.01,0,0,0,0,37.3331165,187.8,22.5
KIC 4172746,CANDIDATE,K02531.01,0,0,0,0,17.6997392,752.7,19.8
KIC 5174858,CONFIRMED,K02532.01,0,0,0,0,7.9709719,488.4,17.3
KIC 11074835,CONFIRMED,K02533.01,0,0,0,0,6.03355539,89.5,26.1
KIC 1996180,CONFIRMED,K02534.01,0,0,0,0,3.02558494,128.3,23.8
KIC 10407221,FALSE POSITIVE,K02605.01,0,0,1,1,0.933746783,417.5,62.8
KIC 5991936,FALSE POSITIVE,K02606.01,0,0,1,0,6.09740316,568.5,14.0
KIC 5095635,CANDIDATE,K02607.01,0,0,0,0,0.754457729,248.2,31.1
KIC 6269070,CONFIRMED,K02608.01,0,0,0,0,2.7612237,66.8,14.2
KIC 6705137,FALSE POSITIVE,K02609.01,0,0,1,1,5.59727625,200.8,15.3
KIC 12254688,CANDIDATE,K02384.01,0,0,0,0,62.6825769,398.9,17.8
KIC 8345172,FALSE POSITIVE,K02385.01,0,1,1,0,50.5715805,1282.6,19.9
KIC 4172013,CANDIDATE,K02386.01,0,0,0,0,16.2707207,468,13.0
KIC 12254378,CONFIRMED,K02387.01,0,0,0,0,2.032319072,315.5,24.5
KIC 4247791,FALSE POSITIVE,K00028.01,0,1,0,0,4.100870416,123521,2619.2
KIC 7604328,CONFIRMED,K02458.01,0,0,0,0,4.35407371,277.1,19.0
KIC 11236244,CONFIRMED,K02460.01,0,0,0,0,11.32269749,311,16.0
KIC 9837685,CONFIRMED,K02461.01,0,0,0,0,13.71218522,786.7,22.6
KIC 5042210,CONFIRMED,K02462.01,0,0,0,0,12.14684625,70.7,27.1
KIC 12454461,CONFIRMED,K02463.01,0,0,0,0,7.46718958,75.7,18.8
KIC 9635606,CONFIRMED,K02535.01,0,0,0,0,48.8882668,462.8,13.5
KIC 3728701,CONFIRMED,K02536.01,0,0,0,0,51.1319346,382.3,19.6
KIC 10861715,FALSE POSITIVE,K02537.01,0,0,0,0,133.516435,510,6.5
KIC 1849702,CONFIRMED,K02538.01,0,0,0,0,39.8312536,388.8,15.8
KIC 9390653,CONFIRMED,K00249.01,0,0,0,0,9.549277089,1826.9,112.2
KIC 2305866,CANDIDATE,K02610.01,0,0,0,0,24.1073172,104.2,23.6
KIC 11187837,CONFIRMED,K00252.01,0,0,0,0,17.60461401,2292.1,80.1
KIC 8885673,FALSE POSITIVE,K02611.01,0,0,1,0,1.228721184,465.6,26.4
KIC 9712350,CANDIDATE,K02613.01,0,0,0,0,51.5738653,900.7,13.2
KIC 8025596,CONFIRMED,K02615.01,0,0,0,0,4.69505576,240,15.9
KIC 5956787,FALSE POSITIVE,K02616.01,0,1,1,1,0.569115976,796.9,59.8
KIC 3642741,FALSE POSITIVE,K00242.01,0,0,0,0,7.258450123,3714.7,288.6
KIC 12071037,FALSE POSITIVE,K02388.01,0,0,1,1,6.0959841,112.7,29.2
KIC 8494617,CONFIRMED,K02389.01,0,0,0,0,22.9221181,140.3,24.0
KIC 10289119,CONFIRMED,K02390.01,0,0,0,0,16.10474503,124.1,25.4
KIC 7382313,CONFIRMED,K02392.01,0,0,0,0,7.42697378,205.2,15.4
KIC 9887224,FALSE POSITIVE,K02464.01,0,0,1,0,0.874629873,68.1,19.2
KIC 7542369,FALSE POSITIVE,K02465.01,0,1,1,0,5.46091846,172,21.2
KIC 8544992,CONFIRMED,K02466.01,0,0,0,0,3.17323012,204.5,21.4
KIC 11295426,CONFIRMED,K00246.01,0,0,0,0,5.398752862,346.5,289.6
KIC 7289162,FALSE POSITIVE,K02539.01,0,0,1,1,5.26648126,97.8,16.0
KIC 3001885,FALSE POSITIVE,K02540.01,0,0,1,0,2.67596808,420.6,17.5
KIC 12306058,CONFIRMED,K02541.01,0,0,0,0,7.41683033,72.6,20.6
KIC 6183511,CONFIRMED,K02542.01,0,0,0,0,0.727331746,357.4,20.4
KIC 12469800,CONFIRMED,K02543.01,0,0,0,0,1.302017467,290.5,21.4
KIC 4915638,CONFIRMED,K02617.01,0,0,0,0,8.63050092,325.8,14.9
KIC 6351097,FALSE POSITIVE,K02618.01,0,0,1,0,12.49117388,189.9,17.0
KIC 8081905,CONFIRMED,K02619.01,0,0,0,0,3.27645723,323,17.9
KIC 11465950,CONFIRMED,K02620.01,0,0,0,0,16.0573291,575,17.5
KIC 9996632,FALSE POSITIVE,K02621.01,0,0,1,0,8.44326557,359.5,19.0
KIC 4665571,CONFIRMED,K02393.01,0,0,0,0,4.60300256,302.5,22.2
KIC 4829935,FALSE POSITIVE,K02395.01,0,0,1,0,16.9329284,488.3,20.4
KIC 9269042,CONFIRMED,K02397.01,0,0,0,0,12.00089667,420.7,20.0
KIC 6199056,FALSE POSITIVE,K02398.01,0,1,0,0,1.169010526,165.9,37.1
KIC 11461433,CONFIRMED,K02399.01,0,0,0,0,1.916940872,105.1,17.7
KIC 11818607,CONFIRMED,K02467.01,0,0,0,0,5.05661302,137.9,17.6
KIC 8380709,CONFIRMED,K02468.01,0,0,0,0,24.3344939,323.1,18.1
KIC 6149910,CONFIRMED,K02469.01,0,0,0,0,131.187921,915.9,23.9
KIC 9108085,FALSE POSITIVE,K02470.01,0,0,1,1,2.17489806,74.8,29.3
KIC 5436013,CONFIRMED,K02471.01,0,0,0,0,25.8859397,217.1,16.1
KIC 8676148,CONFIRMED,K02544.01,0,0,0,0,28.6253502,652.7,18.3
KIC 9696358,CONFIRMED,K02545.01,0,0,0,0,6.98141327,38,20.9
KIC 5039129,FALSE POSITIVE,K02546.01,0,0,1,0,1.319677953,100.7,17.4
KIC 4484336,CONFIRMED,K02547.01,0,0,0,0,8.94337724,215.1,18.4
KIC 9580167,CANDIDATE,K02548.01,0,0,0,0,0.827151296,272.4,8.1
KIC 10527135,FALSE POSITIVE,K02622.01,0,1,0,0,0.328686504,171.9,26.8
KIC 10916600,CONFIRMED,K02623.01,0,0,0,0,5.57654782,53.6,13.2
KIC 8429314,CONFIRMED,K02624.01,0,0,0,0,115.6863392,945.9,20.7
KIC 9153570,CONFIRMED,K02625.01,0,0,0,0,3.81371423,281,11.4
KIC 11768142,CONFIRMED,K02626.01,0,0,0,0,38.0970717,913.3,17.0
KIC 7984574,CANDIDATE,K02400.01,0,0,0,0,11.6191707,700.4,18.5
KIC 9592579,FALSE POSITIVE,K00243.01,0,1,1,1,2.637574744,5423.5,222.8
KIC 10336951,CANDIDATE,K02401.01,0,0,0,0,38.2292037,605.8,21.0
KIC 8481129,CONFIRMED,K02402.01,0,0,0,0,16.3012727,259.5,19.7
KIC 2142522,CONFIRMED,K02403.01,0,0,0,0,13.32354078,116.6,16.3
KIC 9395719,CONFIRMED,K02472.01,0,0,0,0,2.607545159,351.5,23.0
KIC 8753896,CONFIRMED,K02473.01,0,0,0,0,3.24417541,371.9,18.0
KIC 8240617,CANDIDATE,K02474.01,0,0,0,0,176.845697,431.6,7.7
KIC 8746295,FALSE POSITIVE,K02475.01,0,0,1,1,6.85567248,197.7,17.2
KIC 10090257,FALSE POSITIVE,K02476.01,0,1,1,1,2.28607282,261.8,35.9
KIC 10679583,FALSE POSITIVE,K02549.01,0,0,1,0,3.54789928,185.3,13.6
KIC 11622985,CANDIDATE,K02550.01,0,0,0,0,18.0243482,441.2,17.3
KIC 11361283,CANDIDATE,K02551.01,0,0,0,0,16.4793229,479.1,13.8
KIC 8757824,CONFIRMED,K02552.01,0,0,0,0,3.65690909,107.4,12.8
KIC 9832208,CONFIRMED,K02553.01,0,0,0,0,88.0712769,885.4,18.1
KIC 6124512,CONFIRMED,K02627.01,0,0,0,0,8.38395796,108.5,14.1
KIC 10070468,CONFIRMED,K02628.01,0,0,0,0,1.68189051,83.2,17.4
KIC 10031656,FALSE POSITIVE,K02629.01,0,1,1,1,8.59000355,298.1,18.9
KIC 7584650,CONFIRMED,K02631.01,0,0,0,0,44.9977604,170.2,21.4
KIC 11337566,CONFIRMED,K02632.01,0,0,0,0,7.12815163,45.9,22.0
KIC 6364215,FALSE POSITIVE,K02404.02,1,0,1,1,5.2438528,135.8,17.8
KIC 10202759,FALSE POSITIVE,K02405.01,0,0,1,0,0.872952088,137.3,41.6
KIC 5007345,CONFIRMED,K02406.01,0,0,0,0,7.01074295,222.8,21.3
KIC 12120484,CONFIRMED,K02407.01,0,0,0,0,17.2922631,203.1,23.7
KIC 6429812,CONFIRMED,K02408.01,0,0,0,0,94.289223,505.4,22.5
KIC 6846911,CONFIRMED,K02477.01,0,0,0,0,14.02634692,403.6,19.3
KIC 5385439,FALSE POSITIVE,K02478.01,1,0,1,1,12.425866431,257.9,62.2
KIC 5963582,CONFIRMED,K02479.01,0,0,0,0,25.5433704,138.6,28.4
KIC 4476423,FALSE POSITIVE,K02481.01,1,0,0,0,33.8542586,253.3,10.0
KIC 11403389,CONFIRMED,K02482.01,0,0,0,0,45.0909201,436.3,14.1
KIC 9851662,CONFIRMED,K02483.01,0,0,0,0,15.0539886,221.5,16.3
KIC 6467363,CANDIDATE,K02840.01,0,0,0,0,3.67936863,85.9,18.1
KIC 8758204,CONFIRMED,K02841.01,0,0,0,0,159.388788,1033,17.3
KIC 8733898,CONFIRMED,K02842.01,0,0,0,0,1.565412613,2754.6,48.6
KIC 3228945,FALSE POSITIVE,K02917.01,0,1,1,1,0.730943372,134.7,27.0
KIC 7008149,FALSE POSITIVE,K02918.01,0,0,1,0,0.515552803,1224.1,79.6
KIC 10332213,CONFIRMED,K02919.01,0,0,0,0,2.522590567,210.2,18.5
KIC 7090524,CONFIRMED,K02920.01,0,0,0,0,6.73968289,142,15.4
KIC 11133306,CONFIRMED,K00276.01,0,0,0,0,41.74598855,421.8,110.5
KIC 6307063,FALSE POSITIVE,K02702.01,0,1,1,1,75.378004,447.8,20.5
KIC 5871985,CONFIRMED,K02703.01,0,0,0,0,213.258526,1992.3,36.1
KIC 8292840,CONFIRMED,K00260.02,0,0,0,0,100.2830675,351.2,81.9
KIC 9730163,CONFIRMED,K02704.01,0,0,0,0,4.871223664,6462,50.5
KIC 11453592,CONFIRMED,K02705.01,0,0,0,0,2.8867624,631.8,37.1
KIC 3834322,FALSE POSITIVE,K02763.01,0,1,0,0,0.498434645,239.2,26.8
KIC 10073672,CANDIDATE,K02764.01,0,0,0,0,2.252976718,467.9,21.7
KIC 11188249,FALSE POSITIVE,K02765.01,0,0,1,0,2.75505467,85.5,27.8
KIC 4677282,FALSE POSITIVE,K02766.01,0,1,1,1,1.572181216,219.5,48.2
KIC 5097470,FALSE POSITIVE,K02767.01,0,1,1,1,1.28805834,92.6,28.1
KIC 4858610,FALSE POSITIVE,K02844.01,0,0,1,0,2.72288246,152.6,15.5
KIC 10591855,CONFIRMED,K02845.01,0,0,0,0,1.574090323,224.9,17.7
KIC 4832175,FALSE POSITIVE,K02846.01,0,0,1,1,0.947738312,202.2,13.9
KIC 7749773,CONFIRMED,K02848.01,0,0,0,0,13.7872627,75.1,23.9
KIC 9451706,CONFIRMED,K00271.03,0,0,0,0,14.4359459,107.3,22.0
KIC 10064256,CONFIRMED,K02849.01,0,0,0,0,5.95958637,133.1,16.1
KIC 6842807,CANDIDATE,K02921.01,0,0,0,0,16.6146221,361.2,10.6
KIC 4381282,FALSE POSITIVE,K02922.01,0,1,1,0,0.497581917,140.6,17.1
KIC 9815053,CANDIDATE,K02923.01,0,0,0,0,5.83892993,237.4,15.3
KIC 7609553,CONFIRMED,K02924.01,0,0,0,0,2.279523364,126.8,16.7
KIC 10122538,CONFIRMED,K02926.01,0,0,0,0,12.2854718,1617.1,23.8
KIC 9697131,CANDIDATE,K02706.01,0,0,0,0,3.09756897,83.3,14.6
KIC 5480640,CONFIRMED,K02707.01,0,0,0,0,58.0337426,807.1,34.9
KIC 5175986,CONFIRMED,K02708.01,0,0,0,0,0.868386354,488.5,27.3
KIC 9008737,CONFIRMED,K02768.01,0,0,0,0,11.8288843,191,9.1
KIC 9692128,FALSE POSITIVE,K02769.01,0,1,0,1,1.480323978,166.2,43.4
KIC 10917043,CANDIDATE,K02770.01,0,0,0,0,205.385912,1248.7,24.3
KIC 6521045,CONFIRMED,K00041.02,0,0,0,0,6.88707073,68.7,38.2
KIC 8167959,FALSE POSITIVE,K00267.01,0,0,0,0,165.75597,57.3,12.8
KIC 4075015,FALSE POSITIVE,K02850.01,0,1,1,0,1.11431205,160.4,15.5
KIC 6697605,CONFIRMED,K02851.01,0,0,0,0,3.42064689,356.8,13.9
KIC 6294819,CONFIRMED,K02852.01,0,0,0,0,0.675650404,200.7,22.4
KIC 12602314,CANDIDATE,K02853.01,0,0,0,0,1.407020118,181.9,18.9
KIC 5787131,CANDIDATE,K02927.01,0,0,0,0,24.4359956,496.6,17.1
KIC 3230753,FALSE POSITIVE,K02928.01,0,0,1,1,17.7337356,217.3,17.0
KIC 8358012,FALSE POSITIVE,K02929.01,0,1,1,1,10.06478627,285.7,18.6
KIC 4664046,FALSE POSITIVE,K02930.01,0,1,1,0,1.12976597,133.7,14.3
KIC 11401755,CONFIRMED,K00277.01,0,0,0,0,16.23191704,501.6,194.9
KIC 4180401,FALSE POSITIVE,K02709.01,0,1,1,0,15.4126766,599.8,7.5
KIC 6350476,FALSE POSITIVE,K02710.01,0,0,1,0,1.110599919,157.6,38.7
KIC 5272233,CONFIRMED,K02711.01,0,0,0,0,9.02436414,214.6,23.5
KIC 11456382,FALSE POSITIVE,K02771.01,0,0,1,1,0.814280672,134.9,12.3
KIC 3130548,FALSE POSITIVE,K02773.01,0,1,1,0,0.878855771,269.7,25.3
KIC 9593757,FALSE POSITIVE,K02774.01,0,1,1,1,2.49432176,8043,43.2
KIC 6346809,CANDIDATE,K02775.01,0,0,0,0,17.57704569,670,19.1
KIC 4275117,FALSE POSITIVE,K02776.01,0,0,1,0,1.00652785,125.9,17.9
KIC 6545051,FALSE POSITIVE,K02777.01,0,0,1,1,1.99566293,197,21.9
KIC 5513866,FALSE POSITIVE,K02854.01,1,0,1,1,0.755111225,168,76.4
KIC 4547603,CANDIDATE,K02855.01,0,0,0,0,1.400755743,144.4,19.8
KIC 5688910,CONFIRMED,K02856.01,0,0,0,0,25.8730914,694.4,20.1
KIC 6345732,CONFIRMED,K02857.01,0,0,0,0,20.2642023,185.3,19.9
KIC 5716763,CANDIDATE,K00272.01,0,0,0,0,1.28132831,525.5,196.4
KIC 8611257,CONFIRMED,K02931.01,0,0,0,0,99.2532336,538,20.5
KIC 3861611,FALSE POSITIVE,K02932.01,0,0,1,1,3.84933401,503.9,13.6
KIC 12416987,CANDIDATE,K02933.01,0,0,0,0,119.0833042,2951,18.9
KIC 8259713,CANDIDATE,K02935.01,0,0,0,0,27.8813154,209.2,15.5
KIC 10880507,CONFIRMED,K02936.01,0,0,0,0,6.4802138,142,13.7
KIC 11098013,CANDIDATE,K02712.01,0,0,0,0,7.50790041,145,11.9
KIC 5443604,FALSE POSITIVE,K02713.01,0,1,1,0,21.3910125,645.8,25.1
KIC 12206313,CONFIRMED,K02714.01,0,0,0,0,14.3832267,178.5,39.0
KIC 9837661,CONFIRMED,K02715.01,0,0,0,0,11.12827427,6057,65.6
KIC 7769819,CONFIRMED,K02778.01,0,0,0,0,2.21571296,285.1,22.1
KIC 11874577,CONFIRMED,K02779.01,0,0,0,0,34.4585495,431,23.7
KIC 12164564,CONFIRMED,K02780.01,0,0,0,0,3.35184041,345.3,20.0
KIC 8190354,FALSE POSITIVE,K02781.01,0,0,1,0,1.615758517,41.7,18.0
KIC 3425851,CANDIDATE,K00268.01,0,0,0,0,110.3783828,489.8,108.9
KIC 10397751,CONFIRMED,K02859.01,0,0,0,0,3.4462125,83.5,15.6
KIC 7815931,FALSE POSITIVE,K02861.01,0,0,1,0,1.868564038,176.7,17.2
KIC 6679295,CANDIDATE,K02862.01,0,0,0,0,24.5752524,1003.4,12.1
KIC 9642292,CONFIRMED,K02946.01,0,0,0,0,15.1408916,476.8,20.1
KIC 6356692,CONFIRMED,K02948.01,0,0,0,0,11.39169531,51,19.0
KIC 6026737,CANDIDATE,K02949.01,0,0,0,0,10.1747037,52.4,11.8
KIC 4991208,CONFIRMED,K02951.01,0,0,0,0,2.44358543,59.1,11.9
KIC 8243283,FALSE POSITIVE,K02952.01,0,0,1,1,1.7592691,140.4,13.5
KIC 9092504,CONFIRMED,K02716.01,0,0,0,0,0.962864171,303.5,31.6
KIC 5383248,CONFIRMED,K00261.01,0,0,0,0,16.23847733,646.7,125.8
KIC 10001368,CONFIRMED,K02785.01,0,0,0,0,4.76831033,251.8,35.4
KIC 9466429,CONFIRMED,K02786.01,0,0,0,0,44.616751,239.7,28.4
KIC 4365442,FALSE POSITIVE,K02787.01,0,0,1,1,1.714410345,50.4,22.9
KIC 8885643,CONFIRMED,K02789.01,0,0,0,0,3.40165617,155.9,19.9
KIC 5652893,CONFIRMED,K02790.01,0,0,0,0,14.00948631,169.9,22.6
KIC 3241557,FALSE POSITIVE,K02863.01,0,0,1,1,1.703359172,57.6,13.9
KIC 3957082,FALSE POSITIVE,K02864.01,0,0,1,0,3.77881664,47.1,22.2
KIC 8681833,CONFIRMED,K02865.01,0,0,0,0,1.311558909,141.3,17.2
KIC 4138951,CONFIRMED,K02866.01,0,0,0,0,1.291233083,66,15.9
KIC 3102384,CONFIRMED,K00273.01,0,0,0,0,10.573751447,298.9,82.0
KIC 10471515,CONFIRMED,K02961.01,0,0,0,0,3.7847507,33.5,12.2
KIC 4935172,CANDIDATE,K02962.01,0,0,0,0,2.17291055,76.4,13.6
KIC 8760040,CONFIRMED,K02963.01,0,0,0,0,18.2206024,201.8,19.7
KIC 10098844,CONFIRMED,K02964.01,0,0,0,0,47.4497134,206.4,16.9
KIC 9467404,CONFIRMED,K02717.01,0,0,0,0,0.929906166,108.7,79.7
KIC 5308666,FALSE POSITIVE,K02718.01,0,0,1,1,0.784513087,316.6,47.7
KIC 5184911,CONFIRMED,K02719.01,0,0,0,0,4.11585514,425.8,20.8
KIC 8176564,CANDIDATE,K02720.01,0,0,0,0,6.57159435,65.7,30.7
KIC 6587105,CONFIRMED,K02721.01,0,0,0,0,33.878639,700.1,27.9
KIC 11662184,CONFIRMED,K02791.01,0,0,0,0,27.5722144,296.3,20.0
KIC 11127479,CONFIRMED,K02792.01,0,0,0,0,2.12821621,25.9,22.1
KIC 5428668,FALSE POSITIVE,K02794.01,1,0,1,0,0.703399912,531.4,32.0
KIC 5041569,FALSE POSITIVE,K02795.01,0,1,0,0,2.5355023,354.6,37.6
KIC 10604521,CANDIDATE,K02797.01,0,0,0,0,0.868122253,231.3,23.2
KIC 9899181,FALSE POSITIVE,K02867.01,0,0,1,1,1.332560553,31.7,26.1
KIC 8884274,CONFIRMED,K02868.01,0,0,0,0,10.65275054,740.7,17.5
KIC 7767162,CONFIRMED,K02869.01,0,0,0,0,3.30040818,98.8,19.3
KIC 4861791,FALSE POSITIVE,K02870.01,0,0,1,1,5.62950902,297.5,14.3
KIC 4385148,CONFIRMED,K02942.02,0,0,0,0,24.2758992,702.2,17.0
KIC 9838468,CONFIRMED,K02943.01,0,0,0,0,54.4099612,193,20.8
KIC 6781548,FALSE POSITIVE,K02944.01,0,1,1,1,9.12209336,906.8,22.2
KIC 8617363,CONFIRMED,K02945.01,0,0,0,0,19.94752741,861.3,16.0
KIC 7673192,CONFIRMED,K02722.01,0,0,0,0,6.12479773,129.3,20.1
KIC 11807274,CONFIRMED,K00262.01,0,0,0,0,7.81285862,117.3,32.3
KIC 7670943,CONFIRMED,K00269.01,0,0,0,0,18.01164974,107.8,60.8
KIC 6697756,CONFIRMED,K02798.01,0,0,0,0,0.916142298,98.5,23.0
KIC 5649833,FALSE POSITIVE,K02799.01,0,0,1,1,0.597933473,106,26.0
KIC 10518399,FALSE POSITIVE,K02800.01,0,1,1,1,2.69636494,109,22.2
KIC 5905822,CONFIRMED,K02801.01,0,0,0,0,6.99205021,33.4,24.4
KIC 10793172,CONFIRMED,K02871.01,0,0,0,0,12.0999065,165.5,15.1
KIC 7136729,FALSE POSITIVE,K02872.01,0,0,1,0,3.17319407,135.8,16.2
KIC 6364276,FALSE POSITIVE,K02873.01,0,0,1,1,5.24368302,225.4,36.9
KIC 4367854,FALSE POSITIVE,K02876.02,1,0,1,0,0.535224793,228.7,48.8
KIC 5108946,FALSE POSITIVE,K02955.01,0,0,1,0,0.591280187,135,21.6
KIC 8801316,CONFIRMED,K02956.01,0,0,0,0,3.93766786,24.3,16.8
KIC 10597693,CANDIDATE,K02958.01,0,0,0,0,31.6084371,331.6,16.2
KIC 7466270,CANDIDATE,K02959.01,0,0,0,0,16.1558656,731.3,17.5
KIC 10876237,FALSE POSITIVE,K02960.01,0,1,1,0,1.465943491,52.3,15.8
KIC 12314973,CONFIRMED,K00279.01,0,0,0,0,28.45489091,1418.6,244.7
KIC 3346154,CONFIRMED,K02723.01,0,0,0,0,1.952711161,403,30.7
KIC 5308387,FALSE POSITIVE,K02724.01,0,0,1,1,0.620739667,108.2,30.8
KIC 6233573,FALSE POSITIVE,K02725.01,0,0,1,0,0.587470828,193.8,48.3
KIC 10363281,FALSE POSITIVE,K02726.01,0,1,1,1,0.934924739,73.8,20.3
KIC 4861527,FALSE POSITIVE,K02727.01,0,1,1,1,25.7054557,266.3,27.6
KIC 5775129,CONFIRMED,K02802.01,0,0,0,0,3.84822189,203.9,17.6
KIC 9898447,CONFIRMED,K02803.01,0,0,0,0,2.37752442,32.1,15.9
KIC 5307568,FALSE POSITIVE,K02804.01,0,0,1,0,2.62838097,89.9,15.3
KIC 11135308,CONFIRMED,K02805.01,0,0,0,0,1.877878538,47.5,20.6
KIC 2985587,CANDIDATE,K02807.01,0,0,0,0,3.375716723,175.7,20.2
KIC 8077137,CONFIRMED,K00274.01,0,0,0,0,15.0896415,77.8,29.5
KIC 7019524,CONFIRMED,K02877.01,0,0,0,0,5.30873978,127.5,16.7
KIC 5106313,CONFIRMED,K02878.01,0,0,0,0,3.89524296,189,16.2
KIC 9825174,CONFIRMED,K02880.01,0,0,0,0,0.740926358,195.5,20.0
KIC 5642620,FALSE POSITIVE,K02882.02,0,1,0,0,0.493393859,264.7,20.3
KIC 8429415,FALSE POSITIVE,K02965.01,0,0,1,1,1.352564873,56.7,34.9
KIC 5014903,FALSE POSITIVE,K02966.01,0,0,1,0,7.72768833,404.8,14.6
KIC 5980783,CONFIRMED,K02967.01,0,0,0,0,37.3033197,551.7,19.5
KIC 8873090,CANDIDATE,K02968.01,0,0,0,0,10.16435076,37.7,18.4
KIC 8560804,FALSE POSITIVE,K02969.01,0,1,1,1,31.9729501,156.3,38.3
KIC 12008872,CONFIRMED,K02729.01,0,0,0,0,14.8877665,252.5,28.4
KIC 8415200,CONFIRMED,K02730.01,0,0,0,0,4.52158614,106.2,26.2
KIC 4072333,FALSE POSITIVE,K02731.01,0,0,1,0,2.007750531,352,21.8
KIC 9886361,CONFIRMED,K02732.01,0,0,0,0,7.03146295,85.4,33.8
KIC 3730335,FALSE POSITIVE,K02808.01,0,0,1,0,0.596087893,105.1,30.3
KIC 6528464,CONFIRMED,K00270.01,0,0,0,0,12.58229808,118.7,62.1
KIC 7428316,FALSE POSITIVE,K02809.01,0,1,1,0,7.12684695,206.3,20.7
KIC 10275766,FALSE POSITIVE,K02810.01,0,1,1,1,0.661749944,215.6,34.5
KIC 6370120,FALSE POSITIVE,K02811.01,0,0,1,0,1.35477049,145.3,14.8
KIC 5209845,CONFIRMED,K02883.01,0,0,0,0,11.95401876,855.9,19.3
KIC 9652649,FALSE POSITIVE,K02884.01,0,0,1,1,2.48883033,51.4,15.1
KIC 11100670,FALSE POSITIVE,K02885.01,0,1,1,0,20.2340219,193.6,11.5
KIC 6129524,CONFIRMED,K02886.01,0,0,0,0,0.88184263,249.9,21.2
KIC 5794570,CONFIRMED,K02675.01,0,0,0,0,5.448321078,529.4,55.1
KIC 5649325,FALSE POSITIVE,K02676.01,0,0,1,0,195.613824,1651.9,102.7
KIC 9958387,CANDIDATE,K02677.01,0,0,0,0,237.787237,1627.7,92.3
KIC 6779260,CONFIRMED,K02678.01,0,0,0,0,3.833087643,461.4,40.2
KIC 5953297,CONFIRMED,K02733.01,0,0,0,0,5.62006198,190.1,17.4
KIC 7659389,CONFIRMED,K02734.01,0,0,0,0,3.8259005,857.2,20.3
KIC 9472074,CONFIRMED,K02735.01,0,0,0,0,0.558841234,280.9,26.3
KIC 10842192,CONFIRMED,K02736.01,0,0,0,0,9.33648141,885.4,23.1
KIC 2442448,CONFIRMED,K02812.01,0,0,0,0,76.6139446,498.7,28.6
KIC 11197853,CANDIDATE,K02813.01,0,0,0,0,0.698461304,134.4,16.1
KIC 9665922,FALSE POSITIVE,K02815.01,0,0,1,0,1.545388842,52.8,20.6
KIC 11283615,CONFIRMED,K02816.01,0,0,0,0,1.289590179,286,18.9
KIC 7605093,CONFIRMED,K02817.01,0,0,0,0,0.634003002,316.9,21.0
KIC 3859363,FALSE POSITIVE,K02887.01,1,0,1,0,1.56859048,280.6,43.3
KIC 12023078,FALSE POSITIVE,K02888.01,0,1,1,1,0.623441939,128.1,40.6
KIC 6364162,FALSE POSITIVE,K02889.01,0,0,1,1,5.24364571,270.4,45.6
KIC 7463685,CONFIRMED,K02890.01,0,0,0,0,8.98826122,160.8,14.5
KIC 6716021,CANDIDATE,K02679.01,0,0,0,0,110.7556272,8067,48.5
KIC 11231334,FALSE POSITIVE,K00258.01,0,1,0,0,4.15743922,1472,52.5
KIC 8326342,CANDIDATE,K02680.01,0,0,0,0,14.4079035,3058,7.7
KIC 6878240,CONFIRMED,K02681.01,0,0,0,0,135.4978256,5038.1,73.2
KIC 2436378,FALSE POSITIVE,K02682.01,0,1,0,0,8.53161917,65744,86.1
KIC 6614629,FALSE POSITIVE,K02737.01,1,0,1,0,0.526615152,64,40.9
KIC 6630943,FALSE POSITIVE,K02738.01,0,1,1,0,0.690405794,178.4,43.0
KIC 4831728,CONFIRMED,K02739.01,0,0,0,0,10.10773789,294.9,25.3
KIC 3336765,FALSE POSITIVE,K02740.01,0,1,1,0,1.844857057,85.6,21.5
KIC 4270565,FALSE POSITIVE,K02819.01,0,0,1,0,18.0116764,417.2,23.3
KIC 11963206,CONFIRMED,K02820.01,0,0,0,0,3.00912491,191.4,16.5
KIC 4249611,CANDIDATE,K02821.01,0,0,0,0,79.2450351,1347.3,14.4
KIC 8263545,CONFIRMED,K02822.01,0,0,0,0,4.44589508,441.4,20.9
KIC 10068024,FALSE POSITIVE,K02891.01,0,1,1,1,2.023126394,72.2,19.2
KIC 9636563,FALSE POSITIVE,K02892.01,0,1,1,1,10.63609504,290.6,20.9
KIC 6937402,CONFIRMED,K02894.01,0,0,0,0,10.3108232,204,14.0
KIC 5475641,FALSE POSITIVE,K02895.01,0,0,1,1,1.069842837,540.3,65.2
KIC 2853828,FALSE POSITIVE,K02896.01,0,0,1,0,1.077467951,75.7,47.4
KIC 7899070,CANDIDATE,K02683.01,0,0,0,0,126.4451275,3252.5,110.9
KIC 4035667,FALSE POSITIVE,K02684.01,0,0,0,1,2.8736467,215.7,21.2
KIC 9612825,FALSE POSITIVE,K02685.01,0,1,1,0,2.846517614,2154.4,58.0
KIC 7826659,CONFIRMED,K02686.01,0,0,0,0,211.032819,1953.4,69.3
KIC 7202957,CONFIRMED,K02687.01,0,0,0,0,1.716828304,59.5,14.2
KIC 5513893,FALSE POSITIVE,K02741.01,0,0,0,1,0.755103143,43.8,27.3
KIC 10514430,FALSE POSITIVE,K00263.01,0,0,0,1,20.71927223,224.6,36.0
KIC 8095441,CONFIRMED,K02743.01,0,0,0,0,11.87457664,220.7,21.4
KIC 5881813,CONFIRMED,K02744.01,0,0,0,0,109.6469948,899.7,26.7
KIC 12456601,CONFIRMED,K02745.01,0,0,0,0,15.64588656,572.1,26.9
KIC 10341917,FALSE POSITIVE,K02823.01,0,0,0,1,0.93375241,518,55.5
KIC 3241604,FALSE POSITIVE,K02824.01,0,1,1,1,1.70336496,316.7,19.8
KIC 9591070,FALSE POSITIVE,K02825.01,1,0,1,0,0.764174368,100.2,34.5
KIC 8227661,FALSE POSITIVE,K02826.01,0,1,1,0,1.85373924,348.6,18.0
KIC 7428736,CONFIRMED,K02827.01,0,0,0,0,7.06321927,207.2,12.6
KIC 5817986,FALSE POSITIVE,K02897.01,0,0,1,0,0.584310213,809.4,91.9
KIC 11129258,CONFIRMED,K02898.01,0,0,0,0,25.384175,594,15.8
KIC 10586004,CONFIRMED,K00275.01,0,0,0,0,15.79196594,203.1,77.3
KIC 4939533,CANDIDATE,K02899.01,0,0,0,0,5.77207177,328.5,13.2
KIC 4846856,CANDIDATE,K02900.01,0,0,0,0,46.151253,649,17.1
KIC 5790807,FALSE POSITIVE,K00259.01,0,1,0,0,79.99623328,24383.5,721.9
KIC 8892303,CONFIRMED,K02688.01,0,0,0,0,5.424749327,7680,78.0
KIC 10265602,CANDIDATE,K02689.01,0,0,0,0,165.3447044,4899,48.0
KIC 5369827,CONFIRMED,K02690.01,0,0,0,0,3.606940379,432.3,20.8
KIC 5302643,FALSE POSITIVE,K02746.01,0,1,1,0,69.2002312,2271.5,30.0
KIC 6586746,CONFIRMED,K02747.01,0,0,0,0,6.26404774,378.7,20.1
KIC 9962455,CONFIRMED,K02748.01,0,0,0,0,23.1985852,224.7,28.2
KIC 8687088,FALSE POSITIVE,K02749.01,0,0,1,0,0.905037231,37.5,29.0
KIC 6436029,CONFIRMED,K02828.01,0,0,0,0,59.4969009,1262.1,23.2
KIC 6197215,CONFIRMED,K02829.01,0,0,0,0,10.61345333,150.2,20.0
KIC 9244508,CONFIRMED,K02830.01,0,0,0,0,40.5289885,360.7,35.3
KIC 9692557,FALSE POSITIVE,K02831.01,0,1,1,0,0.571940563,54.3,22.8
KIC 9366886,FALSE POSITIVE,K02901.01,0,0,1,0,0.633514386,179.1,22.3
KIC 3657176,FALSE POSITIVE,K02903.01,0,0,1,0,17.4166143,314.2,13.1
KIC 3969687,CONFIRMED,K02904.01,0,0,0,0,16.3583482,116.4,30.0
KIC 9369366,FALSE POSITIVE,K02905.01,0,0,1,0,36.0054414,117.5,14.6
KIC 6716545,CONFIRMED,K02906.01,0,0,0,0,13.9093544,86.8,15.6
KIC 4552729,CANDIDATE,K02691.01,0,0,0,0,97.4463194,2141.1,62.8
KIC 2989706,FALSE POSITIVE,K02692.01,0,1,0,0,1.257689465,945.6,45.6
KIC 5185897,CONFIRMED,K02693.01,0,0,0,0,4.081411554,171.9,36.9
KIC 3663173,CANDIDATE,K02750.01,0,0,0,0,174.636181,2500.9,37.1
KIC 9881077,CONFIRMED,K02751.01,0,0,0,0,24.4004378,860.5,20.2
KIC 3097346,FALSE POSITIVE,K00264.01,0,0,1,1,4.029810359,111.1,62.8
KIC 5717567,FALSE POSITIVE,K02752.01,0,0,1,0,1.287622419,36.5,16.9
KIC 6265792,CONFIRMED,K02753.01,0,0,0,0,0.935115863,64.8,21.6
KIC 9995402,CONFIRMED,K02832.01,0,0,0,0,3.57551429,92.8,16.6
KIC 9109857,CANDIDATE,K02833.01,0,0,0,0,1.791877025,46.1,12.5
KIC 5609593,CONFIRMED,K02834.01,0,0,0,0,136.205112,1209.3,20.0
KIC 5436338,CONFIRMED,K02835.01,0,0,0,0,6.30922043,691.2,22.5
KIC 11414465,CONFIRMED,K02836.01,0,0,0,0,2.94194296,278,18.2
KIC 2708885,FALSE POSITIVE,K02907.01,0,0,1,0,1.146934644,256.2,19.7
KIC 6612284,FALSE POSITIVE,K02908.01,0,0,0,1,1.245353252,224.2,20.3
KIC 4483138,CONFIRMED,K02910.01,0,0,0,0,15.3626052,468.3,19.7
KIC 9475552,CONFIRMED,K02694.01,0,0,0,0,0.843379985,343.3,53.6
KIC 5196864,CANDIDATE,K02695.01,0,0,0,0,2.50343279,1156,13.2
KIC 11071200,CANDIDATE,K02696.01,0,0,0,0,96.4562198,950.5,54.6
KIC 10905911,CONFIRMED,K02754.01,0,0,0,0,1.34155642,58.2,23.7
KIC 3545135,CONFIRMED,K02755.01,0,0,0,0,8.48299282,69.1,21.3
KIC 6964929,CONFIRMED,K02756.01,0,0,0,0,0.665025941,104.7,26.5
KIC 6432345,CONFIRMED,K02757.01,0,0,0,0,234.635652,868.5,26.7
KIC 8703129,CANDIDATE,K02758.01,0,0,0,0,253.374581,1104,99.9
KIC 11565924,CONFIRMED,K02837.01,0,0,0,0,13.32191461,133.5,24.3
KIC 6607357,CONFIRMED,K02838.01,0,0,0,0,7.69994466,70.9,17.4
KIC 6186964,CONFIRMED,K02839.01,0,0,0,0,2.164570593,525.1,19.8
KIC 5471202,FALSE POSITIVE,K02911.01,1,0,1,1,12.4258343,449.4,72.0
KIC 9640439,FALSE POSITIVE,K02912.01,0,0,1,0,0.873227249,221.8,21.9
KIC 9693006,CONFIRMED,K02913.01,0,0,0,0,2.88878583,40.9,17.2
KIC 6837283,CANDIDATE,K02914.01,0,0,0,0,21.1181653,112.7,26.3
KIC 5613821,CANDIDATE,K02915.01,0,0,0,0,5.06092282,71.6,15.7
KIC 6627507,FALSE POSITIVE,K02697.01,0,0,1,0,7.37453336,304.4,33.1
KIC 5128673,CONFIRMED,K02698.01,0,0,0,0,87.9724227,866.7,64.6
KIC 6690836,CONFIRMED,K02699.01,0,0,0,0,0.568874717,378.4,50.4
KIC 8639908,CANDIDATE,K02700.01,0,0,0,0,0.910020582,358.1,29.9
KIC 5481148,FALSE POSITIVE,K02701.01,0,0,1,0,22.023514,1670,10.2
KIC 11076400,CANDIDATE,K02759.01,0,0,0,0,1.07808492,155.6,22.9
KIC 7877978,CONFIRMED,K02760.01,0,0,0,0,56.5732318,688.5,21.6
KIC 7903086,FALSE POSITIVE,K02761.01,0,1,1,0,1.846861455,648.6,35.9
KIC 12024120,CONFIRMED,K00265.01,0,0,0,0,3.568099612,98.4,52.5
KIC 8210018,CONFIRMED,K02762.01,0,0,0,0,132.9955503,1275.4,29.3
KIC 3642289,CONFIRMED,K00301.01,0,0,0,0,6.002548291,202,71.6
KIC 3662838,CONFIRMED,K00302.01,0,0,0,0,24.85466504,776.2,88.0
KIC 5966322,CONFIRMED,K00303.01,0,0,0,0,60.92818866,755.6,120.1
KIC 6029239,CONFIRMED,K00304.01,0,0,0,0,8.512037736,597.8,102.2
KIC 12106929,FALSE POSITIVE,K00359.01,0,1,1,1,5.93720557,371.4,59.9
KIC 12107021,FALSE POSITIVE,K00360.01,0,0,1,1,5.93719982,175.6,37.0
KIC 8248939,FALSE POSITIVE,K00061.01,0,0,1,0,1.63345402,359,7.4
KIC 12404954,CONFIRMED,K00361.01,0,0,0,0,3.247548814,209.7,51.6
KIC 1571511,FALSE POSITIVE,K00362.01,0,1,0,0,14.022451457,20082.9,2707.7
KIC 2438070,FALSE POSITIVE,K00363.01,0,1,1,1,2.442945167,677.9,102.8
KIC 3747262,FALSE POSITIVE,K03005.01,0,0,1,0,1.312459403,36.9,13.9
KIC 10190075,CANDIDATE,K03007.01,0,0,0,0,11.1916199,166.4,11.9
KIC 9070666,CONFIRMED,K03008.01,0,0,0,0,2.99792926,45.4,16.0
KIC 3642335,CONFIRMED,K03010.01,0,0,0,0,60.8660974,714.3,15.4
KIC 3328052,FALSE POSITIVE,K03011.01,0,0,1,1,2.11547854,222.9,21.6
KIC 10749059,CANDIDATE,K03086.01,0,0,0,0,174.731515,1179.9,16.5
KIC 9119568,FALSE POSITIVE,K03087.01,0,0,1,0,5.54867998,68.9,15.4
KIC 9020114,CONFIRMED,K03088.01,0,0,0,0,3.48412874,161.6,13.3
KIC 6196457,CONFIRMED,K00285.01,0,0,0,0,13.74883059,425.9,167.6
KIC 7668416,CANDIDATE,K03089.01,0,0,0,0,0.858546796,106.1,12.2
KIC 6063220,CONFIRMED,K00305.01,0,0,0,0,4.603575293,440.4,79.7
KIC 6071903,CONFIRMED,K00306.01,0,0,0,0,24.30784323,677.1,35.6
KIC 6289257,CONFIRMED,K00307.01,0,0,0,0,19.67409703,204.9,39.0
KIC 10905239,CONFIRMED,K00046.01,0,0,0,0,3.487688776,1298.8,350.6
KIC 11623629,CONFIRMED,K00365.01,0,0,0,0,81.737872,628.8,135.4
KIC 3545478,CANDIDATE,K00366.01,0,0,0,0,75.1122132,3751.5,384.0
KIC 4815520,CONFIRMED,K00367.01,0,0,0,0,31.578651216,2125.4,324.3
KIC 6603043,FALSE POSITIVE,K00368.01,0,1,0,0,110.32167272,7296.6,2217.1
KIC 7175184,CONFIRMED,K00369.01,0,0,0,0,5.88527364,112.7,27.4
KIC 7109851,FALSE POSITIVE,K03012.01,0,0,1,0,1.086486129,66,20.2
KIC 11565544,CANDIDATE,K03013.01,0,0,0,0,3.76562031,232.6,14.6
KIC 7347246,CONFIRMED,K03014.01,0,0,0,0,86.1160885,875.2,17.8
KIC 11403530,CONFIRMED,K03015.01,0,0,0,0,3.61460332,43.9,15.4
KIC 5088536,CONFIRMED,K00282.02,0,0,0,0,8.45744892,77.4,31.0
KIC 12072872,CANDIDATE,K03017.01,0,0,0,0,2.46288834,47.4,11.9
KIC 6609270,CONFIRMED,K03090.01,0,0,0,0,3.82223397,362.7,15.9
KIC 12406807,CONFIRMED,K03091.01,0,0,0,0,17.067644,262.4,13.5
KIC 8046689,FALSE POSITIVE,K03092.01,0,0,1,0,5.78542702,256.2,15.4
KIC 5096590,CONFIRMED,K03093.01,0,0,0,0,29.6099055,120.1,14.3
KIC 9650989,CONFIRMED,K03095.01,0,0,0,0,3.42390809,153.1,13.1
KIC 6291837,CONFIRMED,K00308.01,0,0,0,0,35.5969684,684.5,52.5
KIC 7024222,FALSE POSITIVE,K00309.01,0,0,1,0,1.633107509,60.8,21.7
KIC 7024511,FALSE POSITIVE,K00311.01,0,0,0,1,66.1544958,1972,42.7
KIC 7050989,CONFIRMED,K00312.01,0,0,0,0,11.57890926,243.4,54.8
KIC 8494142,CONFIRMED,K00370.01,0,0,0,0,42.88247951,408.9,112.2
KIC 11554435,CONFIRMED,K00063.01,0,0,0,0,9.43414171,3977,40.2
KIC 5652983,FALSE POSITIVE,K00371.01,0,1,0,0,498.391282,1590,49.7
KIC 6471021,CONFIRMED,K00372.01,0,0,0,0,125.6291479,7841.6,150.4
KIC 7906671,FALSE POSITIVE,K03018.01,0,0,1,0,45.1178526,389.2,17.3
KIC 8709688,CONFIRMED,K03019.01,0,0,0,0,4.17939037,172.8,16.1
KIC 8241079,CANDIDATE,K03020.01,0,0,0,0,10.9192653,91.1,15.0
KIC 3348285,FALSE POSITIVE,K03021.01,0,0,1,0,0.803835923,52.6,12.4
KIC 11618601,CONFIRMED,K03022.01,0,0,0,0,2.76263737,185,14.1
KIC 7582689,CONFIRMED,K03097.01,0,0,0,0,11.9216035,43.2,15.1
KIC 9959589,FALSE POSITIVE,K03098.01,0,0,1,1,1.332557603,225.3,28.1
KIC 9025922,FALSE POSITIVE,K00043.01,0,1,1,1,11.32029599,4303.5,85.0
KIC 7419318,CONFIRMED,K00313.01,0,0,0,0,18.73577127,567.2,81.8
KIC 7603200,CONFIRMED,K00314.01,0,0,0,0,13.78109471,756,112.8
KIC 7364176,CONFIRMED,K00373.01,0,0,0,0,135.1879934,663.4,85.8
KIC 8686097,CONFIRMED,K00374.01,0,0,0,0,172.7046083,659.1,92.9
KIC 12356617,CONFIRMED,K00375.01,0,0,0,0,988.8811177,5060,136.4
KIC 12643589,FALSE POSITIVE,K00376.01,0,1,1,1,44.14599042,4467.8,99.6
KIC 3323887,CONFIRMED,K00377.01,0,0,0,0,19.270825843,6660.5,577.1
KIC 7732285,FALSE POSITIVE,K03023.01,0,0,1,0,4.39049637,113.5,31.1
KIC 9716391,CONFIRMED,K03025.01,0,0,0,0,13.1829329,518,13.8
KIC 6929841,CONFIRMED,K03026.01,0,0,0,0,3.51575492,237.4,15.2
KIC 5124254,FALSE POSITIVE,K03099.01,0,0,1,0,14.0498182,472,14.5
KIC 11508644,CONFIRMED,K03101.01,0,0,0,0,14.2563272,206.1,14.3
KIC 12168993,CANDIDATE,K03105.01,0,0,0,0,4.21223579,116.4,12.8
KIC 8895758,CONFIRMED,K03106.01,0,0,0,0,0.968980781,118.5,12.8
KIC 10031500,FALSE POSITIVE,K03107.01,1,0,0,1,8.589562,245.4,14.0
KIC 7700622,CONFIRMED,K00315.01,0,0,0,0,35.58349688,937.6,90.8
KIC 8008067,CONFIRMED,K00316.01,0,0,0,0,15.77111067,547.1,123.2
KIC 7051180,CANDIDATE,K00064.01,0,0,0,0,1.951082219,1151.8,30.1
KIC 2449074,FALSE POSITIVE,K00378.01,0,1,1,1,4.94402197,363.3,33.0
KIC 2446113,FALSE POSITIVE,K00379.01,0,0,1,0,6.71725648,272.7,49.1
KIC 11137180,CONFIRMED,K03027.01,0,0,0,0,6.07032548,311.6,11.9
KIC 9838804,FALSE POSITIVE,K03028.01,0,0,0,1,1.33256952,163.5,16.5
KIC 5903749,CANDIDATE,K03029.01,0,0,0,0,18.9763286,329.8,11.0
KIC 5524881,FALSE POSITIVE,K03030.01,0,0,1,0,7.19552624,214.6,15.6
KIC 3756264,CONFIRMED,K03108.01,0,0,0,0,7.36272124,429.3,17.8
KIC 11572193,CONFIRMED,K03109.01,0,0,0,0,10.6761592,151,14.1
KIC 11285870,CONFIRMED,K03110.01,0,0,0,0,4.48494315,134.9,12.4
KIC 8581240,CANDIDATE,K03111.01,0,0,0,0,10.76800074,65.1,14.2
KIC 8121310,CONFIRMED,K00317.01,0,0,0,0,22.20809549,463.2,92.7
KIC 8156120,CONFIRMED,K00318.01,0,0,0,0,38.5833679,1388.2,46.1
KIC 8684730,CANDIDATE,K00319.01,0,0,0,0,46.15119482,1817.3,286.0
KIC 8700558,FALSE POSITIVE,K00320.01,1,0,1,0,4.79179893,123.9,46.3
KIC 8753657,CONFIRMED,K00321.01,0,0,0,0,2.426304127,185.4,97.0
KIC 8554498,FALSE POSITIVE,K00005.02,1,0,0,0,7.05185637,,
KIC 3847708,FALSE POSITIVE,K00389.01,0,1,1,0,3.741231778,419,66.6
KIC 3849155,FALSE POSITIVE,K00390.01,0,1,1,0,1.168310132,283.3,64.7
KIC 3858804,FALSE POSITIVE,K00391.01,0,1,1,1,25.9525478,478.4,57.0
KIC 3942670,CONFIRMED,K00392.01,0,0,0,0,33.4160553,275.8,29.3
KIC 6949898,CANDIDATE,K03031.01,0,0,0,0,7.64809462,195.9,12.2
KIC 10585738,CONFIRMED,K03032.01,0,1,0,0,0.636424848,217.9,18.1
KIC 7186665,FALSE POSITIVE,K03033.01,0,1,0,0,8.55935323,148.8,20.4
KIC 2973386,CANDIDATE,K03034.01,0,0,0,0,31.0209175,859.5,15.1
KIC 6388770,FALSE POSITIVE,K03035.01,0,1,0,0,21.3419702,,
KIC 7022573,CANDIDATE,K03112.01,0,0,0,0,2.118893997,311.4,11.3
KIC 7676423,CONFIRMED,K03113.01,0,0,0,0,2.46050095,276.8,16.7
KIC 9288237,CANDIDATE,K03114.01,0,0,0,0,7.49133777,34.5,14.4
KIC 11714231,CONFIRMED,K03115.01,0,0,0,0,5.8660127,183,16.8
KIC 11720424,CONFIRMED,K03116.01,0,0,0,0,23.9107056,294,12.9
KIC 7837302,FALSE POSITIVE,K00048.01,0,1,0,0,23.836808884,29684.7,2793.4
KIC 8948424,FALSE POSITIVE,K00322.01,0,1,0,0,5.888835386,19466,208.2
KIC 9139084,CONFIRMED,K00323.01,0,0,0,0,5.83599485,553.3,11.2
KIC 9641041,FALSE POSITIVE,K00324.01,0,1,1,1,1.089077863,133.6,104.8
KIC 9724984,FALSE POSITIVE,K00325.01,0,0,1,1,7.86335883,467.3,74.3
KIC 2452450,FALSE POSITIVE,K00380.01,0,1,1,1,8.0970583,680.7,76.4
KIC 3230578,FALSE POSITIVE,K00381.01,0,1,0,0,6.337614357,1807.4,132.7
KIC 3231137,FALSE POSITIVE,K00382.01,0,1,1,1,3.900140077,543.1,53.6
KIC 3353050,CONFIRMED,K00384.01,0,0,0,0,5.0800579,222.8,56.7
KIC 3446746,CONFIRMED,K00385.01,0,0,0,0,13.14496741,300.8,44.1
KIC 5695396,CONFIRMED,K00283.01,0,0,0,0,16.09196369,415.8,84.9
KIC 5217891,FALSE POSITIVE,K03036.01,1,0,1,1,161.239891,1075.4,23.0
KIC 6593150,CANDIDATE,K03037.01,0,0,0,0,5.4654174,219.5,14.2
KIC 8051946,CONFIRMED,K03038.01,0,0,0,0,1.4951513,52,14.2
KIC 5445681,CONFIRMED,K03039.01,0,0,0,0,20.3504704,101.8,16.6
KIC 6523351,CANDIDATE,K03117.01,0,0,0,0,6.06664931,65.3,10.9
KIC 5551672,CANDIDATE,K03119.01,0,0,0,0,2.184437698,1546.8,19.7
KIC 11499192,CONFIRMED,K03120.01,0,0,0,0,4.13592927,156.2,15.2
KIC 12416661,CONFIRMED,K03122.01,0,0,0,0,8.05337912,38.3,14.9
KIC 8197793,CANDIDATE,K03123.01,0,0,0,0,15.2311195,269.1,13.1
KIC 8258171,FALSE POSITIVE,K00286.01,0,1,1,1,23.6272223,154.6,65.8
KIC 9880467,FALSE POSITIVE,K00326.01,0,1,1,0,8.97349999,935.1,44.1
KIC 9881662,CONFIRMED,K00327.01,0,0,0,0,3.254277742,159.9,58.6
KIC 9895004,FALSE POSITIVE,K00328.01,0,0,1,0,2.250826647,534.4,104.3
KIC 3656121,CONFIRMED,K00386.01,0,0,0,0,31.1588249,959,73.6
KIC 10620329,FALSE POSITIVE,K00066.01,1,0,0,0,0.436282594,536.4,218.3
KIC 3733628,CONFIRMED,K00387.01,0,0,0,0,13.89963233,1121.7,98.2
KIC 3831053,CONFIRMED,K00388.01,0,0,0,0,6.14955931,333.7,87.3
KIC 6357290,CANDIDATE,K03040.01,0,0,0,0,4.8099878,288.2,13.6
KIC 4072955,CANDIDATE,K03041.01,0,0,0,0,5.08288076,108,12.5
KIC 8695311,CANDIDATE,K03042.01,0,0,0,0,31.0259489,385.4,12.7
KIC 9834731,CANDIDATE,K03043.01,0,0,0,0,3.08942807,85.3,13.2
KIC 5092266,CONFIRMED,K03045.01,0,0,0,0,44.8702042,636.1,16.4
KIC 4076976,FALSE POSITIVE,K03124.01,0,0,1,1,4.8807805,79,15.9
KIC 8751796,CONFIRMED,K03125.01,0,0,0,0,4.45342418,46.6,16.3
KIC 7097534,FALSE POSITIVE,K03126.01,0,1,1,1,2.21396685,81.6,19.1
KIC 9907129,CONFIRMED,K03127.01,0,0,0,0,9.705693,140.8,14.2
KIC 7609674,CANDIDATE,K03128.01,0,0,0,0,21.2360024,104.4,15.7
KIC 9527334,CONFIRMED,K00049.01,0,0,0,0,8.31377304,837.4,19.6
KIC 10031885,FALSE POSITIVE,K00329.01,0,1,1,1,8.58969597,245.1,45.9
KIC 11361646,CONFIRMED,K00330.01,0,0,0,0,7.97420583,293.1,55.1
KIC 10285631,CONFIRMED,K00331.01,0,0,0,0,18.68405716,381.5,54.2
KIC 3964109,CONFIRMED,K00393.01,0,0,0,0,21.41624083,314.5,42.7
KIC 4159347,FALSE POSITIVE,K00394.01,0,1,1,0,12.28351275,597.8,23.4
KIC 3544595,CONFIRMED,K00069.01,0,0,0,0,4.72674037,273.1,287.8
KIC 4165960,FALSE POSITIVE,K00395.01,0,0,1,0,6.77449545,481.9,41.9
KIC 4252322,CANDIDATE,K00396.01,0,0,0,0,14.591504451,1490.5,68.0
KIC 4376644,FALSE POSITIVE,K00397.01,0,1,0,0,27.677680103,11545,431.6
KIC 9301506,FALSE POSITIVE,K03047.01,0,1,1,0,0.605223042,232.3,20.7
KIC 9714550,CONFIRMED,K03048.01,0,0,0,0,4.73292061,151.6,15.5
KIC 6263593,CONFIRMED,K03049.01,0,0,0,0,22.4765952,481.4,13.3
KIC 5475042,CANDIDATE,K03050.01,0,0,0,0,1.242639742,159.3,16.1
KIC 6964159,FALSE POSITIVE,K03129.01,0,0,1,0,25.503628,204.4,13.3
KIC 10252275,CONFIRMED,K03130.01,0,0,0,0,14.8638496,220.6,12.3
KIC 11455181,CONFIRMED,K03131.01,0,0,0,0,10.9294815,196.9,14.3
KIC 9541295,CANDIDATE,K03132.01,0,0,0,0,0.536650319,41.9,31.0
KIC 10290666,CONFIRMED,K00332.01,0,0,0,0,5.45849914,255.9,72.0
KIC 10337258,CONFIRMED,K00333.01,0,0,0,0,13.28536452,377.6,26.8
KIC 10383687,FALSE POSITIVE,K00334.01,0,1,1,1,8.4879444,119.3,19.5
KIC 10470206,FALSE POSITIVE,K00335.01,0,0,1,0,46.56675437,801.1,111.3
KIC 10518725,FALSE POSITIVE,K00336.01,0,1,1,1,19.5148412,102.7,13.1
KIC 5450893,CONFIRMED,K02970.01,0,0,0,0,4.82051088,40.9,14.8
KIC 4770174,CANDIDATE,K02971.01,0,0,0,0,6.09595681,65.7,18.1
KIC 8949925,CANDIDATE,K02972.01,0,0,0,0,13.2511214,266.5,15.2
KIC 5091016,FALSE POSITIVE,K02973.01,0,1,1,0,5.76556718,213.3,17.6
KIC 9959492,FALSE POSITIVE,K03051.02,0,0,1,1,1.33258772,70.8,16.0
KIC 8827575,CONFIRMED,K03052.02,0,0,0,0,15.6112238,113.5,15.7
KIC 2716801,CONFIRMED,K03053.01,0,0,0,0,42.5217006,685.6,14.7
KIC 7281454,FALSE POSITIVE,K03055.01,1,0,0,1,0.566805887,1.7,0.8
KIC 7216284,CONFIRMED,K03056.01,0,0,0,0,6.69958851,253.7,13.6
KIC 8703887,FALSE POSITIVE,K00287.01,0,1,0,0,14.170972781,13496.5,308.1
KIC 9899352,FALSE POSITIVE,K03135.01,0,1,1,1,1.332562831,297.9,37.3
KIC 6945786,CONFIRMED,K03136.01,0,0,0,0,2.39161966,189.2,13.6
KIC 5978170,CONFIRMED,K03140.01,0,0,0,0,5.68879083,241.5,13.8
KIC 5440317,CONFIRMED,K03141.01,0,0,0,0,2.31941571,96.4,11.7
KIC 10545066,CONFIRMED,K00337.01,0,0,0,0,19.7830259,373.2,41.8
KIC 6056992,FALSE POSITIVE,K00051.01,0,1,1,0,10.431146765,29375.6,400.2
KIC 10552611,CONFIRMED,K00338.01,0,0,0,0,7.0106324,327.3,48.7
KIC 10587105,CONFIRMED,K00339.01,0,0,0,0,1.980356674,271.9,71.9
KIC 6948480,FALSE POSITIVE,K02975.01,0,1,0,0,175.329014,1059.1,16.7
KIC 6438099,CANDIDATE,K02976.01,0,0,0,0,21.61313362,818.1,13.8
KIC 11090556,CONFIRMED,K02977.01,0,0,0,0,2.7881793,55.8,17.7
KIC 10686814,FALSE POSITIVE,K02978.01,0,0,1,1,2.61846258,275.3,18.7
KIC 3234843,CONFIRMED,K03057.01,0,0,0,0,29.72722,1010.2,19.4
KIC 6021275,CONFIRMED,K00284.01,0,0,0,0,18.01019956,177.7,43.4
KIC 8192911,FALSE POSITIVE,K03058.01,0,0,1,0,7.53887442,342.1,13.6
KIC 10554967,FALSE POSITIVE,K03059.01,0,0,1,0,0.53633519,444.1,29.9
KIC 3752110,CANDIDATE,K03142.01,0,0,0,0,27.9430245,308.6,12.3
KIC 5688790,CONFIRMED,K03144.01,0,0,0,0,8.07394097,1056,16.0
KIC 1717722,CONFIRMED,K03145.01,0,0,0,0,4.53702121,504.4,15.7
KIC 10908248,CONFIRMED,K03146.01,0,0,0,0,39.859505,155.5,13.9
KIC 10616571,FALSE POSITIVE,K00340.01,0,1,0,0,23.6731242,23112.9,842.3
KIC 10878263,CONFIRMED,K00341.01,0,0,0,0,7.170710381,863.3,89.3
KIC 10982872,CONFIRMED,K00343.01,0,0,0,0,4.761705895,497.1,138.5
KIC 2720514,FALSE POSITIVE,K02979.01,0,0,1,0,1.371288853,66.2,16.9
KIC 4141376,CONFIRMED,K00280.01,0,0,0,0,11.87290814,332.7,84.7
KIC 9468551,CONFIRMED,K02980.01,0,0,0,0,1.638652525,166.9,16.4
KIC 9076971,CONFIRMED,K02981.01,0,0,0,0,9.06687613,367.2,14.6
KIC 8360640,CONFIRMED,K02982.01,0,0,0,0,4.0223109,227.8,11.0
KIC 11019987,CONFIRMED,K03060.01,0,0,0,0,6.9131732,39.1,12.5
KIC 4857058,CONFIRMED,K03061.01,0,0,0,0,7.32851947,277.8,14.0
KIC 10924562,CONFIRMED,K03063.01,0,0,0,0,18.6052046,242.5,13.1
KIC 9899505,FALSE POSITIVE,K03064.01,1,0,1,1,1.332562787,1111.9,125.2
KIC 5040077,CANDIDATE,K03065.01,0,0,0,0,0.896382269,136.4,11.7
KIC 7534267,CONFIRMED,K03147.01,0,0,0,0,39.4420781,172.4,15.2
KIC 9592705,CONFIRMED,K00288.01,0,0,0,0,10.27532513,209.7,99.5
KIC 10611420,FALSE POSITIVE,K03148.01,0,0,1,0,11.50528603,260.2,11.4
KIC 10386922,CONFIRMED,K00289.01,0,0,0,0,26.62941953,492.8,106.9
KIC 3558981,FALSE POSITIVE,K00052.01,0,1,0,0,2.98786272,42789,98.0
KIC 11015108,CONFIRMED,K00344.01,0,0,0,0,39.30944096,1132.1,122.9
KIC 11074541,CONFIRMED,K00345.01,0,0,0,0,29.88487723,1275.7,128.3
KIC 11100383,CONFIRMED,K00346.01,0,0,0,0,12.92489803,959,49.5
KIC 7918652,CANDIDATE,K02984.01,0,0,0,0,11.45541896,68.6,15.8
KIC 8847111,FALSE POSITIVE,K02985.01,0,0,1,0,0.575884418,272.2,43.2
KIC 4568298,FALSE POSITIVE,K02986.01,0,1,1,1,0.562555067,198.3,21.7
KIC 9230021,CONFIRMED,K03429.02,0,0,0,0,8.74192361,295.7,18.5
KIC 4374339,FALSE POSITIVE,K02987.01,0,0,1,0,0.993703494,67.4,14.5
KIC 6636320,CONFIRMED,K02989.01,0,0,0,0,6.33125228,306.6,16.2
KIC 4067925,CONFIRMED,K03066.01,0,0,0,0,24.2204192,806.3,14.0
KIC 4847782,FALSE POSITIVE,K03067.01,0,1,1,1,30.9597053,410.7,13.7
KIC 3230805,CANDIDATE,K03068.01,0,0,0,0,3.91679553,161.3,13.2
KIC 4676964,CANDIDATE,K03069.01,0,0,0,0,43.1024434,299.8,14.3
KIC 10488450,FALSE POSITIVE,K00290.01,0,0,1,0,2.683395376,234.7,52.9
KIC 10933561,CONFIRMED,K00291.01,0,0,0,0,31.51779463,357.6,63.2
KIC 8845026,FALSE POSITIVE,K00044.01,0,1,0,0,66.46746217,12643.7,1049.3
KIC 11075737,CONFIRMED,K00292.01,0,0,0,0,2.586639524,217.7,77.3
KIC 11189127,FALSE POSITIVE,K00347.01,0,1,0,0,2.671942657,15942,97.5
KIC 11194032,CONFIRMED,K00348.01,0,0,0,0,28.51117639,1844.6,145.5
KIC 11394027,CONFIRMED,K00349.01,0,0,0,0,14.38682567,569.6,61.7
KIC 11395587,CANDIDATE,K00350.01,0,0,0,0,12.99065074,392.3,42.5
KIC 11442793,CONFIRMED,K00351.01,0,0,0,0,331.5972732,8322.1,355.0
KIC 5520547,CONFIRMED,K02990.01,0,0,0,0,11.20058855,219.9,19.2
KIC 4848424,FALSE POSITIVE,K02991.01,0,0,1,1,1.50179931,100.1,19.1
KIC 8866102,CONFIRMED,K00042.01,0,0,0,0,17.83367834,326.9,154.5
KIC 4143755,CONFIRMED,K00281.01,0,0,0,0,19.55662003,298.9,111.0
KIC 8509442,CANDIDATE,K02992.01,0,0,0,0,82.6595174,1270.7,17.1
KIC 11244137,CONFIRMED,K02994.01,0,0,0,0,2.03387483,73.6,15.7
KIC 6072593,FALSE POSITIVE,K03070.01,0,0,1,0,5.07538255,163.1,16.0
KIC 5865654,CONFIRMED,K03071.01,0,0,0,0,23.9553986,228.7,13.9
KIC 3219643,CANDIDATE,K03072.01,0,0,0,0,24.3367026,551.1,13.4
KIC 8546542,CANDIDATE,K03073.01,0,0,0,0,7.40985182,201.1,13.5
KIC 8197560,FALSE POSITIVE,K03074.01,0,0,1,0,1.02425556,1631.7,40.6
KIC 11200415,FALSE POSITIVE,K00293.01,0,0,1,1,4.63958598,83.4,28.1
KIC 11259686,CONFIRMED,K00294.01,0,0,0,0,34.4359387,424.5,52.6
KIC 11547513,CONFIRMED,K00295.01,0,0,0,0,5.317440164,292.5,80.9
KIC 11802615,CONFIRMED,K00296.01,0,0,0,0,28.86236571,449.2,64.4
KIC 2445975,FALSE POSITIVE,K00053.01,0,1,1,0,3.388887193,11267.8,162.9
KIC 11521793,CONFIRMED,K00352.01,0,0,0,0,27.08239734,423.2,40.9
KIC 11566064,CONFIRMED,K00353.02,0,0,0,0,30.6528935,269.7,17.4
KIC 6531496,FALSE POSITIVE,K03646.02,0,1,1,0,0.512869432,2313,133.9
KIC 3848275,CONFIRMED,K02995.01,0,0,0,0,5.19492747,272.9,16.5
KIC 12021625,CONFIRMED,K02996.01,0,0,0,0,15.9314412,556.7,14.8
KIC 9777256,FALSE POSITIVE,K02997.01,0,0,0,1,1.33251589,140.5,22.2
KIC 4175630,CONFIRMED,K02998.01,0,0,0,0,28.227413,1113.4,25.3
KIC 7433585,FALSE POSITIVE,K02999.01,0,1,1,0,0.545544979,92.6,24.8
KIC 3328080,CONFIRMED,K03075.01,0,0,0,0,4.76559056,67.5,15.2
KIC 8430964,CONFIRMED,K03078.01,0,0,0,0,2.98618134,122.9,12.0
KIC 3654719,FALSE POSITIVE,K03081.01,0,0,1,0,25.9200092,331.4,10.9
KIC 10619142,FALSE POSITIVE,K03082.01,0,0,1,1,2.04516705,154.8,16.5
KIC 11905011,CONFIRMED,K00297.01,0,0,0,0,5.65178922,134.1,39.5
KIC 12785320,CONFIRMED,K00298.01,0,0,0,0,19.96367208,270.9,36.3
KIC 2692377,CONFIRMED,K00299.01,0,0,0,0,1.541676547,296.5,94.1
KIC 3742855,FALSE POSITIVE,K00045.01,0,1,0,0,6.397185875,18887,394.7
KIC 3438975,FALSE POSITIVE,K00300.01,0,0,1,1,2.976020742,114.9,60.6
KIC 11568987,CONFIRMED,K00354.01,0,0,0,0,15.95995611,523.2,70.9
KIC 11621223,CONFIRMED,K00355.01,0,0,0,0,4.903321801,334.5,84.5
KIC 11624249,CONFIRMED,K00356.01,0,0,0,0,1.82708193,1164.7,273.7
KIC 12017140,FALSE POSITIVE,K00358.01,0,1,0,0,22.845241036,45676.5,3845.4
KIC 10000941,CONFIRMED,K04146.01,0,0,0,0,3.50472344,90.7,18.4
KIC 5702939,FALSE POSITIVE,K03000.01,0,0,1,0,18.3980827,145,17.2
KIC 3852655,CONFIRMED,K03002.01,0,0,0,0,11.62904159,88,13.7
KIC 11255231,FALSE POSITIVE,K03003.01,0,0,1,0,13.6550963,196.3,14.6
KIC 6103377,CONFIRMED,K03004.01,0,0,0,0,20.0708757,405.7,12.8
KIC 7106173,CANDIDATE,K03083.01,0,0,0,0,10.18318233,51.5,11.2
KIC 3324986,FALSE POSITIVE,K03084.01,0,0,1,1,1.540411479,107.1,12.1
KIC 11912932,FALSE POSITIVE,K03085.01,0,0,1,1,3.74785358,98.2,18.8
KIC 8037145,CONFIRMED,K00520.03,0,0,0,0,25.75274977,738.9,36.7
KIC 8162789,CONFIRMED,K00521.01,0,0,0,0,10.161023528,1653.9,111.1
KIC 8265218,CANDIDATE,K00522.01,0,0,0,0,12.82993461,1417.4,79.6
KIC 8806123,CONFIRMED,K00523.01,0,0,0,0,49.41121127,3184,125.4
KIC 8355239,CONFIRMED,K00574.02,0,0,0,0,10.39986173,275.3,22.8
KIC 9210823,FALSE POSITIVE,K00090.01,0,0,1,1,0.828206212,132.3,68.1
KIC 8367113,CONFIRMED,K00575.01,0,0,0,0,24.31574009,643.3,42.5
KIC 8474898,FALSE POSITIVE,K00576.01,0,1,1,1,199.443024,4036,55.1
KIC 8558011,CONFIRMED,K00577.01,0,0,0,0,39.6766071,611.2,24.9
KIC 7429287,FALSE POSITIVE,K04260.03,1,0,0,0,358.66044,133.8,15.6
KIC 9115800,CONFIRMED,K00421.01,0,0,0,0,4.454194254,16041.5,1022.2
KIC 9214713,CANDIDATE,K00422.01,0,0,0,0,809.0141881,16311.3,212.9
KIC 9478990,CONFIRMED,K00423.01,0,0,0,0,21.0871953,8894.7,556.2
KIC 9597411,FALSE POSITIVE,K00424.01,0,1,0,0,1.575631524,25626.6,465.4
KIC 6850504,CONFIRMED,K00070.04,0,0,0,0,6.09855603,84.4,24.8
KIC 10934674,CONFIRMED,K00477.01,465,0,0,0,16.54295261,726,36.1
KIC 10990886,CONFIRMED,K00478.01,0,0,0,0,11.023474798,1795.5,77.2
KIC 11015323,CONFIRMED,K00479.01,0,0,0,0,34.18884323,1063.2,83.9
KIC 11134879,CONFIRMED,K00480.01,0,0,0,0,4.30165843,739.4,88.3
KIC 11192998,CONFIRMED,K00481.01,0,0,0,0,7.650243513,981.4,98.8
KIC 8934495,CONFIRMED,K00524.01,0,0,0,0,4.592393816,1027.7,105.9
KIC 9119458,CANDIDATE,K00525.01,0,0,0,0,11.53029332,1209.3,57.6
KIC 5866724,CONFIRMED,K00085.01,0,0,0,0,5.859935955,322.8,186.7
KIC 9157634,CONFIRMED,K00526.01,0,0,0,0,2.104721971,905.5,153.3
KIC 9636569,FALSE POSITIVE,K00527.01,0,1,1,1,10.63624422,231.7,24.7
KIC 8565266,CONFIRMED,K00578.01,0,0,0,0,6.412512953,1156.4,183.1
KIC 8616637,CONFIRMED,K00579.01,0,0,0,0,2.019997006,332.8,52.1
KIC 8625925,CONFIRMED,K00580.01,0,0,0,0,6.521209629,760.4,69.8
KIC 8822216,CONFIRMED,K00581.01,0,0,0,0,6.996926239,1317.4,101.6
KIC 4548011,CONFIRMED,K04288.01,0,0,0,0,6.28384079,35.7,14.9
KIC 9967884,FALSE POSITIVE,K00425.01,0,1,1,0,5.428344915,13756,140.2
KIC 10016874,CANDIDATE,K00426.01,0,0,0,0,16.30141333,942.3,62.4
KIC 10189546,CONFIRMED,K00427.01,0,0,0,0,24.61480613,1798,68.4
KIC 8823868,FALSE POSITIVE,K00081.01,1,0,0,0,23.8761144,1611.7,225.5
KIC 11255761,FALSE POSITIVE,K00482.01,0,1,1,0,4.99270186,557.4,42.3
KIC 11497977,CONFIRMED,K00483.01,0,0,0,0,4.79860021,817.4,88.1
KIC 9941859,CONFIRMED,K00528.01,0,0,0,0,9.57665962,746.8,82.6
KIC 10068030,FALSE POSITIVE,K00529.01,0,1,0,0,2.023123903,1288.9,76.0
KIC 10266615,CONFIRMED,K00530.01,0,0,0,0,10.94026745,538.6,30.6
KIC 6444896,CONFIRMED,K03138.02,1,0,0,0,19.5352551,1732,5.9
KIC 10395543,CANDIDATE,K00531.01,0,0,0,0,3.687469832,5057.6,363.9
KIC 9020160,CONFIRMED,K00582.01,0,0,0,0,5.945043548,800.2,67.6
KIC 7941200,CONFIRMED,K00092.01,0,0,0,0,65.7045275,636.1,70.4
KIC 10418224,CONFIRMED,K00428.01,0,0,0,0,6.8731664,3753.8,535.5
KIC 10616679,CONFIRMED,K00429.01,0,0,0,0,8.600099313,2791.6,209.2
KIC 10717241,CONFIRMED,K00430.01,0,0,0,0,12.37646897,1709,81.2
KIC 10843590,CONFIRMED,K00431.01,0,0,0,0,18.87022157,1096.6,72.7
KIC 12061222,CONFIRMED,K00484.01,0,0,0,0,17.20522898,1080.6,75.7
KIC 12316431,FALSE POSITIVE,K00485.01,0,1,1,1,17.90766147,1089.3,78.4
KIC 12404305,CONFIRMED,K00486.01,0,0,0,0,22.18332255,748.1,70.3
KIC 12834874,CONFIRMED,K00487.01,0,0,0,0,7.65880048,668.2,57.6
KIC 2557816,CONFIRMED,K00488.01,0,0,0,0,9.3789167,563.5,42.6
KIC 10454313,CONFIRMED,K00532.01,0,0,0,0,4.221626193,658,83.7
KIC 10513530,CONFIRMED,K00533.01,0,0,0,0,16.54967098,744.5,46.8
KIC 10554999,CONFIRMED,K00534.01,0,0,0,0,6.400157105,743.2,49.1
KIC 9076513,CONFIRMED,K00583.01,0,0,0,0,2.437029217,244,49.0
KIC 9146018,CONFIRMED,K00584.01,0,0,0,0,9.9267215,725.5,97.3
KIC 9279669,CONFIRMED,K00585.01,0,0,0,0,3.722158895,757.4,70.3
KIC 10858832,CONFIRMED,K00432.01,0,0,0,0,5.263415218,1030.7,117.0
KIC 10937029,CONFIRMED,K00433.01,0,0,0,0,4.030466786,2908.3,227.4
KIC 11656302,FALSE POSITIVE,K00434.01,0,1,0,0,22.264806569,19372.6,873.4
KIC 2576197,FALSE POSITIVE,K00489.01,0,0,1,0,2.217038096,543.7,49.5
KIC 3239945,CONFIRMED,K00490.01,0,0,0,0,4.393157678,447.2,63.0
KIC 10187017,CONFIRMED,K00082.01,0,0,0,0,16.145671932,941.1,242.7
KIC 10873260,CONFIRMED,K00535.01,0,0,0,0,5.852968845,1146.5,152.4
KIC 10965008,CONFIRMED,K00536.01,0,0,0,0,81.1701587,1183.2,51.0
KIC 10467815,FALSE POSITIVE,K03191.02,1,0,0,0,371.17573,133.7,12.1
KIC 11073351,CONFIRMED,K00537.01,0,0,0,0,2.820190603,467.5,64.2
KIC 11090765,CONFIRMED,K00538.01,0,0,0,0,21.21712312,636,56.2
KIC 11246364,FALSE POSITIVE,K00539.01,0,0,0,0,200,,
KIC 9570741,CONFIRMED,K00586.01,0,0,0,0,15.77980122,541.4,39.4
KIC 9607164,CONFIRMED,K00587.01,0,0,0,0,14.03490255,851.8,60.9
KIC 9631762,CONFIRMED,K00588.01,0,0,0,0,10.35586478,660.9,49.5
KIC 6462863,CONFIRMED,K00094.01,0,0,0,0,22.342964828,5612.8,1118.9
KIC 9782691,CONFIRMED,K00590.01,0,0,0,0,11.38840217,438,34.7
KIC 11709124,CONFIRMED,K00435.01,0,0,0,0,20.5498184,1564.3,123.1
KIC 11805075,CANDIDATE,K00436.01,0,0,0,0,199.83920527,44490,590.6
KIC 11824222,CANDIDATE,K00437.01,0,0,0,0,15.84132627,31083,135.8
KIC 12302530,CONFIRMED,K00438.01,0,0,0,0,5.931196562,1007.4,90.5
KIC 11904151,CONFIRMED,K00072.01,0,0,0,0,0.837491225,190.4,189.5
KIC 3541800,FALSE POSITIVE,K00491.01,0,0,1,0,4.66229074,345.4,29.8
KIC 3559935,CONFIRMED,K00492.01,0,0,0,0,29.9111886,942,50.8
KIC 3834360,FALSE POSITIVE,K00493.01,0,1,1,1,2.908453928,427.5,40.4
KIC 3966801,CONFIRMED,K00494.01,0,0,0,0,25.69581456,1130.8,45.1
KIC 11521048,FALSE POSITIVE,K00540.01,0,1,1,0,25.70280003,5623.8,67.9
KIC 11656721,CONFIRMED,K00541.01,0,0,0,0,13.64617478,633,43.4
KIC 11853905,CONFIRMED,K00007.01,0,0,0,0,3.213668926,727.8,346.9
KIC 11669239,CONFIRMED,K00542.01,0,0,0,0,41.8854433,687.4,47.0
KIC 10600261,CONFIRMED,K00597.03,0,0,0,0,52.8148051,553.7,27.4
KIC 10656823,CONFIRMED,K00598.01,0,0,0,0,8.30783912,777.5,66.4
KIC 10676824,CONFIRMED,K00599.01,0,0,0,0,6.45442931,586.1,45.3
KIC 10718726,CONFIRMED,K00600.01,0,0,0,0,3.595769013,383.7,45.9
KIC 12470954,CONFIRMED,K00439.01,0,0,0,0,1.902208647,2343.5,363.2
KIC 2438264,CONFIRMED,K00440.01,0,0,0,0,15.90688891,924.7,75.0
KIC 3340312,FALSE POSITIVE,K00441.01,0,0,1,1,30.5528972,865.2,35.6
KIC 4049108,FALSE POSITIVE,K00495.01,0,0,1,1,4.804469031,744.4,67.3
KIC 4454752,CONFIRMED,K00496.01,0,0,0,0,1.616883373,437.3,43.9
KIC 4757437,CONFIRMED,K00497.01,0,0,0,0,13.19322809,585.7,50.9
KIC 11823054,CONFIRMED,K00543.01,0,0,0,0,4.302139338,747.2,65.5
KIC 7017274,CANDIDATE,K03209.02,0,0,0,0,6.77067637,65.8,19.6
KIC 11913012,FALSE POSITIVE,K00544.01,0,1,1,1,3.74782314,423.4,53.8
KIC 11972666,FALSE POSITIVE,K00545.01,0,1,1,0,1.09173174,186.9,32.2
KIC 12058931,CONFIRMED,K00546.01,0,0,0,0,20.68420772,858.5,59.6
KIC 9886221,FALSE POSITIVE,K00591.01,0,0,1,1,2.9926465,105.9,16.1
KIC 9957627,CONFIRMED,K00592.01,0,0,0,0,39.7529915,549.3,40.9
KIC 9958962,CONFIRMED,K00593.01,0,0,0,0,9.99760285,638.7,39.0
KIC 3745690,CONFIRMED,K00442.01,0,0,0,0,13.54057461,461,53.3
KIC 3833007,CONFIRMED,K00443.01,0,0,0,0,16.21774917,758.3,80.3
KIC 3847138,CONFIRMED,K00444.01,0,0,0,0,11.72291212,492.2,58.8
KIC 4833135,FALSE POSITIVE,K00498.01,0,0,0,0,8.661374,160.1,4.7
KIC 4847534,CONFIRMED,K00499.01,0,0,0,0,9.66857386,411.7,36.9
KIC 4852528,CONFIRMED,K00500.01,0,0,0,0,7.053527145,1480.1,92.3
KIC 12116489,CONFIRMED,K00547.01,0,0,0,0,25.30291816,2105.7,117.7
KIC 12600735,CONFIRMED,K00548.01,0,0,0,0,21.30020491,659.8,58.1
KIC 10593626,CONFIRMED,K00087.01,0,0,0,0,289.864067,529.1,57.4
KIC 3437776,FALSE POSITIVE,K00549.01,0,1,1,0,10.29767658,655.5,57.0
KIC 10294465,FALSE POSITIVE,K00595.01,0,0,0,0,199.99763493,,
KIC 10388286,CONFIRMED,K00596.01,0,0,0,0,1.682695938,703.8,75.4
KIC 4384675,FALSE POSITIVE,K00445.01,0,0,0,0,260.20717331,,
KIC 4633570,CONFIRMED,K00446.01,0,0,0,0,16.70920628,839.8,40.4
KIC 5021176,FALSE POSITIVE,K00447.01,0,1,1,1,4.045057186,752.7,62.2
KIC 5640085,CONFIRMED,K00448.01,0,0,0,0,10.13958818,1155.9,40.3
KIC 4951877,CANDIDATE,K00501.01,0,0,0,0,24.7962801,574.4,43.6
KIC 5282051,FALSE POSITIVE,K00502.01,0,0,1,1,5.91037674,256.9,34.5
KIC 5340644,CONFIRMED,K00503.01,0,0,0,0,8.22241355,1468.6,67.0
KIC 4165473,CONFIRMED,K00550.01,0,0,0,0,13.02363236,607,50.5
KIC 4270253,CONFIRMED,K00551.01,0,0,0,0,11.6370303,604.3,36.4
KIC 5544450,FALSE POSITIVE,K03226.01,1,0,0,0,4.29388808,110.6,17.9
KIC 5122112,FALSE POSITIVE,K00552.01,0,1,0,0,3.055171082,8665.3,143.2
KIC 10973664,CONFIRMED,K00601.01,0,0,0,0,5.40426917,860.6,40.5
KIC 12459913,CONFIRMED,K00602.01,0,0,0,0,12.91385906,487.9,40.5
KIC 5779852,FALSE POSITIVE,K00449.01,0,1,0,0,252.0792347,5582.6,104.1
KIC 6042214,FALSE POSITIVE,K00450.01,0,0,1,0,27.04627886,900.8,48.8
KIC 6200715,FALSE POSITIVE,K00451.01,0,0,1,1,3.723560726,540,58.9
KIC 6291033,CONFIRMED,K00452.01,0,0,0,0,3.705991661,501.4,100.3
KIC 6889235,FALSE POSITIVE,K00074.01,1,0,0,0,5.188671659,548.9,331.6
KIC 6758917,FALSE POSITIVE,K00453.01,0,1,0,0,2.236100588,27241,43.0
KIC 5461440,CONFIRMED,K00504.01,0,0,0,0,40.606895,657.5,36.3
KIC 5689351,CONFIRMED,K00505.01,0,0,0,0,13.76710058,684.8,41.6
KIC 5303551,FALSE POSITIVE,K00553.01,0,0,1,1,2.399069173,286.6,37.8
KIC 5443837,CANDIDATE,K00554.01,0,0,0,0,3.65849707,4398,47.0
KIC 7692093,FALSE POSITIVE,K03337.02,1,0,0,0,91.172033,368.5,7.3
KIC 5709725,CONFIRMED,K00555.01,0,0,0,0,3.701765401,288.3,35.9
KIC 7700871,FALSE POSITIVE,K00088.01,0,0,1,0,5.17968868,121.8,48.4
KIC 9946525,CONFIRMED,K00398.01,0,0,0,0,51.84688984,9636.3,257.2
KIC 7289157,FALSE POSITIVE,K00399.01,0,1,0,0,5.26640614,59294,339.9
KIC 2695110,FALSE POSITIVE,K00400.01,0,1,1,0,44.18938922,4293.5,102.0
KIC 7098355,CONFIRMED,K00454.01,0,0,0,0,29.00789166,906.3,44.1
KIC 7101828,FALSE POSITIVE,K00455.01,0,1,1,0,47.878243,910,30.9
KIC 7269974,CONFIRMED,K00456.01,0,0,0,0,13.69942266,1292.9,120.0
KIC 7440748,CONFIRMED,K00457.01,0,0,0,0,4.9213639,761.3,77.7
KIC 5780715,FALSE POSITIVE,K00506.01,0,0,1,0,1.583160478,732.6,97.7
KIC 5812960,CONFIRMED,K00507.01,0,0,0,0,18.49234792,1655.5,61.4
KIC 6266741,CONFIRMED,K00508.01,0,0,0,0,7.930583519,826.1,89.9
KIC 5738496,FALSE POSITIVE,K00556.01,0,1,1,1,9.50150926,509.5,34.8
KIC 5774349,CONFIRMED,K00557.01,0,0,0,0,15.65563866,955.9,53.2
KIC 5978361,CONFIRMED,K00558.01,0,0,0,0,9.17858526,796.5,50.6
KIC 6422367,FALSE POSITIVE,K00559.01,0,0,0,1,4.33144839,216.4,17.3
KIC 6501635,CONFIRMED,K00560.01,0,0,0,0,23.67513153,980.4,32.6
KIC 3217264,CONFIRMED,K00401.01,0,0,0,0,29.19899219,2047.2,171.0
KIC 3342592,FALSE POSITIVE,K00402.01,0,1,0,0,17.177328207,24419.2,1357.5
KIC 7504328,CANDIDATE,K00458.01,0,0,0,0,53.71798494,3153.5,103.0
KIC 7977197,CONFIRMED,K00459.01,0,0,0,0,19.44639139,926,82.4
KIC 7199397,CANDIDATE,K00075.01,0,0,0,0,105.8817667,1556.3,301.8
KIC 6381846,CONFIRMED,K00509.01,0,0,0,0,4.16696628,877.7,80.1
KIC 6422155,CONFIRMED,K00510.01,0,0,0,0,2.940304817,472.4,51.8
KIC 6665695,CONFIRMED,K00561.01,0,0,0,0,5.378868001,483.4,60.6
KIC 6707833,CONFIRMED,K00563.01,0,0,0,0,15.28467725,321.3,38.1
KIC 9785921,CONFIRMED,K03372.01,0,0,0,0,26.7575866,455.3,17.7
KIC 6786037,CONFIRMED,K00564.01,0,0,0,0,21.05349939,496.6,39.1
KIC 4247092,FALSE POSITIVE,K00403.01,0,1,0,0,21.05647572,1293.6,52.1
KIC 4949751,FALSE POSITIVE,K00404.01,0,1,1,0,31.80514278,4675.3,161.3
KIC 5003117,FALSE POSITIVE,K00405.01,0,1,0,0,37.60936976,27590.8,971.1
KIC 5035972,FALSE POSITIVE,K00406.01,0,1,0,0,49.26678528,8494,309.0
KIC 5218441,FALSE POSITIVE,K00407.01,0,1,1,0,3.613757526,4872.2,591.2
KIC 5351250,CONFIRMED,K00408.01,0,0,0,0,7.381980206,1433.8,101.6
KIC 8043638,CONFIRMED,K00460.01,0,0,0,0,17.58751692,1377.8,109.4
KIC 8621348,FALSE POSITIVE,K00461.01,0,1,1,1,11.34436822,586.3,52.2
KIC 8773869,FALSE POSITIVE,K00462.01,0,0,1,0,1.576341127,335.1,88.7
KIC 8845205,CONFIRMED,K00463.01,0,0,0,0,18.47762694,2604.6,75.7
KIC 8890783,CONFIRMED,K00464.01,0,0,0,0,58.36205791,5374.7,286.6
KIC 6451936,CONFIRMED,K00511.01,0,0,0,0,8.00579096,629.7,69.2
KIC 1723078,CANDIDATE,K07624.01,0,0,0,0,330.025002,259.2,12.2
KIC 8056665,CONFIRMED,K00089.01,0,0,0,0,84.6877524,347.7,95.1
KIC 7025846,FALSE POSITIVE,K00565.01,0,0,1,1,2.340523247,175.4,37.2
KIC 7119481,CONFIRMED,K00566.01,0,0,0,0,25.85499978,610.5,31.7
KIC 7445445,CONFIRMED,K00567.01,0,0,0,0,10.68758211,777.7,78.9
KIC 8397947,CONFIRMED,K04772.02,0,0,0,0,9.0194714,191.6,7.2
KIC 5444548,CONFIRMED,K00409.01,0,0,0,0,13.24931848,647.6,87.8
KIC 8891318,FALSE POSITIVE,K00465.01,0,0,1,0,363.706662,1624.6,43.7
KIC 9008220,CANDIDATE,K00466.01,0,0,0,0,9.391039263,2895.6,141.0
KIC 9583881,CONFIRMED,K00467.01,0,0,0,0,18.00932214,3004.4,245.2
KIC 9589524,CONFIRMED,K00468.01,0,0,0,0,22.18431824,1593,87.6
KIC 9955262,CANDIDATE,K00076.01,0,0,0,0,77.4794704,1237,72.6
KIC 8019043,FALSE POSITIVE,K06048.02,0,1,1,0,0.80489537,,
KIC 11775507,FALSE POSITIVE,K06245.03,1,0,0,0,276.32360146,81.3,4.6
KIC 6838050,CONFIRMED,K00512.01,0,0,0,0,6.51003001,602.8,48.1
KIC 6937692,CONFIRMED,K00513.01,0,0,0,0,35.18105723,987.7,63.1
KIC 7602070,FALSE POSITIVE,K00514.01,0,1,1,0,11.75560012,648.8,46.3
KIC 7812179,FALSE POSITIVE,K00515.01,0,1,1,1,17.79421914,1549.4,111.5
KIC 1868404,FALSE POSITIVE,K07625.01,1,0,0,0,6.12601169,40.2,7.0
KIC 7595157,CONFIRMED,K00568.01,0,0,0,0,3.383540239,255.7,36.2
KIC 8008206,CONFIRMED,K00569.01,0,0,0,0,20.72904234,561.7,31.6
KIC 7906892,CANDIDATE,K04773.02,0,0,0,0,11.1438086,41.7,10.9
KIC 5449777,FALSE POSITIVE,K00410.01,0,1,0,0,7.216951388,4284.5,312.2
KIC 5478055,FALSE POSITIVE,K00411.01,0,0,1,1,15.85238672,928.5,36.5
KIC 5683743,CONFIRMED,K00412.01,0,0,0,0,4.147021189,3680.7,421.2
KIC 5791986,CONFIRMED,K00413.01,0,0,0,0,15.22895514,1124.8,63.8
KIC 8320630,CANDIDATE,K04846.02,0,0,0,0,32.526674,204.9,9.7
KIC 9703198,CANDIDATE,K00469.01,0,0,0,0,10.32906563,2309.8,114.8
KIC 9844088,CONFIRMED,K00470.01,0,0,0,0,3.750832927,2397.9,212.5
KIC 10019643,CONFIRMED,K00471.01,0,0,0,0,21.34736612,630.5,53.1
KIC 10123064,CONFIRMED,K00472.01,0,0,0,0,4.243748097,1409.7,139.8
KIC 5653126,FALSE POSITIVE,K06612.02,0,0,0,1,2.404483552,0.8,
KIC 7840044,FALSE POSITIVE,K00516.01,0,1,1,1,13.54204116,338.7,26.4
KIC 8015907,CONFIRMED,K00517.01,0,0,0,0,2.752359689,791.9,115.7
KIC 8017703,CONFIRMED,K00518.01,0,0,0,0,13.98177862,1018.4,95.6
KIC 1995712,FALSE POSITIVE,K07626.01,1,0,0,0,462.12069,633.7,9.9
KIC 8106610,FALSE POSITIVE,K00570.01,0,1,1,0,12.39894005,702.9,50.7
KIC 8120608,CONFIRMED,K00571.01,0,0,0,0,7.26731094,659.1,47.8
KIC 5872150,FALSE POSITIVE,K00414.01,0,1,0,0,20.35509657,25079.5,1703.2
KIC 6289650,CANDIDATE,K00415.01,0,0,0,0,166.7876551,4764.2,183.8
KIC 6508221,CONFIRMED,K00416.01,0,0,0,0,18.20795835,1596.9,157.3
KIC 11135694,CANDIDATE,K04896.02,0,0,0,0,49.537365,201.7,10.1
KIC 10155434,CONFIRMED,K00473.01,0,0,0,0,12.70636123,871.7,54.0
KIC 10460984,CONFIRMED,K00474.01,0,0,0,0,10.94577783,532.8,52.5
KIC 6436505,FALSE POSITIVE,K06707.02,1,0,0,0,24.7222403,290.1,9.3
KIC 8022244,CONFIRMED,K00519.01,0,0,0,0,11.90352088,633,47.2
KIC 2571238,CONFIRMED,K00084.01,0,0,0,0,9.286964466,691.7,251.9
KIC 2140389,FALSE POSITIVE,K07627.01,0,0,1,0,0.967427812,9127.8,323.4
KIC 8193178,CONFIRMED,K00572.01,0,0,0,0,10.64021008,455.3,58.6
KIC 8344004,CONFIRMED,K00573.01,0,0,0,0,5.996533443,711.4,70.5
KIC 8216763,CANDIDATE,K04838.03,0,0,0,0,24.0721647,177.3,6.7
KIC 6879865,CANDIDATE,K00417.01,0,0,0,0,19.193103549,6807.3,258.5
KIC 7975727,FALSE POSITIVE,K00418.01,0,1,0,0,22.418319842,11929.1,944.4
KIC 8219673,FALSE POSITIVE,K00419.01,0,1,0,0,20.131477716,8243.2,427.5
KIC 8352537,CONFIRMED,K00420.01,0,0,0,0,6.010383339,2652.1,276.1
KIC 3758499,CANDIDATE,K05007.02,0,0,0,0,80.881757,142.7,12.2
KIC 3248033,FALSE POSITIVE,K00006.01,0,0,1,1,1.334101467,120.8,43.0
KIC 9552608,CANDIDATE,K00080.01,0,0,0,0,9.250572762,1039.5,351.4
KIC 10577994,CONFIRMED,K00475.01,0,0,0,0,8.1808949,723.5,48.7
KIC 10599206,CONFIRMED,K00476.01,0,0,0,0,18.42794957,706.6,36.0
KIC 6768616,FALSE POSITIVE,K06765.02,1,0,0,0,8.8249556,121.1,8.6
KIC 10068383,FALSE POSITIVE,K00725.01,0,1,0,0,7.30497811,10930,69.6
KIC 10157573,FALSE POSITIVE,K00726.01,0,0,1,0,5.115750935,1055.8,51.8
KIC 10191070,FALSE POSITIVE,K00727.01,0,0,1,1,1.213745575,2012.2,213.7
KIC 10221013,CANDIDATE,K00728.01,0,0,0,0,7.189379172,8126.4,288.5
KIC 10225800,FALSE POSITIVE,K00729.01,0,0,1,0,1.423799421,2008.4,125.3
KIC 2299738,CANDIDATE,K07628.01,0,0,0,0,1.8134378,97.4,19.1
KIC 10227020,CONFIRMED,K00730.01,0,0,0,0,14.78767172,781.8,39.4
KIC 4563268,CONFIRMED,K00627.02,0,0,0,0,4.16536757,120,30.4
KIC 4644604,CONFIRMED,K00628.01,0,0,0,0,14.48584765,457.1,52.2
KIC 4656049,CONFIRMED,K00629.01,0,0,0,0,40.6992062,429.9,38.5
KIC 4659405,FALSE POSITIVE,K00630.01,0,1,1,1,4.532402495,339.1,43.1
KIC 7941635,FALSE POSITIVE,K05449.02,1,0,0,0,25.273355,496.1,16.9
KIC 4742414,CONFIRMED,K00631.01,0,1,0,0,15.458056682,4253.2,1055.9
KIC 7619236,CANDIDATE,K00682.01,0,0,0,0,562.1725914,5877.8,208.4
KIC 7630229,CANDIDATE,K00683.01,0,0,0,0,278.1243979,2297.8,58.5
KIC 7730747,CANDIDATE,K00684.01,0,0,0,0,4.034914368,800.1,92.6
KIC 7764367,CONFIRMED,K00685.01,0,0,0,0,3.173914037,303,76.1
KIC 9024857,FALSE POSITIVE,K07124.02,1,0,0,0,379.11996,1107.7,9.2
KIC 7906882,CANDIDATE,K00686.01,0,0,0,0,52.513548727,14252.3,825.0
KIC 7976520,CANDIDATE,K00687.01,0,0,0,0,4.17838675,316,15.1
KIC 6678383,CONFIRMED,K00111.03,0,0,0,0,51.75530504,609.2,116.9
KIC 2302997,CANDIDATE,K07630.01,0,0,0,0,16.2982201,199,7.9
KIC 10259031,FALSE POSITIVE,K00731.01,0,1,1,1,7.06115081,1526.9,60.4
KIC 8505215,FALSE POSITIVE,K00099.02,1,0,0,0,79.87804945,,
KIC 4827723,CONFIRMED,K00632.01,0,0,0,0,7.23858162,268.2,41.6
KIC 4841374,CONFIRMED,K00633.01,0,0,0,0,161.4746786,828.2,47.8
KIC 4861736,FALSE POSITIVE,K00634.01,0,1,1,0,6.277827312,1856.8,191.3
KIC 5020319,CONFIRMED,K00635.01,0,0,0,0,16.71987303,523.1,19.2
KIC 5090690,FALSE POSITIVE,K00636.01,0,1,0,0,12.011661094,14293.6,1898.4
KIC 8161561,CONFIRMED,K00688.01,0,0,0,0,3.275821982,274.9,64.4
KIC 8361905,CONFIRMED,K00689.01,0,0,0,0,15.87360981,415.6,38.4
KIC 8409588,FALSE POSITIVE,K00690.01,0,1,0,0,1.360834768,1570.5,169.8
KIC 11250587,CONFIRMED,K00107.01,0,0,0,0,7.256962446,463.2,168.3
KIC 8480285,CONFIRMED,K00691.01,0,0,0,0,29.66631669,668,95.3
KIC 10265898,CONFIRMED,K00732.01,0,0,0,0,1.260258822,1130.7,128.2
KIC 2302758,FALSE POSITIVE,K07629.01,0,1,1,0,0.542122617,88.3,16.3
KIC 10271806,CONFIRMED,K00733.01,0,0,0,0,5.924993927,1608.1,68.5
KIC 5098444,FALSE POSITIVE,K00637.01,0,1,0,0,26.94927489,19963.9,415.7
KIC 5113822,CONFIRMED,K00638.01,0,0,0,0,23.6421965,1102.2,97.2
KIC 5120087,CONFIRMED,K00639.01,0,0,0,0,17.97979816,459.1,43.9
KIC 5121511,CONFIRMED,K00640.01,0,0,0,0,30.99664113,655.3,59.9
KIC 8557374,CONFIRMED,K00692.01,0,0,0,0,2.462344253,180.1,42.1
KIC 8738735,CONFIRMED,K00693.01,0,0,0,0,28.7796446,253.2,36.5
KIC 8802165,CONFIRMED,K00694.01,0,0,0,0,17.42115972,928.1,114.3
KIC 10272442,CONFIRMED,K00734.01,0,0,0,0,24.5434566,1151.3,64.5
KIC 4055765,CANDIDATE,K00100.01,0,0,0,0,9.9664004,1619,125.9
KIC 5131180,CANDIDATE,K00641.01,0,0,0,0,14.85185526,1341,58.3
KIC 5181817,FALSE POSITIVE,K00642.01,0,0,1,1,4.350413063,192.5,37.8
KIC 5309353,FALSE POSITIVE,K00643.01,0,1,0,0,1.376384817,365.9,47.8
KIC 5356593,FALSE POSITIVE,K00644.01,0,1,1,0,45.977861823,23886.1,1283.6
KIC 8805348,CONFIRMED,K00695.01,0,0,0,0,29.90721859,588,79.8
KIC 8869680,FALSE POSITIVE,K00696.01,0,0,1,0,7.03380109,138.5,46.7
KIC 10843431,CONFIRMED,K07378.01,0,0,0,0,8.7396758,1431,15.6
KIC 8878187,CONFIRMED,K00697.01,0,0,0,0,3.032147946,488.6,103.1
KIC 4914423,CONFIRMED,K00108.01,0,0,0,0,15.96532718,482.2,144.2
KIC 8891278,FALSE POSITIVE,K00698.01,0,1,0,0,12.718711489,8378.9,550.2
KIC 10287242,CANDIDATE,K00735.01,0,0,0,0,22.34213536,2264.4,51.9
KIC 10340423,CONFIRMED,K00736.01,0,0,0,0,18.79418506,1529,40.2
KIC 10345478,FALSE POSITIVE,K00737.01,0,1,0,0,14.49839316,3271.1,125.6
KIC 10358759,CONFIRMED,K00738.01,0,0,0,0,10.3392408,1184.6,51.4
KIC 5374854,CONFIRMED,K00645.01,0,0,0,0,8.50339249,188.9,28.5
KIC 5384802,FALSE POSITIVE,K00646.01,0,1,0,0,3.041547148,20690.7,1670.6
KIC 5531694,CONFIRMED,K00647.01,0,0,0,0,5.16949729,210.6,66.2
KIC 5596440,CANDIDATE,K00648.01,0,0,0,0,10.47490332,1170.2,150.5
KIC 8908102,FALSE POSITIVE,K00699.01,0,1,0,0,5.41460536,4080.1,294.4
KIC 8962094,CONFIRMED,K00700.01,0,0,0,0,30.86436512,551.3,51.8
KIC 10386984,CONFIRMED,K00739.01,0,0,0,0,1.287076693,729.4,65.2
KIC 9588822,FALSE POSITIVE,K04388.01,0,1,0,0,71.76236302,8591.9,1134.3
KIC 10395381,CONFIRMED,K00740.01,0,0,0,0,17.6717714,918.6,36.2
KIC 10418797,FALSE POSITIVE,K00741.01,0,1,0,0,23.355341391,38524,1144.3
KIC 5613330,CONFIRMED,K00649.01,0,0,0,0,23.44970494,315.6,67.9
KIC 8456679,CONFIRMED,K00102.01,0,0,0,0,1.73513619,952.6,473.2
KIC 5786676,CONFIRMED,K00650.01,0,0,0,0,11.95474513,903.4,96.3
KIC 5796186,FALSE POSITIVE,K00651.01,0,1,1,1,42.55930625,2303.5,60.9
KIC 5796675,CONFIRMED,K00652.01,0,0,0,0,16.080657264,3076,195.9
KIC 9002278,CONFIRMED,K00701.01,0,0,0,0,18.16407304,943.2,99.7
KIC 12306808,FALSE POSITIVE,K07521.02,0,0,1,0,7.334073405,326.9,2.6
KIC 9053112,FALSE POSITIVE,K00702.01,0,1,1,1,1.274840187,229.2,79.3
KIC 9162741,FALSE POSITIVE,K00703.01,0,0,1,0,1.368617188,126.9,44.4
KIC 5893123,FALSE POSITIVE,K00653.01,0,1,1,0,1.125963085,146,43.1
KIC 5941160,CONFIRMED,K00654.01,0,0,0,0,8.59481851,336.5,37.5
KIC 5966154,CONFIRMED,K00655.01,0,0,0,0,25.6721559,387.1,78.4
KIC 3749508,FALSE POSITIVE,K07544.02,0,1,0,0,1.065731229,3639.6,109.2
KIC 9266431,CONFIRMED,K00704.01,0,0,0,0,18.39629744,680.2,58.4
KIC 9300285,FALSE POSITIVE,K00705.01,0,0,1,0,1.012672041,1197.6,237.4
KIC 9426071,FALSE POSITIVE,K00706.01,0,1,0,0,28.714216138,43701.9,1230.7
KIC 9458613,CONFIRMED,K00707.01,0,0,0,0,21.77568158,797.9,117.3
KIC 10729472,FALSE POSITIVE,K04453.02,0,1,0,0,0.83442282,50.9,8.8
KIC 5966660,FALSE POSITIVE,K00656.01,0,0,1,0,1.906633332,268,83.3
KIC 6020753,CONFIRMED,K00657.01,0,0,0,0,4.069425638,549.1,68.0
KIC 6062088,CONFIRMED,K00658.01,0,0,0,0,3.162692075,503.7,75.4
KIC 9530945,CONFIRMED,K00708.01,0,0,0,0,17.40665216,586.9,85.7
KIC 10610039,CANDIDATE,K04577.02,0,0,0,0,3.07365139,90.5,9.6
KIC 4752451,FALSE POSITIVE,K00109.01,0,1,1,0,6.41496453,201.2,53.1
KIC 6125481,CONFIRMED,K00659.01,0,0,0,0,23.20579353,342.5,46.9
KIC 6267535,CONFIRMED,K00660.01,0,0,0,0,6.07972016,290.8,77.9
KIC 1025986,CANDIDATE,K07621.01,0,0,0,0,275.07365,228.9,7.5
KIC 6347299,CONFIRMED,K00661.01,0,0,0,0,14.40090414,379.6,41.1
KIC 9578686,CONFIRMED,K00709.01,0,0,0,0,21.3851584,663.9,67.3
KIC 9590976,CONFIRMED,K00710.01,0,0,0,0,5.37493289,155.8,49.0
KIC 11284772,CONFIRMED,K04622.01,0,0,0,0,207.24785,809.2,13.2
KIC 2441151,FALSE POSITIVE,K00603.01,0,1,1,1,2.192009479,1475.6,131.2
KIC 3970233,FALSE POSITIVE,K00604.01,0,1,0,0,8.254912972,19242.4,438.2
KIC 4832837,CONFIRMED,K00605.01,0,0,0,0,2.628117322,936.8,98.1
KIC 5014753,FALSE POSITIVE,K00606.01,0,1,0,0,3.170626881,14610,113.2
KIC 5441980,CANDIDATE,K00607.01,0,0,0,0,5.89399142,10993,252.5
KIC 6365156,CONFIRMED,K00662.01,0,0,0,0,10.21418792,303.8,78.6
KIC 6425957,CONFIRMED,K00663.01,0,0,0,0,2.755637216,536.7,99.8
KIC 1293046,FALSE POSITIVE,K07622.01,0,0,1,0,36.2671673,627.1,10.0
KIC 2444412,CONFIRMED,K00103.01,0,0,0,0,14.91095177,864.5,116.9
KIC 9597345,CONFIRMED,K00711.01,0,0,0,0,44.6996563,837.7,71.3
KIC 10972902,FALSE POSITIVE,K04692.01,1,0,0,1,1.42856815,59.5,11.8
KIC 9640976,FALSE POSITIVE,K00712.01,0,1,1,1,2.178150857,162.5,37.4
KIC 9640985,FALSE POSITIVE,K00713.01,0,1,1,1,2.178150567,511.3,131.4
KIC 5562784,FALSE POSITIVE,K00608.01,0,0,1,0,25.33709016,2279.4,120.3
KIC 5608566,FALSE POSITIVE,K00609.01,0,1,0,0,4.396999852,4576.8,63.3
KIC 5686174,CONFIRMED,K00610.01,0,0,0,0,14.28228147,983.2,44.7
KIC 6309763,CANDIDATE,K00611.01,0,0,0,0,3.251659087,4747.9,466.2
KIC 5903312,FALSE POSITIVE,K00008.01,0,0,1,1,1.16015259,170.2,48.4
KIC 6442340,CONFIRMED,K00664.01,0,0,0,0,13.13747785,212.8,43.1
KIC 1434395,FALSE POSITIVE,K07623.01,0,0,1,0,2.2227289,279.1,10.5
KIC 6685609,CONFIRMED,K00665.01,0,0,0,0,5.868066282,436.5,97.6
KIC 9450647,CONFIRMED,K00110.01,0,0,0,0,9.940666412,520.2,161.4
KIC 9702072,CONFIRMED,K00714.01,0,0,0,0,4.182001885,847.4,160.3
KIC 9413156,CANDIDATE,K04700.02,0,0,0,0,66.47762,553.5,9.1
KIC 9834719,FALSE POSITIVE,K00715.01,0,1,0,0,1.621668852,7662,67.8
KIC 9846348,CANDIDATE,K00716.01,0,0,0,0,26.89316101,2193.2,119.6
KIC 9873254,CONFIRMED,K00717.01,0,0,0,0,14.70749512,262,36.3
KIC 6587002,CONFIRMED,K00612.01,0,0,0,0,20.73989406,616.1,44.2
KIC 6960456,FALSE POSITIVE,K00613.01,0,0,1,1,5.07442951,250.2,26.7
KIC 7368664,CONFIRMED,K00614.01,0,0,0,0,12.874712426,3860.7,218.5
KIC 8374580,FALSE POSITIVE,K00615.01,0,1,1,0,176.2432946,4981.4,86.6
KIC 6707835,CONFIRMED,K00666.01,0,0,0,0,22.24814617,613.7,74.2
KIC 2696205,CANDIDATE,K07636.01,0,0,0,0,0.702739679,65.1,9.5
KIC 6752502,FALSE POSITIVE,K00667.01,0,0,1,0,4.305219002,9738.6,205.8
KIC 6805146,FALSE POSITIVE,K00668.01,0,1,0,0,13.779711352,25479.1,2013.6
KIC 10318874,CONFIRMED,K00104.01,0,0,0,0,2.508057497,1507.6,312.7
KIC 6960445,FALSE POSITIVE,K00669.01,0,1,1,1,5.07437786,605.7,86.6
KIC 9884104,CONFIRMED,K00718.01,0,0,0,0,4.585466941,383.5,84.8
KIC 9950612,CONFIRMED,K00719.01,0,0,0,0,9.034190783,577.6,82.1
KIC 9714696,FALSE POSITIVE,K00616.01,0,0,1,0,1.433339604,305.2,39.6
KIC 9846086,FALSE POSITIVE,K00617.01,0,1,0,0,37.86511904,6941.7,222.3
KIC 10353968,CONFIRMED,K00618.01,0,0,0,0,9.07098164,1026.2,59.1
KIC 10384962,FALSE POSITIVE,K00619.01,0,1,0,0,2.879243323,48050,200.5
KIC 11773022,CONFIRMED,K00620.01,0,0,0,0,45.15535633,6208.7,285.1
KIC 7033671,CONFIRMED,K00670.01,0,0,0,0,9.48965527,262.2,42.5
KIC 7040629,CONFIRMED,K00671.01,0,0,0,0,4.22865217,150,41.5
KIC 2711131,FALSE POSITIVE,K07637.01,0,0,1,1,2.85889907,55.7,6.9
KIC 2308411,FALSE POSITIVE,K07631.01,0,0,1,0,0.983304511,79.9,10.1
KIC 9963524,CONFIRMED,K00720.01,0,0,0,0,5.69059163,1384.3,45.5
KIC 5780885,CONFIRMED,K00097.01,0,1,0,0,4.885488596,7458.4,2590.1
KIC 12251650,CANDIDATE,K00621.01,0,0,0,0,17.761998411,24176.9,731.7
KIC 12417486,CANDIDATE,K00622.01,0,0,0,0,155.042265,4880.9,117.9
KIC 12068975,CONFIRMED,K00623.01,0,0,0,0,10.34973276,119,44.5
KIC 7115785,CONFIRMED,K00672.01,0,0,0,0,16.08786246,612.5,63.7
KIC 2834805,CANDIDATE,K07638.01,0,0,0,0,25.0032023,64.1,12.6
KIC 7124613,CONFIRMED,K00673.01,0,0,0,0,4.41746257,291,22.6
KIC 8711794,CONFIRMED,K00105.01,0,0,0,0,8.981014925,1059.3,198.3
KIC 7277317,CONFIRMED,K00674.01,0,0,0,0,16.33888067,1718.4,201.9
KIC 2446134,FALSE POSITIVE,K07632.01,1,0,0,0,39.1307086,201,7.4
KIC 9964801,CONFIRMED,K00721.01,0,0,0,0,13.72462702,281.8,50.1
KIC 9965439,CONFIRMED,K00722.01,0,0,0,0,46.40626,469.1,51.2
KIC 2569995,CANDIDATE,K07634.01,0,0,0,0,80.84069,9326,21.6
KIC 3541946,CONFIRMED,K00624.01,0,0,0,0,17.79001678,871.4,67.2
KIC 10264660,CONFIRMED,K00098.01,0,0,0,0,6.790120801,2302.3,526.1
KIC 7385509,FALSE POSITIVE,K00675.01,0,0,1,1,1.655467295,1059.4,98.7
KIC 7447200,CONFIRMED,K00676.01,0,0,0,0,7.972510087,3139,206.7
KIC 7466863,FALSE POSITIVE,K00677.01,0,0,1,0,11.9710626,421.8,42.6
KIC 7509886,CONFIRMED,K00678.01,0,0,0,0,6.0404622,241,14.9
KIC 10002866,CONFIRMED,K00723.01,0,0,0,0,3.936993144,1266,59.3
KIC 2577353,CANDIDATE,K07635.01,0,0,0,0,60.458443,175.2,9.7
KIC 10005020,FALSE POSITIVE,K00724.01,0,0,1,0,6.97106919,452.8,41.7
KIC 4449034,FALSE POSITIVE,K00625.01,0,1,0,0,38.13853099,1230.2,58.9
KIC 4478168,CONFIRMED,K00626.01,0,0,0,0,14.58649856,378.7,53.0
KIC 2854839,FALSE POSITIVE,K07639.01,1,0,0,0,1.05569286,37.5,7.1
KIC 7515212,CONFIRMED,K00679.01,0,0,0,0,31.80475991,360.6,73.4
KIC 7529266,CONFIRMED,K00680.01,0,0,0,0,8.600153929,4510.2,1208.1
KIC 11553706,FALSE POSITIVE,K00009.01,0,1,1,0,3.719809197,2958.2,373.9
KIC 2449053,FALSE POSITIVE,K07633.01,0,1,1,1,0.73975345,481.8,86.2
KIC 10489525,FALSE POSITIVE,K00106.01,0,1,1,1,1.612249049,154,45.4
KIC 7598128,FALSE POSITIVE,K00681.01,0,1,0,0,44.258173075,20541.7,1282.3
KIC 11858979,FALSE POSITIVE,K04062.01,0,1,1,0,3.05933906,1169.2,37.7
KIC 5900390,FALSE POSITIVE,K04063.01,0,1,1,0,0.624677585,37.3,31.0
KIC 5444334,FALSE POSITIVE,K04064.01,0,0,0,1,0.759763198,202.5,30.8
KIC 10139620,FALSE POSITIVE,K04065.01,1,0,0,0,372.37369,666.1,15.6
KIC 8686373,CONFIRMED,K04066.01,0,0,0,0,126.55719,366.4,24.8
KIC 5386264,FALSE POSITIVE,K04135.01,0,1,0,0,12.435190544,71.9,4.8
KIC 3218844,FALSE POSITIVE,K07646.01,1,0,0,0,85.112898,513.8,8.0
KIC 7256914,CANDIDATE,K04136.01,0,0,0,0,2.41750021,58.2,15.2
KIC 3542222,FALSE POSITIVE,K04137.01,0,1,1,0,0.504426087,614.5,81.7
KIC 5530112,CONFIRMED,K04067.01,0,0,0,0,9.6887216,655.5,18.1
KIC 6226908,CONFIRMED,K04068.01,0,0,0,0,19.597317,1014.1,23.7
KIC 5906694,CONFIRMED,K04069.01,0,0,0,0,13.06243545,464.3,21.4
KIC 10186945,FALSE POSITIVE,K04070.01,0,1,0,0,0.793663156,186.2,23.7
KIC 4636565,FALSE POSITIVE,K04138.01,0,0,1,1,2.81401302,55.7,33.8
KIC 9956082,CONFIRMED,K04139.01,0,0,0,0,3.74031708,165.6,15.6
KIC 3241647,FALSE POSITIVE,K07650.01,0,0,1,1,0.851678507,67.9,9.1
KIC 7761585,FALSE POSITIVE,K04140.01,1,0,0,0,205.30627,671,6.4
KIC 3241248,FALSE POSITIVE,K04141.01,1,0,1,0,0.978046982,838.8,105.2
KIC 9716302,FALSE POSITIVE,K04142.01,0,0,1,1,1.332566763,384.9,18.2
KIC 2708286,FALSE POSITIVE,K04071.01,0,0,0,1,1.89131005,155.6,18.7
KIC 6755944,CONFIRMED,K04072.01,0,0,0,0,0.692978457,61,20.9
KIC 10419797,FALSE POSITIVE,K04073.01,1,0,0,0,87.140633,,
KIC 6515335,FALSE POSITIVE,K04074.01,1,0,0,0,185.53285,877,19.9
KIC 7777471,FALSE POSITIVE,K04075.01,0,1,1,1,0.885131111,93.2,23.4
KIC 10294509,FALSE POSITIVE,K04143.01,0,0,0,1,1.85447373,306.8,18.9
KIC 3112129,CANDIDATE,K04144.01,0,0,0,0,0.487656278,109.8,25.1
KIC 3003019,FALSE POSITIVE,K07642.01,0,1,1,0,0.502622858,146,41.1
KIC 3103212,CANDIDATE,K04145.01,0,0,0,0,3.25424652,82.1,18.3
KIC 9455677,CONFIRMED,K04076.01,0,0,0,0,124.827797,647.5,17.1
KIC 7690855,FALSE POSITIVE,K04077.01,1,0,0,1,0.786260569,877.1,246.0
KIC 5649837,FALSE POSITIVE,K04078.01,1,0,1,0,0.597934463,515,72.2
KIC 10141938,FALSE POSITIVE,K04079.01,1,0,0,0,360.76458,383.7,10.0
KIC 8029197,FALSE POSITIVE,K04147.01,0,0,0,1,2.15292788,41.4,21.5
KIC 12257886,FALSE POSITIVE,K04148.01,0,1,1,1,2.61585431,169.8,26.9
KIC 10875007,CANDIDATE,K04149.01,0,0,0,0,9.54699216,143,17.4
KIC 11465651,CONFIRMED,K04150.01,0,0,0,0,31.3351094,264.9,16.7
KIC 5036480,FALSE POSITIVE,K04080.01,0,0,1,1,1.061002863,142.4,15.7
KIC 10275077,FALSE POSITIVE,K04081.01,1,0,0,0,363.35755,395.3,13.9
KIC 6592832,FALSE POSITIVE,K04082.01,0,1,1,0,0.924821319,122.4,24.3
KIC 8524346,FALSE POSITIVE,K04083.01,0,0,0,1,4.4697452,241.5,33.8
KIC 3937814,CONFIRMED,K04084.01,0,0,0,0,214.881456,759.2,16.1
KIC 5551228,FALSE POSITIVE,K04154.02,0,1,1,0,122.906853,819.7,19.9
KIC 5471271,FALSE POSITIVE,K04155.01,1,0,1,1,12.422216754,54.5,11.0
KIC 5881120,CONFIRMED,K04156.01,0,0,0,0,4.85018974,64.5,15.8
KIC 3248696,FALSE POSITIVE,K07651.01,1,0,0,0,383.43595,1228,14.1
KIC 4548098,CONFIRMED,K04157.01,0,0,0,0,3.82315697,47.2,8.9
KIC 5306383,FALSE POSITIVE,K04158.01,0,1,1,0,0.842336445,80.1,8.8
KIC 5041847,FALSE POSITIVE,K04085.01,1,0,0,1,0.914468919,3426.3,189.0
KIC 3836558,FALSE POSITIVE,K04086.01,0,0,1,1,1.54039744,127.6,7.0
KIC 6106282,CONFIRMED,K04087.01,0,0,0,0,101.1107014,878.1,24.1
KIC 4946584,FALSE POSITIVE,K04088.01,1,0,1,0,0.907943645,1028.9,53.7
KIC 6463499,FALSE POSITIVE,K04163.01,0,0,1,0,94.446856,436.4,20.0
KIC 8254882,FALSE POSITIVE,K04164.01,0,0,1,0,0.92565941,30,11.2
KIC 6042031,FALSE POSITIVE,K04165.01,0,1,0,0,0.537110149,92,41.1
KIC 4078311,CONFIRMED,K04166.01,0,0,0,0,9.84262076,626.4,16.8
KIC 5475735,FALSE POSITIVE,K04167.01,0,1,1,1,2.99194823,99.6,18.2
KIC 10075409,FALSE POSITIVE,K04019.01,1,0,0,0,360.33012,1022,12.2
KIC 7038096,FALSE POSITIVE,K04020.01,0,1,0,1,0.566803149,246,52.6
KIC 3345973,FALSE POSITIVE,K07652.01,0,0,1,0,15.3466028,238.5,13.0
KIC 11967788,CANDIDATE,K04021.01,0,0,0,0,7.23531329,112.2,14.0
KIC 11972872,FALSE POSITIVE,K04089.01,1,0,0,0,0.531106622,5133.6,286.2
KIC 9899233,FALSE POSITIVE,K04090.01,0,0,1,1,1.332547503,130.3,25.5
KIC 3103227,CONFIRMED,K04091.01,0,0,0,0,225.585245,754.9,18.6
KIC 4850961,CONFIRMED,K04092.01,0,0,0,0,24.4972683,449.1,19.5
KIC 3102309,FALSE POSITIVE,K07643.01,1,0,0,0,4.20253859,31.5,8.8
KIC 8521059,FALSE POSITIVE,K04093.01,0,1,1,0,0.535578808,193.6,38.3
KIC 5217574,FALSE POSITIVE,K04151.01,0,0,1,0,0.89486317,172,16.1
KIC 7199060,CANDIDATE,K04152.01,0,0,0,0,64.1862264,507.3,18.6
KIC 8439323,CONFIRMED,K04153.01,0,0,0,0,4.62602867,346.9,14.7
KIC 3230095,FALSE POSITIVE,K07647.01,0,0,1,1,7.04716175,150.8,9.4
KIC 7733731,CANDIDATE,K04022.01,0,0,0,0,4.85819429,76.3,25.2
KIC 6862332,FALSE POSITIVE,K04023.01,0,0,1,1,119.0192648,1977,31.1
KIC 10714072,CONFIRMED,K04024.01,0,0,0,0,8.40693068,167.1,6.8
KIC 3110177,CANDIDATE,K07644.01,0,0,0,0,3.39904814,69.6,8.1
KIC 10992011,FALSE POSITIVE,K04025.01,0,1,1,1,0.974479091,221.2,25.3
KIC 8128247,FALSE POSITIVE,K04094.01,0,1,0,1,3.57017774,79.6,8.9
KIC 6276994,FALSE POSITIVE,K04095.01,0,0,1,0,1.10601182,52.9,15.5
KIC 9674564,FALSE POSITIVE,K04096.01,0,1,1,1,6.873655305,181.3,3.4
KIC 3232249,CANDIDATE,K07648.01,0,0,0,0,1.183505016,116.6,10.0
KIC 5688683,CONFIRMED,K04097.01,0,0,0,0,2.790643481,202,20.2
KIC 6607644,CONFIRMED,K04159.01,0,0,0,0,0.971915957,73.7,16.7
KIC 7610663,CONFIRMED,K04160.01,0,0,0,0,3.03196812,81.5,15.8
KIC 5565707,FALSE POSITIVE,K04161.01,0,0,1,0,1.2940561,51.2,6.4
KIC 1293031,FALSE POSITIVE,K04162.01,1,0,0,0,0.53936593,145,57.6
KIC 2859299,FALSE POSITIVE,K07640.01,1,0,1,0,0.643703667,172,40.3
KIC 4067110,FALSE POSITIVE,K04026.01,1,0,1,0,0.735146413,275.4,78.0
KIC 8694309,FALSE POSITIVE,K04027.01,0,0,1,0,0.827351796,44.7,30.6
KIC 7818447,FALSE POSITIVE,K04028.01,1,0,0,1,0.618952198,8324.1,259.3
KIC 11569475,FALSE POSITIVE,K04029.01,1,0,0,0,1.31723412,422.7,78.4
KIC 8222627,CANDIDATE,K04098.01,0,0,0,0,1.121733366,84.3,13.6
KIC 8951205,CONFIRMED,K04099.01,0,0,0,0,4.95060632,309.5,17.4
KIC 5700900,FALSE POSITIVE,K04100.01,1,0,0,0,379.08202,1609.1,23.2
KIC 7026477,FALSE POSITIVE,K04101.01,1,0,0,0,366.31509,336,13.0
KIC 9402583,FALSE POSITIVE,K04168.01,1,0,1,0,0.536544193,159.5,25.3
KIC 7838675,CONFIRMED,K04169.01,0,0,0,0,1.005205893,97.5,15.0
KIC 8700537,FALSE POSITIVE,K04170.01,0,1,1,1,43.796785,256.3,21.2
KIC 10858785,FALSE POSITIVE,K04171.01,0,1,1,1,0.952371227,352.5,42.6
KIC 9640907,FALSE POSITIVE,K04172.01,0,0,1,1,1.089088292,141.7,1.8
KIC 9551430,FALSE POSITIVE,K04030.01,1,0,0,0,7.7553808,839.6,55.9
KIC 3228986,FALSE POSITIVE,K04031.01,0,1,1,1,0.730949487,87.3,15.8
KIC 7100673,CONFIRMED,K04032.01,0,0,0,0,3.95116635,60.9,20.4
KIC 4138557,FALSE POSITIVE,K04033.01,1,0,1,0,0.991552822,607.2,17.3
KIC 2708278,FALSE POSITIVE,K04102.01,0,0,1,1,1.89124187,105.8,20.8
KIC 2984990,CANDIDATE,K07641.01,0,0,0,0,3.79437277,83.2,7.7
KIC 3747817,CONFIRMED,K04103.01,0,0,0,0,184.77271,951.4,21.0
KIC 8483366,FALSE POSITIVE,K04104.01,1,0,0,0,392.49728,1062,14.5
KIC 7758018,CANDIDATE,K04105.01,0,0,0,0,363.41165,961.7,17.4
KIC 10089911,CONFIRMED,K04034.01,0,0,0,0,6.96704926,213.7,18.6
KIC 3247404,FALSE POSITIVE,K04035.01,0,0,1,0,8.8109721,24048,26.0
KIC 11415243,CONFIRMED,K04036.01,0,0,0,0,168.81133,614.4,15.3
KIC 8264402,CANDIDATE,K04037.01,0,0,0,0,215.956008,392.7,23.3
KIC 7773179,FALSE POSITIVE,K04038.01,0,0,1,0,2.15681538,106.5,22.6
KIC 11017094,FALSE POSITIVE,K04106.01,1,0,1,0,0.708563091,414.5,90.8
KIC 3129238,CANDIDATE,K07645.01,0,0,0,0,2.00870696,53.5,12.2
KIC 5956633,FALSE POSITIVE,K04107.01,1,0,1,0,366.24282,733.7,18.2
KIC 9899065,FALSE POSITIVE,K04108.01,0,1,1,1,1.33256418,162.3,20.7
KIC 7907808,CANDIDATE,K04109.01,0,0,0,0,0.655939788,73,18.7
KIC 5471792,FALSE POSITIVE,K04110.01,1,0,1,1,12.4258833,93.6,34.4
KIC 11145831,FALSE POSITIVE,K04039.01,0,0,1,0,1.387838134,136.8,20.4
KIC 11444952,FALSE POSITIVE,K04040.01,0,1,1,0,0.678349364,486,12.0
KIC 8647295,FALSE POSITIVE,K04041.01,0,1,1,1,1.022028468,1344.5,184.5
KIC 3444098,FALSE POSITIVE,K04042.01,1,0,0,0,0.72359699,495.6,14.8
KIC 5112567,FALSE POSITIVE,K04043.01,0,1,0,0,1.6156052,1582,253.1
KIC 2708343,FALSE POSITIVE,K04111.01,0,0,1,1,1.8913182,202.3,17.6
KIC 3235282,FALSE POSITIVE,K07649.01,1,0,0,0,494.165759,1440,7.4
KIC 3348090,FALSE POSITIVE,K04112.01,0,0,1,0,2.43585046,60.5,14.9
KIC 9282762,FALSE POSITIVE,K04113.01,0,0,0,1,1.33255441,106.7,15.1
KIC 3117046,FALSE POSITIVE,K04114.01,1,0,0,1,359.1015,496.5,12.9
KIC 6311520,FALSE POSITIVE,K04115.01,0,1,0,0,0.941840589,388.3,23.0
KIC 5201115,FALSE POSITIVE,K04044.01,0,1,0,1,1.728521892,92.2,30.2
KIC 2708203,FALSE POSITIVE,K04045.01,0,0,1,1,1.89125855,67.9,24.8
KIC 4150496,FALSE POSITIVE,K04046.01,0,1,1,1,8.65312868,508.6,22.6
KIC 9655005,FALSE POSITIVE,K04047.01,0,1,0,0,1.39862757,45.5,59.6
KIC 3851194,FALSE POSITIVE,K07671.01,0,0,0,1,0.918510251,52.6,20.3
KIC 5092655,FALSE POSITIVE,K04116.01,1,0,0,0,0.783258387,328.5,28.5
KIC 3955817,CONFIRMED,K04117.01,0,0,0,0,4.24263096,187.6,15.9
KIC 10661778,FALSE POSITIVE,K04118.01,1,0,0,1,1.231363214,4774.7,112.7
KIC 5513857,FALSE POSITIVE,K04119.01,0,0,1,1,0.755101928,119.8,18.1
KIC 10272389,FALSE POSITIVE,K04048.01,0,0,0,1,4.56447463,208.4,42.6
KIC 4679687,FALSE POSITIVE,K04049.01,0,1,1,0,1.027904857,2381.2,117.8
KIC 7968683,FALSE POSITIVE,K04050.01,1,0,0,0,367.95566,1414.1,13.7
KIC 10360722,CONFIRMED,K04051.01,0,0,0,0,163.692336,1138,21.0
KIC 9091755,FALSE POSITIVE,K04052.01,1,0,1,0,1.106529843,319.5,69.2
KIC 3852476,FALSE POSITIVE,K07672.01,1,0,0,0,111.741576,238.8,9.9
KIC 9700449,CANDIDATE,K04120.01,0,0,0,0,110.461746,331.2,15.8
KIC 6349881,CONFIRMED,K04121.01,0,0,0,0,198.088873,1027.7,18.0
KIC 9851970,FALSE POSITIVE,K04122.01,0,1,1,1,1.08193721,115.3,14.4
KIC 6140059,CANDIDATE,K04123.01,0,0,0,0,44.6226725,131.9,20.6
KIC 5726910,FALSE POSITIVE,K04124.01,0,0,1,0,2.43142974,146.6,10.7
KIC 1718958,CONFIRMED,K04053.01,0,0,0,0,1.41975831,60.9,8.1
KIC 6428794,CONFIRMED,K04054.01,0,0,0,0,169.135056,640.7,24.5
KIC 3228825,FALSE POSITIVE,K04055.01,0,1,1,1,0.73095491,29.6,7.5
KIC 4673628,CONFIRMED,K04056.01,0,0,0,0,3.951383138,405.7,23.9
KIC 3852872,CANDIDATE,K07673.01,0,0,0,0,80.769893,128.5,6.7
KIC 9099950,FALSE POSITIVE,K04125.01,1,0,1,0,1.111362442,133.9,36.8
KIC 9272070,CONFIRMED,K04126.01,0,0,0,0,8.10503551,209.9,16.5
KIC 5088400,CONFIRMED,K04127.01,0,0,0,0,8.82715783,368.6,11.1
KIC 4669402,FALSE POSITIVE,K04128.01,0,0,1,0,143.196381,618.1,17.4
KIC 3757407,FALSE POSITIVE,K04057.01,0,0,1,0,9.089151782,110.1,7.1
KIC 4769931,FALSE POSITIVE,K04058.01,0,0,0,1,1.87886973,181.9,23.9
KIC 9220612,FALSE POSITIVE,K04059.01,0,0,1,1,0.979161676,160.2,20.2
KIC 9086154,CANDIDATE,K04060.01,0,0,0,0,225.26213,389.2,24.6
KIC 6806695,FALSE POSITIVE,K04061.01,0,1,1,0,0.855922327,130.9,21.1
KIC 3858943,FALSE POSITIVE,K07674.01,0,0,1,1,25.9528725,164.1,16.9
KIC 11970988,CANDIDATE,K04129.01,0,0,0,0,2.31482311,58.6,14.2
KIC 10858803,FALSE POSITIVE,K04130.01,0,1,1,1,0.952374508,204.8,33.0
KIC 6129694,FALSE POSITIVE,K04131.01,1,0,0,0,0.936751792,26.4,23.0
KIC 5957181,FALSE POSITIVE,K04132.01,1,0,0,0,393.34331,1750,21.2
KIC 7601918,FALSE POSITIVE,K04133.01,0,0,1,0,0.621361411,45,24.6
KIC 6119877,FALSE POSITIVE,K04134.01,1,0,0,0,250.23760741,,
KIC 6792908,CANDIDATE,K04341.01,0,0,0,0,10.778313,90.7,12.5
KIC 7211879,FALSE POSITIVE,K04342.01,0,0,1,0,0.594310785,112.5,15.7
KIC 8087812,CONFIRMED,K04343.01,0,0,0,0,27.2106807,99.4,16.9
KIC 4863956,FALSE POSITIVE,K04344.01,1,0,0,0,4.31978105,65.8,23.5
KIC 10534155,CANDIDATE,K04345.01,0,0,0,0,4.32710895,108.9,12.9
KIC 5308537,CONFIRMED,K04409.01,0,0,0,0,14.2651545,66.3,13.9
KIC 6350882,CANDIDATE,K04410.01,0,0,0,0,5.04404366,236.5,11.6
KIC 5281113,CONFIRMED,K04411.01,0,0,0,0,11.17931581,90.6,12.0
KIC 7847104,FALSE POSITIVE,K04412.01,0,0,1,0,1.284991846,29.1,15.3
KIC 3450040,CANDIDATE,K04205.01,0,0,0,0,1.166960319,97.8,17.9
KIC 3347807,FALSE POSITIVE,K07653.01,1,0,1,0,324.18028,87.9,10.9
KIC 8487805,FALSE POSITIVE,K04206.01,0,1,1,1,0.530959357,84.4,22.0
KIC 9456281,CANDIDATE,K04207.01,0,0,0,0,0.701944362,210.8,17.1
KIC 5129453,CANDIDATE,K04208.01,0,0,0,0,3.05772668,311,13.7
KIC 7918478,CANDIDATE,K04209.01,0,0,0,0,9.9092109,942,6.4
KIC 3336845,FALSE POSITIVE,K04275.01,0,1,1,0,0.996864568,86.7,21.4
KIC 3645282,FALSE POSITIVE,K07661.01,0,0,1,0,0.673684895,51.1,7.0
KIC 6026924,CONFIRMED,K04276.01,0,0,0,0,56.644452,104.6,21.8
KIC 6525280,FALSE POSITIVE,K04277.01,0,0,1,1,1.710319812,43.6,19.1
KIC 4861784,FALSE POSITIVE,K04278.01,1,0,1,0,5.62978034,379.2,19.1
KIC 5876360,FALSE POSITIVE,K04279.01,0,1,0,0,1.050852976,41694,143.0
KIC 9509343,CANDIDATE,K04346.01,0,0,0,0,6.39269778,174.3,11.3
KIC 3732972,FALSE POSITIVE,K07664.01,0,0,1,1,1.540398683,73,4.8
KIC 3244792,CONFIRMED,K04347.01,0,0,0,0,3.0570982,144,15.7
KIC 8743082,FALSE POSITIVE,K04348.01,1,0,0,0,365.25921,529,12.8
KIC 9142742,FALSE POSITIVE,K04349.01,1,0,0,0,372.72688,331.7,17.0
KIC 6891513,FALSE POSITIVE,K04413.01,0,0,1,0,9.9398272,478.6,4.3
KIC 4579598,FALSE POSITIVE,K04414.01,1,0,0,1,0.866346,116.4,13.9
KIC 7777522,FALSE POSITIVE,K04415.01,0,1,1,1,0.885129679,177.3,21.2
KIC 9305012,FALSE POSITIVE,K04416.01,1,0,0,0,56.898749,514,6.2
KIC 9597729,FALSE POSITIVE,K04417.01,1,1,1,0,0.438153876,164.8,33.4
KIC 11390109,FALSE POSITIVE,K04210.01,1,0,0,0,398.40957,880.3,11.0
KIC 5078025,FALSE POSITIVE,K04211.01,1,0,1,1,0.696286519,120.8,19.7
KIC 1724719,CONFIRMED,K04212.01,0,0,0,0,5.79179934,118.5,17.7
KIC 5026326,FALSE POSITIVE,K04280.01,0,0,1,0,1.39772545,181.3,17.9
KIC 5512580,FALSE POSITIVE,K04281.01,1,0,0,0,383.00806,632.1,7.6
KIC 11670599,FALSE POSITIVE,K04282.01,0,0,1,0,0.847588864,67.1,21.3
KIC 6359820,FALSE POSITIVE,K04283.01,1,0,0,0,331.81534,370.3,7.8
KIC 11872139,FALSE POSITIVE,K04350.01,0,0,0,1,1.75649346,27.5,13.3
KIC 5436161,CANDIDATE,K04351.01,0,0,0,0,0.644322147,1076.6,79.6
KIC 2708221,FALSE POSITIVE,K04352.01,0,0,1,1,1.8912501,731,31.6
KIC 4571844,CANDIDATE,K04353.01,0,0,0,0,17.8075656,1511,11.8
KIC 5040223,FALSE POSITIVE,K04354.01,0,0,1,0,0.996023763,98.3,21.3
KIC 4571004,FALSE POSITIVE,K04355.01,1,0,1,0,36.616669,237.4,3.4
KIC 2859893,CANDIDATE,K04418.01,0,0,0,0,333.03842,1260,7.0
KIC 7582691,CANDIDATE,K04419.01,0,0,0,0,0.259819659,231.5,24.1
KIC 7031942,FALSE POSITIVE,K04420.01,1,0,1,1,0.566795467,38.2,25.8
KIC 9836563,CANDIDATE,K04421.01,0,0,0,0,4.72693131,26.2,11.5
KIC 5632701,FALSE POSITIVE,K04213.01,0,0,1,1,3.67515329,56,16.7
KIC 10549924,FALSE POSITIVE,K04214.01,0,0,1,0,0.715825886,40.6,11.0
KIC 9366617,CONFIRMED,K04215.01,0,0,0,0,26.5487294,142,15.3
KIC 6187341,FALSE POSITIVE,K04216.01,0,1,0,0,0.492291661,1107.6,62.0
KIC 3353454,FALSE POSITIVE,K07654.01,1,0,1,0,1.6911935,2801,26.7
KIC 10156055,FALSE POSITIVE,K04284.01,0,0,1,1,2.42803503,73.8,8.8
KIC 8418018,FALSE POSITIVE,K04285.01,1,0,0,0,372.94844,253.5,17.1
KIC 5024177,FALSE POSITIVE,K04286.01,0,1,1,1,0.787120016,265.5,43.3
KIC 11081504,CANDIDATE,K04287.01,0,0,0,0,13.12297275,43.7,12.9
KIC 8459663,CONFIRMED,K04356.01,0,0,0,0,174.510276,1530,14.8
KIC 3550372,CANDIDATE,K04357.01,0,0,0,0,0.681180633,156.4,16.6
KIC 10155321,FALSE POSITIVE,K04422.01,1,0,0,0,15.705388,283.7,10.6
KIC 3866536,FALSE POSITIVE,K04423.01,1,0,0,0,7.65270746,641.1,254.3
KIC 7046035,CONFIRMED,K04424.01,0,0,0,0,2.27164952,82.4,12.7
KIC 4679314,FALSE POSITIVE,K04425.01,0,0,1,0,3.84835742,84.2,32.8
KIC 8240790,CANDIDATE,K04426.01,0,0,0,0,369.13236,215.9,11.9
KIC 5702637,FALSE POSITIVE,K04217.01,0,0,1,0,1.0388961,600.8,14.7
KIC 8309169,FALSE POSITIVE,K04218.01,1,0,0,0,293.76887,462,4.0
KIC 4678919,FALSE POSITIVE,K04219.01,0,0,1,1,1.87885327,120.9,12.1
KIC 5563080,FALSE POSITIVE,K04220.01,0,1,1,0,0.785473311,339.6,57.0
KIC 6364067,FALSE POSITIVE,K04221.01,0,0,1,1,5.2438982,162.2,18.7
KIC 5983532,FALSE POSITIVE,K04289.01,0,1,1,0,441.877824,1300,15.2
KIC 3439126,FALSE POSITIVE,K07655.01,0,0,0,1,2.9761504,259.5,8.3
KIC 5868793,CONFIRMED,K04290.01,0,0,0,0,4.83809469,1544,11.3
KIC 8483021,FALSE POSITIVE,K04291.01,1,0,0,0,361.91436,228.2,13.0
KIC 10063208,CONFIRMED,K04292.01,0,0,0,0,9.3281912,45.2,13.7
KIC 7191646,CANDIDATE,K04358.01,0,0,0,0,106.957467,539.6,11.7
KIC 1575873,FALSE POSITIVE,K04359.01,0,0,1,0,0.629001455,14.7,9.4
KIC 10669994,CONFIRMED,K04360.01,0,0,0,0,2.71603664,98.5,13.1
KIC 7801070,CANDIDATE,K04361.01,0,0,0,0,75.8781344,1054,11.9
KIC 11449918,FALSE POSITIVE,K04362.01,1,0,0,0,374.59003,267.9,6.6
KIC 4172805,CANDIDATE,K04427.01,0,0,0,0,147.661729,1087.8,13.2
KIC 5126182,CANDIDATE,K04428.01,0,0,0,0,13.00291716,225.3,14.0
KIC 3750350,FALSE POSITIVE,K07665.01,1,0,0,0,319.30633,155.2,7.2
KIC 4584865,FALSE POSITIVE,K04429.01,0,0,1,1,1.75254087,42.5,17.7
KIC 9642018,CANDIDATE,K04430.01,0,0,0,0,0.505111993,212.8,18.7
KIC 9183378,CONFIRMED,K04222.01,0,0,0,0,3.38557445,121.9,13.1
KIC 11188254,FALSE POSITIVE,K04223.01,0,0,1,0,2.754024,172.2,13.8
KIC 1724513,FALSE POSITIVE,K04224.01,0,0,1,0,1.975208831,76.3,15.1
KIC 9535876,FALSE POSITIVE,K04225.01,1,0,1,1,0.960843605,141.7,25.5
KIC 5817533,FALSE POSITIVE,K04293.01,0,0,1,1,4.206109,120,11.9
KIC 7681230,FALSE POSITIVE,K04294.01,0,1,0,0,0.962590772,1021.6,90.4
KIC 7596240,CONFIRMED,K04295.01,0,0,0,0,13.3997555,167.3,13.6
KIC 7661893,CANDIDATE,K04296.01,0,0,0,0,2.49385348,46.9,12.3
KIC 3448456,FALSE POSITIVE,K07656.01,1,0,1,0,0.776950288,396,25.8
KIC 12107008,FALSE POSITIVE,K04297.01,0,0,1,1,5.93725628,115.6,17.1
KIC 9776794,CANDIDATE,K04363.01,0,0,0,0,18.22211768,2318,15.2
KIC 7427764,CONFIRMED,K04364.01,0,0,0,0,4.56383697,201.8,9.9
KIC 4754831,FALSE POSITIVE,K04365.01,1,0,0,0,55.119831,114.5,8.2
KIC 9899630,FALSE POSITIVE,K04439.01,0,1,1,1,1.33258455,152.7,8.1
KIC 4367528,FALSE POSITIVE,K04440.01,1,0,0,0,350.81029,538.3,15.1
KIC 8416523,CONFIRMED,K04441.01,0,0,0,0,0.341842017,285.6,70.1
KIC 11124436,CANDIDATE,K04442.01,0,0,0,0,13.9482197,119.4,14.5
KIC 5780855,CANDIDATE,K04443.01,0,0,0,0,5.67577999,51.2,11.2
KIC 3751231,FALSE POSITIVE,K07666.01,0,0,1,0,0.570953851,76.1,8.9
KIC 9491832,CANDIDATE,K04226.01,0,0,0,0,49.564693,113.5,15.0
KIC 7816665,FALSE POSITIVE,K04227.01,0,0,1,1,4.29258258,369.6,16.1
KIC 9535881,FALSE POSITIVE,K04228.01,1,0,1,0,0.960842633,2022.9,176.1
KIC 11616596,FALSE POSITIVE,K04229.01,1,0,1,1,14.5893928,,
KIC 9872831,CONFIRMED,K04230.01,0,0,0,0,5.49548533,85.8,14.2
KIC 2852941,FALSE POSITIVE,K04298.02,0,1,0,0,11.57958162,,
KIC 8508126,FALSE POSITIVE,K04299.01,1,0,1,0,0.980505042,426.6,51.5
KIC 8507475,CONFIRMED,K04300.01,0,0,0,0,3.58273837,360.5,11.6
KIC 8773015,CONFIRMED,K04301.01,0,0,0,0,15.604841,73.4,15.3
KIC 10647452,CANDIDATE,K04366.01,0,0,0,0,0.762950224,187.3,15.8
KIC 3531231,FALSE POSITIVE,K07657.01,0,1,1,0,62.060783,472.9,19.9
KIC 4773392,CANDIDATE,K04367.01,0,0,0,0,170.995748,477.1,15.5
KIC 5471489,FALSE POSITIVE,K04368.01,1,0,1,1,12.4252735,84.7,36.6
KIC 9011874,FALSE POSITIVE,K04369.01,1,0,0,0,361.54561249,,
KIC 9936080,FALSE POSITIVE,K04431.02,1,0,0,0,355.79978,172.3,10.5
KIC 8611344,FALSE POSITIVE,K04432.01,1,0,0,0,410.99389,550,8.7
KIC 9518651,FALSE POSITIVE,K04433.01,0,0,1,1,2.17823752,44,10.1
KIC 2305311,FALSE POSITIVE,K04434.01,1,0,0,1,1.404674486,155.5,20.7
KIC 6383595,FALSE POSITIVE,K04231.01,1,0,0,0,24.9097436,150.2,9.7
KIC 11509504,CONFIRMED,K04232.01,0,0,0,0,2.61576515,120.4,15.1
KIC 6599949,FALSE POSITIVE,K04233.01,1,0,0,0,409.2452,531.2,12.8
KIC 11611275,CONFIRMED,K04234.01,0,0,0,0,6.94245216,160.8,14.7
KIC 6290935,CANDIDATE,K04302.01,0,0,0,0,5.53312006,53.1,13.4
KIC 12734396,CANDIDATE,K04303.01,0,0,0,0,200.721168,822.5,13.1
KIC 11612280,CONFIRMED,K04304.01,0,0,0,0,9.4061364,79.5,13.2
KIC 5536715,FALSE POSITIVE,K04305.01,1,0,1,0,0.935086665,71.2,13.1
KIC 8149484,FALSE POSITIVE,K04306.01,0,1,0,0,1.489457454,56.3,29.7
KIC 12407623,FALSE POSITIVE,K04370.01,0,0,1,0,1.181165291,370.4,14.1
KIC 11444514,CONFIRMED,K04371.01,0,0,0,0,66.373298,415,13.7
KIC 9702006,CONFIRMED,K04372.01,0,0,0,0,6.24564633,212,11.9
KIC 6778008,FALSE POSITIVE,K04373.01,0,1,1,1,0.945829261,98.2,15.1
KIC 8278685,CANDIDATE,K04435.01,0,0,0,0,10.8614163,64.8,12.9
KIC 8308260,FALSE POSITIVE,K04436.01,0,0,1,0,0.973160836,138.3,9.8
KIC 8492101,FALSE POSITIVE,K04437.01,0,0,0,1,4.05943749,105.4,18.1
KIC 3660581,CANDIDATE,K07662.01,0,0,0,0,4.72519164,98.8,10.0
KIC 6343576,FALSE POSITIVE,K04438.01,0,0,0,1,6.39903778,186.6,24.1
KIC 10794974,CANDIDATE,K04235.01,0,0,0,0,66.6434565,277.3,14.8
KIC 2449101,FALSE POSITIVE,K04236.01,0,1,1,1,0.739761008,292.1,34.7
KIC 7259249,FALSE POSITIVE,K04237.01,0,0,1,0,0.950735805,175.1,17.1
KIC 8678691,FALSE POSITIVE,K04238.01,1,0,0,0,369.819993,1599,42.1
KIC 9640924,FALSE POSITIVE,K04239.01,0,1,1,1,2.17815935,116.3,14.1
KIC 3558849,CANDIDATE,K04307.01,0,0,0,0,160.850075,428.1,16.1
KIC 11151677,FALSE POSITIVE,K04308.01,1,0,1,0,0.720460644,2111.5,117.2
KIC 11037128,FALSE POSITIVE,K04309.01,0,0,1,0,3.7948721,305.1,11.3
KIC 10991114,CANDIDATE,K04374.01,0,0,0,0,3.70386741,125.7,13.1
KIC 11969092,FALSE POSITIVE,K04375.01,1,0,0,0,0.638437699,286.8,25.8
KIC 2570773,FALSE POSITIVE,K04376.01,0,0,1,1,1.8912851,1223.4,25.7
KIC 4945764,CANDIDATE,K04377.01,0,0,0,0,19.8751355,109,15.2
KIC 6356885,FALSE POSITIVE,K04378.01,1,0,0,0,343.42046,482.7,10.0
KIC 3542542,FALSE POSITIVE,K07658.01,0,0,1,1,3.47148164,122.7,9.5
KIC 11718389,CONFIRMED,K04444.01,0,0,0,0,5.94373492,301,13.2
KIC 11124703,FALSE POSITIVE,K04445.01,1,0,0,0,244.60373,769.8,17.7
KIC 10329196,CONFIRMED,K04446.01,0,0,0,0,85.7567919,159.1,16.9
KIC 10604592,CONFIRMED,K04447.01,0,0,0,0,2.18660188,122.3,14.2
KIC 9593773,FALSE POSITIVE,K04240.01,0,1,1,0,3.1339356,203.7,21.4
KIC 9285568,CONFIRMED,K04241.01,0,0,0,0,2.55315031,185.3,15.4
KIC 9514372,CANDIDATE,K04242.01,0,0,0,0,145.786556,378,13.9
KIC 9777757,FALSE POSITIVE,K04243.01,0,0,1,1,1.33254212,37.4,10.6
KIC 7103919,CONFIRMED,K04310.01,0,0,0,0,10.7769944,185.6,11.3
KIC 3762750,CANDIDATE,K07668.01,0,0,0,0,2.5093344,184.3,8.4
KIC 8645191,FALSE POSITIVE,K04311.01,1,0,1,0,0.918921494,321,23.7
KIC 10722485,CONFIRMED,K04312.01,0,0,0,0,7.84931877,68.2,12.6
KIC 9717958,FALSE POSITIVE,K04313.01,1,0,0,0,67.7125988,542.4,13.4
KIC 8128067,FALSE POSITIVE,K04314.01,0,1,0,0,12.4285576,620.1,13.2
KIC 7703910,FALSE POSITIVE,K04379.01,0,0,1,0,1.275511306,69.3,10.3
KIC 7777818,FALSE POSITIVE,K04380.01,0,0,1,0,5.78159956,72.8,16.4
KIC 9851360,FALSE POSITIVE,K04381.01,0,0,1,1,8.4805019,164.9,11.0
KIC 6937529,CONFIRMED,K04382.01,0,0,0,0,2.94648935,57,12.7
KIC 9490653,FALSE POSITIVE,K04173.01,0,0,1,0,1.227986164,150.5,14.8
KIC 3328027,FALSE POSITIVE,K04174.01,0,0,1,1,2.11548883,169.5,17.6
KIC 3644631,FALSE POSITIVE,K07659.01,1,0,1,0,358.96247,670.8,12.1
KIC 9640931,FALSE POSITIVE,K04175.01,0,0,1,1,2.17815196,245,17.9
KIC 5125196,FALSE POSITIVE,K04176.01,1,0,1,0,342.315407,719.7,13.3
KIC 9640962,FALSE POSITIVE,K04177.01,0,0,1,1,1.089077224,152.7,18.7
KIC 5097454,FALSE POSITIVE,K04244.01,0,1,1,1,1.288066288,10082.6,230.7
KIC 12737015,CANDIDATE,K04245.01,0,0,0,0,24.6683831,109.2,15.3
KIC 3663141,FALSE POSITIVE,K07663.01,1,0,1,0,2.31894284,66.5,13.6
KIC 5177859,CONFIRMED,K04246.01,0,0,0,0,6.98472143,90.7,11.7
KIC 8482059,CANDIDATE,K04247.01,0,0,0,0,349.41047,652.8,17.7
KIC 4568117,FALSE POSITIVE,K04248.01,0,1,1,1,0.562563871,34.6,16.4
KIC 10342248,FALSE POSITIVE,K04315.01,0,0,0,1,0.93373458,127.7,27.8
KIC 9777290,FALSE POSITIVE,K04316.01,0,0,0,1,1.33251948,233.7,17.7
KIC 8548427,FALSE POSITIVE,K04317.01,1,0,0,0,168.84663,215.1,9.3
KIC 9286088,CANDIDATE,K04318.01,0,0,0,0,14.8162925,108.2,12.5
KIC 6289344,FALSE POSITIVE,K04319.01,0,1,1,0,160.4122022,2538,24.4
KIC 9883606,CONFIRMED,K04383.01,0,0,0,0,4.34195312,73.3,10.6
KIC 5860968,CONFIRMED,K04384.01,0,0,0,0,122.358116,352.8,12.2
KIC 3645438,CONFIRMED,K04385.01,0,0,0,0,7.298142,370.5,13.6
KIC 8480582,CONFIRMED,K04386.01,0,0,0,0,18.5010898,421.1,14.7
KIC 5197233,CANDIDATE,K04178.01,0,0,0,0,7.016016,169,6.3
KIC 10936786,FALSE POSITIVE,K04179.01,0,1,1,0,0.569961046,44.2,18.9
KIC 6938264,FALSE POSITIVE,K04180.01,0,0,1,0,1.121634781,71.5,14.8
KIC 9899315,FALSE POSITIVE,K04181.01,0,0,1,1,1.33256979,104.2,18.4
KIC 9541089,FALSE POSITIVE,K04182.01,1,0,0,0,0.536650896,273.2,117.8
KIC 3650049,FALSE POSITIVE,K04249.01,1,0,0,0,397.73699,1131.5,15.3
KIC 9641076,FALSE POSITIVE,K04250.01,0,0,1,1,2.17818699,115.8,15.4
KIC 8741470,CANDIDATE,K04251.01,0,0,0,0,6.23968392,155.9,9.0
KIC 10525049,CONFIRMED,K04252.01,0,0,0,0,15.5714121,173.5,13.0
KIC 5095082,CONFIRMED,K04320.01,0,0,0,0,20.6579443,98.2,14.1
KIC 12418891,FALSE POSITIVE,K04321.01,0,0,1,1,0.760941405,186.6,15.2
KIC 3839294,FALSE POSITIVE,K07669.01,1,0,0,0,137.665706,536.9,11.7
KIC 7698701,FALSE POSITIVE,K04322.01,1,0,1,0,370.90237,545.8,14.7
KIC 2830919,FALSE POSITIVE,K04387.01,0,0,0,1,1.54038914,71.8,9.1
KIC 2997459,CANDIDATE,K04389.01,0,0,0,0,16.3368863,225.9,12.1
KIC 8330207,CANDIDATE,K04390.01,0,0,0,0,1.63668262,921.7,12.9
KIC 10858737,FALSE POSITIVE,K04183.01,1,0,1,1,0.952378454,43.8,17.4
KIC 6752002,CONFIRMED,K04184.01,0,0,0,0,6.08003714,184,17.7
KIC 7257966,CONFIRMED,K04185.01,0,0,0,0,3.035206175,696.9,19.1
KIC 3644738,FALSE POSITIVE,K07660.01,1,0,1,0,358.96844,807.8,13.3
KIC 9406892,FALSE POSITIVE,K04186.01,0,1,1,0,2.21316437,116.1,27.9
KIC 9202434,CANDIDATE,K04253.01,0,0,0,0,173.2578372,687,13.5
KIC 8487645,FALSE POSITIVE,K04254.01,1,0,1,1,0.530967987,26.9,24.1
KIC 10407482,CONFIRMED,K04255.01,0,0,0,0,6.30558387,193.1,9.5
KIC 5817613,FALSE POSITIVE,K04256.01,0,0,1,1,4.2058608,182,13.3
KIC 7901016,CANDIDATE,K04257.01,0,0,0,0,41.6757509,142,22.6
KIC 5385410,FALSE POSITIVE,K04323.02,1,0,1,1,12.4250319,29.5,2.7
KIC 9910942,FALSE POSITIVE,K04324.01,0,0,1,1,8.4803326,35.6,11.0
KIC 7749002,CANDIDATE,K04325.01,0,0,0,0,0.609926502,133.8,15.3
KIC 10924340,FALSE POSITIVE,K04326.01,1,0,0,1,0.750744255,170.6,50.4
KIC 5371777,CONFIRMED,K04327.01,0,0,0,0,0.991659646,77.3,13.5
KIC 3848083,CANDIDATE,K07670.01,0,0,0,0,8.4795266,163.3,8.0
KIC 6359926,CANDIDATE,K04391.01,0,0,0,0,49.4746966,291,17.2
KIC 6629993,FALSE POSITIVE,K04392.01,0,0,1,0,118.609553,380.9,13.1
KIC 8324518,CANDIDATE,K04393.01,0,0,0,0,1.62888267,130.9,12.5
KIC 10427700,FALSE POSITIVE,K04394.01,1,0,0,0,0.616386349,79.4,21.9
KIC 3103473,CANDIDATE,K04395.01,0,0,0,0,1.920062587,226.8,12.6
KIC 11296045,FALSE POSITIVE,K04396.01,1,0,0,0,88.91323139,,
KIC 3124598,FALSE POSITIVE,K04187.01,0,0,1,0,7.07162308,123,16.9
KIC 6879171,CONFIRMED,K04188.01,0,0,0,0,6.96352699,68.1,17.4
KIC 9897364,CONFIRMED,K04189.01,0,0,0,0,64.2729088,1213.9,27.4
KIC 12505503,CONFIRMED,K04190.01,0,0,0,0,3.4327371,63.2,15.3
KIC 3548639,FALSE POSITIVE,K04191.01,0,1,1,0,13.8452726,93.2,10.4
KIC 4390912,FALSE POSITIVE,K07695.01,1,0,1,0,0.687506554,130.3,14.4
KIC 7115925,FALSE POSITIVE,K04258.01,1,0,0,1,0.566801617,24.9,26.4
KIC 5785279,CANDIDATE,K04259.01,0,0,0,0,0.909127736,98.7,13.9
KIC 10526887,CONFIRMED,K04261.01,0,0,0,0,1.450889836,135.7,15.7
KIC 3545583,FALSE POSITIVE,K04328.01,1,0,1,0,407.59415,462.4,7.7
KIC 12456063,CANDIDATE,K04329.01,0,0,0,0,17.8007815,44.5,14.2
KIC 8374741,FALSE POSITIVE,K04330.01,1,0,0,0,358.101884,114,12.8
KIC 5096053,CANDIDATE,K04331.01,0,0,0,0,1.717859841,66.3,9.5
KIC 3247503,FALSE POSITIVE,K04397.01,0,0,1,0,0.447861451,265.4,20.3
KIC 5802637,CANDIDATE,K04398.01,0,0,0,0,7.3422467,366.8,11.8
KIC 9828127,CONFIRMED,K04192.01,0,0,0,0,18.0541469,283.1,19.3
KIC 4281068,FALSE POSITIVE,K07689.01,0,1,1,0,1.01530474,16445.2,1823.0
KIC 9092496,FALSE POSITIVE,K04193.01,1,0,0,0,94.180473,1104.4,15.6
KIC 5644412,CONFIRMED,K04194.01,0,0,0,0,1.538185321,277.2,15.2
KIC 9959545,FALSE POSITIVE,K04195.01,0,1,1,1,1.332567643,56.7,24.0
KIC 9641144,FALSE POSITIVE,K04262.01,0,0,1,1,1.089076495,43.7,15.3
KIC 8572168,FALSE POSITIVE,K04263.01,0,0,1,0,1.662710314,85.9,23.8
KIC 4472143,FALSE POSITIVE,K07696.01,1,0,0,0,472.071079,252.6,6.4
KIC 12509829,CANDIDATE,K04264.01,0,0,0,0,0.888478095,340.4,24.6
KIC 7368137,FALSE POSITIVE,K04265.01,0,0,1,1,2.18242002,69.7,13.8
KIC 9027841,FALSE POSITIVE,K04266.01,0,1,0,0,0.503999678,975.6,96.8
KIC 8953414,FALSE POSITIVE,K04332.01,0,0,1,1,2.66588544,167,17.2
KIC 2576962,CANDIDATE,K04333.01,0,0,0,0,309.25581,421.4,9.9
KIC 10140274,CANDIDATE,K04334.01,0,0,0,0,2.44232399,229,14.1
KIC 10730070,CONFIRMED,K04335.01,0,0,0,0,7.61758198,85.4,13.4
KIC 4458109,FALSE POSITIVE,K04336.01,1,0,0,0,41.477908,29.9,9.6
KIC 8345384,CANDIDATE,K04399.01,0,0,0,0,42.1003351,214,13.9
KIC 2831055,CONFIRMED,K04400.01,0,0,0,0,2.20923119,59.8,14.3
KIC 11044826,FALSE POSITIVE,K04401.01,1,0,0,0,260.54832,161.6,10.2
KIC 6681687,FALSE POSITIVE,K04402.01,1,0,0,0,370.47678,656.2,11.8
KIC 7703882,CONFIRMED,K04403.01,0,0,0,0,5.88350251,217.7,11.9
KIC 8179190,FALSE POSITIVE,K04196.01,1,0,1,0,0.662457501,64.1,13.5
KIC 9777724,FALSE POSITIVE,K04197.01,0,0,0,1,1.33258458,127,14.4
KIC 9072639,CANDIDATE,K04198.01,0,0,0,0,1.182862515,22.3,16.5
KIC 5340878,CONFIRMED,K04199.01,0,0,0,0,0.539915033,97,17.6
KIC 10273903,FALSE POSITIVE,K04200.01,1,0,0,0,372.54353,1106,11.9
KIC 7450747,CONFIRMED,K04267.01,0,0,0,0,2.20829637,87.9,12.0
KIC 7826620,CONFIRMED,K04268.01,0,0,0,0,0.849906734,124.3,12.0
KIC 8890924,CONFIRMED,K04269.01,0,0,0,0,26.6565737,163.4,18.8
KIC 8483241,FALSE POSITIVE,K04270.01,1,0,0,0,373.72257,470.9,9.6
KIC 8573193,CONFIRMED,K04337.01,0,0,0,0,8.18504859,97.6,12.5
KIC 9240664,FALSE POSITIVE,K04338.01,0,1,0,0,10.78438513,233.6,15.6
KIC 7281411,FALSE POSITIVE,K04339.01,1,0,0,1,0.566804221,166,31.0
KIC 6528141,FALSE POSITIVE,K04340.01,0,0,1,0,2.022658,135.7,17.4
KIC 8106112,FALSE POSITIVE,K04404.01,1,0,0,0,316.57747,269.1,10.2
KIC 4054784,CANDIDATE,K07679.01,0,0,0,0,1.8679943,73.4,10.0
KIC 10745365,CANDIDATE,K04405.01,0,0,0,0,8.9172863,196.3,7.2
KIC 5563937,FALSE POSITIVE,K04406.01,0,1,1,0,0.519437968,226.2,25.4
KIC 8396660,CANDIDATE,K04407.01,0,0,0,0,1.33807075,20.2,8.5
KIC 10736179,FALSE POSITIVE,K04408.01,0,1,0,1,1.105095798,141.7,17.4
KIC 6119921,FALSE POSITIVE,K04201.01,1,0,0,0,245.01902,375.9,10.1
KIC 5084171,CONFIRMED,K04202.01,0,0,0,0,153.979362,792.5,16.1
KIC 4141587,FALSE POSITIVE,K07684.01,1,0,0,0,10.2239787,213.5,6.5
KIC 3834317,FALSE POSITIVE,K04203.01,1,0,0,0,2.18079098,83.2,69.3
KIC 10593535,CONFIRMED,K04204.01,0,0,0,0,20.9254083,109,15.5
KIC 5992210,FALSE POSITIVE,K04271.01,0,0,1,0,0.641069613,78.6,10.5
KIC 4284980,FALSE POSITIVE,K07690.01,0,0,1,1,2.2430415,101.1,8.1
KIC 9302543,FALSE POSITIVE,K04272.01,0,1,0,0,1.21475168,266.1,7.9
KIC 9716028,CANDIDATE,K04273.01,0,0,0,0,17.3731821,71.7,14.0
KIC 6223324,CANDIDATE,K04274.01,0,0,0,0,1.97507424,130.5,15.0
KIC 9701962,CONFIRMED,K04617.01,0,0,0,0,27.4784659,83.2,12.3
KIC 6685646,FALSE POSITIVE,K04618.01,1,0,0,0,244.86662,289.5,9.7
KIC 4574319,FALSE POSITIVE,K07697.01,0,0,1,1,1.30627214,95.4,10.3
KIC 7741837,FALSE POSITIVE,K04619.01,1,0,0,0,62.366706,95.4,7.1
KIC 11137065,FALSE POSITIVE,K04620.01,0,1,0,1,0.933732791,96.9,13.8
KIC 11093335,FALSE POSITIVE,K04621.01,1,0,0,0,53.106597,82.4,7.3
KIC 9394768,FALSE POSITIVE,K04690.01,1,0,0,0,360.15417,790.6,11.1
KIC 9773980,CANDIDATE,K04691.01,0,0,0,0,3.3879165,78.6,10.4
KIC 12004971,FALSE POSITIVE,K03194.01,0,1,0,0,10.81315417,80.3,16.6
KIC 3644602,FALSE POSITIVE,K04479.01,1,0,0,1,359.08368,618.7,10.8
KIC 10467714,CANDIDATE,K04480.01,0,0,0,0,58.7488629,473.6,13.6
KIC 11912941,FALSE POSITIVE,K04481.01,0,0,1,1,3.74784374,116.5,12.8
KIC 4141593,CANDIDATE,K07685.01,0,0,0,0,64.740274,113.1,16.4
KIC 7778427,CANDIDATE,K04482.01,0,0,0,0,5.38299284,35.1,10.7
KIC 6525106,FALSE POSITIVE,K04483.01,0,0,1,1,1.71028117,111.6,13.8
KIC 6523058,CANDIDATE,K04549.01,0,0,0,0,2.0481582,183.3,11.7
KIC 5977470,CONFIRMED,K04550.01,0,0,0,0,140.251943,567.7,11.9
KIC 11769689,CANDIDATE,K04551.01,0,0,0,0,14.7179342,132.3,12.7
KIC 4355503,FALSE POSITIVE,K07691.01,0,1,1,0,0.570828503,174.4,13.9
KIC 6119923,FALSE POSITIVE,K04552.01,1,0,0,0,134.4665,1032,6.7
KIC 6126076,FALSE POSITIVE,K04553.01,1,0,0,1,0.909314811,40.5,30.2
KIC 9209183,FALSE POSITIVE,K04623.01,1,0,0,0,186.55347,334.5,11.0
KIC 6153407,CONFIRMED,K03179.01,0,0,0,0,5.99078221,69.9,8.6
KIC 5955621,FALSE POSITIVE,K04624.01,0,0,1,0,14.0801852,90.7,6.9
KIC 11519187,CONFIRMED,K04625.01,0,0,0,0,2.440839436,509.5,14.4
KIC 8417078,CONFIRMED,K04693.01,0,0,0,0,23.6223571,57,11.4
KIC 9457948,CANDIDATE,K04694.01,0,0,0,0,19.2527652,138.5,10.8
KIC 4852297,FALSE POSITIVE,K04695.01,0,0,1,0,3.28931936,166,11.1
KIC 9851845,FALSE POSITIVE,K04696.01,0,0,0,1,1.08195208,33.6,12.4
KIC 9474483,FALSE POSITIVE,K04697.01,0,1,1,1,0.512583041,114.3,17.1
KIC 4072271,CANDIDATE,K07680.01,0,0,0,0,219.20579,207.8,15.2
KIC 9898017,CONFIRMED,K04484.01,0,0,0,0,2.29794819,83.2,12.2
KIC 8613218,FALSE POSITIVE,K04485.01,1,0,0,0,368.11581,476.2,11.2
KIC 8548069,FALSE POSITIVE,K04486.01,1,0,0,0,368.52466,680.3,14.0
KIC 6278762,CONFIRMED,K03158.02,0,0,0,0,4.54586982,76.5,24.4
KIC 8098212,CANDIDATE,K04487.01,0,0,0,0,3.48754109,85.1,7.3
KIC 3127911,FALSE POSITIVE,K03164.01,1,0,0,0,0.542498653,54.9,19.8
KIC 6369131,CANDIDATE,K04554.01,0,0,0,0,8.0772455,79.2,12.5
KIC 7820699,CANDIDATE,K04555.01,0,0,0,0,364.08733,372,8.8
KIC 10399321,FALSE POSITIVE,K04556.01,0,0,1,0,21.5819776,47.6,17.3
KIC 10257229,CANDIDATE,K04557.01,0,0,0,0,5.75651958,65.3,11.2
KIC 3539231,CANDIDATE,K04626.01,0,0,0,0,91.95723,308.4,12.3
KIC 6311891,CANDIDATE,K04627.01,0,0,0,0,7.51731745,170.7,10.7
KIC 7837733,FALSE POSITIVE,K04628.01,0,0,1,0,3.08723626,101.9,12.1
KIC 2578017,FALSE POSITIVE,K04629.01,0,1,1,0,0.592562969,1546.4,100.4
KIC 7834045,CANDIDATE,K04630.01,0,0,0,0,44.6966177,257.3,15.3
KIC 10663738,CANDIDATE,K04698.01,0,0,0,0,8.5275894,112.5,10.4
KIC 7891294,CANDIDATE,K04699.01,0,0,0,0,3.07714195,34.2,9.9
KIC 8625732,FALSE POSITIVE,K04701.01,0,0,1,1,31.97181,117.4,11.1
KIC 2831251,FALSE POSITIVE,K04702.01,0,0,1,0,5.81289843,76.3,9.5
KIC 6721380,FALSE POSITIVE,K04488.01,0,0,1,0,6.44173995,107.7,10.5
KIC 7694615,FALSE POSITIVE,K04489.01,0,0,1,0,0.631106722,49.2,17.6
KIC 6201203,FALSE POSITIVE,K04490.01,1,0,0,0,176.17377,349.9,8.2
KIC 4556468,CONFIRMED,K04491.01,0,0,0,0,114.336052,239.8,13.0
KIC 9222516,FALSE POSITIVE,K04492.01,1,0,1,0,0.63938062,308,97.5
KIC 5431027,CANDIDATE,K04558.01,0,0,0,0,8.8233996,104.6,13.3
KIC 7285673,FALSE POSITIVE,K04559.01,1,0,1,1,0.566801045,188.3,34.9
KIC 5282437,FALSE POSITIVE,K04560.01,0,1,1,1,0.992799002,1653,97.8
KIC 7747457,CONFIRMED,K04561.01,0,0,0,0,1.5184181,196.8,15.9
KIC 8652360,FALSE POSITIVE,K04562.01,1,0,1,0,0.96807117,104.8,15.4
KIC 9602421,FALSE POSITIVE,K04631.01,0,0,1,1,3.55661906,23.3,11.4
KIC 6070337,CANDIDATE,K04632.01,0,0,0,0,40.0691482,784.1,10.5
KIC 5954001,CANDIDATE,K04633.01,0,0,0,0,11.6933447,66.9,12.7
KIC 4373195,FALSE POSITIVE,K07692.01,1,0,0,1,0.56256804,4.5,11.8
KIC 5090937,FALSE POSITIVE,K03182.01,1,0,0,0,8.79991878,869.1,236.1
KIC 8196226,CANDIDATE,K04634.01,0,0,0,0,4.02745396,85.2,10.8
KIC 9002538,CANDIDATE,K03196.01,0,0,0,0,4.96061094,20.4,12.5
KIC 6359175,FALSE POSITIVE,K04703.01,1,0,0,0,349.03703,777,11.6
KIC 8104207,FALSE POSITIVE,K04704.01,1,0,0,0,177.8135,417.7,8.8
KIC 5642688,CANDIDATE,K04705.01,0,0,0,0,1.4733245,124,11.9
KIC 10026502,CONFIRMED,K04706.01,0,0,0,0,101.952048,152.5,10.3
KIC 3953173,FALSE POSITIVE,K04493.01,0,0,1,0,2.41795911,100.5,10.1
KIC 8037926,FALSE POSITIVE,K04494.01,1,0,0,0,183.854867,520.6,10.8
KIC 5552562,CANDIDATE,K04495.01,0,0,0,0,5.93218209,205.3,14.9
KIC 6186182,CANDIDATE,K04496.01,0,0,0,0,96.384483,591,10.4
KIC 4073017,CANDIDATE,K07681.01,0,0,0,0,6.05552018,134.6,9.8
KIC 10585749,CANDIDATE,K04563.01,0,0,0,0,54.333582,152,10.5
KIC 9579208,CANDIDATE,K03165.01,0,0,0,0,4.11754421,34.3,22.1
KIC 6437617,FALSE POSITIVE,K04564.01,1,0,0,0,293.60581,165.3,8.4
KIC 8453851,FALSE POSITIVE,K04565.01,1,0,0,0,2.78801663,14,21.8
KIC 11650401,CONFIRMED,K04566.01,0,0,0,0,3.94660745,309.4,12.7
KIC 9873759,FALSE POSITIVE,K04635.01,0,0,1,1,4.99473798,99.5,17.5
KIC 9773270,CANDIDATE,K04636.01,0,0,0,0,122.749053,1041.2,15.0
KIC 9457728,CANDIDATE,K04637.01,0,0,0,0,4.37992345,15.5,13.9
KIC 9516728,FALSE POSITIVE,K04638.01,1,0,0,0,368.48518,301.8,13.7
KIC 4825872,FALSE POSITIVE,K04639.01,1,0,0,0,169.894419,178.7,6.3
KIC 4680772,FALSE POSITIVE,K04707.01,0,0,1,0,26.190289,51.8,9.3
KIC 8110733,FALSE POSITIVE,K04708.01,1,0,0,0,203.511886,167.1,9.3
KIC 2303903,CANDIDATE,K04709.01,0,0,0,0,3.70858595,305.4,11.3
KIC 9278216,CANDIDATE,K04710.01,0,0,0,0,9.4527721,197.3,11.3
KIC 8355131,CANDIDATE,K04711.01,0,0,0,0,4.3638313,194.1,10.3
KIC 12645057,CANDIDATE,K04497.01,0,0,0,0,6.83006228,187.4,12.1
KIC 4844367,CANDIDATE,K04498.01,0,0,0,0,17.1622587,312.2,11.7
KIC 10937749,CANDIDATE,K04499.01,0,0,0,0,5.19898615,136.8,11.5
KIC 9100953,CONFIRMED,K04500.01,0,0,0,0,8.70179611,304.1,11.8
KIC 8332521,CANDIDATE,K04567.01,0,0,0,0,14.74426,113.6,11.9
KIC 10407086,FALSE POSITIVE,K04568.01,0,0,1,1,0.933747395,30.9,26.7
KIC 4073089,FALSE POSITIVE,K07682.01,1,0,0,0,58.873429,226471,106.8
KIC 6065351,FALSE POSITIVE,K04569.01,1,0,0,0,14.1166583,449.3,5.9
KIC 4060229,CANDIDATE,K04570.01,0,0,0,0,35.0175053,292,12.8
KIC 6761777,CONFIRMED,K04571.01,0,0,0,0,47.3128645,217.4,17.6
KIC 9412623,CONFIRMED,K04640.01,0,0,0,0,6.1082945,61.1,10.8
KIC 3644505,FALSE POSITIVE,K04641.01,1,0,1,1,119.72007,115.6,9.0
KIC 4664743,FALSE POSITIVE,K04642.01,1,0,0,0,1.27839331,19.5,15.2
KIC 4735826,CONFIRMED,K03184.01,0,0,0,0,7.545922037,22.2,13.4
KIC 6593734,FALSE POSITIVE,K04722.01,1,0,1,0,0.58675746,143.8,18.4
KIC 8443527,CANDIDATE,K03197.01,0,0,0,0,22.599501,76.9,2.9
KIC 9711297,FALSE POSITIVE,K04723.01,1,0,0,0,373.74856,797.8,12.6
KIC 8395860,FALSE POSITIVE,K04724.01,0,0,1,0,20.8822079,1107,11.0
KIC 7778621,CONFIRMED,K04725.01,0,0,0,0,7.28171395,111.6,14.4
KIC 5956354,FALSE POSITIVE,K04726.01,0,0,1,0,8.0386699,142,11.6
KIC 8109107,FALSE POSITIVE,K04501.01,0,0,1,0,6.67410577,160.9,12.6
KIC 6200529,FALSE POSITIVE,K04502.01,1,0,0,0,374.92478,610,6.0
KIC 10907132,CANDIDATE,K04503.01,0,0,0,0,5.89089509,267.7,11.7
KIC 6520753,CANDIDATE,K04504.01,0,0,0,0,4.13029832,325.3,8.7
KIC 6929285,FALSE POSITIVE,K04572.01,0,0,1,0,4.60690612,137.5,13.3
KIC 4848321,FALSE POSITIVE,K04573.01,0,0,1,1,1.50178705,86.7,13.4
KIC 12255382,FALSE POSITIVE,K03167.01,0,1,0,0,0.499664962,34.3,31.6
KIC 6522745,FALSE POSITIVE,K04574.01,0,1,1,1,17.4453935,501.7,16.4
KIC 9893468,CANDIDATE,K04575.01,0,0,0,0,201.325036,125.4,14.2
KIC 11655826,CANDIDATE,K04643.01,0,0,0,0,5.59346375,236.5,9.5
KIC 1721157,CANDIDATE,K04644.01,0,0,0,0,3.44928111,237,9.7
KIC 11076276,FALSE POSITIVE,K04645.01,0,0,0,1,1.4725859,84.4,13.3
KIC 12012439,FALSE POSITIVE,K04646.01,0,0,0,1,2.97607935,130.4,14.1
KIC 9947653,CANDIDATE,K04647.01,0,0,0,0,37.9043889,98.2,13.9
KIC 4374610,FALSE POSITIVE,K04712.01,0,1,1,0,1.44438449,75.4,10.8
KIC 5253802,CANDIDATE,K04713.01,0,0,0,0,8.7963166,96.5,11.9
KIC 12554634,CANDIDATE,K04714.01,0,0,0,0,2.049602348,186.1,11.3
KIC 6264750,CANDIDATE,K04715.01,0,0,0,0,53.285584,158.6,11.0
KIC 11290515,CANDIDATE,K04716.01,0,0,0,0,5.8943338,28.9,10.7
KIC 8493354,CANDIDATE,K04505.01,0,0,0,0,18.0071438,80.8,13.1
KIC 4545570,CONFIRMED,K04506.01,0,0,0,0,5.60473115,210,11.9
KIC 7598111,FALSE POSITIVE,K04507.01,0,0,1,1,132.778041,9036,10.6
KIC 5457326,CANDIDATE,K04508.01,0,0,0,0,2.49915311,179.2,13.4
KIC 8240746,FALSE POSITIVE,K04576.01,1,0,1,0,184.568,409.9,10.2
KIC 9652655,FALSE POSITIVE,K04578.01,0,0,1,1,2.48882685,80.2,14.2
KIC 10140843,FALSE POSITIVE,K04579.01,1,0,0,0,367.19796,146.1,10.7
KIC 8628761,CANDIDATE,K04580.01,0,0,0,0,6.30432354,40,10.7
KIC 10473272,FALSE POSITIVE,K04648.01,0,0,1,0,17.6604653,309.2,11.3
KIC 4750669,CANDIDATE,K04649.01,0,0,0,0,3.38419892,228.2,11.5
KIC 9824928,FALSE POSITIVE,K04650.01,1,0,1,0,1.69999106,95.6,10.6
KIC 6717252,CANDIDATE,K04651.01,0,0,0,0,1.19260017,58,11.7
KIC 5817685,FALSE POSITIVE,K04652.01,1,0,1,1,4.2059745,41.2,7.7
KIC 4902202,CANDIDATE,K04717.01,0,0,0,0,216.456055,1002.8,14.2
KIC 7282042,FALSE POSITIVE,K04718.01,1,0,0,1,0.566803216,20.2,15.5
KIC 7523542,FALSE POSITIVE,K04719.01,1,0,0,0,365.13981,531,7.9
KIC 3109937,FALSE POSITIVE,K04720.01,0,0,1,1,37.809539,487.4,9.7
KIC 9386171,FALSE POSITIVE,K04721.01,1,0,0,0,381.18654,985,9.0
KIC 11350118,CANDIDATE,K04509.01,0,0,0,0,12.003678,281.7,12.0
KIC 11671579,CONFIRMED,K04510.01,0,0,0,0,5.17624997,78.7,13.4
KIC 11553598,FALSE POSITIVE,K04511.01,1,0,0,0,370.62071,344.3,10.5
KIC 12069414,FALSE POSITIVE,K04512.01,0,0,1,0,0.589458602,158.4,17.3
KIC 9216775,CONFIRMED,K04513.01,0,0,0,0,3.91794676,116.5,13.5
KIC 2572029,CANDIDATE,K04581.01,0,0,0,0,6.0059966,39.2,7.8
KIC 7905106,CANDIDATE,K04582.01,0,0,0,0,4.22426989,13.6,11.0
KIC 9007151,CANDIDATE,K04583.01,0,0,0,0,330.906041,740,7.3
KIC 4450844,CANDIDATE,K03168.01,0,0,0,0,56.3479517,43.6,15.1
KIC 8443265,FALSE POSITIVE,K04584.01,0,1,1,0,0.614701901,131.6,11.2
KIC 3240406,FALSE POSITIVE,K03185.01,1,0,0,0,0.934181579,12.1,19.8
KIC 11181260,CANDIDATE,K04653.01,0,0,0,0,19.9778599,83.4,12.8
KIC 5090803,FALSE POSITIVE,K04654.01,1,0,0,0,379.65261,82.3,8.0
KIC 2558163,CANDIDATE,K04655.01,0,0,0,0,17.543847,196.3,9.9
KIC 8107611,CANDIDATE,K04656.01,0,0,0,0,3.8183717,50.8,11.8
KIC 8377197,FALSE POSITIVE,K04727.01,0,0,1,0,1.215181097,39.7,11.8
KIC 6137779,FALSE POSITIVE,K04728.01,0,0,1,0,21.5324915,100.5,12.1
KIC 11913072,FALSE POSITIVE,K04729.01,0,0,1,1,3.74779583,88.5,14.4
KIC 8752940,CANDIDATE,K04730.01,0,0,0,0,9.07829171,530.9,7.0
KIC 9083470,FALSE POSITIVE,K04731.01,1,0,1,1,0.91842238,162.9,12.9
KIC 5783732,FALSE POSITIVE,K04514.01,1,0,0,0,373.43233,166.7,12.9
KIC 7900100,FALSE POSITIVE,K04515.01,1,0,0,0,397.73781,460.8,8.8
KIC 9849884,FALSE POSITIVE,K04516.01,0,0,0,1,5.35745121,78.2,16.4
KIC 11243547,FALSE POSITIVE,K04517.01,0,1,0,1,2.16132662,112.2,25.3
KIC 4384909,CANDIDATE,K07693.01,0,0,0,0,6.41097179,233.5,8.5
KIC 9009036,CONFIRMED,K04585.01,0,0,0,0,6.76289308,50.9,14.6
KIC 11506654,CANDIDATE,K04586.01,0,0,0,0,75.2116373,362.6,13.1
KIC 5687700,CANDIDATE,K04587.01,0,0,0,0,6.36283414,159.4,9.9
KIC 8806985,CANDIDATE,K04588.01,0,0,0,0,7.53737498,41.1,11.3
KIC 10491525,FALSE POSITIVE,K04589.01,0,0,1,0,1.09844642,45,15.1
KIC 3859042,FALSE POSITIVE,K07675.01,0,0,0,1,25.94947,238.3,8.2
KIC 6527078,CANDIDATE,K04657.01,0,0,0,0,7.57600886,49,12.5
KIC 4946049,FALSE POSITIVE,K04658.01,0,0,0,1,1.8789138,30.2,17.8
KIC 2857607,CONFIRMED,K04659.01,0,0,0,0,41.8681996,150.7,12.5
KIC 5559651,FALSE POSITIVE,K04660.01,0,1,1,0,0.514771509,43.4,12.0
KIC 5962262,CONFIRMED,K04661.01,0,0,0,0,8.61742738,154.9,11.3
KIC 5437348,FALSE POSITIVE,K04448.01,1,0,0,0,35.945188,72.6,4.1
KIC 8429668,FALSE POSITIVE,K04449.01,0,0,1,0,5.00749378,56.6,14.7
KIC 7429240,CONFIRMED,K04450.01,0,0,0,0,196.436796,631.9,14.4
KIC 10120548,CANDIDATE,K04451.01,0,0,0,0,8.8303681,296.2,10.9
KIC 4474462,CANDIDATE,K04452.01,0,0,0,0,12.85755895,106.5,14.2
KIC 7032001,FALSE POSITIVE,K04518.01,1,0,1,1,0.566810643,45.6,17.2
KIC 10003058,CANDIDATE,K04519.01,0,0,0,0,148.568877,404.4,11.6
KIC 9031703,CANDIDATE,K04520.01,0,0,0,0,9.3335486,71.2,11.7
KIC 6199864,FALSE POSITIVE,K04521.01,0,0,1,0,262.477098,1016,9.7
KIC 9577855,FALSE POSITIVE,K04522.01,0,0,1,0,2.21030572,92,11.4
KIC 12204137,CANDIDATE,K04590.01,0,0,0,0,9.54060855,462,11.2
KIC 4386607,FALSE POSITIVE,K07694.01,0,0,1,0,5.99321872,203.2,9.5
KIC 5389956,CANDIDATE,K04591.01,0,0,0,0,1.80926734,98,10.9
KIC 12108364,FALSE POSITIVE,K04592.01,0,1,1,1,0.70544189,133.5,13.9
KIC 8295671,FALSE POSITIVE,K04593.01,1,0,1,0,0.981399749,158.3,16.2
KIC 10407210,FALSE POSITIVE,K04662.01,0,0,1,1,0.933728755,13.5,17.9
KIC 7457278,FALSE POSITIVE,K03188.01,1,0,0,0,12.607591424,79.5,41.6
KIC 3934657,CANDIDATE,K07676.01,0,0,0,0,5.3694084,40,8.0
KIC 7515336,CANDIDATE,K04663.01,0,0,0,0,5.65690281,32.2,10.4
KIC 8984755,FALSE POSITIVE,K04664.01,0,0,1,0,0.734573766,68.4,11.4
KIC 7366895,FALSE POSITIVE,K04665.01,1,0,0,0,289.86046,234.5,10.3
KIC 6200612,FALSE POSITIVE,K04454.01,1,0,0,0,370.50684,418.6,8.8
KIC 9777200,FALSE POSITIVE,K04455.01,0,0,0,1,1.332580225,46.3,16.4
KIC 3557560,CANDIDATE,K04456.01,0,0,0,0,7.4299322,164.9,9.8
KIC 12109267,CANDIDATE,K04457.01,0,0,0,0,79.334347,164.9,14.6
KIC 8700895,CANDIDATE,K04523.01,0,0,0,0,5.68251605,81.2,9.4
KIC 5003670,CONFIRMED,K04524.01,0,0,0,0,7.99144696,145,12.8
KIC 5200084,FALSE POSITIVE,K03159.01,1,0,0,0,2.9039446,13.1,32.0
KIC 4144873,FALSE POSITIVE,K07686.01,1,0,0,0,68.538296,1087,11.3
KIC 9171886,FALSE POSITIVE,K04525.01,1,0,0,0,369.7985,1106.4,11.1
KIC 3337061,FALSE POSITIVE,K03172.02,1,0,1,0,6.5588346,41.2,8.1
KIC 5696918,FALSE POSITIVE,K04594.01,0,1,1,1,0.643007769,68.1,10.3
KIC 12265786,CANDIDATE,K04595.01,0,0,0,0,0.597018404,245.4,16.5
KIC 8487838,FALSE POSITIVE,K04596.01,0,0,1,1,1.061937837,52,16.3
KIC 10873178,CANDIDATE,K04597.01,0,0,0,0,4.82025124,94.1,8.5
KIC 11337012,CANDIDATE,K04666.01,0,0,0,0,12.4019263,211.1,9.5
KIC 8359569,CANDIDATE,K04667.01,0,0,0,0,152.823896,456.2,9.9
KIC 8937762,FALSE POSITIVE,K04668.01,0,1,0,0,15.07277287,345,13.0
KIC 2720828,FALSE POSITIVE,K04669.01,0,0,1,0,1.71659304,138,9.5
KIC 9837828,CANDIDATE,K04670.01,0,0,0,0,6.80899076,1192,11.5
KIC 8652577,FALSE POSITIVE,K04458.01,0,0,1,0,358.818895,666.1,11.5
KIC 8804937,FALSE POSITIVE,K04459.01,1,0,0,0,181.3537,455,11.7
KIC 9947389,CANDIDATE,K04460.01,0,0,0,0,284.727213,355.3,12.7
KIC 11912987,FALSE POSITIVE,K04461.01,0,0,1,1,3.74786694,80.9,19.1
KIC 3765917,CANDIDATE,K04526.01,0,0,0,0,30.5392931,428.2,15.0
KIC 4136659,FALSE POSITIVE,K07683.01,0,1,1,0,0.913244995,47.8,10.2
KIC 3438976,FALSE POSITIVE,K04527.01,0,0,1,1,2.97599368,55,13.0
KIC 7833305,CANDIDATE,K04528.01,0,0,0,0,8.31224474,70.8,12.2
KIC 6610064,FALSE POSITIVE,K04529.01,0,1,1,0,0.584148495,66.2,21.9
KIC 12647577,CANDIDATE,K04530.01,0,0,0,0,12.6362048,124,11.5
KIC 5476671,FALSE POSITIVE,K04598.01,1,0,1,0,0.824180121,208.1,39.7
KIC 7335972,FALSE POSITIVE,K04599.01,1,0,1,0,0.579770948,467.9,44.3
KIC 4252671,CANDIDATE,K07687.01,0,0,0,0,23.266633,49.9,11.4
KIC 2694632,FALSE POSITIVE,K04600.01,1,0,0,0,0.92225589,33,7.1
KIC 11153476,CANDIDATE,K04601.01,0,0,0,0,7.94004281,81.9,10.7
KIC 6144039,CANDIDATE,K04602.01,0,0,0,0,2.85855049,85.4,11.4
KIC 5428471,FALSE POSITIVE,K04671.01,0,0,1,1,0.75499096,215.8,9.9
KIC 7283710,FALSE POSITIVE,K04672.01,1,0,0,0,353.40191,948,9.1
KIC 5985713,CANDIDATE,K03190.01,0,0,0,0,8.95294046,44,13.0
KIC 10794509,FALSE POSITIVE,K04673.01,1,0,1,1,1.428596987,50,26.1
KIC 6839010,CANDIDATE,K04674.01,0,0,0,0,4.84350003,50.2,10.4
KIC 9775385,CANDIDATE,K04462.01,0,0,0,0,45.163025,130.3,8.7
KIC 6197344,CANDIDATE,K04463.01,0,0,0,0,36.7614011,160.9,16.2
KIC 11357664,CANDIDATE,K04464.01,0,0,0,0,4.373570433,366,14.5
KIC 2576224,FALSE POSITIVE,K04465.01,0,0,1,1,2.21701025,29.4,11.7
KIC 3967501,FALSE POSITIVE,K07677.01,0,1,0,0,43.0759115,3452,323.1
KIC 7272132,CANDIDATE,K04466.01,0,0,0,0,154.674369,435.8,13.5
KIC 6437226,FALSE POSITIVE,K04531.01,1,0,0,0,372.62637,542,11.9
KIC 2710623,FALSE POSITIVE,K04532.01,0,0,1,0,1.02087831,33.4,9.9
KIC 3330684,FALSE POSITIVE,K04533.01,0,0,1,0,1.26132769,109.7,9.9
KIC 2696703,FALSE POSITIVE,K03161.01,0,1,0,0,6.09406648,3027,19.0
KIC 7699298,FALSE POSITIVE,K04534.01,0,1,0,1,1.1578141,54.8,27.8
KIC 8430053,CANDIDATE,K04603.01,0,0,0,0,15.9513866,99.2,9.2
KIC 7115661,FALSE POSITIVE,K03174.01,1,0,0,0,0.566800926,264.5,63.2
KIC 2853889,FALSE POSITIVE,K04604.01,0,0,1,0,24.1876477,194.8,11.4
KIC 12458605,CANDIDATE,K04605.01,0,0,0,0,7.7859111,45.5,12.0
KIC 4845862,FALSE POSITIVE,K04606.01,0,0,1,0,2.44926655,108.2,10.7
KIC 10130057,FALSE POSITIVE,K04675.01,0,0,1,1,2.17812826,100.8,10.4
KIC 4953173,FALSE POSITIVE,K04676.02,1,0,0,0,3.36379289,136.3,36.9
KIC 9838608,FALSE POSITIVE,K04677.01,0,0,1,1,1.33259494,92.7,7.8
KIC 4247811,FALSE POSITIVE,K04678.01,0,0,1,1,2.05048377,60.5,14.3
KIC 6543645,FALSE POSITIVE,K04679.01,0,0,1,1,1.19550618,26.9,13.3
KIC 5352640,CANDIDATE,K04467.01,0,0,0,0,2.94242323,293.3,14.7
KIC 8738244,FALSE POSITIVE,K03157.01,1,0,0,0,0.683082998,143.3,26.1
KIC 4157052,FALSE POSITIVE,K04468.01,1,0,1,0,0.791771167,509.2,82.4
KIC 10006641,FALSE POSITIVE,K04469.01,0,1,0,0,0.894172544,86.2,16.9
KIC 10815916,FALSE POSITIVE,K04470.01,0,0,1,0,1.68207624,54.7,11.1
KIC 3547760,FALSE POSITIVE,K04535.01,0,0,1,0,9.8480917,141.9,9.7
KIC 7281484,FALSE POSITIVE,K04536.01,1,0,0,1,0.566800593,12.3,10.4
KIC 4848115,FALSE POSITIVE,K04537.01,0,0,1,0,0.969602551,111,10.4
KIC 4048898,CANDIDATE,K07678.01,0,0,0,0,13.0914878,37.5,8.0
KIC 5991765,FALSE POSITIVE,K04538.01,0,0,1,0,9.25801294,88.1,12.9
KIC 3962872,FALSE POSITIVE,K04539.01,0,1,1,1,25.9554044,122.7,11.6
KIC 11912911,FALSE POSITIVE,K04607.01,0,0,1,1,3.74788208,153.4,13.6
KIC 7045435,FALSE POSITIVE,K04608.01,1,0,0,0,0.93479255,247.5,78.3
KIC 2972800,FALSE POSITIVE,K04609.01,1,0,1,0,361.43653,271.9,10.8
KIC 8573168,FALSE POSITIVE,K04610.01,0,0,1,0,0.89628253,86.4,13.0
KIC 10801249,FALSE POSITIVE,K04611.01,0,0,0,1,1.67495622,35.9,15.3
KIC 4587135,CANDIDATE,K04680.01,0,0,0,0,54.0812235,411.1,11.6
KIC 3857860,FALSE POSITIVE,K04681.01,0,0,1,0,8.2344072,59.2,11.5
KIC 5024252,FALSE POSITIVE,K04682.01,0,0,1,1,2.15052332,115.5,11.0
KIC 7430876,FALSE POSITIVE,K03193.01,0,1,1,0,32.6122381,1321.4,19.6
KIC 4843592,FALSE POSITIVE,K04683.01,1,0,1,0,0.967073359,773.5,92.4
KIC 9602775,FALSE POSITIVE,K04684.01,0,0,1,1,3.5564279,131.4,12.3
KIC 8955709,FALSE POSITIVE,K04471.01,1,0,1,0,0.942997994,539.2,29.2
KIC 7031430,FALSE POSITIVE,K04472.01,1,0,1,1,0.566796775,144.1,32.2
KIC 7133294,CONFIRMED,K04473.01,0,0,0,0,13.6471211,75,14.7
KIC 4381429,CONFIRMED,K04474.01,0,0,0,0,16.473474,470.5,13.0
KIC 11912916,FALSE POSITIVE,K04475.01,0,0,1,1,3.74788322,242.6,16.3
KIC 12108293,FALSE POSITIVE,K04540.01,0,1,1,1,0.705455349,74.9,18.0
KIC 5301093,FALSE POSITIVE,K07724.01,1,0,0,0,488.67353,691,8.2
KIC 5511659,CANDIDATE,K04541.01,0,0,0,0,8.5291223,325.4,12.8
KIC 9640946,FALSE POSITIVE,K04542.01,0,0,1,1,1.08906057,76.2,10.4
KIC 9776186,FALSE POSITIVE,K04543.01,0,0,1,0,1.48922187,613.6,10.8
KIC 9752973,FALSE POSITIVE,K03162.01,0,1,0,1,0.716709761,68.4,21.2
KIC 8044600,FALSE POSITIVE,K04612.01,0,0,1,0,4.1083812,352.8,11.4
KIC 10220837,CONFIRMED,K04613.01,0,0,0,0,1.962282625,68.3,12.9
KIC 10991239,FALSE POSITIVE,K03178.01,1,0,0,0,0.523629052,122,61.4
KIC 7583650,CANDIDATE,K04614.01,0,0,0,0,6.4546845,69.9,10.8
KIC 9345819,FALSE POSITIVE,K04615.01,1,0,0,1,1.04588635,102.7,13.2
KIC 9180566,FALSE POSITIVE,K04616.01,1,0,0,0,51.31346091,,
KIC 3867794,CANDIDATE,K04685.01,0,0,0,0,0.494247662,224.9,18.1
KIC 5819801,CANDIDATE,K04686.01,0,0,0,0,11.8299383,41.4,11.7
KIC 11092040,FALSE POSITIVE,K04687.01,1,0,0,0,419.92898,233.5,7.5
KIC 4851145,FALSE POSITIVE,K04688.01,0,0,1,1,1.23521458,89.5,5.0
KIC 10292540,FALSE POSITIVE,K04689.01,0,1,1,0,1.085229874,238.1,7.6
KIC 3732894,FALSE POSITIVE,K04476.01,0,0,1,1,1.540379557,76.9,14.6
KIC 6276791,CONFIRMED,K04477.02,0,0,0,0,9.32867952,354.4,12.7
KIC 8636600,CONFIRMED,K04478.01,0,0,0,0,6.38671206,223.7,11.6
KIC 10220950,FALSE POSITIVE,K04544.01,0,0,1,0,158.348345,899,17.6
KIC 10140122,CANDIDATE,K04545.01,0,0,0,0,0.849362238,114.9,11.9
KIC 5033823,CANDIDATE,K04546.01,0,0,0,0,0.741768294,60.3,14.0
KIC 10342316,FALSE POSITIVE,K04547.01,1,0,1,1,0.93376962,125.8,28.5
KIC 5305399,FALSE POSITIVE,K07725.01,1,0,1,1,322.48381,1023.4,27.0
KIC 3223433,CANDIDATE,K04548.01,0,0,0,0,61.083322,227.5,11.5
KIC 8803757,CANDIDATE,K04904.01,0,0,0,0,3.5944891,89.9,10.4
KIC 12021811,FALSE POSITIVE,K04905.01,1,0,1,0,0.739404894,246.8,21.0
KIC 9479306,CANDIDATE,K04906.01,0,0,0,0,4.8608059,252.1,8.9
KIC 5437762,CANDIDATE,K04907.01,0,0,0,0,4.04481159,33,7.5
KIC 3962684,FALSE POSITIVE,K04908.01,0,1,1,1,25.949641315,67.8,7.6
KIC 4730442,FALSE POSITIVE,K07702.01,0,0,1,0,1.71051215,42.2,11.2
KIC 9447166,CONFIRMED,K03296.01,0,0,0,0,62.869463,341.7,16.2
KIC 9643043,FALSE POSITIVE,K03297.01,0,1,1,0,84.8062818,9936,121.6
KIC 8151055,CONFIRMED,K03298.01,0,0,0,0,29.9632816,893.2,17.7
KIC 7177555,FALSE POSITIVE,K03299.01,0,1,1,1,17.99643716,36923,123.5
KIC 4996057,CANDIDATE,K07712.01,0,0,0,0,4.8302364,22.5,11.6
KIC 8349399,CANDIDATE,K04763.01,0,0,0,0,56.446465,147.9,12.4
KIC 6043562,CANDIDATE,K04764.01,0,0,0,0,31.4202111,390.5,10.6
KIC 10615440,CONFIRMED,K04765.01,0,0,0,0,10.8118317,76.8,9.5
KIC 4919550,FALSE POSITIVE,K04766.02,0,0,1,0,2.45261841,85.5,8.8
KIC 5802292,FALSE POSITIVE,K04767.01,0,0,1,1,1.208528832,180.8,10.6
KIC 5126932,FALSE POSITIVE,K07718.01,1,0,0,0,208.18711785,394.7,4.2
KIC 10034146,FALSE POSITIVE,K04835.01,1,0,1,0,0.93198504,326.6,44.5
KIC 4175105,FALSE POSITIVE,K04836.01,1,0,1,0,0.60818508,144.7,18.9
KIC 5645170,CANDIDATE,K04837.01,0,0,0,0,5.38613715,169.3,8.9
KIC 9110610,CANDIDATE,K04839.01,0,0,0,0,21.8420304,79.5,9.5
KIC 2437897,FALSE POSITIVE,K04909.01,0,0,1,0,1.65320144,132.1,6.7
KIC 9307966,FALSE POSITIVE,K04910.01,0,0,1,0,3.37487541,53.8,8.3
KIC 5556726,FALSE POSITIVE,K03223.01,0,1,1,1,0.962825082,118.1,40.7
KIC 2554853,FALSE POSITIVE,K04911.01,1,0,0,0,309.494217,292,14.5
KIC 5208962,CANDIDATE,K04912.01,0,0,0,0,0.876850385,59.2,9.7
KIC 7889486,FALSE POSITIVE,K03300.01,1,1,1,1,24.2382519,465.5,11.3
KIC 4742188,CANDIDATE,K07703.01,0,0,0,0,413.51856,391.1,7.9
KIC 8301878,CANDIDATE,K03301.01,0,0,0,0,20.7106368,142.5,11.0
KIC 8233802,FALSE POSITIVE,K03302.01,0,0,1,0,69.3788597,530.4,16.8
KIC 7510820,CONFIRMED,K03303.01,0,0,0,0,29.3493852,659.2,20.3
KIC 10221505,CANDIDATE,K04768.01,0,0,0,0,3.43633133,473.5,14.5
KIC 6116035,FALSE POSITIVE,K04769.01,1,0,0,0,449.57274,221.4,14.1
KIC 8958359,FALSE POSITIVE,K04770.01,1,0,0,0,245.059374,165,15.1
KIC 11658036,CANDIDATE,K04771.01,0,0,0,0,142.703888,225.5,11.0
KIC 6665860,CANDIDATE,K04840.01,0,0,0,0,10.4716194,123.9,11.7
KIC 7983117,CONFIRMED,K03214.01,0,0,0,0,11.49500229,51.4,22.9
KIC 5480884,FALSE POSITIVE,K04841.01,1,0,0,0,0.708726708,313.6,13.4
KIC 12506417,FALSE POSITIVE,K04842.01,1,0,0,0,283.72675,84.6,9.3
KIC 10187563,FALSE POSITIVE,K04843.01,1,0,0,0,373.60683,534.8,9.3
KIC 5769810,CANDIDATE,K04913.01,0,0,0,0,6.78788113,73.1,7.8
KIC 12071754,CANDIDATE,K04914.01,0,0,0,0,5.47455167,73.2,10.8
KIC 10384298,CANDIDATE,K03224.01,0,0,0,0,3.43861067,46.8,9.5
KIC 3109550,CANDIDATE,K03225.01,0,0,0,0,4.8754765,39.6,8.8
KIC 9307105,FALSE POSITIVE,K03304.01,0,1,1,0,13.5437884,6608.7,114.4
KIC 6880517,CONFIRMED,K03305.01,0,0,0,0,65.6491001,983.9,20.5
KIC 6615511,CONFIRMED,K03306.01,0,0,0,0,25.1593389,358.1,13.1
KIC 6131130,CANDIDATE,K03307.01,0,0,0,0,10.5071781,271.8,11.1
KIC 3632089,CONFIRMED,K03308.01,0,0,0,0,31.7787564,262,25.9
KIC 4742452,CANDIDATE,K07704.01,0,0,0,0,5.4398033,85.5,8.4
KIC 9959494,FALSE POSITIVE,K03205.01,0,1,1,1,1.332568744,24.1,29.1
KIC 4277304,CANDIDATE,K04774.01,0,0,0,0,51.567801,210.1,13.5
KIC 8626325,CANDIDATE,K04775.01,0,0,0,0,16.4491515,70.9,11.0
KIC 3098605,CANDIDATE,K04844.01,0,0,0,0,0.428046051,126,14.1
KIC 11456405,FALSE POSITIVE,K04845.01,0,0,1,1,0.814278961,72,13.0
KIC 4544684,FALSE POSITIVE,K04847.01,0,1,1,1,2.1890751,94.8,12.6
KIC 9005321,CANDIDATE,K04848.01,0,0,0,0,384.6961,787,8.2
KIC 8975368,FALSE POSITIVE,K03227.01,0,0,1,0,2.42649862,29.2,15.2
KIC 9291039,FALSE POSITIVE,K03230.01,1,0,0,0,8.80854183,174.7,137.3
KIC 5168498,FALSE POSITIVE,K07719.01,1,0,0,0,219.74735,190.4,12.7
KIC 10489539,FALSE POSITIVE,K03231.01,1,0,1,0,19.7639874,51.3,13.5
KIC 9569711,CONFIRMED,K03232.01,0,0,0,0,6.05919881,154.2,11.7
KIC 5563300,CANDIDATE,K03309.01,0,0,0,0,71.05457555,4853.2,95.9
KIC 12253769,CANDIDATE,K03310.01,0,0,0,0,20.5512722,191.2,20.0
KIC 12735830,CONFIRMED,K03311.01,0,0,0,0,31.827649,520,16.4
KIC 8054719,CANDIDATE,K04776.01,0,0,0,0,7.5861587,116.8,10.8
KIC 6592335,CONFIRMED,K04777.01,0,0,0,0,0.824000125,183.1,12.3
KIC 5651829,FALSE POSITIVE,K04778.01,0,0,1,0,0.772152075,43.6,13.6
KIC 4762283,CANDIDATE,K07706.01,0,0,0,0,42.049523793,607.9,5.1
KIC 9094763,FALSE POSITIVE,K04779.01,0,1,1,0,1.08469871,124,16.9
KIC 3849187,CANDIDATE,K04780.01,0,0,0,0,6.60180003,213.4,8.1
KIC 2976017,CANDIDATE,K04849.01,0,0,0,0,3.19938075,76.1,9.8
KIC 6786224,CANDIDATE,K04850.01,0,0,0,0,3.04185157,69,11.1
KIC 10338279,FALSE POSITIVE,K03216.01,0,1,0,0,5.660274452,414.1,26.4
KIC 4851239,FALSE POSITIVE,K04851.01,0,0,1,1,1.23512429,15.2,15.7
KIC 5009688,FALSE POSITIVE,K07713.01,1,0,0,0,1.381257093,92.3,11.0
KIC 11072016,CANDIDATE,K04852.01,0,0,0,0,1.89873195,78,10.2
KIC 10057494,CONFIRMED,K03234.01,0,0,0,0,2.41810158,46.8,13.4
KIC 7902003,CANDIDATE,K03236.01,0,0,0,0,7.13044117,31.9,10.5
KIC 6587796,CONFIRMED,K03237.01,0,0,0,0,33.4203001,436.6,8.9
KIC 9489953,FALSE POSITIVE,K03238.01,1,0,0,0,58.3437362,1266.8,75.0
KIC 5305240,FALSE POSITIVE,K03239.01,0,0,1,0,1.070982122,43.4,9.0
KIC 11905409,CANDIDATE,K03312.01,0,0,0,0,18.0939004,467.3,11.6
KIC 9571186,CANDIDATE,K03313.01,0,0,0,0,34.9524256,677,15.8
KIC 9838060,FALSE POSITIVE,K03314.01,0,1,0,0,23.81578356,4856.7,71.0
KIC 8554701,CONFIRMED,K03315.01,0,0,0,0,31.1748311,200.2,17.0
KIC 5389632,FALSE POSITIVE,K07726.01,0,0,1,0,0.474811162,205.2,17.4
KIC 9031209,CONFIRMED,K03316.01,0,0,0,0,47.0568476,1531.2,38.0
KIC 5951416,FALSE POSITIVE,K04781.01,1,0,0,0,367.73299,503.9,11.2
KIC 5612697,CANDIDATE,K03206.01,0,0,0,0,15.1516409,191.5,11.4
KIC 8973285,CANDIDATE,K04782.01,0,0,0,0,7.4213444,315.9,8.7
KIC 4645833,FALSE POSITIVE,K04783.01,1,0,1,0,0.743495989,172.8,26.0
KIC 8940918,FALSE POSITIVE,K04784.01,0,0,1,0,1.405887031,216,13.8
KIC 3758922,CANDIDATE,K04853.01,0,0,0,0,17.7412303,144.7,9.2
KIC 8360041,CANDIDATE,K04854.01,0,0,0,0,2.63527677,70.4,10.7
KIC 9827596,FALSE POSITIVE,K04855.01,0,0,1,1,1.45728997,71.3,15.5
KIC 9782748,CANDIDATE,K04856.01,0,0,0,0,147.388124,909.2,15.8
KIC 2860656,CANDIDATE,K04857.01,0,0,0,0,4.11497357,154.1,9.7
KIC 6206559,FALSE POSITIVE,K03240.01,0,1,1,1,1.245331397,38.1,26.5
KIC 5024429,FALSE POSITIVE,K07714.01,0,0,1,1,1.52593737,159.1,9.6
KIC 9532117,FALSE POSITIVE,K03241.01,0,1,1,1,8.21429932,70.7,19.7
KIC 6928906,FALSE POSITIVE,K03242.01,0,1,0,0,1.54945486,21.8,20.9
KIC 9821151,FALSE POSITIVE,K03243.01,0,1,0,1,8.42943991,89.1,19.7
KIC 8073705,CONFIRMED,K03245.01,0,0,0,0,10.60052083,60.9,17.4
KIC 4271474,CONFIRMED,K03324.01,0,0,0,0,21.8634638,871,9.9
KIC 5130983,FALSE POSITIVE,K03325.01,0,1,1,0,86.4392931,1175.1,20.5
KIC 11093538,FALSE POSITIVE,K03326.01,0,1,1,0,14.77820911,10774,123.1
KIC 11044779,FALSE POSITIVE,K03327.01,0,1,0,0,15.60862948,34356,186.0
KIC 6438379,FALSE POSITIVE,K04785.01,1,0,0,0,389.14115,347.4,10.1
KIC 9145415,FALSE POSITIVE,K04786.01,1,0,0,0,365.78863,885,10.5
KIC 4545926,FALSE POSITIVE,K04787.01,0,0,1,0,2.4826619,37,10.0
KIC 9396760,FALSE POSITIVE,K04788.01,0,1,0,1,2.17811908,74,9.8
KIC 5119619,FALSE POSITIVE,K04789.01,0,0,1,0,1.11205787,118.7,16.1
KIC 9582496,FALSE POSITIVE,K04858.01,1,0,0,0,224.447413,651,7.9
KIC 7094944,CANDIDATE,K04859.01,0,0,0,0,7.5019743,248,9.1
KIC 3343281,FALSE POSITIVE,K04860.01,0,0,1,0,21.8660922,301.6,9.2
KIC 2573108,FALSE POSITIVE,K03217.01,1,0,0,0,5.09506,23.6,7.6
KIC 6425597,CANDIDATE,K04861.01,0,0,0,0,29.1206519,415.5,9.7
KIC 9885417,CONFIRMED,K03246.01,0,0,0,0,0.689967868,122.9,28.7
KIC 3336476,FALSE POSITIVE,K03247.01,0,0,0,1,1.89132292,16,14.8
KIC 10917433,CANDIDATE,K03248.01,0,0,0,0,6.91261536,34.4,12.0
KIC 5091479,CANDIDATE,K07715.01,0,0,0,0,25.8616058,123,8.5
KIC 9083564,FALSE POSITIVE,K03249.01,0,1,0,1,0.918420801,56.7,40.3
KIC 7335713,FALSE POSITIVE,K03250.01,1,0,1,0,0.573709256,131.2,37.5
KIC 8331612,CONFIRMED,K03318.01,0,0,0,0,13.8353959,818,10.3
KIC 5185765,FALSE POSITIVE,K07720.01,1,0,1,0,46.9434911,100.7,6.6
KIC 5965819,CONFIRMED,K03319.01,0,0,0,0,19.5906103,297,24.9
KIC 8328916,CANDIDATE,K04790.01,0,0,0,0,6.07855,102.7,10.4
KIC 11294883,FALSE POSITIVE,K04791.01,1,0,0,0,427.65334,157.1,7.2
KIC 10155029,CANDIDATE,K03208.01,0,0,0,0,2.131660527,32.2,15.7
KIC 11618569,CANDIDATE,K04792.01,0,0,0,0,5.75902182,70.8,9.9
KIC 11973517,CANDIDATE,K04862.01,0,0,0,0,0.903763067,267.5,12.6
KIC 5471566,FALSE POSITIVE,K04863.01,0,0,1,1,0.9628348,92.8,7.6
KIC 7345248,CANDIDATE,K04864.01,0,0,0,0,5.66494448,46,11.4
KIC 5814013,FALSE POSITIVE,K04865.01,0,0,1,0,1.57017249,158.4,10.2
KIC 7117355,FALSE POSITIVE,K04866.01,1,0,1,1,0.566798364,38.6,14.1
KIC 5653072,FALSE POSITIVE,K03252.01,0,0,1,0,3.22452656,57.5,24.3
KIC 2707985,FALSE POSITIVE,K03253.01,0,0,1,1,1.89127438,32.3,24.6
KIC 9899141,FALSE POSITIVE,K03254.01,0,0,1,1,1.33256944,20.6,18.8
KIC 8183288,CONFIRMED,K03255.01,0,0,0,0,66.6504521,536.9,27.1
KIC 11305996,FALSE POSITIVE,K03256.01,0,1,1,0,55.7002642,332.7,10.8
KIC 6690171,CANDIDATE,K03320.01,0,0,0,0,85.0624157,41901,495.3
KIC 6859801,FALSE POSITIVE,K03321.01,0,1,1,1,10.882416555,16629.5,265.2
KIC 7767733,FALSE POSITIVE,K03322.01,0,1,0,0,25.19830439,73834.2,1669.4
KIC 5193659,CANDIDATE,K03323.01,0,0,0,0,14.3196417,215.5,12.5
KIC 5201593,FALSE POSITIVE,K07721.01,1,0,1,1,0.50727675,214.7,33.5
KIC 6220312,CANDIDATE,K04793.01,0,0,0,0,5.2736268,86.1,8.7
KIC 6358937,CANDIDATE,K04794.01,0,0,0,0,24.5041103,119.5,11.3
KIC 9007609,FALSE POSITIVE,K04795.01,0,0,1,0,1.316398648,182.5,13.1
KIC 11038580,FALSE POSITIVE,K04796.01,1,0,0,0,419.4596,131.8,8.4
KIC 7771181,CANDIDATE,K04797.01,0,0,0,0,9.97202023,329.7,8.6
KIC 9509223,FALSE POSITIVE,K04867.01,1,0,0,1,14.2005007,80.6,10.6
KIC 6720773,FALSE POSITIVE,K04868.01,0,0,1,0,1.318347743,113.2,10.6
KIC 8056651,FALSE POSITIVE,K04869.01,0,0,1,0,5.5834987,87.4,11.8
KIC 4665991,FALSE POSITIVE,K04870.01,0,0,1,1,1.12401084,43.6,10.0
KIC 10191036,FALSE POSITIVE,K03218.01,0,0,1,1,1.21374652,28.9,17.4
KIC 10420301,FALSE POSITIVE,K03257.01,1,0,1,1,45.4333769,905.8,18.1
KIC 4366323,CANDIDATE,K03258.01,0,0,0,0,40.3511707,533.5,11.3
KIC 2853029,CANDIDATE,K03259.01,0,0,0,0,72.9332762,770.4,11.3
KIC 12156174,CONFIRMED,K03260.01,0,0,0,0,56.6746666,883.1,22.7
KIC 4634135,FALSE POSITIVE,K03328.01,0,1,0,0,63.9005941,17097,110.8
KIC 6955671,CANDIDATE,K03329.01,0,0,0,0,12.6878176,293,13.5
KIC 5097856,CANDIDATE,K07716.01,0,0,0,0,483.36405,285.4,8.3
KIC 4736644,CONFIRMED,K03330.01,0,0,0,0,16.2951259,197.9,13.0
KIC 5876805,FALSE POSITIVE,K03331.01,0,1,0,0,18.173045009,69911.3,1820.5
KIC 5818068,FALSE POSITIVE,K03332.01,0,1,1,0,14.12678065,7647.4,127.1
KIC 10139390,FALSE POSITIVE,K04798.01,1,0,0,0,358.56462,170.2,9.6
KIC 8278073,CANDIDATE,K04799.01,0,0,0,0,12.0729757,99.5,9.7
KIC 5273713,FALSE POSITIVE,K07722.01,0,0,1,0,1.337561836,41,9.5
KIC 3526331,FALSE POSITIVE,K04800.01,1,0,1,0,2.23755641,101.1,7.3
KIC 10810859,CANDIDATE,K04801.01,0,0,0,0,82.401274,430.7,10.1
KIC 6767227,CANDIDATE,K04871.01,0,0,0,0,4.08197713,26.2,9.3
KIC 11496490,FALSE POSITIVE,K04872.01,1,0,1,0,1.035268597,112.2,15.1
KIC 1430305,FALSE POSITIVE,K04873.01,1,0,0,0,359.3259,246.2,13.5
KIC 7117549,FALSE POSITIVE,K04874.01,1,0,0,1,0.566805268,35.7,12.5
KIC 2986833,CANDIDATE,K04875.01,0,0,0,0,0.912179022,144.6,10.3
KIC 12055539,CONFIRMED,K03261.01,0,0,0,0,12.27057043,295.5,18.7
KIC 12056139,CONFIRMED,K03262.01,0,0,0,0,13.2274753,229.8,16.4
KIC 11853130,CANDIDATE,K03263.01,0,0,0,0,76.87935893,21272,131.0
KIC 4774646,FALSE POSITIVE,K07707.01,0,1,1,0,0.559517155,57.9,12.7
KIC 9345933,CANDIDATE,K03264.01,0,0,0,0,13.0151826,331.6,11.9
KIC 10030778,FALSE POSITIVE,K03265.01,0,1,1,0,29.47316279,12568.5,179.3
KIC 7870282,FALSE POSITIVE,K04732.01,0,1,1,1,0.580725004,105.2,18.0
KIC 11153259,FALSE POSITIVE,K03200.01,1,0,0,0,1.94468659,455.5,17.1
KIC 9021075,CONFIRMED,K04733.01,0,0,0,0,7.28116667,333.8,11.5
KIC 5783938,FALSE POSITIVE,K04734.01,1,0,0,0,383.10017,579.4,10.0
KIC 11338056,CANDIDATE,K04735.01,0,0,0,0,2.87998334,116.5,9.9
KIC 3445812,FALSE POSITIVE,K04802.01,1,0,1,0,0.605556082,101.7,15.3
KIC 4473613,CONFIRMED,K04803.01,0,0,0,0,4.36125889,189.2,10.7
KIC 10676750,CANDIDATE,K04804.01,0,0,0,0,21.08678557,499.6,11.0
KIC 8960918,FALSE POSITIVE,K04805.01,0,0,1,0,1.19087362,67.5,8.0
KIC 4647662,FALSE POSITIVE,K04806.01,0,0,1,1,1.06484622,42.4,12.5
KIC 9822284,FALSE POSITIVE,K04807.01,0,1,0,0,0.969824139,23.1,6.8
KIC 8940700,FALSE POSITIVE,K04876.01,1,0,0,0,190.60563,153.6,11.6
KIC 9581589,CANDIDATE,K04877.01,0,0,0,0,5.19206571,66.6,10.5
KIC 11804437,CANDIDATE,K04878.01,0,0,0,0,449.01499,94.2,8.5
KIC 9850966,FALSE POSITIVE,K04879.01,0,0,1,1,8.480305,304.2,11.5
KIC 8747009,FALSE POSITIVE,K04880.01,0,0,1,0,410.11676,216.9,11.2
KIC 8826007,CONFIRMED,K03266.01,0,0,0,0,54.5091549,622.2,17.0
KIC 8620402,CONFIRMED,K03267.01,0,0,0,0,14.1959621,196.2,14.1
KIC 8379021,FALSE POSITIVE,K03268.01,0,1,0,0,11.52482874,577.6,16.2
KIC 8104030,FALSE POSITIVE,K03269.01,0,1,0,0,46.84008579,6287.9,147.9
KIC 4813793,CANDIDATE,K07708.01,0,0,0,0,6.70242786,65.3,8.8
KIC 5282477,FALSE POSITIVE,K04736.01,1,0,1,1,0.992798625,582.5,79.1
KIC 7266212,CANDIDATE,K04737.01,0,0,0,0,7.79534033,102.1,10.2
KIC 6681546,FALSE POSITIVE,K04738.01,1,0,0,0,186.72243,326.4,11.5
KIC 6421137,FALSE POSITIVE,K04739.01,1,0,0,0,118.4039,426,4.4
KIC 9893278,FALSE POSITIVE,K04740.01,1,0,0,0,182.281992,509.3,8.7
KIC 9419020,CANDIDATE,K04808.01,0,0,0,0,2.40174996,254.4,13.2
KIC 4548162,FALSE POSITIVE,K04809.01,1,0,0,0,10.0102876,127.1,7.0
KIC 4270799,CANDIDATE,K04810.01,0,0,0,0,115.238544,516.7,10.6
KIC 8811490,CANDIDATE,K04811.01,0,0,0,0,21.7434141,154.8,15.8
KIC 7293937,FALSE POSITIVE,K03211.01,0,0,1,1,1.366964704,59.7,3.3
KIC 8043721,FALSE POSITIVE,K04812.01,1,0,0,0,0.77957913,70.4,11.1
KIC 7985733,FALSE POSITIVE,K03219.01,0,1,1,0,0.544561598,35.2,31.1
KIC 8094120,FALSE POSITIVE,K04881.02,0,0,0,1,0.706423768,46.1,15.9
KIC 6522824,FALSE POSITIVE,K04882.01,0,0,1,1,17.4453133,327.7,12.2
KIC 6802536,FALSE POSITIVE,K04883.01,0,1,0,0,2.9788702,,
KIC 4750341,FALSE POSITIVE,K04884.01,0,0,1,0,1.97515457,66.1,9.2
KIC 9935642,CANDIDATE,K04885.01,0,0,0,0,9.33955596,245.1,10.1
KIC 6612327,FALSE POSITIVE,K03270.01,0,1,1,0,21.993112,1015.7,37.3
KIC 7285757,CONFIRMED,K03271.01,0,0,0,0,19.5489666,523.8,12.6
KIC 5211922,FALSE POSITIVE,K03273.01,0,0,1,0,27.6853358,1660.7,49.3
KIC 5280587,CONFIRMED,K03274.01,0,0,0,0,35.6225528,651.1,9.6
KIC 8129005,FALSE POSITIVE,K04741.01,0,0,1,1,7.1403113,112.1,11.8
KIC 4840156,FALSE POSITIVE,K07709.01,0,0,1,0,2.69487041,62.1,10.3
KIC 4138008,CONFIRMED,K04742.01,0,0,0,0,112.303136,502.1,13.1
KIC 4262040,CANDIDATE,K03202.01,0,0,0,0,92.461135,122.4,20.7
KIC 6468904,FALSE POSITIVE,K04743.01,0,1,0,0,49.5387264,740.6,10.3
KIC 5709906,FALSE POSITIVE,K04744.01,0,0,1,0,3.39155966,28.4,8.2
KIC 4840672,CANDIDATE,K04813.01,0,0,0,0,9.2294726,199.3,7.5
KIC 9777556,FALSE POSITIVE,K04814.01,0,0,0,1,1.33254897,591.7,16.2
KIC 7287677,CANDIDATE,K04815.01,0,0,0,0,18.3721835,152.5,9.5
KIC 10753922,FALSE POSITIVE,K04816.01,0,0,1,0,18.2260472,361.1,10.0
KIC 5980061,FALSE POSITIVE,K04817.01,1,0,1,0,0.630539713,239.6,27.7
KIC 7692248,CANDIDATE,K04886.01,0,0,0,0,17.99562529,1068,12.1
KIC 4059887,FALSE POSITIVE,K04887.01,0,0,1,1,1.018347376,47.8,33.3
KIC 8288741,FALSE POSITIVE,K04888.01,1,0,0,0,0.659299289,1118.5,108.6
KIC 6852354,FALSE POSITIVE,K04889.01,1,0,0,0,101.97435125,,
KIC 6691169,CANDIDATE,K04890.01,0,0,0,0,63.095068,496.8,11.4
KIC 5303346,FALSE POSITIVE,K03275.01,0,1,1,0,37.32483952,4989.2,155.6
KIC 3858879,FALSE POSITIVE,K03276.01,0,1,1,1,25.951984,2340.2,131.4
KIC 3120904,CONFIRMED,K03277.01,0,0,0,0,42.9136635,160.6,18.2
KIC 3342467,FALSE POSITIVE,K03278.01,0,1,0,0,88.1804682,1138.6,17.5
KIC 11757451,CONFIRMED,K04745.01,0,0,0,0,177.668663,901.4,12.7
KIC 2711597,FALSE POSITIVE,K04746.01,0,1,0,0,0.98041685,105.7,8.8
KIC 8047428,CONFIRMED,K04747.01,0,0,0,0,92.263742,296.9,12.2
KIC 11513486,CONFIRMED,K04748.01,0,0,0,0,6.64754478,289.3,12.4
KIC 4851283,FALSE POSITIVE,K07710.01,0,0,1,1,1.23517588,232.9,19.3
KIC 6520519,CANDIDATE,K04749.01,0,0,0,0,1.97650073,112.5,10.4
KIC 9459162,CANDIDATE,K04818.01,0,0,0,0,3.79892774,47,8.3
KIC 5024138,FALSE POSITIVE,K04819.01,1,0,1,0,0.416995408,112.6,19.9
KIC 9969287,CANDIDATE,K04820.01,0,0,0,0,14.7401061,238,10.3
KIC 9086001,FALSE POSITIVE,K04821.01,1,0,0,0,256.52387,126.1,7.5
KIC 4927734,FALSE POSITIVE,K03212.01,1,0,0,0,3.0001191,7.7,7.3
KIC 11189311,CONFIRMED,K03220.01,0,0,0,0,81.4160138,762.3,54.3
KIC 10747501,CANDIDATE,K04891.01,0,0,0,0,4.7309013,228.5,11.6
KIC 10586744,CANDIDATE,K04892.01,0,0,0,0,21.3761817,104,12.1
KIC 11970050,CANDIDATE,K04893.01,0,0,0,0,6.58753699,232.1,8.2
KIC 10031918,FALSE POSITIVE,K04894.01,0,0,0,1,8.5900471,137,9.6
KIC 5276332,FALSE POSITIVE,K07723.01,1,0,0,0,357.82544,152.5,11.1
KIC 3544640,CONFIRMED,K03279.01,0,0,0,0,30.8278245,641.3,13.9
KIC 10653179,CONFIRMED,K03280.01,0,0,0,0,47.1607932,723.2,13.6
KIC 12066569,CONFIRMED,K03282.01,0,0,0,0,49.2768448,1132.9,17.8
KIC 6497146,CONFIRMED,K03284.01,0,0,0,0,35.2330694,352.8,14.5
KIC 8625813,FALSE POSITIVE,K03285.01,0,0,1,1,45.3965379,1001.6,15.3
KIC 4651399,FALSE POSITIVE,K07698.01,1,0,0,0,508.807642,2127,14.8
KIC 5308296,CANDIDATE,K04750.01,0,0,0,0,36.721576,538.2,10.2
KIC 9953575,FALSE POSITIVE,K04751.01,1,0,0,0,362.69427,439.9,11.0
KIC 7887890,FALSE POSITIVE,K04752.01,1,0,1,0,370.35639,732.2,13.0
KIC 3122872,CANDIDATE,K03203.01,0,0,0,0,96.81647,164.7,25.9
KIC 4544628,FALSE POSITIVE,K04753.01,0,0,1,0,0.729724346,23,14.3
KIC 9702945,CANDIDATE,K04822.01,0,0,0,0,3.51413723,32.7,11.2
KIC 11401253,CANDIDATE,K04823.01,0,0,0,0,4.96504981,50.7,8.7
KIC 7052511,FALSE POSITIVE,K04824.01,0,0,1,0,0.821472455,127.1,11.3
KIC 4764774,FALSE POSITIVE,K04825.01,0,0,1,0,1.29019586,86.5,11.1
KIC 10549902,CANDIDATE,K04826.01,0,0,0,0,1.141148847,73.1,12.7
KIC 12416597,CANDIDATE,K04895.01,0,0,0,0,12.460565,143.9,10.2
KIC 9910828,FALSE POSITIVE,K04897.01,0,0,1,1,8.48032079,170.7,14.7
KIC 10065053,CANDIDATE,K04898.01,0,0,0,0,409.87844,647.1,8.7
KIC 11867608,FALSE POSITIVE,K04899.01,1,0,0,0,227.6258,131,8.8
KIC 8016691,CONFIRMED,K03286.01,0,0,0,0,18.1373788,310.8,11.3
KIC 6584273,CONFIRMED,K03287.01,0,0,0,0,51.1104797,330,21.9
KIC 5768816,CONFIRMED,K03288.01,0,0,0,0,47.9869119,859.3,25.7
KIC 5360974,FALSE POSITIVE,K03289.01,0,1,1,0,29.8042694,1046.5,17.9
KIC 10291589,CANDIDATE,K04754.01,0,0,0,0,7.08757462,187,11.0
KIC 10118266,CANDIDATE,K04755.01,0,0,0,0,3.74318005,237.5,10.5
KIC 5695615,CANDIDATE,K04756.01,0,0,0,0,5.4169303,109.5,11.3
KIC 4670267,FALSE POSITIVE,K07699.01,0,1,0,0,1.003049079,219273,1766.7
KIC 7435780,FALSE POSITIVE,K04757.01,1,0,1,1,0.933157032,87.8,15.2
KIC 8938937,FALSE POSITIVE,K04758.01,1,0,0,0,37.1083458,366.5,7.9
KIC 5651846,CANDIDATE,K04827.01,0,0,0,0,31.1920226,447.8,11.6
KIC 10556180,FALSE POSITIVE,K04828.01,1,0,0,0,1.02104719,246.1,18.5
KIC 12401132,FALSE POSITIVE,K04829.02,1,0,0,0,12.083457,312.5,8.6
KIC 8308070,FALSE POSITIVE,K04830.01,1,0,0,0,401.5907,115,11.9
KIC 6424561,CANDIDATE,K04900.01,0,0,0,0,6.6716723,154.4,10.3
KIC 6956136,FALSE POSITIVE,K03221.01,1,0,0,0,53.912783631,216.7,56.4
KIC 10661917,FALSE POSITIVE,K04901.01,0,1,1,1,1.23142395,19.6,10.8
KIC 10000162,CANDIDATE,K04902.01,0,0,0,0,409.38645,531.5,10.3
KIC 7799701,FALSE POSITIVE,K04903.01,0,1,1,0,386.828262,1024.9,19.7
KIC 6233483,FALSE POSITIVE,K03291.01,0,1,1,1,15.8733803,4094.1,136.5
KIC 5392871,FALSE POSITIVE,K03292.01,0,1,1,1,42.3991752,484,36.9
KIC 3858851,FALSE POSITIVE,K03293.01,0,1,1,1,25.95198823,5103.3,125.0
KIC 3858917,FALSE POSITIVE,K03294.01,0,1,1,1,25.9522401,2896.9,90.5
KIC 4466356,FALSE POSITIVE,K03295.01,0,1,1,0,14.12809896,263.1,20.3
KIC 7949593,CANDIDATE,K04759.01,0,0,0,0,17.7662938,181.1,10.1
KIC 9474232,FALSE POSITIVE,K04760.01,0,0,1,1,13.6917833,145.4,14.2
KIC 3859151,FALSE POSITIVE,K04761.01,0,1,1,1,25.95633,158.2,11.9
KIC 7098255,CANDIDATE,K04762.01,0,0,0,0,11.56722589,373.7,11.5
KIC 11456279,FALSE POSITIVE,K03204.01,1,0,0,0,0.572937573,80.8,32.0
KIC 4670361,CANDIDATE,K07700.01,0,0,0,0,631.56889,789,20.7
KIC 5398002,FALSE POSITIVE,K03213.01,0,1,0,0,14.15849823,347.3,225.1
KIC 6680911,FALSE POSITIVE,K04831.01,1,0,0,0,207.471349,229.2,8.0
KIC 10356124,FALSE POSITIVE,K04832.01,1,0,0,0,12.3748247,390.9,85.7
KIC 10584140,CANDIDATE,K04833.01,0,0,0,0,4.31724247,59,11.3
KIC 8233326,CANDIDATE,K04834.01,0,0,0,0,3.74099144,34.3,12.3
KIC 4940203,CANDIDATE,K07711.01,0,0,0,0,302.779824,270.9,12.3
KIC 6286161,FALSE POSITIVE,K03501.01,1,0,0,0,14.541781166,143645,768.9
KIC 5385471,FALSE POSITIVE,K03502.01,1,0,1,1,12.4261177,1230.4,89.9
KIC 6368175,CONFIRMED,K03503.01,0,0,0,0,21.1876185,71.7,8.5
KIC 5471158,FALSE POSITIVE,K03504.01,1,0,1,1,12.42560404,458.9,40.8
KIC 4847843,FALSE POSITIVE,K03505.01,0,1,1,1,30.9604688,460.9,27.1
KIC 5120225,FALSE POSITIVE,K07717.01,0,1,0,0,1.041619932,1840.5,374.1
KIC 9656543,FALSE POSITIVE,K03588.01,0,1,0,0,2.544594443,348777,608.9
KIC 10751515,FALSE POSITIVE,K03589.01,0,1,0,0,56.40651043,102294,1597.3
KIC 3348093,FALSE POSITIVE,K03590.01,0,1,0,0,7.964400574,190903,879.2
KIC 6182846,FALSE POSITIVE,K03591.01,0,1,1,1,6.399101307,83326,154.4
KIC 6442602,FALSE POSITIVE,K07778.01,1,0,0,0,0.56678228,146.8,15.1
KIC 9851126,FALSE POSITIVE,K03592.01,0,1,1,1,8.480303653,81427.9,301.4
KIC 11455428,CONFIRMED,K03365.01,0,0,0,0,22.1270885,418.2,12.6
KIC 10484409,FALSE POSITIVE,K03366.01,0,0,1,0,10.6784787,201,9.4
KIC 10935993,CANDIDATE,K03367.01,0,0,0,0,25.3736543,372.9,10.6
KIC 5257082,CANDIDATE,K03368.01,0,0,0,0,10.08535311,222.5,10.7
KIC 5796185,FALSE POSITIVE,K03369.01,0,1,0,0,42.559265547,207990,950.0
KIC 8628665,CANDIDATE,K03434.01,0,0,0,0,10.2856373,134.9,10.4
KIC 3945802,FALSE POSITIVE,K03435.01,0,0,1,0,24.2157996,322.2,13.6
KIC 6265665,CONFIRMED,K03436.01,0,0,0,0,44.2018402,235.6,18.6
KIC 5881307,CANDIDATE,K07746.01,0,0,0,0,393.95608,482.2,10.3
KIC 4645174,CONFIRMED,K03437.01,0,0,0,0,15.0330623,132.2,14.9
KIC 8719419,FALSE POSITIVE,K03506.01,0,1,0,0,12.62530918,39413,32.5
KIC 9028474,FALSE POSITIVE,K03510.01,0,1,0,0,124.93576738,240899,332.8
KIC 6124137,CANDIDATE,K07764.01,0,0,0,0,227.83457,155.3,13.1
KIC 3644542,FALSE POSITIVE,K03511.01,0,1,0,0,119.67980316,299046,5357.7
KIC 6182849,FALSE POSITIVE,K03512.01,0,1,0,0,6.399107136,376769,4322.4
KIC 9851142,FALSE POSITIVE,K03513.01,0,1,0,1,8.480304281,83114.6,5219.5
KIC 3442054,FALSE POSITIVE,K03593.01,0,1,0,0,117.6813778,45362,2426.9
KIC 4079530,FALSE POSITIVE,K03594.01,0,1,0,0,17.72722648,147144,922.1
KIC 6445531,FALSE POSITIVE,K07779.01,0,0,1,1,1.71024931,98.6,9.4
KIC 10677186,FALSE POSITIVE,K03595.01,0,1,0,0,100.40132734,53781.9,1331.0
KIC 9025914,FALSE POSITIVE,K03596.01,0,1,0,0,11.320287875,243413,1539.9
KIC 9366988,FALSE POSITIVE,K03597.01,0,1,1,0,1.219034103,95697,319.1
KIC 11657614,CONFIRMED,K03370.02,0,0,0,0,5.94228603,250,7.5
KIC 5687986,CANDIDATE,K07735.01,0,0,0,0,382.30306,225.6,9.6
KIC 11125797,CONFIRMED,K03371.02,0,0,0,0,12.25384348,147.7,12.3
KIC 3102000,FALSE POSITIVE,K03373.01,0,1,0,0,57.0599992,66168,751.5
KIC 6599975,CONFIRMED,K03438.01,0,0,0,0,14.5565618,103.8,17.1
KIC 5887316,FALSE POSITIVE,K07747.01,0,0,1,0,0.603086711,1242.8,170.0
KIC 4282191,CONFIRMED,K03439.01,0,0,0,0,41.7084063,330,24.3
KIC 3559860,CONFIRMED,K03440.01,0,0,0,0,33.0257179,507.1,12.2
KIC 10651945,FALSE POSITIVE,K03441.01,0,1,0,0,25.366990665,150581,2206.5
KIC 7117003,FALSE POSITIVE,K03514.01,1,0,0,0,428.32173928,316995,4594.8
KIC 3240159,FALSE POSITIVE,K03515.01,0,1,0,0,82.137609997,210772,3583.1
KIC 6147851,FALSE POSITIVE,K07766.01,0,0,1,0,3.06026014,59.9,10.1
KIC 9658118,FALSE POSITIVE,K03516.01,0,1,0,0,24.0612744,440146,1161.1
KIC 7132542,FALSE POSITIVE,K03517.01,0,1,0,0,66.36099916,416737,1866.7
KIC 8589754,FALSE POSITIVE,K03518.01,0,1,0,0,8.939461148,357832,2427.5
KIC 3757590,FALSE POSITIVE,K03520.01,0,1,0,0,135.58607679,363134,6788.8
KIC 2437149,FALSE POSITIVE,K03598.01,0,1,0,0,18.79862195,380204,551.3
KIC 9715925,FALSE POSITIVE,K03599.01,0,1,0,0,6.30828538,113526,559.2
KIC 9529733,FALSE POSITIVE,K03600.01,0,1,0,0,4.80912667,134093,1033.2
KIC 9613070,FALSE POSITIVE,K03601.01,0,1,0,0,2.33211505,105949,997.8
KIC 10845188,FALSE POSITIVE,K03602.01,0,1,0,0,249.36211832,35830.4,846.1
KIC 5709103,FALSE POSITIVE,K07736.01,0,1,1,0,0.664727127,16.2,7.6
KIC 6705026,CONFIRMED,K03374.01,0,0,0,0,9.5084871,97.9,13.3
KIC 6779726,CONFIRMED,K03375.01,0,0,0,0,47.0563327,762,12.1
KIC 3098843,FALSE POSITIVE,K03376.02,0,0,1,0,179.85022331,,
KIC 5553959,CANDIDATE,K03377.01,0,0,0,0,10.0100312,375.8,12.4
KIC 7288306,CONFIRMED,K03443.01,0,0,0,0,96.169569,894.5,20.0
KIC 5887393,FALSE POSITIVE,K07748.01,0,0,1,0,1.55090374,11.3,11.8
KIC 5384713,CANDIDATE,K03444.01,0,0,0,0,12.67143692,215.8,13.7
KIC 11860395,CONFIRMED,K03445.01,0,0,0,0,82.303914,737,22.3
KIC 5456023,FALSE POSITIVE,K03521.01,0,1,0,0,131.97827736,345935,3766.3
KIC 6187888,FALSE POSITIVE,K07768.01,0,0,1,1,0.789171236,73.4,9.0
KIC 9529744,CONFIRMED,K01806.02,0,0,0,0,17.9346606,142.7,18.8
KIC 12021387,FALSE POSITIVE,K03522.01,0,1,0,0,241.07074582,70291.7,4257.4
KIC 8044608,FALSE POSITIVE,K03523.01,0,1,0,0,106.17593813,164738,7056.8
KIC 8760135,FALSE POSITIVE,K03524.01,0,1,0,0,184.6467208,410274,1113.2
KIC 4073707,FALSE POSITIVE,K03525.01,1,0,0,0,6.282033445,181787,1178.0
KIC 5730394,FALSE POSITIVE,K03603.01,0,1,0,0,5.519188936,217073,2270.6
KIC 6451368,CANDIDATE,K07780.01,0,0,0,0,5.3360574,54.7,7.0
KIC 6956216,FALSE POSITIVE,K03604.01,0,1,0,0,4.818863794,65936.5,2048.7
KIC 6137704,FALSE POSITIVE,K03605.01,0,1,0,0,178.26802035,45753.9,961.4
KIC 10275074,FALSE POSITIVE,K03606.01,0,1,0,0,2.181555909,85406.9,1548.2
KIC 9110346,FALSE POSITIVE,K03607.01,0,1,0,0,0.895276162,319082,932.1
KIC 10259301,FALSE POSITIVE,K03608.01,0,1,0,0,244.83274973,40206,733.5
KIC 2995392,CONFIRMED,K03379.01,0,0,0,0,30.4544418,472.1,17.3
KIC 3120308,FALSE POSITIVE,K03380.01,0,0,1,1,10.26558924,254.6,18.8
KIC 9991621,FALSE POSITIVE,K03382.01,0,0,1,0,18.9257333,188.5,16.2
KIC 8078502,CONFIRMED,K03383.01,0,0,0,0,37.8862977,672.2,14.4
KIC 8644365,CONFIRMED,K03384.02,0,0,0,0,19.9158863,143.2,28.3
KIC 5888187,CANDIDATE,K07749.01,0,0,0,0,133.6348207,420.9,10.8
KIC 2852528,FALSE POSITIVE,K03446.01,0,1,1,1,11.9615433,424.5,12.4
KIC 3348216,CANDIDATE,K03448.01,0,0,0,0,32.510844,361.9,12.6
KIC 10798838,FALSE POSITIVE,K03449.01,0,1,0,0,62.127677128,37430.2,990.3
KIC 8560940,FALSE POSITIVE,K03450.01,0,1,1,1,31.9730649,158.6,15.6
KIC 10793576,CANDIDATE,K03451.01,0,0,0,0,10.90752977,186,11.8
KIC 10292238,FALSE POSITIVE,K03526.01,0,1,0,0,143.1188694,255714,1638.0
KIC 8733497,FALSE POSITIVE,K03527.01,0,1,0,0,76.81985465,229165,2314.5
KIC 4255422,FALSE POSITIVE,K03528.01,0,1,0,0,165.40574995,66402,4958.6
KIC 9837544,FALSE POSITIVE,K03529.01,0,1,0,0,71.661915163,323613,1804.1
KIC 7877824,FALSE POSITIVE,K03530.01,1,0,0,0,9.44942685,488997,1246.3
KIC 6469946,FALSE POSITIVE,K07781.01,0,0,1,0,0.715802309,2208.6,137.7
KIC 6947164,FALSE POSITIVE,K03531.01,0,1,0,0,70.58284717,150931,2424.0
KIC 6233903,FALSE POSITIVE,K03609.01,0,1,0,0,2.995357359,172404,1467.6
KIC 7212066,FALSE POSITIVE,K03610.01,0,1,0,0,3.840485025,31353,259.4
KIC 6675060,FALSE POSITIVE,K03611.01,0,1,0,0,10.443341795,145294,842.1
KIC 5716508,FALSE POSITIVE,K07737.01,1,0,0,0,4.75307877,933,6.4
KIC 10518735,FALSE POSITIVE,K03612.01,0,1,0,0,19.515013291,256442,1018.8
KIC 9489947,FALSE POSITIVE,K03385.01,0,1,0,0,54.061328105,79684,1012.2
KIC 6960487,FALSE POSITIVE,K03386.01,0,1,0,0,34.525990182,67161.4,1008.1
KIC 5894182,CANDIDATE,K07750.01,0,0,0,0,494.485085,385.3,13.9
KIC 6309264,FALSE POSITIVE,K03387.01,0,0,1,0,14.2821417,224.9,8.7
KIC 7021177,FALSE POSITIVE,K03452.01,0,1,0,0,18.64532882,433815,1256.8
KIC 7122259,FALSE POSITIVE,K03454.01,0,1,0,0,20.882125422,233450,3506.5
KIC 6947668,CANDIDATE,K03455.01,0,0,0,0,14.0545718,274.3,11.6
KIC 6364582,CONFIRMED,K03456.01,0,0,0,0,30.8609783,128.9,17.8
KIC 6190535,FALSE POSITIVE,K07769.01,1,0,0,0,3.652810043,119.4,6.0
KIC 9834257,FALSE POSITIVE,K03457.01,0,1,1,1,15.65134872,3104,81.6
KIC 10748621,FALSE POSITIVE,K03532.01,0,1,0,0,286.1755875,328544,765.3
KIC 4824268,FALSE POSITIVE,K03533.01,0,1,0,0,152.15144795,151815,2163.4
KIC 6527016,FALSE POSITIVE,K07783.01,0,0,1,0,0.542636318,74.6,17.3
KIC 6431670,FALSE POSITIVE,K03534.01,0,1,0,0,29.911334059,354377,1349.8
KIC 7376500,FALSE POSITIVE,K03535.01,0,1,0,0,5.877122485,362900,1210.8
KIC 9636559,FALSE POSITIVE,K03618.01,0,1,0,0,10.636305846,216063,1419.0
KIC 8095110,FALSE POSITIVE,K03619.01,0,1,1,1,2.1032389,24852.5,625.1
KIC 11499263,FALSE POSITIVE,K03620.01,0,1,0,0,46.698200933,54592.5,879.0
KIC 9775253,FALSE POSITIVE,K03621.01,0,1,0,0,4.39451798,223616,249.5
KIC 3858988,FALSE POSITIVE,K03388.01,0,1,1,1,25.9518795,1312.3,63.7
KIC 3848966,CANDIDATE,K03389.01,0,0,0,0,29.7681831,159.9,13.2
KIC 10798605,FALSE POSITIVE,K03390.01,0,1,0,0,56.048096688,53725.8,1003.7
KIC 5895083,FALSE POSITIVE,K07751.01,0,0,1,0,2.25161215,23.9,9.2
KIC 9452897,CANDIDATE,K03391.01,0,0,0,0,36.7662364,579.5,12.6
KIC 9714123,FALSE POSITIVE,K03392.01,0,1,0,0,50.35545898,107138,1219.4
KIC 6118370,CONFIRMED,K03458.01,0,0,0,0,14.0328775,210.9,11.8
KIC 2717158,CONFIRMED,K03459.01,0,0,0,0,13.2226149,261.7,12.6
KIC 6198256,FALSE POSITIVE,K07770.01,1,0,0,0,3.54828691,70.9,9.9
KIC 9664276,CANDIDATE,K03460.01,0,0,0,0,62.596544,223.1,15.5
KIC 2437112,FALSE POSITIVE,K03461.01,0,1,1,1,18.79852,487.4,11.2
KIC 7987086,FALSE POSITIVE,K03536.01,0,1,0,0,156.51657398,113337,2016.1
KIC 7374746,FALSE POSITIVE,K03537.01,0,1,0,0,1.366946478,158643,796.5
KIC 8668810,FALSE POSITIVE,K03538.01,1,0,0,0,313.09275066,445612,1952.3
KIC 6519865,FALSE POSITIVE,K07782.01,1,0,1,0,0.566813677,61.2,11.5
KIC 8868907,FALSE POSITIVE,K03539.01,0,1,0,0,157.32263943,153932,1386.8
KIC 3865298,FALSE POSITIVE,K03540.01,0,1,0,0,9.53040216,321541,185.6
KIC 10091110,FALSE POSITIVE,K03627.01,0,1,0,0,4.218512654,23416.8,699.9
KIC 3542574,FALSE POSITIVE,K03628.01,0,1,0,1,3.47140045,,
KIC 3544694,FALSE POSITIVE,K03629.01,0,1,0,0,1.922862476,101272,362.1
KIC 9085563,CONFIRMED,K03393.01,0,0,0,0,54.6493679,432.5,15.1
KIC 7748487,CANDIDATE,K03394.01,0,0,0,0,15.5764061,257.1,14.1
KIC 3219037,CANDIDATE,K03395.01,0,0,0,0,10.00506974,143.3,11.4
KIC 5952448,FALSE POSITIVE,K07753.01,0,1,1,1,0.905675699,73.2,10.2
KIC 5710069,CANDIDATE,K03396.01,0,0,0,0,36.2580749,380.3,12.5
KIC 9967009,CANDIDATE,K03462.01,0,0,0,0,12.4326997,240.3,11.5
KIC 11874338,FALSE POSITIVE,K03464.01,0,1,0,0,15.9750417,643.5,37.5
KIC 9763612,CONFIRMED,K03465.01,0,0,0,0,16.0505464,94.4,14.6
KIC 6199716,FALSE POSITIVE,K07771.01,0,0,1,1,0.805267592,146.6,9.8
KIC 9468384,FALSE POSITIVE,K03466.01,0,1,0,0,11.082622625,268725,1725.6
KIC 8868364,FALSE POSITIVE,K03541.01,0,1,0,0,421.42848194,96654.3,3162.0
KIC 10092312,FALSE POSITIVE,K01823.02,0,1,1,1,1.096587245,541.2,67.1
KIC 3964545,FALSE POSITIVE,K03542.01,0,1,0,0,3.012476415,198402,2060.3
KIC 9656397,FALSE POSITIVE,K03543.01,0,1,0,0,204.74104758,333804,2000.2
KIC 5444491,FALSE POSITIVE,K07727.01,0,0,1,1,0.759740194,42.5,13.7
KIC 3735629,FALSE POSITIVE,K03544.01,0,1,0,0,4.664186517,555376,445.7
KIC 8244173,FALSE POSITIVE,K03545.01,0,1,0,0,1.092066399,401890,1160.6
KIC 6546508,FALSE POSITIVE,K03613.01,0,1,0,0,3.053578643,52879.9,661.4
KIC 9886224,FALSE POSITIVE,K03614.01,0,1,0,0,2.992662857,113705,296.8
KIC 3735634,FALSE POSITIVE,K03615.01,0,1,1,1,4.664188563,11360.5,272.6
KIC 5730380,FALSE POSITIVE,K07738.01,0,1,1,0,0.954873008,33,1.5
KIC 6058875,FALSE POSITIVE,K03616.01,0,1,0,0,0.56493412,252639,1361.5
KIC 10735564,FALSE POSITIVE,K03617.01,0,1,0,0,1.674984844,234579,858.8
KIC 6200810,CANDIDATE,K03397.01,0,0,0,0,35.8754482,366.7,12.6
KIC 3561464,CONFIRMED,K03398.01,0,0,0,0,7.31945294,166.8,16.3
KIC 5962509,FALSE POSITIVE,K07754.01,0,0,1,1,0.790049989,70.8,12.3
KIC 6359802,FALSE POSITIVE,K03399.01,0,1,1,1,14.15402615,21653,23.9
KIC 7121885,FALSE POSITIVE,K03467.01,0,1,0,0,33.93754213,32990.3,1112.0
KIC 5213404,CONFIRMED,K03468.01,0,0,0,0,20.7057153,115.9,13.5
KIC 4844470,CANDIDATE,K03469.01,0,0,0,0,60.532988,467.5,23.8
KIC 6205566,FALSE POSITIVE,K07772.01,1,0,1,1,3.7228679,52.1,9.8
KIC 9995771,CONFIRMED,K03470.02,0,0,0,0,25.4337864,302,14.3
KIC 7287391,FALSE POSITIVE,K03546.01,0,1,0,0,4.286103033,173359,397.1
KIC 6756202,FALSE POSITIVE,K03547.01,0,1,0,0,290.7778719,225767,1836.8
KIC 10215869,FALSE POSITIVE,K03548.01,0,1,0,0,5.017239915,144642,970.9
KIC 5456319,FALSE POSITIVE,K07728.01,0,0,1,0,0.937923475,40.4,12.0
KIC 2307206,FALSE POSITIVE,K03549.01,0,1,0,0,204.0329342,411374,884.9
KIC 7025540,FALSE POSITIVE,K03550.01,0,1,0,0,2.148219541,457844,619.8
KIC 7620844,FALSE POSITIVE,K03551.01,0,1,0,0,58.621578824,142951,1887.7
KIC 6677267,FALSE POSITIVE,K03622.01,0,1,1,0,3.125821128,5025.4,245.2
KIC 7732791,FALSE POSITIVE,K03623.01,0,1,0,0,1.032068851,121993,140.0
KIC 5736801,FALSE POSITIVE,K07739.01,1,0,1,0,6.6751871,178.3,7.0
KIC 8177798,FALSE POSITIVE,K03624.01,0,1,0,0,1.450205839,25883.7,419.0
KIC 10489521,FALSE POSITIVE,K03625.01,0,1,0,0,3.224486463,403734,1905.1
KIC 12643582,FALSE POSITIVE,K03626.01,0,1,0,0,44.14579777,224228,434.9
KIC 9328641,FALSE POSITIVE,K03400.01,1,0,0,0,33.3239576,2012.1,173.7
KIC 9966219,CANDIDATE,K03401.01,0,0,0,0,17.9559673,137,11.9
KIC 5991070,FALSE POSITIVE,K07756.01,1,0,0,0,0.94102954,34.5,13.3
KIC 3757778,FALSE POSITIVE,K03402.01,0,1,0,0,36.514374043,111620,1701.1
KIC 11754430,CONFIRMED,K03403.01,0,0,0,0,39.818832,199.1,29.4
KIC 11875511,FALSE POSITIVE,K03471.01,0,1,0,0,67.451045,7062.8,205.4
KIC 6231721,CANDIDATE,K07773.01,0,0,0,0,2.69339974,147.5,8.7
KIC 9536108,CANDIDATE,K03472.01,0,0,0,0,10.43003118,120,10.6
KIC 8905246,CANDIDATE,K03473.01,0,0,0,0,27.63714708,735.5,27.4
KIC 5213230,CONFIRMED,K03474.01,0,0,0,0,52.6095103,203.7,15.3
KIC 6233466,FALSE POSITIVE,K03552.01,0,1,0,0,15.873380595,208362,978.2
KIC 5460434,CANDIDATE,K07729.01,0,0,0,0,50.563697,50.5,6.8
KIC 11249624,FALSE POSITIVE,K03553.01,0,1,0,0,65.583665567,242398,1649.5
KIC 6426592,FALSE POSITIVE,K03554.01,0,1,0,0,394.67816267,253376,1500.7
KIC 8491745,FALSE POSITIVE,K03555.01,0,1,0,0,111.31980522,62704.9,3433.7
KIC 3970117,FALSE POSITIVE,K03556.01,0,1,0,0,110.29512684,176336,2084.3
KIC 11147814,FALSE POSITIVE,K03334.01,0,1,0,0,95.178317934,128575,2279.1
KIC 10922659,CONFIRMED,K03335.01,0,0,0,0,31.2543238,438,14.7
KIC 8892720,FALSE POSITIVE,K03336.01,0,1,0,0,61.4911479,58702.9,1421.7
KIC 6032920,FALSE POSITIVE,K07757.01,1,0,0,0,10.828825742,92.1,4.8
KIC 8409295,CONFIRMED,K03404.01,0,0,0,0,82.292865,371.1,13.0
KIC 7131760,CONFIRMED,K03407.01,0,0,0,0,92.436978,955.2,17.8
KIC 11922778,CANDIDATE,K03408.01,0,0,0,0,65.427645,319,15.6
KIC 9468382,FALSE POSITIVE,K03409.01,0,1,1,1,11.08260553,601.2,51.3
KIC 6145201,FALSE POSITIVE,K03475.01,0,1,1,0,22.7832776,120.2,18.2
KIC 5986209,FALSE POSITIVE,K03476.01,0,1,0,0,23.737952838,95883.6,1221.2
KIC 9226339,FALSE POSITIVE,K03477.01,0,0,1,0,21.4618453,122.2,13.4
KIC 6525209,FALSE POSITIVE,K03479.01,0,1,0,0,75.13194883,122372,3625.5
KIC 5534965,FALSE POSITIVE,K03557.01,0,1,0,0,243.82122131,56799.3,2804.3
KIC 5512513,FALSE POSITIVE,K07730.01,0,1,0,0,0.77459856,,
KIC 9965206,FALSE POSITIVE,K03558.01,0,1,0,0,16.227548674,192688,1870.0
KIC 4247023,FALSE POSITIVE,K03559.01,0,1,0,0,47.189437,370871,804.0
KIC 4848423,FALSE POSITIVE,K03560.01,0,1,0,0,1.501760172,387905,2624.0
KIC 11403216,FALSE POSITIVE,K03561.01,0,1,0,0,4.05325447,110916,446.1
KIC 5774375,FALSE POSITIVE,K07740.01,0,1,0,0,1.549979213,370546,672.7
KIC 8263752,FALSE POSITIVE,K03338.01,1,1,1,1,10.99381963,1685.8,102.9
KIC 7772914,CANDIDATE,K03339.01,0,0,0,0,23.1334494,456.3,21.6
KIC 3529290,CANDIDATE,K03340.01,0,0,0,0,8.9539656,70.4,12.2
KIC 9285265,CONFIRMED,K03410.01,0,0,0,0,16.5860329,231.3,14.6
KIC 6025124,CANDIDATE,K03411.01,0,0,0,0,26.83771808,8512,101.4
KIC 5780930,CONFIRMED,K03412.01,0,0,0,0,16.7525077,338.3,18.2
KIC 4164393,FALSE POSITIVE,K03413.01,0,1,0,0,49.612757516,130460,2070.3
KIC 6277410,CANDIDATE,K07774.01,0,0,0,0,6.32589574,192.5,8.8
KIC 9843517,CANDIDATE,K03480.01,0,0,0,0,11.9378354,246,9.6
KIC 8812045,CANDIDATE,K03481.01,0,0,0,0,32.715906,135.7,13.1
KIC 7288444,CONFIRMED,K03482.01,0,0,0,0,15.3317719,179.2,13.3
KIC 3101923,CANDIDATE,K03483.01,0,0,0,0,82.331756,283.2,11.9
KIC 10881457,CONFIRMED,K03484.01,0,0,0,0,84.704139,655.7,17.0
KIC 5513861,FALSE POSITIVE,K07731.01,0,1,0,0,0.755105584,250026,2158.5
KIC 9948002,FALSE POSITIVE,K03562.01,0,1,0,0,101.26336282,72792.5,3573.1
KIC 5264304,FALSE POSITIVE,K03563.01,0,1,0,0,120.58167178,192896,1184.8
KIC 10960995,FALSE POSITIVE,K03564.01,0,1,0,0,1.558544209,225588,421.6
KIC 9592575,FALSE POSITIVE,K03565.01,0,1,1,0,2.63757408,169658,1471.6
KIC 7898576,FALSE POSITIVE,K03566.01,1,0,0,0,8.64636188,218072,2441.7
KIC 5806800,FALSE POSITIVE,K07741.01,0,0,1,0,125.288206,241.6,9.4
KIC 11671429,FALSE POSITIVE,K03567.01,0,1,0,0,112.46358893,242411,1374.0
KIC 5621333,CANDIDATE,K03341.01,0,0,0,0,27.0965146,208.4,16.4
KIC 5392897,FALSE POSITIVE,K03342.01,0,1,0,0,42.39930429,205992,2261.9
KIC 3236705,CANDIDATE,K03343.01,0,0,0,0,83.2664103,620,10.9
KIC 11810124,CONFIRMED,K03344.01,0,0,0,0,11.6044881,267.6,14.5
KIC 6023859,FALSE POSITIVE,K03414.01,0,1,0,0,27.009807384,67898,541.3
KIC 3433668,CONFIRMED,K03415.01,0,0,0,0,15.0219784,96.9,7.4
KIC 2849140,CANDIDATE,K03416.01,0,0,0,0,11.8237228,212.7,14.2
KIC 7503885,CONFIRMED,K03417.01,0,0,0,0,91.078624,738.6,20.8
KIC 3629330,CONFIRMED,K03418.01,0,0,0,0,85.272459,767.8,18.9
KIC 5471289,FALSE POSITIVE,K03485.01,1,0,1,1,12.42592675,410.3,63.7
KIC 8121328,CANDIDATE,K03486.01,0,0,0,0,19.0689513,169.3,19.1
KIC 9783760,FALSE POSITIVE,K03487.01,0,1,0,0,89.7398137,81096,296.0
KIC 9528430,FALSE POSITIVE,K03489.01,0,1,0,0,90.08255562,43252.2,3571.6
KIC 5529552,FALSE POSITIVE,K07732.01,1,0,0,1,0.759768478,57.4,12.9
KIC 8882847,FALSE POSITIVE,K03490.01,0,0,1,0,42.2011587,178.1,15.9
KIC 9773869,FALSE POSITIVE,K03568.01,0,1,0,0,15.65129028,398641,359.7
KIC 6707942,FALSE POSITIVE,K03569.01,0,1,0,0,9.014220178,34085.6,1109.2
KIC 5023948,FALSE POSITIVE,K03570.01,0,1,0,0,1.824653341,176739,1833.7
KIC 5113053,FALSE POSITIVE,K03571.01,0,1,0,0,3.185090259,423276,1909.2
KIC 5817957,FALSE POSITIVE,K07742.01,0,1,0,1,372.76888,1157.2,22.8
KIC 4743508,FALSE POSITIVE,K03572.01,0,1,0,0,2.086076372,58858,159.3
KIC 11303322,CONFIRMED,K03345.01,0,0,0,0,38.1303324,180.4,11.6
KIC 11241912,CONFIRMED,K03346.01,0,0,0,0,14.42735088,117,21.5
KIC 6043538,CANDIDATE,K07759.01,0,0,0,0,6.2253374,108.6,11.8
KIC 8824737,CONFIRMED,K03347.01,0,0,0,0,12.90235874,354.4,15.7
KIC 9349757,CONFIRMED,K03348.01,0,0,0,0,36.4337867,406.8,16.2
KIC 11519134,FALSE POSITIVE,K03419.01,0,1,0,0,58.5850357,75468,656.5
KIC 7289338,CANDIDATE,K03420.02,0,0,0,0,12.5014905,220.1,10.8
KIC 5004909,CANDIDATE,K03421.01,0,0,0,0,40.6511021,136.4,17.3
KIC 6278670,CANDIDATE,K07775.01,0,0,0,0,89.945828,335.6,6.6
KIC 5898983,CANDIDATE,K03422.01,0,0,0,0,40.1454757,310.8,5.2
KIC 8552719,CONFIRMED,K01792.03,0,0,0,0,9.10969334,126.4,47.8
KIC 12164634,FALSE POSITIVE,K03491.01,0,1,0,0,89.3313828,2177.6,169.5
KIC 5193077,FALSE POSITIVE,K03492.01,0,1,1,0,22.2941485,100.9,13.6
KIC 5617259,CANDIDATE,K07733.01,0,0,0,0,1.048130894,191.8,5.2
KIC 8880123,CONFIRMED,K03493.01,0,0,0,0,46.7162336,345.5,15.4
KIC 9474756,CANDIDATE,K03495.01,0,0,0,0,17.6062701,146.2,10.4
KIC 10068919,FALSE POSITIVE,K03573.01,0,1,0,0,43.56225858,51325,163.6
KIC 7353970,FALSE POSITIVE,K03574.01,0,1,1,0,198.443477,39943,464.2
KIC 12316447,FALSE POSITIVE,K03575.01,0,1,0,0,17.907664726,265411,1731.4
KIC 5823557,FALSE POSITIVE,K07743.01,0,0,0,1,2.4044122,42.7,10.8
KIC 10491554,FALSE POSITIVE,K03576.01,0,1,0,0,22.77196484,325446,305.2
KIC 9785454,FALSE POSITIVE,K03577.01,0,1,0,0,184.52015392,49269,1759.1
KIC 8636333,CONFIRMED,K03349.01,0,0,0,0,82.175197,546.4,20.8
KIC 7136958,FALSE POSITIVE,K03350.01,0,1,0,0,29.015852933,71432.1,1268.8
KIC 1995732,FALSE POSITIVE,K03351.01,0,1,0,0,77.36241476,96585.8,1246.3
KIC 6069674,FALSE POSITIVE,K07761.01,1,0,0,0,495.71095,443.1,8.5
KIC 8081239,CONFIRMED,K03352.01,0,0,0,0,10.35857039,273.7,15.1
KIC 3745559,CONFIRMED,K03423.01,0,0,0,0,30.2541186,576.3,12.3
KIC 8356054,FALSE POSITIVE,K03424.01,0,1,0,0,17.081202417,134143,1524.8
KIC 9117416,CONFIRMED,K03425.01,0,0,0,0,20.034708,124.4,22.9
KIC 6356400,CANDIDATE,K07776.01,0,0,0,0,541.92452,1504.2,18.1
KIC 5900235,CANDIDATE,K03426.01,0,0,0,0,58.7701045,224.4,13.2
KIC 7517261,CONFIRMED,K03496.01,0,0,0,0,23.2385587,161.2,15.5
KIC 5653795,FALSE POSITIVE,K07734.01,1,0,0,0,118.314913,216.3,7.0
KIC 8424002,CONFIRMED,K03497.01,0,0,0,0,20.35971899,345.7,26.8
KIC 8635938,FALSE POSITIVE,K03498.01,0,1,0,1,43.798566,290.4,26.1
KIC 10464666,FALSE POSITIVE,K03578.01,0,1,0,0,131.73630485,58381.2,1241.0
KIC 5024292,FALSE POSITIVE,K03579.01,0,1,0,0,4.301031137,204153,1526.2
KIC 4659255,FALSE POSITIVE,K03580.01,0,1,0,0,198.01379181,142501,1411.3
KIC 8263746,FALSE POSITIVE,K03581.01,0,1,0,0,10.9938268,419208,469.5
KIC 5877292,CANDIDATE,K07744.01,0,0,0,0,11.7201693,154.4,7.5
KIC 3428468,FALSE POSITIVE,K03582.01,0,1,0,0,114.90862419,196112,1179.7
KIC 7091432,CONFIRMED,K03353.01,0,0,0,0,11.55532445,250,16.1
KIC 9845909,CANDIDATE,K03354.01,0,0,0,0,11.5706005,211.9,9.6
KIC 9221528,CANDIDATE,K03355.01,0,0,0,0,16.2953228,229.1,12.9
KIC 6106046,CANDIDATE,K07762.01,0,0,0,0,8.5073512,209.5,8.9
KIC 6368230,CONFIRMED,K03356.01,0,0,0,0,26.0841212,259.7,13.8
KIC 7115291,FALSE POSITIVE,K03357.01,0,1,0,0,52.802767576,52110.3,1238.8
KIC 9907505,FALSE POSITIVE,K03427.01,0,1,0,0,39.206808648,186978,1274.3
KIC 9027909,CONFIRMED,K03428.01,0,0,0,0,64.6589166,235.4,13.9
KIC 6369845,FALSE POSITIVE,K07777.01,0,0,1,0,27.6760342,266.8,14.4
KIC 5471688,FALSE POSITIVE,K03499.01,1,0,1,1,12.4281308,131.4,9.4
KIC 6058816,CONFIRMED,K03500.01,0,0,0,0,73.7502765,233.1,33.9
KIC 5130740,FALSE POSITIVE,K03583.01,0,1,0,0,210.30644361,46455.4,1081.7
KIC 9892471,FALSE POSITIVE,K03584.01,0,1,0,0,8.268081087,71479.3,1320.5
KIC 2019076,FALSE POSITIVE,K03585.01,0,1,0,0,3.564614021,94342,728.8
KIC 5879448,FALSE POSITIVE,K07745.01,0,1,0,0,533.47707,210.6,15.3
KIC 7376490,FALSE POSITIVE,K03586.01,0,1,1,1,5.877122413,15647.1,287.6
KIC 11968513,FALSE POSITIVE,K03587.01,1,0,0,0,1.036592635,124498,444.7
KIC 4263529,CANDIDATE,K03358.01,0,0,0,0,10.10404351,1322.4,39.5
KIC 7866921,FALSE POSITIVE,K03360.01,0,1,0,0,91.4999978,65496,1018.4
KIC 6619815,CONFIRMED,K03361.01,0,0,0,0,65.9407869,580.4,19.8
KIC 6113752,FALSE POSITIVE,K07763.01,1,0,0,0,406.45737,284.2,12.7
KIC 3098197,FALSE POSITIVE,K03362.01,0,1,1,1,30.47639859,130569,236.2
KIC 11651712,CONFIRMED,K03363.01,0,0,0,0,14.53260546,328.9,29.0
KIC 7697103,CANDIDATE,K03430.01,0,0,0,0,13.9248005,195.2,11.2
KIC 9267996,CANDIDATE,K03431.01,0,0,0,0,19.6001405,282,19.7
KIC 7045605,FALSE POSITIVE,K07808.01,1,0,0,0,361.526458,525.1,14.0
KIC 8738775,CONFIRMED,K03432.01,0,0,0,0,48.0506878,274.5,15.1
KIC 7093401,CANDIDATE,K03433.01,0,0,0,0,34.08429351,3746,28.7
KIC 7877818,FALSE POSITIVE,K03816.01,1,0,1,1,9.44942628,1211.9,81.1
KIC 5636642,FALSE POSITIVE,K03817.01,0,1,0,0,0.933489066,14259,374.5
KIC 6515722,FALSE POSITIVE,K03818.01,1,0,0,0,1.908525084,218.9,26.9
KIC 6679504,FALSE POSITIVE,K07788.01,1,0,0,0,0.798467681,120.7,9.4
KIC 5560831,FALSE POSITIVE,K03819.01,1,0,0,0,0.867721348,97653,587.9
KIC 5305404,FALSE POSITIVE,K03820.01,1,0,1,1,161.252567,2911.5,94.7
KIC 3728432,CONFIRMED,K03893.01,0,0,0,0,3.90863457,867.2,36.6
KIC 5473535,FALSE POSITIVE,K03894.01,0,1,1,0,1.673662758,316.4,33.4
KIC 12106934,FALSE POSITIVE,K03895.01,0,1,1,0,5.93717724,25450,56.3
KIC 6222898,FALSE POSITIVE,K03896.01,0,1,1,0,3.89043062,195.4,14.4
KIC 3955866,FALSE POSITIVE,K03897.01,0,0,1,0,16.8282542,655.3,78.3
KIC 11200767,FALSE POSITIVE,K03667.01,0,1,1,1,2.489549075,2829.7,160.6
KIC 8589731,FALSE POSITIVE,K03668.01,0,1,1,1,4.469731089,3159.6,286.7
KIC 4356766,FALSE POSITIVE,K03669.01,0,1,0,0,1.731803197,44612,221.1
KIC 2167890,FALSE POSITIVE,K03670.01,0,1,1,0,2.64830047,12668,79.8
KIC 4935914,FALSE POSITIVE,K03743.01,0,1,0,0,3.486318703,60135,190.7
KIC 11303811,FALSE POSITIVE,K03744.01,1,0,0,0,1.705780649,15498,31.8
KIC 2437783,FALSE POSITIVE,K03745.01,0,1,1,0,7.45306683,46552,84.3
KIC 12062660,FALSE POSITIVE,K03746.01,0,1,0,0,2.929299629,83918,374.6
KIC 9777087,FALSE POSITIVE,K03747.01,1,0,1,1,5.50811352,40380,100.5
KIC 5956776,FALSE POSITIVE,K03821.01,1,0,0,0,0.569115097,585597,229.6
KIC 8883727,FALSE POSITIVE,K03822.01,0,1,1,0,2.529073751,1572.9,73.4
KIC 4820550,CANDIDATE,K03823.01,0,0,0,0,202.1168173,2701.2,56.3
KIC 6516874,FALSE POSITIVE,K03824.01,1,0,0,0,0.916326699,96384,251.6
KIC 9161118,FALSE POSITIVE,K03898.01,0,1,1,0,1.306723495,12456.6,311.7
KIC 3556229,FALSE POSITIVE,K03899.01,0,1,0,0,0.7967202,167719,716.6
KIC 11911580,FALSE POSITIVE,K03900.01,0,1,1,1,359.102042,1102.9,26.5
KIC 9480535,CONFIRMED,K03901.01,0,0,0,0,160.130899,1183,32.4
KIC 10583225,FALSE POSITIVE,K03902.01,0,1,1,1,2.69634575,185.2,35.4
KIC 5215251,FALSE POSITIVE,K03903.01,0,1,1,0,2.553924603,1680.1,100.5
KIC 10383696,FALSE POSITIVE,K03671.01,0,1,0,0,8.487871809,118814,483.9
KIC 9777090,FALSE POSITIVE,K03672.01,0,1,0,0,5.50817321,226850,268.7
KIC 11455484,FALSE POSITIVE,K03673.01,0,1,0,0,6.142812722,96593,316.1
KIC 2446623,FALSE POSITIVE,K03674.01,0,1,0,0,175.06586091,45134,320.6
KIC 9596089,FALSE POSITIVE,K03675.01,0,1,0,0,20.8392148,177508,197.6
KIC 5738506,FALSE POSITIVE,K03676.01,1,0,0,0,9.50158045,443400,314.9
KIC 4247807,FALSE POSITIVE,K03748.01,0,1,1,1,2.050435466,7765.3,445.8
KIC 11547869,CANDIDATE,K03749.01,0,0,0,0,10.72725536,56197,160.5
KIC 7700590,FALSE POSITIVE,K03750.01,0,1,1,1,1.507101452,15847,273.5
KIC 9053086,FALSE POSITIVE,K03751.01,0,1,0,0,1.274841686,50253,353.0
KIC 5467113,FALSE POSITIVE,K03825.01,0,1,0,0,2.845746618,557741,829.1
KIC 8240123,FALSE POSITIVE,K03826.01,0,1,1,1,2.30120705,1688.1,132.5
KIC 5114623,FALSE POSITIVE,K03827.01,0,1,0,0,337.377514,6110,60.0
KIC 10031907,FALSE POSITIVE,K03828.01,0,1,1,1,8.58965725,1161.5,107.8
KIC 5480736,FALSE POSITIVE,K03904.01,0,1,1,0,8.56751264,347.9,17.9
KIC 8487748,FALSE POSITIVE,K03905.01,0,1,0,1,1.061934313,607,70.0
KIC 9892856,FALSE POSITIVE,K03906.01,0,1,1,0,2.406574511,738,63.9
KIC 7137213,FALSE POSITIVE,K03907.01,0,1,0,0,28.64338839,624.3,23.1
KIC 6795089,FALSE POSITIVE,K07792.01,1,0,0,0,96.231257,938,8.8
KIC 3340313,FALSE POSITIVE,K03677.01,0,1,0,0,30.5528701,63521,510.8
KIC 4150804,CONFIRMED,K03678.01,0,0,0,0,160.88451966,7590.4,526.1
KIC 5021174,FALSE POSITIVE,K03679.01,0,1,0,0,4.04506346,360177,483.9
KIC 9025971,CONFIRMED,K03680.01,0,0,0,0,141.2415405,12990.5,380.9
KIC 2581316,CONFIRMED,K03681.01,0,0,0,0,217.83184293,9148.7,1244.4
KIC 6314185,FALSE POSITIVE,K03752.01,0,1,0,1,1.433262145,1849.5,159.3
KIC 8620561,FALSE POSITIVE,K03753.01,0,1,0,0,0.782046543,340464,534.0
KIC 8937019,FALSE POSITIVE,K03754.01,0,1,0,0,5.663604992,163385,169.4
KIC 9896435,FALSE POSITIVE,K03755.01,0,1,0,0,18.076610347,65280,380.6
KIC 10352938,FALSE POSITIVE,K03756.01,0,1,0,0,6.47173281,6472.7,94.5
KIC 10676927,FALSE POSITIVE,K03830.01,0,1,0,0,1.031100362,129157,178.5
KIC 5649836,FALSE POSITIVE,K03831.01,0,1,0,0,0.597933142,284383,1490.3
KIC 7620660,FALSE POSITIVE,K03832.01,0,1,1,0,5.36652724,3122.5,50.7
KIC 3836399,FALSE POSITIVE,K03834.01,0,1,1,1,1.540392098,1022,87.2
KIC 2581554,CONFIRMED,K03835.01,0,0,0,0,47.1484324,1113.8,54.5
KIC 10363115,CONFIRMED,K03908.01,0,0,0,0,59.3627946,233.6,51.5
KIC 5966810,CANDIDATE,K03909.01,0,0,0,0,247.891041,956.6,34.6
KIC 10491062,FALSE POSITIVE,K03910.01,0,0,1,1,2.199076661,777.4,56.2
KIC 9761615,CONFIRMED,K03911.01,0,0,0,0,1.79110997,167.5,24.3
KIC 4058881,FALSE POSITIVE,K03912.01,0,0,1,0,7.77241144,286.9,18.9
KIC 6863158,CANDIDATE,K07793.01,0,0,0,0,1.99469354,75.1,8.9
KIC 8621353,FALSE POSITIVE,K03682.01,0,1,0,0,11.344347453,258242,437.2
KIC 10795103,CONFIRMED,K03683.01,0,0,0,0,214.3120439,4523.4,562.8
KIC 9394601,FALSE POSITIVE,K03684.01,0,1,0,0,0.876826336,138366,1338.1
KIC 8494410,CONFIRMED,K03685.02,0,0,0,0,7.2593226,247.5,40.1
KIC 6863161,FALSE POSITIVE,K03757.01,1,0,0,0,1.98663794,63156,193.0
KIC 7840035,FALSE POSITIVE,K03758.01,0,1,0,0,13.54208867,28869,137.6
KIC 8543279,FALSE POSITIVE,K03759.01,0,1,1,1,7.549303633,10222.9,177.0
KIC 8047283,FALSE POSITIVE,K03760.01,0,1,1,0,0.77544539,6791.4,205.1
KIC 8308347,CANDIDATE,K03761.01,0,0,0,0,164.950399,24493,65.7
KIC 7090867,FALSE POSITIVE,K07810.01,1,0,0,0,308.255238,637.1,13.8
KIC 7612691,FALSE POSITIVE,K03836.01,1,0,1,0,3.46724809,1317.3,107.0
KIC 9761573,FALSE POSITIVE,K03837.01,0,1,0,0,7.4413445,2234,66.4
KIC 8042789,FALSE POSITIVE,K03838.01,0,1,1,0,4.618309224,1191,68.5
KIC 10095484,FALSE POSITIVE,K03839.01,0,1,1,1,0.677761275,877.9,120.8
KIC 5467102,FALSE POSITIVE,K03840.01,0,1,1,1,2.845739012,24391.8,488.6
KIC 6780367,FALSE POSITIVE,K07789.01,1,0,0,0,175.358905,215,9.1
KIC 10281221,CANDIDATE,K03913.01,0,0,0,0,0.582895412,587.5,87.0
KIC 5471496,FALSE POSITIVE,K03914.01,1,0,1,1,12.42618005,1522.8,113.1
KIC 4544620,FALSE POSITIVE,K03915.01,0,1,1,1,2.189090653,1027.1,78.3
KIC 5784777,CONFIRMED,K03916.01,0,0,0,0,5.33905606,755.5,28.9
KIC 6863187,FALSE POSITIVE,K07794.01,1,0,0,1,1.99492332,77.7,11.1
KIC 9719636,FALSE POSITIVE,K03686.01,0,1,0,0,3.351573993,54546,192.4
KIC 2452440,FALSE POSITIVE,K03687.01,0,1,0,0,8.097050622,65620,404.9
KIC 5020034,FALSE POSITIVE,K03688.01,0,1,0,0,2.119107262,124646,347.3
KIC 7017372,CANDIDATE,K03689.01,0,0,0,0,5.24088367,8531.2,385.7
KIC 6974867,FALSE POSITIVE,K07800.01,1,0,1,0,0.887691177,37.3,20.8
KIC 11518142,CONFIRMED,K03762.01,0,0,0,0,240.7990472,5022.9,170.1
KIC 3114667,FALSE POSITIVE,K03763.01,0,1,0,0,0.888584158,412710,691.2
KIC 12109845,FALSE POSITIVE,K03765.01,0,1,0,0,0.865959015,291274,620.8
KIC 3954227,FALSE POSITIVE,K03766.01,1,0,0,0,0.594276199,220745,285.2
KIC 8651551,FALSE POSITIVE,K03841.01,0,1,1,0,1.527491117,33546,298.6
KIC 7115550,FALSE POSITIVE,K07811.01,0,1,0,1,0.566814046,42.1,23.8
KIC 9532637,FALSE POSITIVE,K03842.01,1,0,0,0,0.61496383,358049,806.5
KIC 5305451,FALSE POSITIVE,K03843.01,1,0,1,1,161.253747,2598.4,54.7
KIC 7174349,FALSE POSITIVE,K03844.01,0,1,0,0,2.974163938,90282,88.6
KIC 11824218,FALSE POSITIVE,K03845.01,0,1,1,1,15.84131693,2617.7,38.2
KIC 10788461,CONFIRMED,K03925.01,0,0,0,0,9.2075634,1243.1,43.4
KIC 11667548,FALSE POSITIVE,K03926.01,0,0,1,0,0.831741499,1231.1,110.9
KIC 8868649,FALSE POSITIVE,K03927.01,1,0,1,1,4.44737112,224.4,93.0
KIC 9715939,FALSE POSITIVE,K03690.01,0,1,0,0,12.893018017,16032.8,453.0
KIC 6887030,CANDIDATE,K07795.01,0,0,0,0,5.44085762,137.5,9.3
KIC 4751083,FALSE POSITIVE,K03691.01,0,1,0,0,4.532416322,34953,175.6
KIC 5903301,FALSE POSITIVE,K03692.01,0,1,0,0,1.160153553,12302.5,552.8
KIC 7695087,FALSE POSITIVE,K03693.01,0,1,1,1,4.032760214,10803.4,150.9
KIC 6200709,FALSE POSITIVE,K03694.01,0,1,0,0,3.723552982,40143,145.7
KIC 8323764,CANDIDATE,K03767.01,0,0,0,0,6.714247798,32213,145.9
KIC 7013923,FALSE POSITIVE,K07801.01,0,0,1,1,2.21396079,119.4,9.6
KIC 5360082,FALSE POSITIVE,K03768.01,0,1,0,0,11.35501209,19675,221.4
KIC 6543683,FALSE POSITIVE,K03769.01,0,1,1,1,1.195515251,8054.4,309.1
KIC 5008245,CANDIDATE,K03770.01,0,0,0,0,2.60720833,3149.7,185.3
KIC 10555365,FALSE POSITIVE,K03771.01,0,1,0,0,5.80184753,22143,118.1
KIC 5481426,FALSE POSITIVE,K03772.01,0,1,0,0,2.38404983,312732,195.3
KIC 7983756,FALSE POSITIVE,K03846.01,0,1,1,0,5.24078259,592.6,58.1
KIC 7289165,FALSE POSITIVE,K03847.01,0,1,1,1,5.26641416,223.8,37.8
KIC 12784167,CONFIRMED,K03848.01,0,0,0,0,1.847892736,323.3,53.3
KIC 8949316,FALSE POSITIVE,K03849.01,0,1,0,0,0.604358764,38731,236.8
KIC 8912730,FALSE POSITIVE,K03850.01,1,0,0,0,11.3775281,1651.3,38.2
KIC 9784230,FALSE POSITIVE,K03851.01,1,0,0,0,0.7981968,257616,453.9
KIC 11466960,FALSE POSITIVE,K03917.01,0,0,1,0,0.695954898,318.1,8.5
KIC 3124420,FALSE POSITIVE,K03918.01,0,1,0,0,0.948951607,458463,437.1
KIC 4649440,FALSE POSITIVE,K03919.01,0,1,0,0,19.37070781,653.2,38.4
KIC 2437488,FALSE POSITIVE,K03920.01,0,1,1,1,14.46993942,1235.3,41.9
KIC 10083623,FALSE POSITIVE,K03921.01,0,1,0,0,1.278555003,1478,93.8
KIC 8043052,FALSE POSITIVE,K03695.01,0,1,0,0,2.244600029,8611,42.6
KIC 5435816,FALSE POSITIVE,K03696.01,0,1,0,0,181.8521773,27559,293.8
KIC 8559589,FALSE POSITIVE,K03697.01,0,1,0,0,223.1127475,11538.8,224.5
KIC 4372765,FALSE POSITIVE,K03698.01,0,1,0,0,15.64064161,273309,206.3
KIC 10268903,FALSE POSITIVE,K03773.01,0,1,1,0,1.103978,,
KIC 7017437,FALSE POSITIVE,K07802.01,1,0,0,0,43.8496474,452.3,8.3
KIC 7220320,FALSE POSITIVE,K03775.01,0,1,0,0,0.752158047,37878.8,510.0
KIC 9291378,FALSE POSITIVE,K03776.01,0,1,1,1,3.796488133,3007.6,193.4
KIC 4075067,CANDIDATE,K03777.01,0,0,0,0,17.7476059,877,7.6
KIC 4949524,FALSE POSITIVE,K03852.01,0,0,1,0,1.233076007,1392.4,129.3
KIC 2697935,FALSE POSITIVE,K03853.01,0,1,0,0,21.5135234,1583.8,171.5
KIC 6531143,FALSE POSITIVE,K07784.01,1,0,0,0,19.4444573,182.3,7.1
KIC 3550434,FALSE POSITIVE,K03854.01,0,1,0,0,1.1910489,1391.1,46.1
KIC 2558370,FALSE POSITIVE,K03855.01,0,1,0,0,0.546248198,114528,263.1
KIC 5397166,FALSE POSITIVE,K03856.01,0,1,1,0,1.811966339,408.1,36.3
KIC 7024530,FALSE POSITIVE,K03922.01,0,1,0,0,66.1539783,6951,57.7
KIC 5015459,FALSE POSITIVE,K03923.01,0,1,0,0,158.3226379,4863,34.5
KIC 1433980,FALSE POSITIVE,K03924.01,0,1,0,0,1.592634161,155156,1207.6
KIC 2438490,FALSE POSITIVE,K03699.01,0,1,0,0,3.31577795,94567,124.6
KIC 3838496,FALSE POSITIVE,K03700.01,0,1,0,0,2.990252395,216437,541.7
KIC 6470521,FALSE POSITIVE,K03701.01,0,1,1,1,2.08043378,6861.2,289.1
KIC 2449090,FALSE POSITIVE,K03702.01,0,1,0,0,4.944046127,112503,537.2
KIC 5652260,FALSE POSITIVE,K03703.01,0,1,0,0,4.464565251,74112,286.4
KIC 2569494,FALSE POSITIVE,K03704.01,0,1,0,0,1.523298835,195071,174.4
KIC 12405950,FALSE POSITIVE,K03778.01,0,1,0,0,3.539631353,1229.7,163.5
KIC 5206233,FALSE POSITIVE,K03779.01,0,1,1,0,6.195861785,3509.8,83.5
KIC 7031066,FALSE POSITIVE,K07803.01,1,0,1,1,0.566805514,85.3,25.1
KIC 6775985,FALSE POSITIVE,K03780.01,0,1,0,0,27.961084,6268.2,106.0
KIC 11357192,FALSE POSITIVE,K03782.01,0,1,0,0,186.5168116,5752.4,126.9
KIC 9533489,FALSE POSITIVE,K03783.01,0,1,0,0,197.1455327,5664,56.8
KIC 11825057,FALSE POSITIVE,K03857.01,1,0,0,0,0.532087933,510366,1069.5
KIC 12306699,FALSE POSITIVE,K03858.01,0,1,1,0,3.204222652,898.4,45.5
KIC 9692336,FALSE POSITIVE,K03859.01,1,0,0,0,0.687898282,293505,1571.6
KIC 9641008,FALSE POSITIVE,K03860.01,0,1,1,1,2.178154774,662.6,89.2
KIC 8588377,FALSE POSITIVE,K03861.01,0,1,1,0,0.99466172,1370.5,21.5
KIC 3644601,FALSE POSITIVE,K03862.01,1,0,1,1,359.00688,2015.8,35.3
KIC 4242692,CONFIRMED,K03928.01,0,0,0,0,1.138548215,66.2,31.5
KIC 8781480,FALSE POSITIVE,K03929.01,0,1,1,0,121.0598037,1563,16.6
KIC 6783732,FALSE POSITIVE,K07790.01,0,0,1,0,0.721335207,31.8,12.0
KIC 11607176,FALSE POSITIVE,K03930.01,1,0,1,0,3.28274272,292.8,68.2
KIC 10661718,FALSE POSITIVE,K03931.01,0,1,1,1,1.231361934,471,94.7
KIC 6470516,FALSE POSITIVE,K03705.01,0,1,0,0,2.080431782,894203,1585.2
KIC 6891124,CANDIDATE,K07796.01,0,0,0,0,3.52364689,74.2,8.5
KIC 7770471,FALSE POSITIVE,K03706.01,1,0,0,0,1.157804607,605713,1837.9
KIC 5130380,FALSE POSITIVE,K03707.01,0,1,0,0,19.979098,38418,449.1
KIC 6314173,FALSE POSITIVE,K03708.01,0,1,0,0,1.433262401,428557,599.8
KIC 5688997,FALSE POSITIVE,K03784.01,0,1,0,0,23.8706941,6386.3,114.8
KIC 7031340,FALSE POSITIVE,K07804.01,1,0,1,1,0.566769068,40,14.9
KIC 4073730,FALSE POSITIVE,K03785.01,1,0,0,0,6.2820426,1413,103.3
KIC 2854948,FALSE POSITIVE,K03786.01,0,1,0,0,0.97430309,34976,224.0
KIC 7813039,CANDIDATE,K03787.01,0,0,0,0,141.73403059,7736.4,157.4
KIC 8459354,FALSE POSITIVE,K03863.01,1,0,0,0,53.556625,3963,22.1
KIC 6531617,CANDIDATE,K07785.01,0,0,0,0,433.220461,725.1,9.5
KIC 4164922,CONFIRMED,K03864.01,0,0,0,0,1.210693626,159.1,41.6
KIC 12061969,CONFIRMED,K02061.02,0,0,0,0,1.090011003,174.8,12.6
KIC 10259029,FALSE POSITIVE,K03630.01,0,1,0,0,7.061149921,131257,631.5
KIC 8299947,FALSE POSITIVE,K03631.01,0,1,0,0,2.682767439,394412,508.4
KIC 3335813,FALSE POSITIVE,K03632.01,0,1,1,1,3.711012492,7559.8,257.4
KIC 11858741,FALSE POSITIVE,K03633.01,0,1,1,0,1.780982447,357695,324.0
KIC 6363494,FALSE POSITIVE,K03634.01,0,1,0,0,1.815632406,61573.6,1413.9
KIC 2576107,FALSE POSITIVE,K03709.01,0,1,0,0,205.5833309,24872,216.1
KIC 9532421,FALSE POSITIVE,K03710.01,0,1,0,0,4.309067482,23647,82.0
KIC 6936966,FALSE POSITIVE,K07797.01,0,0,1,1,36.4721523,52.6,7.7
KIC 5653849,FALSE POSITIVE,K03711.01,0,1,1,0,111.0396205,9356.2,201.9
KIC 2437060,FALSE POSITIVE,K03712.01,0,1,0,0,3.187087241,129093,197.0
KIC 8127648,FALSE POSITIVE,K03713.01,0,1,0,0,1.023470248,129526,262.2
KIC 11564013,FALSE POSITIVE,K03714.01,0,1,0,0,0.875267982,11701,44.9
KIC 9405541,FALSE POSITIVE,K03788.01,0,1,0,0,5.55260695,727.6,60.7
KIC 8906045,FALSE POSITIVE,K03789.01,1,0,0,1,2.347479696,81996,261.1
KIC 7031638,FALSE POSITIVE,K07805.01,0,1,0,1,1.13353095,18.5,11.1
KIC 7296094,FALSE POSITIVE,K03790.01,0,1,1,1,0.890745373,120034,239.6
KIC 5437945,CONFIRMED,K03791.01,0,0,0,0,440.7843755,2579,181.0
KIC 12009347,FALSE POSITIVE,K03792.01,0,1,0,0,2.723858181,5497,23.8
KIC 4037163,FALSE POSITIVE,K03793.01,1,0,0,0,0.635441862,147609,317.1
KIC 5535890,FALSE POSITIVE,K03865.01,0,1,1,0,3.255189932,119.2,38.3
KIC 5215980,FALSE POSITIVE,K03866.01,0,1,1,1,2.531140101,11786.5,304.2
KIC 9353742,CONFIRMED,K03867.01,0,0,0,0,0.938750221,280.7,47.4
KIC 9178185,FALSE POSITIVE,K03868.01,0,1,1,0,2.992704682,361.1,39.9
KIC 6290382,FALSE POSITIVE,K03869.01,0,1,0,0,6.12810722,2336,17.5
KIC 3327992,FALSE POSITIVE,K03635.01,0,1,1,1,2.115511511,25805,153.3
KIC 5649206,FALSE POSITIVE,K03636.01,0,1,0,0,2.446736567,415859,1037.3
KIC 5193384,FALSE POSITIVE,K03637.01,0,1,0,0,21.3779536,255244,101.9
KIC 5181804,FALSE POSITIVE,K03638.01,0,1,0,0,4.350460215,50424,247.2
KIC 10491544,FALSE POSITIVE,K03639.01,0,1,1,1,22.77194512,30246,208.6
KIC 4937143,FALSE POSITIVE,K03715.01,0,1,0,0,9.84883968,22012,236.6
KIC 8719324,FALSE POSITIVE,K03716.01,1,0,0,0,10.23335969,,
KIC 11241814,FALSE POSITIVE,K03717.01,0,1,0,0,227.6625222,13894.8,227.5
KIC 5036537,FALSE POSITIVE,K03718.01,0,1,1,1,1.06100873,6367.1,174.9
KIC 9837083,FALSE POSITIVE,K03719.01,0,1,0,0,0.623393802,30192.2,867.8
KIC 12557548,CONFIRMED,K03794.01,0,0,0,0,0.65355361,4595.9,217.4
KIC 7031726,FALSE POSITIVE,K07806.01,0,1,0,1,0.566793534,92.4,40.4
KIC 3338660,FALSE POSITIVE,K03795.01,0,1,0,0,1.873380717,538716,1513.7
KIC 3338674,FALSE POSITIVE,K03796.01,0,1,1,1,1.87337894,5444,223.1
KIC 5546277,FALSE POSITIVE,K03797.01,0,1,1,0,7.50023955,273.2,29.0
KIC 8258160,FALSE POSITIVE,K03870.01,0,1,0,0,23.6270348,8433,78.4
KIC 9752982,FALSE POSITIVE,K03871.01,1,0,0,0,0.716709897,932.5,47.6
KIC 4666008,FALSE POSITIVE,K03872.01,0,1,1,1,2.248063246,631.7,87.9
KIC 8430105,FALSE POSITIVE,K03873.01,1,0,0,0,63.3278636,11515,619.6
KIC 8052474,FALSE POSITIVE,K03640.01,0,1,0,0,245.4382021,11311.6,844.7
KIC 3534118,FALSE POSITIVE,K03641.01,0,1,0,0,178.4129899,37510,535.1
KIC 2441161,FALSE POSITIVE,K03642.01,0,1,0,0,2.192004364,99583,298.7
KIC 3231120,FALSE POSITIVE,K03643.01,0,1,0,0,3.900109346,126194,448.0
KIC 12216706,FALSE POSITIVE,K03644.01,0,1,0,0,1.471060209,148439,563.0
KIC 10735331,FALSE POSITIVE,K03720.01,0,1,0,0,213.3990406,13929.5,370.9
KIC 7763269,FALSE POSITIVE,K03721.01,0,1,0,0,6.40802979,7784.1,108.2
KIC 8365739,CANDIDATE,K03722.01,0,0,0,0,2.38920105,,
KIC 5471606,FALSE POSITIVE,K03723.01,1,0,0,1,0.962835804,14328.4,209.2
KIC 11200405,FALSE POSITIVE,K03724.01,0,1,0,0,4.639602084,25079,131.0
KIC 5475736,FALSE POSITIVE,K03798.01,0,1,1,1,2.991885335,1356.9,160.2
KIC 9049673,FALSE POSITIVE,K03799.01,0,1,1,0,1.327471395,5673.8,218.7
KIC 7031898,FALSE POSITIVE,K07807.01,0,0,1,1,0.566792595,19.9,9.4
KIC 9593759,FALSE POSITIVE,K03800.01,0,1,0,0,1.247156944,134761,92.4
KIC 8827930,CANDIDATE,K03801.01,0,0,0,0,288.3128666,11181,96.8
KIC 5020044,FALSE POSITIVE,K03802.01,0,1,1,1,2.119100054,1651.1,195.7
KIC 11560037,FALSE POSITIVE,K03874.01,0,1,0,0,1.466535757,1346.4,86.1
KIC 11911561,FALSE POSITIVE,K03875.01,0,1,0,0,8.870415578,873.1,43.8
KIC 6547322,FALSE POSITIVE,K07786.01,0,0,1,0,1.49131759,25.8,10.3
KIC 3440118,CONFIRMED,K03876.01,0,0,0,0,19.57783279,432.6,37.2
KIC 9159265,FALSE POSITIVE,K03877.01,0,1,1,1,3.04476607,272.6,67.0
KIC 4472818,CONFIRMED,K03878.01,0,0,0,0,70.9672087,784.7,69.3
KIC 5816806,FALSE POSITIVE,K03645.01,0,1,0,0,4.45543346,245681,508.6
KIC 9661869,FALSE POSITIVE,K03647.01,0,1,0,0,20.427232317,121813,526.6
KIC 6790592,CANDIDATE,K07791.01,0,0,0,0,106.18732,266.1,8.6
KIC 3097352,FALSE POSITIVE,K03648.01,0,1,0,0,4.029803201,191073,352.3
KIC 6066379,FALSE POSITIVE,K03649.01,0,1,1,0,1.303858554,126636,904.0
KIC 6952971,CANDIDATE,K07798.01,0,0,0,0,309.89103,321.3,10.7
KIC 3459199,FALSE POSITIVE,K03725.01,0,1,0,0,1.570518376,2213.2,76.7
KIC 6973796,FALSE POSITIVE,K03726.01,0,1,0,0,115.9943364,37571,102.4
KIC 12023089,FALSE POSITIVE,K03727.01,0,1,0,0,0.623441636,19340.5,164.7
KIC 6286155,FALSE POSITIVE,K03803.01,0,1,1,1,14.5417471,1088.6,71.2
KIC 7831363,FALSE POSITIVE,K03804.01,0,1,0,0,2.81753381,3836,39.3
KIC 4663185,FALSE POSITIVE,K03805.01,0,0,1,0,56.6993107,5824.7,76.3
KIC 5305471,FALSE POSITIVE,K03806.01,1,0,1,1,161.252247,2185.9,84.1
KIC 5560830,FALSE POSITIVE,K03879.01,1,0,1,1,0.867719291,2651.8,157.1
KIC 4147444,CANDIDATE,K03880.01,0,0,0,0,1.803697292,69.7,25.8
KIC 8211824,FALSE POSITIVE,K03881.01,0,1,0,0,0.84112187,75070,89.7
KIC 5980800,FALSE POSITIVE,K03882.01,0,1,0,0,0.828326025,10718,164.5
KIC 9592850,FALSE POSITIVE,K03883.01,0,1,0,0,1.219324537,379055,241.0
KIC 6227560,FALSE POSITIVE,K03650.01,0,1,0,0,2.401751509,25044,83.1
KIC 5866104,FALSE POSITIVE,K03651.01,0,1,0,0,36.97709537,217145,204.9
KIC 8256044,FALSE POSITIVE,K03652.01,0,1,0,0,16.371883638,65927,639.8
KIC 8780968,FALSE POSITIVE,K03653.01,0,1,0,0,2.617284592,231450,1215.2
KIC 6960446,FALSE POSITIVE,K03654.01,0,1,0,0,10.14873521,116125,250.9
KIC 8264097,FALSE POSITIVE,K03655.01,0,1,0,0,2.897436854,289807,274.2
KIC 7515679,CONFIRMED,K03728.01,0,0,0,0,5.546083089,2211,56.4
KIC 9674592,FALSE POSITIVE,K03729.01,1,0,1,0,6.87366398,9766.9,143.2
KIC 10879213,FALSE POSITIVE,K03730.01,0,1,0,0,0.668483494,722770,334.3
KIC 5650314,FALSE POSITIVE,K03731.01,0,0,1,0,1.070272827,9886.5,284.0
KIC 6962901,FALSE POSITIVE,K07799.01,0,1,1,0,0.977170246,151.1,94.5
KIC 8302302,FALSE POSITIVE,K03732.01,0,1,0,0,1.135930136,27247.4,551.7
KIC 10581918,FALSE POSITIVE,K03807.01,1,0,0,0,1.801863222,262582,463.4
KIC 3851949,FALSE POSITIVE,K03808.01,0,1,0,0,54.77145968,7224.8,751.1
KIC 9097892,FALSE POSITIVE,K03809.01,0,1,1,0,1.674690886,527.4,118.6
KIC 5769943,CANDIDATE,K03810.01,0,0,0,0,1.013774136,33878,166.8
KIC 4638237,CANDIDATE,K03811.01,0,0,0,0,290.1401717,4836,69.1
KIC 4579313,FALSE POSITIVE,K03884.01,0,1,1,1,2.112405306,489,42.2
KIC 11614528,FALSE POSITIVE,K03885.01,0,0,1,0,1.870990236,642.6,37.4
KIC 8848288,FALSE POSITIVE,K03886.01,0,1,0,0,5.56648691,694.9,103.6
KIC 6590307,FALSE POSITIVE,K07787.01,0,0,1,0,1.33253834,62.4,9.7
KIC 5308419,FALSE POSITIVE,K03887.01,0,1,1,1,1.241483276,141,32.0
KIC 6312521,FALSE POSITIVE,K03656.01,0,1,0,0,3.01551943,159584,367.3
KIC 4579321,FALSE POSITIVE,K03657.01,0,1,0,0,2.112395777,262602,243.2
KIC 1575690,FALSE POSITIVE,K03658.01,0,1,0,0,2.252417903,32296,129.5
KIC 4386047,FALSE POSITIVE,K03659.01,0,1,0,0,2.900613144,165475,617.7
KIC 5103998,FALSE POSITIVE,K03660.01,0,1,0,0,174.7697122,68139,100.4
KIC 9655858,FALSE POSITIVE,K03733.01,0,1,0,0,31.43284649,178874,154.0
KIC 10275880,FALSE POSITIVE,K03734.01,0,1,1,1,9.72675447,6641.6,366.4
KIC 2166200,FALSE POSITIVE,K03735.01,0,1,0,0,8.096939227,142891,177.9
KIC 3547315,FALSE POSITIVE,K03736.01,0,1,0,0,0.64234865,39597,231.7
KIC 6933781,FALSE POSITIVE,K03737.01,0,1,0,0,130.4194187,2290.9,90.4
KIC 6148271,FALSE POSITIVE,K03812.01,0,0,1,0,1.78526527,1733.1,123.1
KIC 5386904,FALSE POSITIVE,K03813.01,0,0,1,0,4.8591441,2183.6,81.6
KIC 2997178,FALSE POSITIVE,K03814.01,0,0,1,0,5.95077813,761.8,71.9
KIC 6507433,CANDIDATE,K03815.01,0,0,0,0,4.7425521,3583,10.9
KIC 8260198,FALSE POSITIVE,K03888.01,0,1,1,0,0.955297055,846.1,67.3
KIC 10733174,FALSE POSITIVE,K03889.01,0,1,1,0,280.476576,651.2,38.7
KIC 8564976,FALSE POSITIVE,K03890.01,0,1,0,0,152.8255989,2173.5,98.9
KIC 8765560,CANDIDATE,K03891.01,0,0,0,0,47.1096306,752.2,35.1
KIC 11760860,CONFIRMED,K03892.01,0,0,0,0,2.41660149,83.6,33.7
KIC 7910148,FALSE POSITIVE,K03661.01,0,1,1,0,4.252082243,8290.5,254.8
KIC 12459731,FALSE POSITIVE,K03662.01,0,1,0,0,14.180228311,172737,472.3
KIC 12735740,CONFIRMED,K03663.01,0,0,0,0,282.5253558,9746.4,696.0
KIC 4678875,FALSE POSITIVE,K03664.01,0,1,0,0,1.87887673,824392,3176.9
KIC 7812175,FALSE POSITIVE,K03665.01,0,1,0,0,17.79391159,93395,247.0
KIC 7708193,FALSE POSITIVE,K03666.01,0,1,1,0,7.942583252,88327,855.4
KIC 5478083,FALSE POSITIVE,K03738.01,0,0,1,0,15.85231085,437862,252.4
KIC 10857342,FALSE POSITIVE,K03739.01,0,1,0,0,2.415925551,560970,1598.3
KIC 5215700,FALSE POSITIVE,K03740.01,0,1,0,0,0.656201038,174860,2065.8
KIC 8780959,CONFIRMED,K03741.03,0,0,0,0,5.1117547,267.8,12.1
KIC 5565486,FALSE POSITIVE,K03742.01,0,1,0,0,1.412524016,175776,1475.4
KIC 8453214,FALSE POSITIVE,K01776.01,0,1,1,1,5.77676732,5794.8,74.1
KIC 8556077,FALSE POSITIVE,K02027.01,0,0,1,0,3.635723653,80,43.1
KIC 7757698,FALSE POSITIVE,K07848.01,1,0,0,0,369.181947,913,9.9
KIC 8625821,FALSE POSITIVE,K01859.01,0,1,1,0,45.3968385,1355.2,38.9
KIC 8652999,FALSE POSITIVE,K01953.01,0,0,1,0,15.160166,307.9,26.1
KIC 12164770,FALSE POSITIVE,K02088.01,0,0,1,1,2.63009438,388.9,69.4
KIC 9541322,FALSE POSITIVE,K02089.01,0,0,1,0,9.40527028,470.9,20.7
KIC 10470616,FALSE POSITIVE,K02112.01,0,0,1,0,4.15713766,77,9.2
KIC 10362031,FALSE POSITIVE,K02118.01,0,0,1,0,3.2136904,55.8,19.2
KIC 6373680,FALSE POSITIVE,K02127.01,0,0,1,0,2.87066026,450.8,13.2
KIC 9957351,FALSE POSITIVE,K03964.01,1,0,0,0,0.991105114,286389,273.8
KIC 5385575,FALSE POSITIVE,K03965.01,1,0,1,1,12.425580393,1131,58.8
KIC 3732035,CONFIRMED,K03966.01,0,0,0,0,138.944022,530.2,28.0
KIC 5385697,FALSE POSITIVE,K03967.01,1,0,1,1,12.4260454,582.1,55.7
KIC 8823833,FALSE POSITIVE,K03968.01,0,1,0,1,1.50650136,66.9,41.9
KIC 5008501,CANDIDATE,K01666.01,0,0,0,0,0.968026356,212.7,32.6
KIC 5015913,FALSE POSITIVE,K01667.01,0,1,0,0,1.179969562,1109.3,277.9
KIC 5103942,FALSE POSITIVE,K01668.01,0,1,0,0,10.10176739,601.7,28.8
KIC 5184709,CANDIDATE,K01670.01,0,0,0,0,10.57910009,329.3,17.9
KIC 5195172,CONFIRMED,K01671.01,0,0,0,0,1.480283464,60.5,21.3
KIC 8678664,FALSE POSITIVE,K01782.01,0,1,0,0,15.420409367,14759.2,268.5
KIC 8832512,CONFIRMED,K01821.01,0,0,0,0,9.97682072,966.8,31.3
KIC 8892721,FALSE POSITIVE,K01844.01,0,0,1,1,61.4913415,3692.4,70.5
KIC 7778664,CANDIDATE,K07849.01,0,0,0,0,5.0263815,77.2,8.5
KIC 9042357,FALSE POSITIVE,K01993.01,0,1,1,0,16.00351679,668.3,29.9
KIC 9115681,FALSE POSITIVE,K01865.01,0,0,1,0,1.86390886,176.1,18.3
KIC 10481045,FALSE POSITIVE,K02320.01,0,0,1,1,2.03743942,112.5,16.0
KIC 8107034,FALSE POSITIVE,K02322.01,0,0,0,0,332.74984,518.1,8.7
KIC 3962751,FALSE POSITIVE,K02326.01,0,0,0,0,45.60304785,,
KIC 8582291,FALSE POSITIVE,K02330.01,0,0,1,0,2.4681015,172.8,22.1
KIC 5110683,FALSE POSITIVE,K02334.01,0,0,0,0,12.53449909,,
KIC 7967861,FALSE POSITIVE,K02349.01,0,0,0,0,215.15218,264.2,6.7
KIC 8179325,FALSE POSITIVE,K02359.01,0,0,1,0,3.17275711,313.2,30.1
KIC 5475494,FALSE POSITIVE,K03969.01,0,1,1,0,0.73619448,247.3,27.2
KIC 9412445,FALSE POSITIVE,K03970.01,0,0,1,1,10.18670759,261.2,35.5
KIC 7866914,FALSE POSITIVE,K03971.01,0,1,1,1,365.994154,698.5,23.8
KIC 6057684,FALSE POSITIVE,K03972.01,0,1,1,0,0.54028956,293.5,58.4
KIC 5271608,FALSE POSITIVE,K01673.01,0,0,1,0,2.49047468,222.2,20.7
KIC 5357470,FALSE POSITIVE,K01674.01,0,1,0,0,2.17257963,335.5,27.1
KIC 5443775,FALSE POSITIVE,K01676.01,0,0,1,0,3.307669761,243.1,66.7
KIC 5527172,FALSE POSITIVE,K01678.01,0,1,0,0,3.183961388,39268,339.2
KIC 7386391,FALSE POSITIVE,K07837.01,0,0,1,0,48.507991,288.9,11.4
KIC 5529643,FALSE POSITIVE,K01679.01,0,1,1,1,0.759766456,480.5,73.0
KIC 9366989,FALSE POSITIVE,K01785.01,0,1,1,1,1.219034472,6923.8,99.2
KIC 9468717,FALSE POSITIVE,K01954.01,0,1,0,0,7.37339245,125,36.6
KIC 9528420,FALSE POSITIVE,K01742.01,0,1,0,0,4.70847097,32622.1,607.2
KIC 7834712,CANDIDATE,K07850.01,0,0,0,0,66.119119,862,9.8
KIC 9574614,CANDIDATE,K01745.01,0,0,0,0,0.982090079,5396.7,304.1
KIC 9674608,FALSE POSITIVE,K01795.01,0,1,0,0,2.972047661,5945,20.0
KIC 10341905,FALSE POSITIVE,K02391.01,0,0,1,1,0.93374232,351.4,49.1
KIC 10336927,FALSE POSITIVE,K02394.01,0,0,0,0,134.76308997,,
KIC 12115188,FALSE POSITIVE,K02396.01,0,1,0,0,0.495434094,287.9,57.2
KIC 9850957,FALSE POSITIVE,K02446.01,0,0,1,1,8.48031302,107,20.2
KIC 8189801,CANDIDATE,K02480.01,0,0,0,0,0.66682654,511.6,33.4
KIC 11568224,FALSE POSITIVE,K03973.01,1,0,0,0,0.882131829,3620.9,70.6
KIC 7938883,FALSE POSITIVE,K03974.01,1,0,0,0,0.489682339,431674,628.2
KIC 9280239,CONFIRMED,K03975.01,0,0,0,0,364.751562,1481.5,25.5
KIC 4544571,FALSE POSITIVE,K03976.01,0,1,1,1,2.189098506,2533.7,194.9
KIC 3245661,FALSE POSITIVE,K03977.01,0,1,1,0,0.7088055,17575,195.6
KIC 5618071,FALSE POSITIVE,K01682.01,0,0,0,0,88.821421,393.7,7.8
KIC 6312534,FALSE POSITIVE,K01689.01,0,1,1,1,1.507761203,2773.7,153.1
KIC 6470917,FALSE POSITIVE,K01690.01,0,0,1,0,1.506019633,136.9,18.8
KIC 7431709,FALSE POSITIVE,K07838.01,0,1,1,1,0.572513875,49.3,10.2
KIC 6611330,FALSE POSITIVE,K01691.01,0,1,1,0,35.14578122,6789.4,86.8
KIC 6699368,FALSE POSITIVE,K01694.01,0,0,1,0,3.690317047,465.5,43.0
KIC 9886255,CONFIRMED,K01846.01,0,0,0,0,105.9566815,2286.4,51.8
KIC 9973855,FALSE POSITIVE,K01966.01,0,0,1,0,2.95600563,76.1,35.5
KIC 10019399,FALSE POSITIVE,K01796.01,0,1,0,0,11.805707539,2052.1,124.9
KIC 7841368,FALSE POSITIVE,K07851.01,0,0,1,0,25.3710555,78.6,8.3
KIC 10028352,FALSE POSITIVE,K01957.02,0,1,0,0,1.75147897,76.7,68.2
KIC 10031707,FALSE POSITIVE,K01827.01,0,1,1,1,8.58966893,429.6,47.5
KIC 10407054,FALSE POSITIVE,K02500.01,0,0,1,1,0.933754669,89.3,43.2
KIC 10880007,FALSE POSITIVE,K02502.01,0,0,0,0,86.79876649,,
KIC 8418129,FALSE POSITIVE,K02515.01,0,0,0,0,164.57506747,,
KIC 6525185,FALSE POSITIVE,K02568.01,0,0,1,1,1.71030803,216,21.0
KIC 10812504,FALSE POSITIVE,K02570.01,0,0,1,0,79.9201319,1326.8,21.9
KIC 8107115,FALSE POSITIVE,K02575.01,0,0,0,0,199.3113,383.6,6.5
KIC 10663411,FALSE POSITIVE,K02584.01,0,0,0,0,157.82131,192.3,6.9
KIC 10090219,FALSE POSITIVE,K03978.01,0,1,1,1,2.28612573,301.6,45.3
KIC 9899217,FALSE POSITIVE,K03979.01,0,1,1,1,1.33254971,158.3,35.3
KIC 6750902,FALSE POSITIVE,K03980.01,0,1,0,0,0.469334634,340.4,49.1
KIC 5895588,FALSE POSITIVE,K03981.01,0,0,1,0,0.849277809,690.8,17.1
KIC 6803855,CONFIRMED,K01695.01,0,0,0,0,71.4523167,216.9,16.6
KIC 6891366,FALSE POSITIVE,K01696.01,0,1,1,1,1.752564549,116.6,38.0
KIC 7448023,FALSE POSITIVE,K07839.01,0,0,1,1,0.566816802,94,12.9
KIC 6891637,FALSE POSITIVE,K01697.01,0,0,1,1,1.752553762,414.7,32.5
KIC 6975615,FALSE POSITIVE,K01698.01,0,0,1,0,2.065351521,173.2,25.3
KIC 7137725,FALSE POSITIVE,K01699.01,0,0,0,1,2.253551793,119.6,42.1
KIC 10153855,CONFIRMED,K01981.01,0,0,0,0,1.06378861,251.5,21.5
KIC 10230571,FALSE POSITIVE,K01926.01,0,0,0,0,123.11494773,,
KIC 10294613,FALSE POSITIVE,K01896.01,0,1,1,1,1.854493861,1287.3,108.2
KIC 7879648,FALSE POSITIVE,K07852.01,0,1,1,0,1.020713389,102.3,11.3
KIC 10491044,FALSE POSITIVE,K01763.01,0,0,1,1,2.1990638,344.8,19.3
KIC 10614012,FALSE POSITIVE,K01807.01,0,1,0,0,132.1331011,7956.2,284.3
KIC 10616415,FALSE POSITIVE,K01999.01,0,1,0,0,1.120646438,322.5,45.7
KIC 6525193,FALSE POSITIVE,K02653.01,0,0,1,1,1.710279417,228.8,19.9
KIC 6866251,FALSE POSITIVE,K02661.01,0,0,0,0,65.238281,197.2,10.3
KIC 7117710,FALSE POSITIVE,K07817.01,1,0,1,1,0.56679641,26.7,14.1
KIC 7762723,CONFIRMED,K02663.01,0,0,0,0,9.88736642,68,14.6
KIC 4178606,CONFIRMED,K02728.01,0,0,0,0,42.3520039,512.6,30.5
KIC 5980208,CONFIRMED,K02742.01,0,0,0,0,0.789160884,215.1,23.6
KIC 5303557,FALSE POSITIVE,K03982.01,0,0,1,0,2.399081606,6071.6,89.9
KIC 10227863,FALSE POSITIVE,K03983.01,1,0,1,1,5.14072621,145.6,44.5
KIC 7281668,FALSE POSITIVE,K07829.01,0,0,1,1,0.566798545,36.9,23.3
KIC 8036287,CONFIRMED,K03984.01,0,0,0,0,1.44445234,200.7,20.9
KIC 9602562,FALSE POSITIVE,K03985.01,0,0,1,1,3.55653637,202.5,23.1
KIC 10668665,FALSE POSITIVE,K03986.01,0,1,1,0,9.60853601,584.4,19.3
KIC 10407020,FALSE POSITIVE,K03987.01,0,0,1,1,0.933747751,76.6,49.5
KIC 7380829,FALSE POSITIVE,K01703.01,1,0,1,0,3.17463577,405.9,83.1
KIC 7470491,FALSE POSITIVE,K07840.01,0,0,1,0,0.902222843,29.7,5.1
KIC 7768952,FALSE POSITIVE,K01709.01,0,1,1,0,22.4685309,242.3,21.3
KIC 8162790,FALSE POSITIVE,K01712.01,0,0,0,1,10.16104834,908.9,36.8
KIC 9655129,FALSE POSITIVE,K01714.01,0,1,0,0,2.743978797,39994,56.5
KIC 9899483,FALSE POSITIVE,K01719.01,0,1,1,1,1.332561398,150.6,77.1
KIC 10917681,CANDIDATE,K01963.01,0,0,0,0,12.89623554,426.6,32.9
KIC 7882360,FALSE POSITIVE,K07853.01,0,0,1,0,364.14397,513.5,9.3
KIC 10965740,FALSE POSITIVE,K01887.01,0,1,1,0,21.78769087,507.7,38.1
KIC 11187436,CONFIRMED,K01804.01,0,0,0,0,5.90741476,5569,7.2
KIC 11285136,FALSE POSITIVE,K01774.01,0,1,0,0,2.368173896,10143,52.9
KIC 11298815,FALSE POSITIVE,K02015.01,0,0,1,0,5.73865933,688.6,40.1
KIC 11342573,FALSE POSITIVE,K01771.01,0,1,0,0,91.05641908,57607.6,701.1
KIC 7134626,CANDIDATE,K07818.01,0,0,0,0,2.52443998,45.8,10.6
KIC 9823519,CONFIRMED,K02793.01,0,0,0,0,4.49686066,1932.5,37.0
KIC 11246161,CANDIDATE,K02796.01,0,0,0,0,0.5374094,94.2,21.9
KIC 7047824,CONFIRMED,K02806.01,0,0,0,0,24.7543849,593.3,18.0
KIC 4479633,FALSE POSITIVE,K02814.01,0,0,1,0,0.475068516,110.1,21.4
KIC 4952341,FALSE POSITIVE,K02818.01,0,1,1,0,1.79683793,223.3,27.9
KIC 8176019,FALSE POSITIVE,K02843.01,0,0,0,0,187.51251276,,
KIC 5385491,FALSE POSITIVE,K03988.01,1,0,1,1,12.425484,117.2,43.0
KIC 5551504,FALSE POSITIVE,K03989.01,0,0,1,0,1.204529346,86.9,11.1
KIC 6421503,FALSE POSITIVE,K03990.01,0,0,1,1,2.15839583,352.2,38.9
KIC 10352333,CANDIDATE,K03991.01,0,0,0,0,1.570592397,214.4,29.7
KIC 7538434,FALSE POSITIVE,K07841.01,1,0,0,0,371.1495,597.3,11.5
KIC 10487119,FALSE POSITIVE,K01635.01,0,1,0,0,3.374684854,80917,658.3
KIC 10621666,FALSE POSITIVE,K01636.01,0,1,1,1,2.61841046,180.2,24.8
KIC 10747439,FALSE POSITIVE,K01638.01,0,0,1,1,4.593594819,1455.2,83.5
KIC 10813841,FALSE POSITIVE,K01640.01,0,0,1,0,6.17039154,502.9,19.0
KIC 10879656,FALSE POSITIVE,K01642.01,0,1,1,0,0.364860478,112.6,23.5
KIC 12253474,CANDIDATE,K01947.01,0,0,0,0,6.422943288,261.4,30.6
KIC 12691412,FALSE POSITIVE,K01983.01,0,0,1,0,6.90522317,420.3,34.4
KIC 5024482,FALSE POSITIVE,K02041.01,0,0,1,1,1.5259105,83.9,14.3
KIC 8175131,FALSE POSITIVE,K02139.01,0,0,1,0,4.27121961,966.7,38.0
KIC 3764879,CANDIDATE,K02141.01,0,0,0,0,1.306984786,302.1,38.4
KIC 7177766,FALSE POSITIVE,K07819.01,1,0,0,1,0.769358923,44.8,19.8
KIC 5513897,FALSE POSITIVE,K02591.01,0,1,1,1,0.755109106,106,34.0
KIC 10664416,FALSE POSITIVE,K02599.01,0,1,0,0,25.3239215,1379.7,214.5
KIC 9602613,CONFIRMED,K02612.01,0,0,0,0,4.61225043,29.1,13.7
KIC 5807769,CONFIRMED,K02614.01,0,0,0,0,7.99022379,165.9,17.6
KIC 11495766,FALSE POSITIVE,K02630.01,0,0,0,0,4.1749166,40.7,11.8
KIC 7282154,FALSE POSITIVE,K07830.01,1,0,0,1,0.56678694,61.2,8.3
KIC 3228988,FALSE POSITIVE,K03992.01,0,1,1,1,0.73094701,227.7,31.2
KIC 2970804,FALSE POSITIVE,K03993.01,0,1,0,0,0.686994057,2797.1,136.6
KIC 7552701,FALSE POSITIVE,K03994.01,0,0,1,0,1.324247867,83.3,26.5
KIC 7418173,FALSE POSITIVE,K03995.01,0,1,0,0,0.780632043,736.5,141.0
KIC 3228804,FALSE POSITIVE,K03996.01,0,1,1,1,0.730947169,248,49.1
KIC 11045383,FALSE POSITIVE,K01645.01,0,1,0,0,41.16676097,5386.3,185.2
KIC 11391667,FALSE POSITIVE,K01652.01,0,1,0,0,1.083736642,8930.8,954.2
KIC 11392017,FALSE POSITIVE,K01653.01,0,0,1,0,2.45570369,273.8,23.5
KIC 3446451,FALSE POSITIVE,K01735.01,0,1,1,1,0.64234875,103.7,61.3
KIC 6603756,FALSE POSITIVE,K01729.01,0,1,0,0,5.204286663,35221,153.0
KIC 8460600,FALSE POSITIVE,K01730.01,0,1,0,0,6.352090869,75141.7,1343.2
KIC 12121470,FALSE POSITIVE,K02142.01,0,0,1,0,1.877350712,185.6,23.1
KIC 3327993,FALSE POSITIVE,K02157.01,0,0,1,1,2.11552348,359.2,28.9
KIC 5467124,FALSE POSITIVE,K02161.01,0,1,1,1,2.84573962,211.7,83.9
KIC 7906739,FALSE POSITIVE,K02165.01,0,1,1,0,7.01476115,122.1,27.5
KIC 2860114,FALSE POSITIVE,K02170.01,0,0,1,0,0.941603153,462.1,46.2
KIC 8501062,FALSE POSITIVE,K02176.01,0,0,0,0,24.40213373,,
KIC 7199644,FALSE POSITIVE,K07821.01,0,1,0,1,1.13357304,33.1,12.0
KIC 11966253,FALSE POSITIVE,K02772.01,0,0,1,0,0.643468999,108,19.6
KIC 10275805,FALSE POSITIVE,K02782.01,0,1,1,0,112.645961,1957.9,23.3
KIC 5709889,FALSE POSITIVE,K02783.01,0,0,1,0,0.526887517,119.9,20.6
KIC 3119256,FALSE POSITIVE,K02784.01,0,0,1,0,4.14244748,69.9,12.3
KIC 9943435,FALSE POSITIVE,K02788.01,0,1,1,0,0.777663575,134.3,28.1
KIC 2442359,FALSE POSITIVE,K03997.01,0,0,1,0,0.552834211,145.7,30.0
KIC 7707742,FALSE POSITIVE,K03998.01,0,1,0,0,0.758354475,581782,1560.5
KIC 2010191,FALSE POSITIVE,K03999.01,1,0,1,0,3.43525124,152.2,6.3
KIC 5471675,FALSE POSITIVE,K04000.01,0,1,1,1,0.962828092,63,22.7
KIC 7601665,CANDIDATE,K07842.01,0,0,0,0,3.11141514,28.4,8.3
KIC 8845574,FALSE POSITIVE,K01734.01,0,1,1,0,1.878156188,787.5,38.4
KIC 2021440,FALSE POSITIVE,K01987.01,0,1,1,0,7.81153999,912.8,41.3
KIC 3122985,FALSE POSITIVE,K01949.01,0,1,0,0,0.993488979,24327,145.8
KIC 3248019,FALSE POSITIVE,K01759.01,0,1,0,0,1.334104585,61690.8,1334.6
KIC 3328026,FALSE POSITIVE,K01994.01,0,0,1,1,2.115498574,444.2,45.4
KIC 7116024,FALSE POSITIVE,K07812.01,1,0,0,1,3.40076682,21.1,7.4
KIC 2014991,FALSE POSITIVE,K02178.01,0,1,1,0,6.49676881,135,10.6
KIC 12885212,FALSE POSITIVE,K02184.01,0,0,1,0,2.057499811,325.6,23.6
KIC 5894073,FALSE POSITIVE,K02187.01,0,0,1,0,10.5856758,178.7,8.1
KIC 4245933,FALSE POSITIVE,K02190.01,0,0,1,1,11.2580745,713.3,55.4
KIC 7199724,FALSE POSITIVE,K07822.01,1,0,0,1,0.566795586,39.4,19.6
KIC 12935144,FALSE POSITIVE,K02847.01,0,0,1,0,1.099291188,282.6,19.8
KIC 6185496,FALSE POSITIVE,K02858.01,0,0,1,0,0.47462889,331.3,31.2
KIC 6606438,CONFIRMED,K02860.01,0,0,0,0,103.4269873,950.1,17.8
KIC 9149789,CANDIDATE,K02874.01,0,0,0,0,0.352515897,168.2,38.0
KIC 12170648,FALSE POSITIVE,K02875.01,0,1,0,0,0.299697755,346.9,53.6
KIC 7051984,CANDIDATE,K02879.01,0,0,0,0,0.339069751,53.2,38.2
KIC 7282168,FALSE POSITIVE,K07831.01,0,0,1,1,0.56681727,35.9,9.1
KIC 9851943,FALSE POSITIVE,K04001.01,0,1,1,1,1.081935491,202.9,33.9
KIC 5773121,CONFIRMED,K04002.01,0,0,0,0,0.524175803,236.8,22.4
KIC 2708420,FALSE POSITIVE,K04003.01,0,0,1,1,1.89129881,82,29.8
KIC 4814502,CONFIRMED,K04004.01,0,0,0,0,4.94330596,126.2,27.7
KIC 8142787,CONFIRMED,K04005.01,0,0,0,0,178.139072,678.8,20.3
KIC 7613620,CANDIDATE,K07843.01,0,0,0,0,0.619023176,77.9,8.9
KIC 3345675,CANDIDATE,K01772.01,0,0,0,0,120.00336404,39596,131.1
KIC 3654950,FALSE POSITIVE,K01766.01,0,1,0,0,4.067371428,63446.7,1094.6
KIC 3836453,FALSE POSITIVE,K01903.01,0,1,1,1,1.540395781,173.4,46.6
KIC 3952651,FALSE POSITIVE,K01912.01,0,0,1,0,32.9045733,662.3,19.7
KIC 3966262,FALSE POSITIVE,K01811.01,0,1,1,0,2.46353343,830,6.8
KIC 4144231,FALSE POSITIVE,K01791.01,0,1,1,1,22.91339043,5407,86.9
KIC 9964670,FALSE POSITIVE,K02192.01,0,0,1,0,1.541350116,378,51.7
KIC 6209798,FALSE POSITIVE,K02196.01,0,1,1,0,1.205412526,109.2,17.2
KIC 6525249,FALSE POSITIVE,K02197.01,0,0,1,1,1.710316235,409.4,31.2
KIC 11075429,CONFIRMED,K02198.01,0,0,0,0,23.9210408,158.3,21.9
KIC 11705004,CONFIRMED,K02199.01,0,0,0,0,9.03326435,610.7,18.3
KIC 6137681,FALSE POSITIVE,K03932.01,0,1,1,1,356.535835,3113,25.7
KIC 11244682,CONFIRMED,K03933.01,0,0,0,0,3.490785878,336.8,32.7
KIC 9655419,FALSE POSITIVE,K03934.01,0,1,0,0,1.92149487,1006,11.6
KIC 5895158,CONFIRMED,K03935.01,0,0,0,0,1.093665854,218.4,33.5
KIC 4947556,CONFIRMED,K03936.02,0,0,0,0,13.0267964,356.6,11.4
KIC 7287028,CANDIDATE,K07832.01,0,0,0,0,3.6092231,52.4,4.4
KIC 5471690,FALSE POSITIVE,K04006.01,1,0,1,1,12.4247333,40.5,19.3
KIC 8376848,CANDIDATE,K04007.01,0,0,0,0,11.4927112,291.5,18.7
KIC 5350447,FALSE POSITIVE,K04008.01,0,1,1,0,70.7511986,858.1,24.1
KIC 8934103,CONFIRMED,K04009.01,0,0,0,0,175.13892,634.5,17.9
KIC 7618364,FALSE POSITIVE,K07844.01,1,0,1,0,1.302061421,1046.1,29.5
KIC 4150390,FALSE POSITIVE,K01768.01,0,1,0,0,55.25178622,39873.6,585.0
KIC 4851464,FALSE POSITIVE,K01757.01,0,1,0,0,5.548250634,42873.4,1170.5
KIC 4913000,FALSE POSITIVE,K01775.01,0,0,1,1,4.442520831,531.5,100.3
KIC 4945877,FALSE POSITIVE,K01936.01,0,0,1,0,1.339670241,28.6,21.7
KIC 5110423,FALSE POSITIVE,K01777.01,0,0,1,0,2.685223546,5494.6,238.7
KIC 2581191,FALSE POSITIVE,K02203.01,0,0,1,0,1.99042642,133.8,25.3
KIC 7379385,FALSE POSITIVE,K02207.01,0,1,1,0,67.230028,379.1,39.5
KIC 6199702,FALSE POSITIVE,K02211.01,0,0,0,1,0.805259637,341.8,50.2
KIC 6307083,FALSE POSITIVE,K02050.01,0,1,1,1,75.3787816,387.7,30.1
KIC 6780158,FALSE POSITIVE,K02231.01,0,0,1,0,2.464160779,116.7,27.3
KIC 7199756,FALSE POSITIVE,K07823.01,1,0,1,1,0.566781152,133.4,24.9
KIC 7362696,FALSE POSITIVE,K03937.01,0,1,0,0,4.93129874,676.1,31.7
KIC 3865595,FALSE POSITIVE,K03938.01,0,1,1,0,5.59187448,236.4,31.9
KIC 9593528,FALSE POSITIVE,K03939.01,0,1,0,0,1.88665445,2098,15.8
KIC 5195945,FALSE POSITIVE,K03940.01,0,0,1,0,14.53682228,1032.3,40.8
KIC 7300182,CANDIDATE,K07833.01,0,0,0,0,172.820248,549.3,10.6
KIC 5288577,FALSE POSITIVE,K04010.01,0,0,1,1,1.72853003,99.1,24.0
KIC 11969988,FALSE POSITIVE,K04011.01,0,1,1,0,2.19068738,66.3,44.1
KIC 8483258,FALSE POSITIVE,K04012.01,1,0,0,0,372.16478,2074,23.5
KIC 4832225,FALSE POSITIVE,K04013.01,1,0,0,1,0.947730124,152.5,18.0
KIC 9009953,CONFIRMED,K04014.01,0,0,0,0,234.240739,464.1,27.7
KIC 7664272,FALSE POSITIVE,K07845.01,1,0,0,0,341.01495,386,6.9
KIC 5302006,FALSE POSITIVE,K01755.01,0,0,1,0,6.14631207,891.1,20.3
KIC 5306720,FALSE POSITIVE,K01991.01,0,1,1,0,27.36432337,2282.5,42.3
KIC 5389540,FALSE POSITIVE,K01836.01,0,0,1,0,10.26231992,813.9,17.3
KIC 5444384,FALSE POSITIVE,K01778.01,0,1,1,1,1.519529227,8372.5,155.1
KIC 5450814,FALSE POSITIVE,K01780.01,0,1,0,0,6.487525901,20209,74.3
KIC 7116519,FALSE POSITIVE,K07813.01,0,0,1,1,0.56676437,76.5,11.7
KIC 9635510,FALSE POSITIVE,K02234.01,0,0,1,1,2.35197616,268,31.7
KIC 8076630,FALSE POSITIVE,K02235.01,0,0,1,0,0.861643331,232.5,41.7
KIC 4077901,FALSE POSITIVE,K02239.01,0,1,1,0,12.1097626,113.9,28.2
KIC 10271691,FALSE POSITIVE,K02240.01,0,0,0,0,63.909601,143,6.1
KIC 10544677,FALSE POSITIVE,K02244.01,0,0,1,0,19.7352868,319.4,17.1
KIC 7199883,FALSE POSITIVE,K07824.01,1,0,1,1,0.566799125,30.7,22.5
KIC 8552587,FALSE POSITIVE,K03941.01,1,0,1,1,1.061935973,337.9,101.2
KIC 6019872,FALSE POSITIVE,K03942.01,0,1,1,0,1.485898163,224.6,32.8
KIC 7679812,CONFIRMED,K03943.01,0,0,0,0,38.5763483,282.1,76.3
KIC 4864734,FALSE POSITIVE,K03944.01,0,1,1,0,1.845610523,374.1,33.3
KIC 7366501,CANDIDATE,K07834.01,0,0,0,0,7.3812344,104.5,8.6
KIC 8282846,CONFIRMED,K04015.01,0,0,0,0,133.303247,1017.5,20.6
KIC 5938970,CONFIRMED,K04016.01,0,0,0,0,125.4132302,1345,22.6
KIC 8381693,FALSE POSITIVE,K04017.01,1,0,0,0,21.5702917,148.7,41.0
KIC 4929299,FALSE POSITIVE,K04018.01,0,1,0,0,0.868723418,197.1,23.8
KIC 7375348,CONFIRMED,K00266.01,0,0,0,0,25.30893566,153.7,54.2
KIC 10223615,FALSE POSITIVE,K00065.01,0,0,0,0,27.25471993,,
KIC 3342463,FALSE POSITIVE,K00383.01,0,0,0,0,34.10787519,,
KIC 6680177,FALSE POSITIVE,K00860.01,0,0,0,0,16.61474421,,
KIC 5565497,FALSE POSITIVE,K01789.01,0,0,1,1,1.412526202,150.3,70.6
KIC 5730389,FALSE POSITIVE,K01956.01,0,0,1,1,2.759573341,382,64.4
KIC 5802478,FALSE POSITIVE,K01834.01,0,1,1,1,3.79188234,417,6.6
KIC 5942093,FALSE POSITIVE,K01995.01,0,1,0,0,14.38724729,1914.1,43.5
KIC 5992270,FALSE POSITIVE,K01855.01,0,0,1,0,58.4302648,1849.5,34.1
KIC 7117126,FALSE POSITIVE,K07814.01,0,0,1,1,0.566717263,18.5,11.1
KIC 4761060,FALSE POSITIVE,K02249.01,0,0,1,0,13.37935853,353.5,36.2
KIC 5479802,FALSE POSITIVE,K02251.01,0,0,1,0,13.26255423,916.4,31.4
KIC 5607631,FALSE POSITIVE,K02254.01,0,0,1,0,20.5696575,401.5,22.2
KIC 4951249,FALSE POSITIVE,K02258.01,0,0,1,0,4.52342256,219,15.9
KIC 9156585,FALSE POSITIVE,K02054.01,0,0,1,0,22.32423657,1299.3,29.9
KIC 3121340,FALSE POSITIVE,K03945.01,0,1,1,0,0.723947772,242.7,17.7
KIC 8636434,CONFIRMED,K03946.01,0,0,0,0,308.544422,586.8,56.8
KIC 5952366,FALSE POSITIVE,K03947.01,0,1,1,1,0.905679492,2299,59.3
KIC 6045250,FALSE POSITIVE,K03948.01,1,0,1,1,0.909310626,12126.6,454.0
KIC 5598595,FALSE POSITIVE,K03949.01,0,1,1,1,0.648774274,231,26.1
KIC 6681233,FALSE POSITIVE,K00562.01,0,0,0,0,32.63286247,,
KIC 7296438,CANDIDATE,K00364.01,0,0,0,0,173.92851338,,
KIC 7351237,FALSE POSITIVE,K00879.01,0,0,0,0,25.64384513,,
KIC 7436215,FALSE POSITIVE,K00885.01,0,0,0,0,25.58546721,,
KIC 9763754,FALSE POSITIVE,K00589.01,0,0,0,0,17.47702,138.3,2.9
KIC 10216045,FALSE POSITIVE,K00594.01,0,0,0,0,16.88954693,,
KIC 8846163,FALSE POSITIVE,K00962.01,0,0,0,0,26.77891391,,
KIC 12366681,FALSE POSITIVE,K00973.01,0,0,0,0,13.33386985,,
KIC 1996399,FALSE POSITIVE,K01026.01,0,0,0,0,94.10628163,,
KIC 2697169,FALSE POSITIVE,K01027.01,0,0,0,0,14.71266408,,
KIC 8435247,FALSE POSITIVE,K01131.01,0,1,0,0,0.696125302,14966,177.2
KIC 8332986,FALSE POSITIVE,K01137.01,0,1,0,0,302.38867822,41320,294.8
KIC 9425139,CANDIDATE,K01411.01,0,0,0,0,305.0762469,4042.8,113.4
KIC 6364327,FALSE POSITIVE,K01744.01,0,0,1,1,5.24372504,234.4,51.6
KIC 6762829,FALSE POSITIVE,K01740.01,0,1,0,0,18.795269797,28241.1,3596.6
KIC 7369865,FALSE POSITIVE,K01918.01,0,1,1,0,42.2625935,692.2,40.7
KIC 7593110,FALSE POSITIVE,K01748.01,0,1,0,0,3.549386251,50664,108.2
KIC 7810483,CONFIRMED,K01943.01,0,0,0,0,29.92208104,345.3,37.6
KIC 7117147,FALSE POSITIVE,K07815.01,1,0,1,1,0.566812588,17.1,17.5
KIC 6634133,FALSE POSITIVE,K02262.01,0,0,1,1,9.94221873,486.5,12.6
KIC 7021534,FALSE POSITIVE,K02267.01,0,0,1,0,9.06557317,243.4,24.9
KIC 9277210,FALSE POSITIVE,K02268.01,0,0,0,0,4.9432827,27.1,12.9
KIC 9728465,FALSE POSITIVE,K02270.01,0,0,1,0,7.35390869,92.9,11.1
KIC 7124026,FALSE POSITIVE,K02275.01,0,0,1,0,15.7455586,161.1,37.6
KIC 7200485,FALSE POSITIVE,K07825.01,1,0,1,1,0.566796615,47.8,8.5
KIC 4544572,FALSE POSITIVE,K03950.01,1,0,1,1,2.189092892,1871.5,150.7
KIC 5738634,FALSE POSITIVE,K03951.01,0,0,1,1,2.40435335,70.6,27.1
KIC 10152836,FALSE POSITIVE,K03952.01,0,1,0,0,220.9290121,2456.5,70.4
KIC 10651816,FALSE POSITIVE,K03953.01,1,0,1,0,3.1877519,452.3,83.2
KIC 7367164,CANDIDATE,K07835.01,0,0,0,0,3.76565247,92.4,9.1
KIC 6964043,FALSE POSITIVE,K01351.01,0,1,0,0,10.72396374,13518,127.7
KIC 3644523,FALSE POSITIVE,K01195.01,1,0,1,1,119.67747,3254.1,52.0
KIC 11909686,FALSE POSITIVE,K01483.01,0,1,0,0,185.9526325,11106.9,147.3
KIC 12644769,FALSE POSITIVE,K01611.01,0,1,0,0,41.077590334,134484,5518.2
KIC 6233890,FALSE POSITIVE,K01624.01,0,0,1,1,2.99540439,223.2,45.6
KIC 7671950,CANDIDATE,K07846.01,0,0,0,0,10.5994606,128.8,11.2
KIC 7918172,FALSE POSITIVE,K01817.01,1,0,1,1,63.934965,1119.5,45.6
KIC 8009496,FALSE POSITIVE,K01869.01,1,0,1,1,38.4769457,259.4,18.4
KIC 8081187,CONFIRMED,K01951.01,0,0,0,0,37.3228722,307.5,42.6
KIC 8111919,FALSE POSITIVE,K02030.01,0,0,1,0,1.664980224,230.8,47.6
KIC 8127586,FALSE POSITIVE,K01752.01,0,0,1,1,16.6094904,272.9,12.7
KIC 7117485,FALSE POSITIVE,K07816.01,0,0,1,1,0.566789505,54.6,12.6
KIC 2860793,FALSE POSITIVE,K02277.01,0,0,1,1,2.62982665,126.4,24.6
KIC 3851130,FALSE POSITIVE,K02284.01,0,1,1,0,2.69787749,116.8,8.3
KIC 7257363,FALSE POSITIVE,K02292.01,0,0,1,1,5.23340265,242.1,12.7
KIC 11922722,FALSE POSITIVE,K02301.01,0,1,1,1,3.51289168,131,27.3
KIC 7203326,FALSE POSITIVE,K07826.01,0,0,1,0,9.087508013,140.6,2.5
KIC 8030339,CONFIRMED,K03954.02,0,0,0,0,5.71668787,431.7,11.8
KIC 9899414,FALSE POSITIVE,K03955.01,0,0,1,1,1.332564704,1049.5,124.0
KIC 5471059,FALSE POSITIVE,K03956.01,0,1,0,0,2.636899795,426.2,27.6
KIC 7458309,FALSE POSITIVE,K03957.01,1,0,1,1,0.660629055,231.6,103.3
KIC 7777372,FALSE POSITIVE,K03958.01,0,0,1,1,0.885123683,113.3,42.0
KIC 7377200,FALSE POSITIVE,K07836.01,1,0,0,0,471.65421,479.7,12.5
KIC 6312314,FALSE POSITIVE,K01625.01,0,0,1,0,1.221204888,111.6,27.3
KIC 6387969,FALSE POSITIVE,K01617.01,0,0,0,0,135.90795753,,
KIC 6468337,FALSE POSITIVE,K01620.01,0,1,1,0,0.959853772,55.8,27.1
KIC 9084778,CANDIDATE,K01631.01,0,0,0,0,0.592243731,3992.4,303.8
KIC 10357040,FALSE POSITIVE,K01634.01,0,0,0,0,46.882525,343.5,4.9
KIC 10514429,FALSE POSITIVE,K01614.01,0,0,0,1,20.7191626,184.4,8.9
KIC 7747103,CANDIDATE,K07847.01,0,0,0,0,399.37587,552.2,11.9
KIC 8127607,FALSE POSITIVE,K01919.01,0,1,1,0,16.60973843,667.8,29.7
KIC 8129042,FALSE POSITIVE,K01743.01,0,0,0,0,54.323118,538,19.2
KIC 8180020,FALSE POSITIVE,K01741.01,0,1,0,0,5.803127153,58570,639.3
KIC 8223328,FALSE POSITIVE,K01767.01,0,1,0,0,35.51619219,10984,85.4
KIC 8444552,FALSE POSITIVE,K01769.01,0,1,0,0,0.589049151,61953.4,1227.6
KIC 6342333,CONFIRMED,K02065.01,0,0,0,0,80.2321467,888.7,24.9
KIC 10674871,CANDIDATE,K02068.01,0,0,0,0,41.88970036,1304.4,20.9
KIC 6032517,FALSE POSITIVE,K02070.01,0,0,1,0,1.791406261,345.5,60.7
KIC 4768846,FALSE POSITIVE,K02077.01,0,1,1,0,1.25483232,117.6,11.4
KIC 8260234,FALSE POSITIVE,K02085.01,0,0,1,1,5.71483873,286.2,18.0
KIC 7210749,FALSE POSITIVE,K07828.01,0,0,1,0,17.5859472,509.5,8.4
KIC 9282769,FALSE POSITIVE,K03959.01,1,0,1,1,1.332567005,401.3,110.6
KIC 7777416,FALSE POSITIVE,K03960.01,0,1,1,0,2.54557259,529,36.0
KIC 7597005,FALSE POSITIVE,K03961.01,0,1,1,0,0.704541784,275.2,38.4
KIC 5479717,FALSE POSITIVE,K03962.01,0,1,1,0,0.697996932,9094.6,244.1
KIC 3764714,FALSE POSITIVE,K03963.01,1,0,0,0,6.63449721,919.1,160.1
KIC 11392618,FALSE POSITIVE,K01623.01,0,0,1,0,110.9215892,498,48.2
KIC 4474645,FALSE POSITIVE,K01657.01,0,1,1,1,3.88673217,761.7,119.0
KIC 4570949,CONFIRMED,K01658.01,0,1,0,0,1.544928892,5817.3,1109.7
KIC 4927315,FALSE POSITIVE,K01663.01,0,1,1,0,11.76921923,519.3,27.4
KIC 4928119,FALSE POSITIVE,K01664.01,0,1,0,0,44.638983058,36830.1,488.5
KIC 11518201,CANDIDATE,K03104.01,0,0,0,0,1.236866732,187.2,14.2
KIC 10861608,FALSE POSITIVE,K03118.01,0,0,0,0,174.95980475,,
KIC 10934313,FALSE POSITIVE,K03121.01,1,0,1,0,1.926888595,130,11.7
KIC 7516809,FALSE POSITIVE,K03133.01,0,0,0,0,0.241842544,203.3,29.3
KIC 6115516,FALSE POSITIVE,K03134.01,0,0,1,0,0.865759153,191.6,18.7
KIC 9758032,CANDIDATE,K03137.01,0,0,0,0,1.332035996,136.8,12.6
KIC 5640511,FALSE POSITIVE,K03139.01,0,0,0,0,0.63624396,,
KIC 7336093,FALSE POSITIVE,K03143.01,0,0,0,0,4.4040248,,
KIC 10196493,FALSE POSITIVE,K03149.01,0,0,0,0,9.81101738,,
KIC 7812455,FALSE POSITIVE,K02881.01,0,1,1,0,0.903583394,1027.1,151.7
KIC 9520443,FALSE POSITIVE,K02893.01,0,1,1,0,0.99014722,321.1,23.0
KIC 10601465,FALSE POSITIVE,K02902.01,0,0,0,0,138.61227705,,
KIC 7461307,FALSE POSITIVE,K02909.01,0,1,1,1,0.77359329,80.6,21.7
KIC 7269881,FALSE POSITIVE,K02916.01,0,1,0,0,0.306937807,119.2,29.3
KIC 6974658,CANDIDATE,K02925.01,0,0,0,0,0.716531851,78.9,17.9
KIC 10964265,FALSE POSITIVE,K02934.01,0,0,1,0,0.637487312,211.3,25.0
KIC 9823564,FALSE POSITIVE,K02940.01,0,0,0,0,129.68366098,,
KIC 9532424,FALSE POSITIVE,K02941.01,0,0,1,1,4.30908594,160.8,17.0
KIC 9950316,FALSE POSITIVE,K02947.01,0,0,0,0,57.104588,144.3,9.3
KIC 6028860,FALSE POSITIVE,K02950.01,0,1,0,0,0.422015793,1291.9,304.4
KIC 6778019,FALSE POSITIVE,K02953.01,0,1,1,1,0.945825494,104.7,22.1
KIC 4571536,FALSE POSITIVE,K02954.01,0,1,0,0,0.676715927,264.5,14.5
KIC 10904004,CANDIDATE,K02957.01,0,0,0,0,4.64490141,106.4,11.7
KIC 3336283,FALSE POSITIVE,K02974.01,1,0,1,0,0.576441813,60.8,21.2
KIC 5695904,FALSE POSITIVE,K02983.01,0,1,1,0,0.423854275,235.3,33.3
KIC 1725415,FALSE POSITIVE,K02988.01,0,0,0,0,2.43731228,,
KIC 11304987,FALSE POSITIVE,K02993.01,0,1,1,0,0.692693892,1433.7,146.7
KIC 11709423,FALSE POSITIVE,K03001.01,0,1,1,0,0.768934934,846.8,58.9
KIC 8758136,FALSE POSITIVE,K03006.01,0,0,1,0,0.998212785,118.8,18.8
KIC 12405333,CONFIRMED,K03009.01,0,0,0,0,0.764863517,150.2,13.6
KIC 10617638,FALSE POSITIVE,K03016.01,0,0,1,0,0.710894157,122.6,18.9
KIC 12833566,FALSE POSITIVE,K03024.01,0,0,0,0,0.537839241,23.5,12.4
KIC 9153554,FALSE POSITIVE,K03044.01,0,0,1,0,0.373684977,456.8,53.8
KIC 8161830,FALSE POSITIVE,K03046.01,0,0,0,0,1.10118564,,
KIC 6461850,FALSE POSITIVE,K03054.01,0,1,1,0,0.544962596,247.9,18.3
KIC 7613246,FALSE POSITIVE,K03062.01,0,0,1,0,0.769127296,114.6,17.0
KIC 11551715,FALSE POSITIVE,K03076.01,0,0,0,0,225.56791218,,
KIC 2715695,CONFIRMED,K03077.01,0,0,0,0,4.09578199,405.5,11.9
KIC 6312171,FALSE POSITIVE,K03079.01,0,0,0,0,92.57337995,,
KIC 10665043,FALSE POSITIVE,K03080.01,0,0,0,0,185.0097245,,
KIC 12352520,CONFIRMED,K03094.01,0,0,0,0,4.5770016,710,18.0
KIC 7455981,CONFIRMED,K03096.01,0,0,0,0,14.4540329,79.7,17.2
KIC 7107561,FALSE POSITIVE,K03100.01,0,1,1,1,0.812587678,62.9,21.7
KIC 9605552,CANDIDATE,K03102.01,0,0,0,0,9.3210841,294.2,6.1
KIC 11237332,FALSE POSITIVE,K03103.01,0,0,0,0,19.3073774,31.7,6.6
KIC 8669092,FALSE POSITIVE,K00068.01,1,0,0,0,1.000840564,2714.4,73.2
KIC 7885494,FALSE POSITIVE,K07854.01,0,1,1,1,1.72929014,84.5,9.6
KIC 5281714,FALSE POSITIVE,K05148.01,1,0,0,0,40.301684,374.8,6.6
KIC 5283728,CANDIDATE,K05149.01,0,0,0,0,43.681309,258,9.8
KIC 5289857,FALSE POSITIVE,K05150.01,0,0,1,0,26.524553,174.5,10.2
KIC 5303185,FALSE POSITIVE,K05151.01,1,0,0,0,26.1537851,228.6,6.2
KIC 5308777,FALSE POSITIVE,K05152.01,0,0,1,0,0.944598153,200.9,35.3
KIC 5364090,FALSE POSITIVE,K05153.01,1,0,0,0,354.63284,280.9,6.5
KIC 5370944,FALSE POSITIVE,K05154.01,1,0,0,0,35.40103336,,
KIC 5374838,CANDIDATE,K05155.01,0,0,0,0,230.180357,3689.3,64.0
KIC 6364143,FALSE POSITIVE,K05272.01,1,0,1,1,5.2433865,65.4,19.2
KIC 6364307,FALSE POSITIVE,K05273.01,0,0,1,1,5.2435703,228.5,25.1
KIC 6366559,CANDIDATE,K05274.01,0,0,0,0,55.7583803,132.7,9.0
KIC 6367663,CANDIDATE,K05275.01,0,0,0,0,3.781123,90.4,9.0
KIC 6368905,CANDIDATE,K05276.01,0,0,0,0,220.720142,862.5,12.0
KIC 6369548,FALSE POSITIVE,K05277.01,1,0,0,0,634.84739,542.6,15.7
KIC 6372194,CANDIDATE,K05278.01,0,0,0,0,281.5921577,9312,76.0
KIC 6387557,CANDIDATE,K05279.01,0,0,0,0,103.722152,296.9,9.4
KIC 3958301,FALSE POSITIVE,K03381.02,1,1,1,0,387.56519,1083,11.8
KIC 5353137,FALSE POSITIVE,K03447.01,0,0,1,0,31.5073649,330.5,15.4
KIC 4932689,FALSE POSITIVE,K03453.01,0,0,1,1,18.1118457,328.7,10.8
KIC 5294945,CANDIDATE,K03463.01,0,0,0,0,32.5474295,157.1,11.3
KIC 7742408,CONFIRMED,K03478.01,0,0,0,0,33.4969115,163.5,13.2
KIC 3968809,CANDIDATE,K05030.01,0,0,0,0,411.8969,502.8,8.5
KIC 3970397,FALSE POSITIVE,K05031.01,1,0,0,0,34.33339948,,
KIC 3973549,FALSE POSITIVE,K05032.01,0,1,1,0,1.389947459,1213.8,136.4
KIC 3974928,CANDIDATE,K05033.01,0,0,0,0,127.671711,450.1,8.0
KIC 4058169,FALSE POSITIVE,K05034.01,0,1,0,0,282.5363563,29233.2,854.1
KIC 4063943,CANDIDATE,K05035.01,0,0,0,0,115.23145073,,
KIC 4068391,FALSE POSITIVE,K05036.01,1,0,0,0,289.490952,773,6.6
KIC 4071638,CANDIDATE,K05037.01,0,0,0,0,349.58811,373.3,11.6
KIC 5390913,CANDIDATE,K05156.01,0,0,0,0,1.680254289,51633,178.7
KIC 5391911,FALSE POSITIVE,K05157.01,0,0,1,0,0.782068488,115.7,4.1
KIC 5394585,CANDIDATE,K05158.01,0,0,0,0,151.13008,358,4.6
KIC 5397106,FALSE POSITIVE,K05159.01,1,0,0,0,440.65087204,,
KIC 5425643,CANDIDATE,K05160.01,0,0,0,0,258.63797782,,
KIC 5425908,FALSE POSITIVE,K05161.01,1,0,0,0,289.76961138,,
KIC 5428199,CANDIDATE,K05162.01,0,0,0,0,628.15844,502.3,14.7
KIC 5436415,FALSE POSITIVE,K05163.01,1,0,0,0,273.223848,469.9,10.6
KIC 6387887,FALSE POSITIVE,K05280.01,1,0,0,0,0.650701055,371061,234.3
KIC 6425377,CANDIDATE,K05281.01,0,0,0,0,263.90141,807.1,11.0
KIC 6428602,FALSE POSITIVE,K05282.01,1,0,0,0,59.742966,284.9,8.6
KIC 6442735,CANDIDATE,K05283.01,0,0,0,0,18.7821603,77.2,9.8
KIC 6443093,CANDIDATE,K05284.01,0,0,0,0,389.316341,2599.8,34.7
KIC 6447372,FALSE POSITIVE,K05285.01,1,0,0,0,405.32064,561.7,6.2
KIC 6461675,FALSE POSITIVE,K05286.01,1,0,0,0,342.830882,450.7,12.0
KIC 6509282,CANDIDATE,K05287.01,0,0,0,0,3.98916186,318,16.3
KIC 8231667,CONFIRMED,K03494.01,0,0,0,0,42.8774169,1068.8,14.8
KIC 6697817,CANDIDATE,K03508.01,0,0,0,0,190.800788,287.6,13.0
KIC 3439096,FALSE POSITIVE,K03509.01,0,0,1,1,2.97601892,306.1,35.3
KIC 3324644,FALSE POSITIVE,K03781.01,1,0,0,0,2.882424694,67298,416.2
KIC 1161949,FALSE POSITIVE,K04920.01,1,0,0,0,473.95103,330.6,9.6
KIC 4077252,FALSE POSITIVE,K05038.01,0,1,1,0,0.534109403,78.3,37.0
KIC 4077767,FALSE POSITIVE,K05039.01,1,0,0,0,168.77118,2045,5.5
KIC 4135912,CANDIDATE,K05040.01,0,0,0,0,29.6094263,224.9,10.8
KIC 4144238,FALSE POSITIVE,K05041.01,0,0,1,1,22.9138322,340.3,8.0
KIC 4147171,FALSE POSITIVE,K05042.01,1,0,0,0,538.36855,545.5,7.0
KIC 4149060,FALSE POSITIVE,K05043.01,1,0,0,0,65.5327181,373.4,5.9
KIC 4150972,CANDIDATE,K05044.01,0,0,0,0,161.537665,101.8,5.9
KIC 4160006,FALSE POSITIVE,K05045.01,0,1,0,0,1.018360336,393969,967.4
KIC 5436455,CANDIDATE,K05164.01,0,0,0,0,209.967521,120,7.1
KIC 5439000,CANDIDATE,K05165.01,0,0,0,0,369.73011,274.8,9.6
KIC 5440435,FALSE POSITIVE,K05166.01,1,0,0,0,78.04064906,,
KIC 5440472,FALSE POSITIVE,K05167.01,1,0,0,0,396.349253,413.1,5.7
KIC 5440651,FALSE POSITIVE,K05168.01,0,1,0,0,0.502807253,4658.7,240.0
KIC 5443320,CANDIDATE,K05169.01,0,0,0,0,21.3684341,492.8,9.7
KIC 5446961,FALSE POSITIVE,K05170.01,1,0,0,0,149.526152,753,7.6
KIC 5467126,FALSE POSITIVE,K05171.01,0,1,1,1,2.845736321,3127,297.8
KIC 6511182,CANDIDATE,K05288.01,0,0,0,0,29.5632952,532.8,10.4
KIC 6517064,CANDIDATE,K05289.01,0,0,0,0,181.81214,474.6,21.3
KIC 6517200,CANDIDATE,K05290.01,0,0,0,0,435.50635,553.8,8.2
KIC 6517255,CANDIDATE,K05291.01,0,0,0,0,525.560452,1196,10.9
KIC 6522124,FALSE POSITIVE,K05292.01,1,0,0,0,43.60012467,,
KIC 6525196,FALSE POSITIVE,K05293.01,0,1,0,0,1.710299164,157266,2291.1
KIC 6525398,FALSE POSITIVE,K05294.01,1,0,0,0,252.04444,1502,6.1
KIC 6526377,FALSE POSITIVE,K05295.01,1,0,1,0,1.39508873,,
KIC 1164301,CANDIDATE,K04921.01,0,0,0,0,95.688682,453.8,9.8
KIC 1297263,FALSE POSITIVE,K04922.01,1,0,0,0,153.521361,255.2,5.7
KIC 1429589,CANDIDATE,K04923.01,0,0,0,0,38.168652,90.6,8.3
KIC 1572948,FALSE POSITIVE,K04924.01,0,0,1,0,3.0031801,374.7,13.9
KIC 1725193,FALSE POSITIVE,K04925.01,0,1,0,0,2.96384168,35652.8,607.5
KIC 1865864,CANDIDATE,K04926.01,0,0,0,0,69.089357,475.1,8.6
KIC 1870398,FALSE POSITIVE,K04927.01,0,1,0,0,43.142257,283.2,30.5
KIC 1873513,CONFIRMED,K04928.01,0,0,0,0,3.290304098,13552.6,220.5
KIC 4164511,CANDIDATE,K05046.01,0,0,0,0,40.9882124,145.8,11.3
KIC 4179201,FALSE POSITIVE,K05047.01,1,0,0,0,326.70552,794,9.1
KIC 4241238,CANDIDATE,K05048.01,0,0,0,0,138.333748,603.6,8.4
KIC 4242806,FALSE POSITIVE,K05049.01,1,0,1,0,343.49816,431,7.1
KIC 4245861,FALSE POSITIVE,K05050.01,0,0,1,1,11.2582311,300.4,22.2
KIC 4246343,FALSE POSITIVE,K05051.01,1,0,0,0,139.54219147,,
KIC 4253860,FALSE POSITIVE,K05052.01,0,1,0,0,155.046089,2238,36.7
KIC 4274816,FALSE POSITIVE,K05053.01,1,0,0,0,14.3641542,89.2,6.5
KIC 5470851,FALSE POSITIVE,K05172.01,1,0,1,1,12.4276185,147,12.6
KIC 5471108,FALSE POSITIVE,K05173.01,1,0,0,1,12.427076,47.5,25.3
KIC 5524229,CANDIDATE,K05174.01,0,0,0,0,22.4932751,152,11.2
KIC 5525484,FALSE POSITIVE,K05175.01,1,0,0,0,315.502534,689.2,9.5
KIC 5529385,CANDIDATE,K05176.01,0,0,0,0,215.732414,208.2,7.3
KIC 5547424,FALSE POSITIVE,K05177.01,1,0,0,0,276.54167976,,
KIC 5551240,CONFIRMED,K05178.01,0,0,0,0,4.13960513,106.7,11.6
KIC 6527229,FALSE POSITIVE,K05296.01,0,1,0,0,200.79976002,92642,930.8
KIC 6543192,CANDIDATE,K05297.01,0,0,0,0,8.0906952,82.4,8.1
KIC 6543674,FALSE POSITIVE,K05298.01,0,1,0,1,1.195515364,396401,4630.1
KIC 6548429,FALSE POSITIVE,K05299.01,1,0,0,0,210.971635,519,6.5
KIC 6594945,CANDIDATE,K05300.01,0,0,0,0,188.954072,166.5,10.9
KIC 6599305,FALSE POSITIVE,K05301.01,1,0,0,0,42.02646,190,6.0
KIC 6600515,FALSE POSITIVE,K05302.01,1,0,0,0,372.04697,673.4,25.2
KIC 6608090,FALSE POSITIVE,K05303.01,1,0,0,0,438.81524,332.8,9.2
KIC 2010607,FALSE POSITIVE,K04929.01,1,0,0,0,18.622214,5832,20.1
KIC 2015013,FALSE POSITIVE,K04930.01,0,0,1,0,27.8923345,139.6,9.0
KIC 2019199,CANDIDATE,K04931.01,0,0,0,0,579.81521,607,7.9
KIC 2158460,CANDIDATE,K04932.01,0,0,0,0,19.12788374,,
KIC 2163226,FALSE POSITIVE,K04933.01,1,0,0,0,452.10093,464,6.2
KIC 2165352,FALSE POSITIVE,K04934.01,1,0,1,0,0.7906069,689.2,133.3
KIC 2305255,FALSE POSITIVE,K04935.01,1,0,0,0,24.5714867,506.4,31.1
KIC 2305543,FALSE POSITIVE,K04936.01,0,1,0,0,0.681137796,105189,432.5
KIC 4276114,FALSE POSITIVE,K05054.01,0,1,0,0,3.722404453,55368,148.9
KIC 4281023,FALSE POSITIVE,K05055.01,1,0,0,0,230.385488,568.1,9.3
KIC 4281700,FALSE POSITIVE,K05056.01,1,0,0,0,222.84909312,,
KIC 4346339,CANDIDATE,K05057.01,0,0,0,0,493.74242,506.1,12.4
KIC 4365461,FALSE POSITIVE,K05058.01,0,1,0,0,1.714414962,110132,6485.8
KIC 4366923,FALSE POSITIVE,K05059.01,0,1,0,0,646.28789332,58605.3,1107.1
KIC 4449752,FALSE POSITIVE,K05060.01,1,0,0,0,290.438547,212.9,11.9
KIC 4455763,FALSE POSITIVE,K05061.01,0,1,0,0,0.766298172,19400.9,368.9
KIC 5563057,FALSE POSITIVE,K05179.01,0,1,0,0,1.049468616,22,22.8
KIC 5565261,FALSE POSITIVE,K05180.01,0,1,1,0,2.362348096,724.7,103.6
KIC 5602409,FALSE POSITIVE,K05181.01,1,0,0,0,136.830243,464.3,8.4
KIC 5603270,FALSE POSITIVE,K05182.01,1,0,0,0,103.284757,78.4,5.5
KIC 5612111,FALSE POSITIVE,K05183.01,1,0,0,0,36.1904638,263.3,6.8
KIC 5616628,FALSE POSITIVE,K05184.01,1,0,0,0,419.75224,754,6.3
KIC 5623137,FALSE POSITIVE,K05185.01,1,0,0,0,419.95929,196.2,5.9
KIC 6611779,FALSE POSITIVE,K05304.01,1,0,0,0,206.309658,277.1,8.3
KIC 6612411,FALSE POSITIVE,K05305.01,1,0,0,0,8.46184728,411.2,142.4
KIC 6612973,FALSE POSITIVE,K05306.01,1,0,0,0,681.01756,133.9,9.2
KIC 6615600,FALSE POSITIVE,K05307.01,0,0,1,0,2.19509634,227.7,14.3
KIC 6634112,CANDIDATE,K05308.01,0,0,0,0,9.942228056,31067.9,1073.3
KIC 6635813,FALSE POSITIVE,K05309.01,1,0,0,0,141.00582791,,
KIC 6675757,CANDIDATE,K05310.01,0,0,0,0,22.2903562,130.4,8.1
KIC 6677415,FALSE POSITIVE,K05311.01,1,0,0,0,73.9239955,634,6.1
KIC 2309910,FALSE POSITIVE,K04937.01,1,0,1,0,1.8437362,341.1,83.4
KIC 2310993,CANDIDATE,K04938.01,0,0,0,0,55.180772,474.6,11.5
KIC 2437209,FALSE POSITIVE,K04939.01,0,1,0,0,281.36926,12435,135.6
KIC 2437653,CANDIDATE,K04940.01,0,0,0,0,84.6405853,784,8.2
KIC 2438406,FALSE POSITIVE,K04941.01,1,0,0,0,262.71162,1449,7.0
KIC 2452289,FALSE POSITIVE,K04942.01,0,0,1,0,6.0353643,47.2,23.4
KIC 2555080,CANDIDATE,K04943.01,0,0,0,0,15.2024426,834,4.0
KIC 2569488,FALSE POSITIVE,K04944.01,0,0,1,1,1.52327807,924.2,78.5
KIC 4459503,FALSE POSITIVE,K05062.01,1,0,0,0,260.31119904,,
KIC 4464689,FALSE POSITIVE,K05063.01,1,0,0,0,574.37064,227.6,12.0
KIC 4469825,FALSE POSITIVE,K05064.01,1,0,0,0,253.87706,265.6,5.7
KIC 4470888,FALSE POSITIVE,K05065.01,1,0,0,0,523.36921,9918,8.4
KIC 4471313,CANDIDATE,K05066.01,0,0,0,0,110.089267,1018,5.6
KIC 4478142,CANDIDATE,K05067.01,0,0,0,0,219.931324,641,7.1
KIC 4484179,CANDIDATE,K05068.01,0,0,0,0,385.29212,218.5,15.1
KIC 5623839,FALSE POSITIVE,K05186.01,1,0,0,0,80.292171,158.6,6.0
KIC 5650420,FALSE POSITIVE,K05187.01,0,1,1,0,1.049406508,447.5,61.3
KIC 5650930,CANDIDATE,K05188.01,0,0,0,0,455.195496,293.6,8.0
KIC 5653152,FALSE POSITIVE,K05189.01,0,1,1,0,3.58957045,1221.2,53.6
KIC 5653163,FALSE POSITIVE,K05190.01,0,1,0,1,2.40435325,349.6,23.3
KIC 5685113,FALSE POSITIVE,K05191.01,1,0,0,0,37.078668,147.4,6.9
KIC 5697395,CANDIDATE,K05192.01,0,0,0,0,50.55398,199.7,7.9
KIC 5698524,FALSE POSITIVE,K05193.01,1,0,0,0,228.196872,145.3,6.9
KIC 6784887,FALSE POSITIVE,K05328.01,0,1,0,0,44.714450094,90229.6,2629.0
KIC 6805414,CANDIDATE,K05329.01,0,0,0,0,200.2350497,10812.1,220.6
KIC 6864891,FALSE POSITIVE,K05330.01,0,1,0,1,40.8801539,395.8,10.0
KIC 6869373,CANDIDATE,K05331.01,0,0,0,0,31.5034587,210.6,8.6
KIC 6875342,CANDIDATE,K05332.01,0,0,0,0,22.2381062,104.2,7.1
KIC 6879183,CANDIDATE,K05333.01,0,0,0,0,20.5477769,253.8,12.1
KIC 7891264,FALSE POSITIVE,K07855.01,1,0,0,0,25.166806,1350,7.2
KIC 6880123,FALSE POSITIVE,K05334.01,1,0,0,0,323.972022,462,8.7
KIC 6891512,FALSE POSITIVE,K05335.01,0,1,0,0,1.752562808,368004,5494.6
KIC 2569516,FALSE POSITIVE,K04945.01,1,0,1,0,45.5827119,76.5,9.6
KIC 2570432,FALSE POSITIVE,K04946.01,0,0,1,0,1.89140138,557.6,12.4
KIC 2574543,FALSE POSITIVE,K04947.01,0,1,1,1,6.70258007,859,23.0
KIC 2578811,FALSE POSITIVE,K04948.01,0,0,1,0,6.2095391,47.9,8.3
KIC 7897936,FALSE POSITIVE,K07856.01,1,0,0,0,363.17077,384.6,20.9
KIC 2582800,FALSE POSITIVE,K04949.01,1,0,0,0,615.16033,267.1,5.4
KIC 2707916,FALSE POSITIVE,K04950.01,0,0,0,1,1.89124738,410,17.4
KIC 2708270,FALSE POSITIVE,K04951.01,0,1,1,1,1.89125883,274.5,15.3
KIC 4540508,FALSE POSITIVE,K05069.01,1,0,0,0,362.1273,1098,6.5
KIC 4565943,FALSE POSITIVE,K05070.01,1,0,0,0,353.36705,34.1,7.0
KIC 4566848,CANDIDATE,K05071.01,0,0,0,0,180.4118581,4268,33.2
KIC 4570555,FALSE POSITIVE,K05072.01,0,0,1,0,4.750256809,395.1,42.7
KIC 4586482,FALSE POSITIVE,K05073.01,1,0,0,0,623.005238,140332,2386.6
KIC 4647949,FALSE POSITIVE,K05074.01,1,0,0,0,45.41810604,,
KIC 4678873,FALSE POSITIVE,K05075.01,0,1,0,1,1.878877205,104026,525.4
KIC 4732015,FALSE POSITIVE,K05076.01,1,0,0,0,0.938857507,12960.3,962.6
KIC 5709014,FALSE POSITIVE,K05194.01,1,0,0,0,287.46579664,,
KIC 5732636,FALSE POSITIVE,K05195.01,1,0,0,0,32.245486,93.6,10.0
KIC 5734702,CANDIDATE,K05196.01,0,0,0,0,392.47291,345.6,12.2
KIC 5779606,FALSE POSITIVE,K05197.01,1,0,1,0,142.20400109,,
KIC 5780194,FALSE POSITIVE,K05198.01,1,0,0,0,149.237142,772,6.9
KIC 5781991,FALSE POSITIVE,K05199.01,1,0,0,0,501.51698,487,6.9
KIC 5784803,FALSE POSITIVE,K05200.01,1,0,0,0,357.77096,216.3,9.7
KIC 5791713,FALSE POSITIVE,K05201.01,1,0,0,0,531.33282,669,7.1
KIC 6681473,FALSE POSITIVE,K05312.01,1,0,1,0,396.048721,931.8,39.4
KIC 6688318,FALSE POSITIVE,K05313.01,1,0,0,0,326.370361,568.8,13.7
KIC 6690523,FALSE POSITIVE,K05314.01,1,0,0,0,148.666527,319.4,8.6
KIC 6692742,FALSE POSITIVE,K05315.01,1,0,0,0,163.104677,576,6.0
KIC 6695801,FALSE POSITIVE,K05316.01,0,1,0,1,1.10656965,86.4,8.4
KIC 6699562,FALSE POSITIVE,K05317.01,0,1,0,0,46.270524872,66244.1,4607.4
KIC 6707260,FALSE POSITIVE,K05318.01,1,0,0,0,13.4256161,142.3,12.5
KIC 6718474,FALSE POSITIVE,K05319.01,1,0,0,0,590.44065,125.7,6.9
KIC 2710101,FALSE POSITIVE,K04952.01,1,0,0,0,28.88008607,,
KIC 2711123,FALSE POSITIVE,K04953.01,0,1,1,1,2.858879267,644.5,37.1
KIC 2833632,FALSE POSITIVE,K04954.01,1,0,0,0,241.647602,361.7,5.6
KIC 2836076,FALSE POSITIVE,K04955.01,1,0,0,0,528.07962334,,
KIC 2850321,FALSE POSITIVE,K04956.01,1,0,0,0,25.2218929,,
KIC 2861126,FALSE POSITIVE,K04957.01,1,0,0,0,105.52127462,,
KIC 2861298,CANDIDATE,K04958.01,0,0,0,0,581.729006,186.7,8.6
KIC 2987433,FALSE POSITIVE,K04959.01,0,1,0,0,420.92920358,86013.1,1740.2
KIC 4732137,FALSE POSITIVE,K05077.01,1,0,0,0,393.946106,747.5,10.9
KIC 4736439,FALSE POSITIVE,K05078.01,1,0,0,0,194.896925,557.4,8.8
KIC 4737848,CANDIDATE,K05079.01,0,0,0,0,56.001782,125.2,7.2
KIC 4740375,FALSE POSITIVE,K05080.01,1,0,0,0,471.95076253,,
KIC 4741777,FALSE POSITIVE,K05081.01,1,0,0,0,101.928291,243.5,6.3
KIC 4750406,FALSE POSITIVE,K05082.01,1,0,0,0,379.63135,1036.2,13.8
KIC 4750962,CANDIDATE,K05083.01,0,0,0,0,69.932459,264.4,8.4
KIC 4760478,CONFIRMED,K05084.01,0,0,0,0,287.377314,4376.9,60.4
KIC 5793275,CANDIDATE,K05202.01,0,0,0,0,535.93723,337.2,8.8
KIC 5794687,FALSE POSITIVE,K05203.01,1,0,0,0,367.72767,926,5.8
KIC 5817712,FALSE POSITIVE,K05204.01,1,0,0,1,4.20601251,106.7,10.7
KIC 5857656,CANDIDATE,K05205.01,0,0,0,0,313.051405,594.9,39.5
KIC 5858519,FALSE POSITIVE,K05206.01,0,1,0,0,4.18236124,193983,2666.0
KIC 5859725,CANDIDATE,K05207.01,0,0,0,0,18.9828305,49.1,9.6
KIC 5869272,FALSE POSITIVE,K05208.01,1,0,0,0,186.59466,685,8.8
KIC 5905728,FALSE POSITIVE,K05209.01,0,0,1,0,7.87173698,34.7,10.8
KIC 6719052,CANDIDATE,K05320.01,0,0,0,0,357.437578,272.3,13.6
KIC 6721603,CANDIDATE,K05321.01,0,0,0,0,215.634356,148,12.3
KIC 6756369,CANDIDATE,K05322.01,0,0,0,0,30.928898,203.3,8.5
KIC 6762188,FALSE POSITIVE,K05323.01,0,1,0,0,7.155547398,2568.8,124.6
KIC 6765563,CANDIDATE,K05324.01,0,0,0,0,293.392635,518.8,9.9
KIC 6766583,FALSE POSITIVE,K05325.01,1,0,0,0,63.024229,294.6,6.1
KIC 6767337,FALSE POSITIVE,K05326.01,0,0,0,0,506.771836,195.2,15.0
KIC 6776555,CANDIDATE,K05327.01,0,0,0,0,5.43361347,1421,17.9
KIC 2992634,CANDIDATE,K04960.01,0,0,0,0,47.82278681,,
KIC 3001955,CANDIDATE,K04961.01,0,0,0,0,348.96347,585.2,11.8
KIC 3003673,FALSE POSITIVE,K04962.01,1,0,0,0,57.1143966,268.8,5.9
KIC 3101178,CANDIDATE,K04963.01,0,0,0,0,59.4037839,123.5,17.0
KIC 3117115,FALSE POSITIVE,K04964.01,1,0,0,0,485.91276,1368,7.0
KIC 3120397,FALSE POSITIVE,K04965.01,0,0,1,1,20.5311708,284.6,9.8
KIC 3222680,FALSE POSITIVE,K04966.01,0,1,1,0,2.31164074,488.7,24.6
KIC 3239171,CANDIDATE,K04967.01,0,0,0,0,43.581043,348.7,8.7
KIC 4761427,CANDIDATE,K05085.01,0,0,0,0,327.063,1006,8.8
KIC 4769799,FALSE POSITIVE,K05086.01,0,1,0,0,21.92866538,22178.4,664.6
KIC 4770798,CANDIDATE,K05087.01,0,0,0,0,651.07431,153.7,7.1
KIC 4813750,CANDIDATE,K05088.01,0,0,0,0,49.1782244,449,9.4
KIC 4814168,FALSE POSITIVE,K05089.01,1,0,0,0,545.54618,177.7,9.0
KIC 4815612,FALSE POSITIVE,K05090.01,0,1,0,0,1.928420823,191238,438.3
KIC 4819158,FALSE POSITIVE,K05091.01,1,0,0,0,328.84846,901,6.0
KIC 4833409,CANDIDATE,K05092.01,0,0,0,0,271.790292,318.4,8.1
KIC 5942112,FALSE POSITIVE,K05210.01,1,0,0,0,125.95781975,,
KIC 5946568,CANDIDATE,K05211.01,0,0,0,0,3.5645249,53.9,8.0
KIC 5949765,FALSE POSITIVE,K05212.01,1,0,0,0,426.34444,90.2,9.7
KIC 5954894,CANDIDATE,K05213.01,0,0,0,0,48.2455501,60.5,5.0
KIC 5956038,FALSE POSITIVE,K05214.01,1,0,0,0,256.846143,1706,14.9
KIC 5963591,FALSE POSITIVE,K05215.01,1,0,0,0,146.931518,257,19.3
KIC 5965629,CANDIDATE,K05216.01,0,0,0,0,377.311149,804,8.3
KIC 6934045,CANDIDATE,K05336.01,0,0,0,0,265.741374,273.4,21.6
KIC 6939913,CANDIDATE,K05337.01,0,0,0,0,470.65357,985,8.3
KIC 6947062,FALSE POSITIVE,K05338.01,1,0,1,0,309.19347,1445,6.5
KIC 6948815,FALSE POSITIVE,K05339.01,0,1,0,0,1.541530919,213262,601.5
KIC 6952570,FALSE POSITIVE,K05340.01,1,0,0,0,122.713036,290.7,6.5
KIC 7009548,CANDIDATE,K05341.01,0,0,0,0,15.18575582,256.7,11.8
KIC 7011044,FALSE POSITIVE,K05342.01,1,0,0,0,25.50236699,,
KIC 7013635,FALSE POSITIVE,K05343.01,1,0,0,0,290.625016,147.6,10.3
KIC 3240049,FALSE POSITIVE,K04968.01,0,1,0,0,2.945414866,968.7,47.5
KIC 3242039,CANDIDATE,K04969.01,0,0,0,0,59.14382117,,
KIC 3245638,FALSE POSITIVE,K04970.01,1,0,0,0,232.822285,22617,8.8
KIC 3329985,FALSE POSITIVE,K04971.01,1,0,0,0,146.355097,820,6.0
KIC 3340165,CANDIDATE,K04972.01,0,0,0,0,26.092284,122.4,12.2
KIC 3341760,FALSE POSITIVE,K04973.01,0,1,1,0,0.523493764,54,23.5
KIC 3341982,FALSE POSITIVE,K04974.01,1,0,0,0,514.14221,1491,5.8
KIC 3355104,CANDIDATE,K04975.01,0,0,0,0,47.0628978,1647,14.5
KIC 4840327,FALSE POSITIVE,K05093.01,0,1,0,0,26.737139497,53516.1,4731.1
KIC 4843751,FALSE POSITIVE,K05094.01,1,0,0,0,310.61299,920,6.5
KIC 4856592,FALSE POSITIVE,K05095.01,1,0,0,0,461.1417,382,9.4
KIC 4863260,FALSE POSITIVE,K05096.01,0,0,1,0,0.987069622,384.8,2.5
KIC 4902673,FALSE POSITIVE,K05097.01,1,0,0,0,329.71491,337,6.0
KIC 4912650,CANDIDATE,K05098.01,0,0,0,0,100.345648,372.3,15.2
KIC 4914221,CANDIDATE,K05099.01,0,0,0,0,111.187116,110.8,7.3
KIC 4914399,FALSE POSITIVE,K05100.01,0,0,0,1,1.23708565,803.8,55.3
KIC 5967194,FALSE POSITIVE,K05217.01,1,0,0,0,498.24938,522.6,11.8
KIC 5980354,FALSE POSITIVE,K05218.01,1,0,0,0,1.573020098,292.2,195.5
KIC 5981058,CANDIDATE,K05219.01,0,0,0,0,27.765596,147.6,14.2
KIC 5986270,FALSE POSITIVE,K05220.01,0,1,0,0,1.534679933,456.6,64.6
KIC 5989391,FALSE POSITIVE,K05221.01,1,0,0,0,71.59889,654,5.7
KIC 6021840,CANDIDATE,K05222.01,0,0,0,0,367.6758,699.5,14.0
KIC 6023571,CANDIDATE,K05223.01,0,0,0,0,354.21154,821.3,22.0
KIC 6025174,CANDIDATE,K05224.01,0,0,0,0,171.028691,394.2,13.1
KIC 3356156,CANDIDATE,K04976.01,0,0,0,0,624.90338,249,10.6
KIC 3425363,CANDIDATE,K04977.01,0,0,0,0,25.5338535,368,8.3
KIC 3428127,CANDIDATE,K04978.01,0,0,0,0,339.18998,822,7.6
KIC 3428359,FALSE POSITIVE,K04979.01,1,0,0,0,77.66967809,,
KIC 3439031,FALSE POSITIVE,K04980.01,0,1,0,0,2.976012511,449091,3630.4
KIC 3441795,CANDIDATE,K04981.01,0,0,0,0,349.73652,886,6.0
KIC 3449540,FALSE POSITIVE,K04982.01,0,1,0,0,1.606003121,402550,4679.3
KIC 3449870,FALSE POSITIVE,K04983.01,1,0,0,0,61.438007,253,9.0
KIC 4915582,CANDIDATE,K05101.01,0,0,0,0,436.18813,118,8.7
KIC 4917357,FALSE POSITIVE,K05102.01,1,0,0,0,147.863607,560,6.6
KIC 4917658,FALSE POSITIVE,K05103.01,1,0,0,0,586.91711807,,
KIC 4918303,CANDIDATE,K05104.01,0,0,0,0,21.1579573,215.9,10.2
KIC 4927738,FALSE POSITIVE,K05105.01,1,0,0,0,19.545185,40.2,5.4
KIC 4937140,FALSE POSITIVE,K05106.01,1,0,0,0,215.044269,351.1,8.7
KIC 4940376,CANDIDATE,K05107.01,0,0,0,0,169.330666,532.7,9.7
KIC 4945035,FALSE POSITIVE,K05108.01,0,1,1,0,1.174683069,356.4,87.5
KIC 6033602,FALSE POSITIVE,K05225.01,1,0,0,0,33.2948005,215.7,6.6
KIC 6034379,CANDIDATE,K05226.01,0,0,0,0,249.35154,1637,8.2
KIC 6034834,CANDIDATE,K05227.01,0,0,0,0,371.56492,375.5,16.2
KIC 6036286,CANDIDATE,K05228.01,0,0,0,0,546.53309,758,12.3
KIC 6038152,CANDIDATE,K05229.01,0,0,0,0,364.63189,302.8,13.3
KIC 6043490,CANDIDATE,K05230.01,0,0,0,0,330.738115,333.3,8.7
KIC 6045404,CANDIDATE,K05231.01,0,0,0,0,78.876125,472.3,8.1
KIC 6047853,FALSE POSITIVE,K05232.01,0,0,0,0,476.39752,287.8,11.1
KIC 3459529,FALSE POSITIVE,K04984.01,1,0,0,0,231.364508,1488,9.2
KIC 3532510,FALSE POSITIVE,K04985.01,1,0,0,0,106.779168,163,6.3
KIC 3540873,CANDIDATE,K04986.01,0,0,0,0,444.04257,417.4,7.4
KIC 3542117,FALSE POSITIVE,K04987.01,0,0,1,0,12.5748872,731,7.8
KIC 3542928,FALSE POSITIVE,K04988.01,1,0,0,0,484.172005,518.2,11.3
KIC 3545749,FALSE POSITIVE,K04989.01,1,0,1,0,277.77499,1078,9.2
KIC 3546821,FALSE POSITIVE,K04990.01,1,0,0,0,561.08191,229.1,9.8
KIC 3548645,CANDIDATE,K04991.01,0,0,0,0,211.330867,531,7.5
KIC 4946581,FALSE POSITIVE,K05109.01,0,1,0,0,28.615014,70.5,13.5
KIC 4953262,CANDIDATE,K05110.01,0,0,0,0,105.5904748,292.4,9.5
KIC 4996558,FALSE POSITIVE,K05111.01,0,1,1,0,3.017155419,1381.8,223.5
KIC 5006817,FALSE POSITIVE,K05112.01,1,0,0,0,94.818136,,
KIC 5008775,FALSE POSITIVE,K05113.01,1,0,0,0,52.6727624,248,6.7
KIC 5015027,FALSE POSITIVE,K05114.01,1,0,0,0,34.4886903,59.9,6.3
KIC 5016163,FALSE POSITIVE,K05115.01,0,1,0,0,2.6228301,409714,5312.7
KIC 5024476,FALSE POSITIVE,K05116.01,1,0,0,0,222.068928,643,6.7
KIC 6058896,FALSE POSITIVE,K05233.01,1,0,1,1,0.56493398,2067,166.0
KIC 6062298,FALSE POSITIVE,K05234.01,1,0,1,0,246.12174,6847,9.2
KIC 6065010,FALSE POSITIVE,K05235.01,1,0,0,0,159.05846,194.3,6.3
KIC 6067545,CANDIDATE,K05236.01,0,0,0,0,550.86514,346.5,20.8
KIC 6115356,CANDIDATE,K05237.01,0,0,0,0,380.39474,603,8.6
KIC 6116605,FALSE POSITIVE,K05238.01,1,0,0,0,419.21314,2084,9.6
KIC 6118840,FALSE POSITIVE,K05239.01,1,0,0,0,350.98474,600,10.8
KIC 6129632,FALSE POSITIVE,K05240.01,1,0,0,0,298.4688,315.4,10.6
KIC 3553900,CANDIDATE,K04992.01,0,0,0,0,12.5747207,323.3,10.5
KIC 3554819,FALSE POSITIVE,K04993.01,1,0,0,0,43.22793081,,
KIC 3555178,FALSE POSITIVE,K04994.01,1,0,0,0,528.10984,89.8,8.4
KIC 3632330,FALSE POSITIVE,K04995.01,1,0,0,0,63.12379762,,
KIC 3641216,FALSE POSITIVE,K04996.01,1,0,0,0,358.54455552,,
KIC 3644399,FALSE POSITIVE,K04997.01,1,0,0,1,119.669671,421.9,14.2
KIC 3644649,FALSE POSITIVE,K04998.01,1,0,0,0,598.31791,283.2,8.3
KIC 5027859,CANDIDATE,K05117.01,0,0,0,0,33.3726538,618.4,10.1
KIC 5032842,FALSE POSITIVE,K05118.01,1,0,0,0,18.40783671,,
KIC 5036052,CANDIDATE,K05119.01,0,0,0,0,143.163697,390.3,12.9
KIC 5037742,FALSE POSITIVE,K05120.01,0,1,0,0,250.4858,674.6,13.2
KIC 5039053,FALSE POSITIVE,K05121.01,1,0,0,0,401.38712,166.2,18.6
KIC 5080565,FALSE POSITIVE,K05122.01,1,0,0,0,49.312677,1713,6.6
KIC 5091808,FALSE POSITIVE,K05123.01,1,0,0,0,288.94276,160.6,6.7
KIC 6139220,FALSE POSITIVE,K05241.01,0,1,0,0,273.6857427,15350.5,202.3
KIC 6143819,FALSE POSITIVE,K05242.01,1,0,0,0,28.1117095,119.4,6.5
KIC 6145939,FALSE POSITIVE,K05243.01,0,1,0,0,17.745456135,80258,272.2
KIC 6149980,FALSE POSITIVE,K05244.01,1,0,0,0,603.3102,517.9,11.9
KIC 6184894,CONFIRMED,K05245.01,0,0,0,0,7.20281185,1832.6,49.4
KIC 6195792,FALSE POSITIVE,K05246.01,1,0,0,0,36.4772788,463,5.8
KIC 6197658,CANDIDATE,K05247.01,0,0,0,0,282.0309,782,11.8
KIC 6198670,CANDIDATE,K05248.01,0,0,0,0,179.25465,272.4,9.9
KIC 3646449,CANDIDATE,K04999.01,0,0,0,0,65.752109,382.5,9.9
KIC 3646515,FALSE POSITIVE,K05000.01,1,0,0,0,249.61377295,,
KIC 3647097,CANDIDATE,K05001.01,0,0,0,0,59.9655175,310.1,5.5
KIC 3730176,FALSE POSITIVE,K05002.01,1,0,0,0,399.49671,139.3,6.9
KIC 3748239,CANDIDATE,K05003.01,0,0,0,0,112.951287,555.6,7.3
KIC 3751118,CANDIDATE,K05004.01,0,0,0,0,103.363691,359.1,9.4
KIC 3755522,FALSE POSITIVE,K05005.01,0,0,1,0,251.958533,204.1,15.3
KIC 5094412,CANDIDATE,K05124.01,0,0,0,0,276.879492,1762,10.4
KIC 5105886,FALSE POSITIVE,K05125.01,1,0,0,0,389.169027,513.3,7.7
KIC 5110453,CANDIDATE,K05126.01,0,0,0,0,418.04355,481.6,10.8
KIC 5113146,FALSE POSITIVE,K05127.01,0,1,0,0,18.78970984,40789.1,488.7
KIC 5130563,FALSE POSITIVE,K05128.01,0,0,1,0,0.915782856,301,7.7
KIC 5131276,FALSE POSITIVE,K05129.01,0,1,0,0,0.66882716,68.2,6.2
KIC 5166811,CANDIDATE,K05130.01,0,0,0,0,370.05918,669.8,8.6
KIC 5174677,FALSE POSITIVE,K05131.01,0,1,0,0,43.5428781,5447,52.1
KIC 6203955,CANDIDATE,K05249.01,0,0,0,0,19.4534296,149,9.8
KIC 6205384,FALSE POSITIVE,K05250.01,1,0,1,1,3.72273683,37.8,14.7
KIC 6205405,FALSE POSITIVE,K05251.01,1,0,1,1,3.7229369,65.2,18.6
KIC 6206470,FALSE POSITIVE,K05252.01,0,0,0,1,1.80455062,39.7,12.5
KIC 6263468,FALSE POSITIVE,K05253.01,1,0,0,0,10.1955065,221.4,7.0
KIC 6266866,CANDIDATE,K05254.01,0,0,0,0,232.916142,64.8,8.5
KIC 6277594,FALSE POSITIVE,K05255.01,0,1,0,0,3.66115536,34.3,27.8
KIC 3757521,CANDIDATE,K05006.01,0,0,0,0,126.51457638,,
KIC 3763724,FALSE POSITIVE,K05008.01,1,0,0,0,225.43420422,,
KIC 3834728,CANDIDATE,K05009.01,0,0,0,0,359.98653,671,5.6
KIC 3836450,FALSE POSITIVE,K05010.01,0,0,1,1,1.540399732,57.6,14.8
KIC 3836509,FALSE POSITIVE,K05011.01,0,0,1,1,1.540389045,485.7,48.6
KIC 3836522,FALSE POSITIVE,K05012.01,0,0,1,1,1.540393027,526.2,72.1
KIC 3846515,FALSE POSITIVE,K05013.01,0,0,1,0,0.888045184,90.6,26.6
KIC 5179609,FALSE POSITIVE,K05132.01,0,1,0,0,43.9311596,9304.4,1070.3
KIC 5181086,FALSE POSITIVE,K05133.01,1,0,0,0,494.62409,307,6.0
KIC 5181299,CANDIDATE,K05134.01,0,0,0,0,573.23826,470.1,6.8
KIC 5184144,CANDIDATE,K05135.01,0,0,0,0,314.765374,732,7.5
KIC 5192660,FALSE POSITIVE,K05136.01,1,0,0,0,110.75214125,,
KIC 5193813,FALSE POSITIVE,K05137.01,1,0,0,0,121.1825045,,
KIC 5199426,FALSE POSITIVE,K05138.01,0,1,0,0,78.60436061,78104,2384.6
KIC 5211631,FALSE POSITIVE,K05139.01,1,0,0,0,294.202469,248.2,5.2
KIC 6281127,FALSE POSITIVE,K05256.01,1,0,0,0,588.10504,326.6,11.0
KIC 6285906,FALSE POSITIVE,K05257.01,1,0,0,0,116.170346,435.2,6.0
KIC 6287131,FALSE POSITIVE,K05258.01,1,0,0,0,452.30053,809,7.7
KIC 6289459,FALSE POSITIVE,K05259.01,1,0,0,0,39.5931053,156.6,5.7
KIC 6289897,FALSE POSITIVE,K05260.01,0,0,1,1,1.55935718,49.7,17.9
KIC 6290467,FALSE POSITIVE,K05261.01,1,0,0,0,100.629443,355.7,4.7
KIC 6309307,CANDIDATE,K05262.01,0,0,0,0,438.98396,745.2,14.0
KIC 6342980,FALSE POSITIVE,K05263.01,1,0,0,0,273.169948,283.3,6.2
KIC 4150611,FALSE POSITIVE,K03156.02,1,0,0,0,1.434200327,3097.3,39.1
KIC 4909707,FALSE POSITIVE,K03175.01,1,0,0,0,2.302365255,62160,468.4
KIC 7919516,FALSE POSITIVE,K07857.01,0,0,1,0,0.575445783,29.3,3.2
KIC 6850665,FALSE POSITIVE,K03244.01,1,0,0,0,214.715417,5211.2,161.3
KIC 4948730,FALSE POSITIVE,K03272.01,0,1,1,0,23.0295222,548.2,27.7
KIC 3848665,FALSE POSITIVE,K05014.01,1,0,0,1,359.04147,3658,11.2
KIC 3848919,FALSE POSITIVE,K05015.01,0,1,0,0,0.52363021,367102,1948.2
KIC 3848948,FALSE POSITIVE,K05016.01,0,0,1,0,0.523632451,8.1,13.9
KIC 3852865,FALSE POSITIVE,K05017.01,0,0,0,0,492.25299,372.7,11.6
KIC 3854101,FALSE POSITIVE,K05018.01,0,1,0,0,293.5056071,6824,51.0
KIC 3858926,FALSE POSITIVE,K05019.01,1,0,0,1,25.95247,80.8,16.4
KIC 3859890,FALSE POSITIVE,K05020.01,0,0,1,0,4.34573349,73.5,9.7
KIC 3863877,CANDIDATE,K05021.01,0,0,0,0,288.07937,991,7.6
KIC 5213005,FALSE POSITIVE,K05140.01,1,0,0,0,484.58335927,,
KIC 5213811,FALSE POSITIVE,K05141.01,1,0,0,0,288.285213,378.1,11.5
KIC 5255259,CANDIDATE,K05142.01,0,0,0,0,198.895864,1779,13.0
KIC 5260419,FALSE POSITIVE,K05143.01,1,0,0,0,19.93826636,,
KIC 5262539,FALSE POSITIVE,K05144.01,1,0,0,0,491.08027,335.6,7.9
KIC 5263802,FALSE POSITIVE,K05145.01,0,1,0,0,3.350209754,28325.4,671.1
KIC 5265982,FALSE POSITIVE,K05146.01,1,0,0,0,628.592314,393.7,7.6
KIC 5271637,FALSE POSITIVE,K05147.01,1,0,0,0,471.37787,102.9,12.2
KIC 6346894,CANDIDATE,K05264.01,0,0,0,0,52.69092296,,
KIC 6347434,FALSE POSITIVE,K05265.01,1,0,0,0,425.22927,829,6.4
KIC 6347890,CANDIDATE,K05266.01,0,0,0,0,37.71508287,,
KIC 6350031,CANDIDATE,K05267.01,0,0,0,0,5.1779065,129.5,9.5
KIC 6359881,CANDIDATE,K05268.01,0,0,0,0,474.22897,475.2,7.2
KIC 6359929,CANDIDATE,K05269.01,0,0,0,0,371.50631,992,14.1
KIC 6363560,FALSE POSITIVE,K05270.01,1,0,0,0,606.91488768,,
KIC 6364064,FALSE POSITIVE,K05271.01,0,0,1,1,5.24331899,106.8,20.1
KIC 11177676,CONFIRMED,K03281.01,0,0,0,0,47.0320478,367.8,13.7
KIC 4936990,FALSE POSITIVE,K03290.01,0,1,1,0,10.31453308,2004.1,71.6
KIC 7130418,FALSE POSITIVE,K03317.01,0,0,1,0,15.52861675,500,17.3
KIC 12208887,FALSE POSITIVE,K03333.01,0,1,0,0,53.501860974,456778,1363.9
KIC 10711551,FALSE POSITIVE,K03359.01,1,0,0,0,10.692230094,376651,2402.0
KIC 7919867,FALSE POSITIVE,K07858.01,0,0,1,0,1.60375114,51,9.4
KIC 11081512,FALSE POSITIVE,K03364.01,0,0,1,0,15.7397651,287.7,11.2
KIC 3865815,CANDIDATE,K05022.01,0,0,0,0,117.26808432,,
KIC 3867593,FALSE POSITIVE,K05023.01,0,1,0,0,73.3377984,114900,155.5
KIC 3941219,FALSE POSITIVE,K05024.01,1,0,0,0,282.159571,196.3,14.2
KIC 3953106,FALSE POSITIVE,K05025.01,0,1,0,0,6.58729511,127965,304.2
KIC 3953212,FALSE POSITIVE,K05026.01,1,0,1,0,459.23193,418.7,19.5
KIC 3955444,CANDIDATE,K05027.01,0,0,0,0,62.312419,123,9.1
KIC 3962728,FALSE POSITIVE,K05028.01,0,1,1,1,25.9493253,354.5,13.1
KIC 3965326,FALSE POSITIVE,K05029.01,1,0,1,0,212.76701,74.3,6.8
KIC 9265521,FALSE POSITIVE,K05646.01,1,0,0,0,386.62189,193.2,12.3
KIC 9268456,FALSE POSITIVE,K05647.01,1,0,0,0,84.644104,512,33.5
KIC 9271739,FALSE POSITIVE,K05648.01,1,0,0,0,575.95408,1210,11.4
KIC 9274092,CANDIDATE,K05649.01,0,0,0,0,426.942225,1209,11.8
KIC 9274431,FALSE POSITIVE,K05650.01,1,0,0,0,117.844963,1043,6.6
KIC 9282853,CANDIDATE,K05651.01,0,0,0,0,83.499618,501,16.1
KIC 9292100,CANDIDATE,K05652.01,0,0,0,0,91.507044,539,12.4
KIC 9300066,CANDIDATE,K05653.01,0,0,0,0,188.664098,960,9.4
KIC 10186761,CANDIDATE,K05772.01,0,0,0,0,75.636309,174.6,6.0
KIC 10189542,FALSE POSITIVE,K05773.01,0,0,1,1,24.614775,229.4,10.5
KIC 10191056,FALSE POSITIVE,K05774.01,0,1,0,0,1.21374744,185129,8755.2
KIC 10191449,CANDIDATE,K05775.01,0,0,0,0,492.23808,676.8,13.2
KIC 10199984,CANDIDATE,K05776.01,0,0,0,0,198.6004,300.8,9.8
KIC 10201891,FALSE POSITIVE,K05777.01,1,0,0,0,372.30881,535.2,14.9
KIC 10208477,FALSE POSITIVE,K05778.01,1,0,0,0,454.244158,241,9.9
KIC 10222603,FALSE POSITIVE,K05779.01,1,0,0,0,112.48226,195.7,5.2
KIC 7581535,FALSE POSITIVE,K05400.01,1,0,0,0,218.56734012,,
KIC 7592339,FALSE POSITIVE,K05401.01,1,0,0,0,229.948531,154.2,6.1
KIC 7598326,FALSE POSITIVE,K05402.01,1,0,0,0,403.5637828,,
KIC 7599004,FALSE POSITIVE,K05403.01,0,1,0,0,2.41172358,3364.7,108.6
KIC 7618231,FALSE POSITIVE,K05404.01,1,0,0,0,92.9314146,,
KIC 7619667,FALSE POSITIVE,K05405.01,1,0,0,0,103.22293786,,
KIC 7625138,CANDIDATE,K05406.01,0,0,0,0,5.71966537,19.1,11.3
KIC 8507073,FALSE POSITIVE,K05527.01,0,1,0,0,209.06299275,250913,3295.6
KIC 8507586,CANDIDATE,K05528.01,0,0,0,0,201.621794,480,6.8
KIC 8509781,FALSE POSITIVE,K05529.01,0,1,0,0,70.335879746,24418.4,2148.6
KIC 8510197,FALSE POSITIVE,K05530.01,1,0,0,0,591.37382,245,10.7
KIC 8516349,FALSE POSITIVE,K05531.01,1,0,0,0,559.28332,1360,6.7
KIC 8525101,CANDIDATE,K05532.01,0,0,0,0,24.6777128,131.3,9.0
KIC 8525286,CANDIDATE,K05533.01,0,0,0,0,113.05980069,,
KIC 8542879,FALSE POSITIVE,K05534.01,1,0,0,0,136.355967,165.1,6.3
KIC 9304976,CANDIDATE,K05654.01,0,0,0,0,54.6957124,1096,12.4
KIC 9306677,FALSE POSITIVE,K05655.01,1,0,0,0,532.9307,181.4,5.3
KIC 9330740,CANDIDATE,K05656.01,0,0,0,0,169.84787744,,
KIC 9334027,CANDIDATE,K05657.01,0,0,0,0,284.699924,371.1,7.6
KIC 9357578,FALSE POSITIVE,K05658.01,1,0,0,0,171.69799,878,7.7
KIC 9362842,FALSE POSITIVE,K05659.01,1,0,0,0,444.89411,363,13.2
KIC 9363944,CANDIDATE,K05660.01,0,0,0,0,402.20969,472.5,9.5
KIC 9368524,FALSE POSITIVE,K05661.01,1,0,0,0,229.86928,1659,10.6
KIC 10227881,FALSE POSITIVE,K05780.01,0,1,1,1,5.14108479,611.2,57.0
KIC 10266852,FALSE POSITIVE,K05781.01,1,0,0,0,179.27230765,,
KIC 10272858,CANDIDATE,K05782.01,0,0,0,0,584.55603,346.7,10.0
KIC 10292000,FALSE POSITIVE,K05783.01,1,0,0,0,200.83849979,,
KIC 10319341,FALSE POSITIVE,K05784.01,0,0,1,0,40.1043796,187.3,9.2
KIC 10319834,CANDIDATE,K05785.01,0,0,0,0,70.31252504,,
KIC 10320341,FALSE POSITIVE,K05786.01,0,1,0,0,30.114681501,87057.3,2858.1
KIC 10339000,CANDIDATE,K05787.01,0,0,0,0,69.775633,140.9,9.7
KIC 7625143,CANDIDATE,K05407.01,0,0,0,0,58.5029431,117,7.0
KIC 7631138,CANDIDATE,K05408.01,0,0,0,0,415.748785,463.7,9.2
KIC 7658229,FALSE POSITIVE,K05409.01,0,1,0,0,36.1826854,9471.7,124.1
KIC 7662502,CANDIDATE,K05410.01,0,0,0,0,24.1527864,78.1,9.3
KIC 7672215,CANDIDATE,K05411.01,0,0,0,0,11.1734401,61.3,9.0
KIC 7674050,FALSE POSITIVE,K05412.01,0,1,0,0,472.2265706,156143,584.6
KIC 7690782,CANDIDATE,K05413.01,0,0,0,0,428.379308,386.6,7.4
KIC 7700561,FALSE POSITIVE,K05414.01,0,1,1,1,1.507099289,1282,142.7
KIC 8546464,FALSE POSITIVE,K05535.01,1,0,0,0,253.652263,26456,59.9
KIC 8547213,CANDIDATE,K05536.01,0,0,0,0,392.72811,499.7,12.0
KIC 8547366,FALSE POSITIVE,K05537.01,1,0,0,0,128.66825288,,
KIC 8547525,FALSE POSITIVE,K05538.01,1,0,0,0,485.57785,853,5.6
KIC 8547537,CANDIDATE,K05539.01,0,0,0,0,374.05697,961.1,20.6
KIC 8548403,FALSE POSITIVE,K05540.01,1,0,0,0,643.4528,585.1,10.2
KIC 8548454,CANDIDATE,K05541.01,0,0,0,0,339.633833,517.8,12.0
KIC 8552607,FALSE POSITIVE,K05542.01,0,1,1,1,1.061934307,264.8,70.9
KIC 9390655,FALSE POSITIVE,K05662.01,0,0,1,1,9.5497037,706.7,12.4
KIC 9391817,CANDIDATE,K05663.01,0,0,0,0,140.884533,158,16.4
KIC 9394762,FALSE POSITIVE,K05664.01,0,1,1,0,77.138911,603.3,19.0
KIC 9394953,CANDIDATE,K05665.01,0,0,0,0,100.494129,57.6,6.9
KIC 9397862,CANDIDATE,K05666.01,0,0,0,0,182.453195,184,5.2
KIC 9402670,FALSE POSITIVE,K05667.01,1,0,1,1,0.536551592,153.2,26.2
KIC 9402859,FALSE POSITIVE,K05668.01,1,0,1,0,68.54443156,,
KIC 9407689,FALSE POSITIVE,K05669.01,1,0,0,0,130.110715,251.9,6.4
KIC 10356840,FALSE POSITIVE,K05788.01,0,0,0,0,242.484764,361.7,7.6
KIC 10387792,CANDIDATE,K05789.01,0,0,0,0,383.26217,448.4,11.0
KIC 10394802,CANDIDATE,K05790.01,0,0,0,0,178.266978,1857,12.5
KIC 10399137,FALSE POSITIVE,K05791.01,1,0,0,0,385.593209,282.9,5.6
KIC 10416390,FALSE POSITIVE,K05792.01,0,0,1,0,215.737826,8476,36.8
KIC 10419108,FALSE POSITIVE,K05793.01,1,0,0,0,507.48249,232.1,9.7
KIC 10453009,CANDIDATE,K05794.01,0,0,0,0,30.9771151,125,6.8
KIC 10459749,CANDIDATE,K05795.01,0,0,0,0,19.11280242,,
KIC 7701809,FALSE POSITIVE,K05415.01,1,0,0,0,30.2111162,92.6,6.5
KIC 7731281,CONFIRMED,K05416.01,0,0,0,0,76.377855,11004,38.6
KIC 7743464,FALSE POSITIVE,K05417.01,0,1,0,0,55.249007325,205671,3452.5
KIC 7747091,CANDIDATE,K05418.01,0,0,0,0,14.2673439,217.5,9.0
KIC 7747197,FALSE POSITIVE,K05419.01,1,0,0,0,22.52907,327.1,4.8
KIC 7750342,FALSE POSITIVE,K05420.01,1,0,0,0,66.247851,666,8.3
KIC 7751133,FALSE POSITIVE,K05421.01,1,0,0,1,370.91308,270.3,17.5
KIC 7757620,CANDIDATE,K05422.01,0,0,0,0,360.64485255,,
KIC 8560475,FALSE POSITIVE,K05543.01,0,1,0,0,7.41505161,937,18.3
KIC 8561192,FALSE POSITIVE,K05544.01,0,1,0,0,2.742590902,680398,682.9
KIC 8570210,CANDIDATE,K05545.01,0,0,0,0,541.04472,181.5,8.8
KIC 8571421,CANDIDATE,K05546.01,0,0,0,0,514.271499,688.9,9.0
KIC 8574794,CANDIDATE,K05547.01,0,0,0,0,571.14302,531.3,8.5
KIC 8575061,FALSE POSITIVE,K05548.01,1,0,0,0,216.453511,1137,7.5
KIC 8612291,FALSE POSITIVE,K05549.01,1,0,0,0,37.0488669,,
KIC 8613769,CANDIDATE,K05550.01,0,0,0,0,540.39267,1780,15.1
KIC 9412267,FALSE POSITIVE,K05670.01,1,0,0,0,542.16158927,,
KIC 9417931,CANDIDATE,K05671.01,0,0,0,0,190.905243,227.1,7.4
KIC 9418508,FALSE POSITIVE,K05672.01,0,1,0,0,11.0153889,3446,31.8
KIC 9449320,FALSE POSITIVE,K05673.01,1,0,0,0,28.34230575,,
KIC 9451521,FALSE POSITIVE,K05674.01,1,0,0,0,231.521608,478.7,6.1
KIC 9455322,FALSE POSITIVE,K05675.01,1,0,0,0,180.890384,205.3,5.8
KIC 9455526,FALSE POSITIVE,K05676.01,1,0,0,0,60.0546149,326.1,11.8
KIC 9456887,CANDIDATE,K05677.01,0,0,0,0,20.5142642,153.2,9.0
KIC 10470779,CANDIDATE,K05796.01,0,0,0,0,495.854189,548.6,10.9
KIC 10480952,FALSE POSITIVE,K05797.01,0,1,0,0,2.037453129,315914,6944.9
KIC 10487228,CANDIDATE,K05798.01,0,0,0,0,318.25858,756,6.0
KIC 10519727,CANDIDATE,K05799.01,0,0,0,0,184.883155,304.1,9.9
KIC 10525077,CANDIDATE,K05800.01,0,0,0,0,11.006795,146.4,10.9
KIC 10535708,FALSE POSITIVE,K05801.02,0,0,0,1,0.93373761,58.7,9.7
KIC 10547378,FALSE POSITIVE,K05802.01,0,1,0,0,35.164087,1528.9,38.3
KIC 10548411,FALSE POSITIVE,K05803.01,1,0,0,0,107.11003503,,
KIC 7762153,CANDIDATE,K05423.01,0,0,0,0,366.55705,582.5,10.2
KIC 7762717,FALSE POSITIVE,K05424.01,1,0,0,0,462.26052152,,
KIC 7767781,CANDIDATE,K05425.01,0,0,0,0,39.42516213,,
KIC 7770901,CANDIDATE,K05426.01,0,0,0,0,124.887214,176.5,13.3
KIC 7800285,FALSE POSITIVE,K05427.01,0,1,1,0,0.533000886,4398.5,327.4
KIC 7804128,FALSE POSITIVE,K05428.01,1,0,0,0,200.35091012,,
KIC 7809049,FALSE POSITIVE,K05429.01,1,0,0,0,114.32859485,,
KIC 7811057,FALSE POSITIVE,K05430.01,1,0,0,0,99.97889,117.9,5.7
KIC 8622875,FALSE POSITIVE,K05551.01,0,0,0,1,374.71687,1126.2,62.2
KIC 8644545,CANDIDATE,K05552.01,0,0,0,0,295.958914,464.1,17.5
KIC 8644911,CANDIDATE,K05553.01,0,0,0,0,120.938669,782.1,15.0
KIC 8652997,CANDIDATE,K05554.01,0,0,0,0,362.22202,52.5,14.6
KIC 8655076,FALSE POSITIVE,K05555.01,1,0,0,0,42.070868,386.2,5.7
KIC 8656535,CANDIDATE,K05556.01,0,0,0,0,631.99116,345.6,7.2
KIC 8671707,FALSE POSITIVE,K05557.01,1,0,0,0,401.73243,366.4,5.8
KIC 8676061,FALSE POSITIVE,K05558.01,1,0,0,0,428.1186,443.8,7.3
KIC 9457533,FALSE POSITIVE,K05678.01,1,0,0,0,37.3683802,206.6,8.8
KIC 9463329,FALSE POSITIVE,K05679.01,1,0,0,0,615.81928,168,11.0
KIC 9466486,CANDIDATE,K05680.01,0,0,0,0,557.92882,262.2,8.1
KIC 9472328,CANDIDATE,K05681.01,0,0,0,0,77.51257,1510,5.8
KIC 9472341,CANDIDATE,K05682.01,0,0,0,0,46.969389,1875,7.1
KIC 9474485,FALSE POSITIVE,K05683.01,0,1,0,0,0.512581525,384482,1583.7
KIC 9475697,CANDIDATE,K05684.01,0,0,0,0,206.801125,716,16.7
KIC 9481235,CANDIDATE,K05685.01,0,0,0,0,14.0019064,376.1,11.6
KIC 10551346,FALSE POSITIVE,K05804.01,1,0,0,0,1.42796645,6012.3,347.6
KIC 10552151,CANDIDATE,K05805.01,0,0,0,0,525.757041,830.2,14.4
KIC 10552263,CANDIDATE,K05806.01,0,0,0,0,313.82752,168,8.7
KIC 10554421,CANDIDATE,K05807.01,0,0,0,0,236.09799849,,
KIC 10556891,FALSE POSITIVE,K05808.01,1,0,0,0,70.61977122,,
KIC 10579570,FALSE POSITIVE,K05809.01,1,0,0,0,216.10910854,,
KIC 10581308,CANDIDATE,K05810.01,0,0,0,0,425.593391,237.6,6.5
KIC 10591578,FALSE POSITIVE,K05811.01,1,0,0,0,44.51439331,,
KIC 7812990,CANDIDATE,K05431.01,0,0,0,0,43.08410127,,
KIC 7819520,FALSE POSITIVE,K05432.01,1,0,0,0,230.80401566,,
KIC 7829836,CANDIDATE,K05433.01,0,0,0,0,237.819002,614.2,15.4
KIC 7830953,CANDIDATE,K05434.01,0,0,0,0,581.87357,905.6,12.5
KIC 7836096,CANDIDATE,K05435.01,0,0,0,0,15.9961296,500.7,10.7
KIC 7837526,FALSE POSITIVE,K05436.01,0,1,0,0,28.297207229,23193.1,2360.6
KIC 7881464,CANDIDATE,K05437.01,0,0,0,0,213.63312404,,
KIC 7884986,FALSE POSITIVE,K05438.01,1,0,0,0,412.227551,819.5,9.0
KIC 8677186,FALSE POSITIVE,K05559.01,1,0,0,0,586.63177,199.9,8.4
KIC 8678345,FALSE POSITIVE,K05560.01,1,0,0,0,364.95068,824,5.8
KIC 8682751,FALSE POSITIVE,K05561.01,1,0,0,0,44.36123319,,
KIC 8715564,FALSE POSITIVE,K05562.01,1,0,0,0,438.00974,79.2,8.6
KIC 8715589,CANDIDATE,K05563.01,0,0,0,0,7.62210397,146.1,9.2
KIC 8718273,FALSE POSITIVE,K05564.01,0,1,0,0,3.479508244,3000.4,195.7
KIC 8737343,FALSE POSITIVE,K05565.01,1,0,0,0,406.29695,136.5,10.7
KIC 8741367,CANDIDATE,K05566.01,0,0,0,0,0.9886684,126.6,8.7
KIC 9489348,FALSE POSITIVE,K05686.01,1,0,0,1,3.34465934,57.6,24.3
KIC 9517242,FALSE POSITIVE,K05687.01,1,0,0,0,513.14417,223.8,7.9
KIC 9532603,CANDIDATE,K05688.01,0,0,0,0,14.5555096,725,8.1
KIC 9534832,CANDIDATE,K05689.01,0,0,0,0,114.12716,974,6.3
KIC 9536727,CANDIDATE,K05690.01,0,0,0,0,17.0497376,478.6,6.4
KIC 9543302,FALSE POSITIVE,K05691.01,0,0,1,0,13.0366377,154.6,15.4
KIC 9575728,CANDIDATE,K05692.01,0,0,0,0,2.64181261,70,12.7
KIC 10799291,FALSE POSITIVE,K05828.01,1,0,0,0,270.98477,13883,10.7
KIC 10802364,CANDIDATE,K05829.01,0,0,0,0,583.8531,491,5.4
KIC 10809888,CANDIDATE,K05830.01,0,0,0,0,72.782432,245.8,8.5
KIC 10813078,CANDIDATE,K05831.01,0,0,0,0,10.552241908,954,12.3
KIC 10817600,FALSE POSITIVE,K05832.01,0,0,1,0,2.74703312,152.2,23.1
KIC 10850327,CANDIDATE,K05833.01,0,0,0,0,440.171272,783.5,38.0
KIC 10855545,CANDIDATE,K05834.01,0,0,0,0,37.537859,269,8.2
KIC 10858504,CANDIDATE,K05835.01,0,0,0,0,474.96952,595,6.4
KIC 7885558,FALSE POSITIVE,K05439.01,0,0,1,1,0.864651455,67.7,16.5
KIC 7888863,CANDIDATE,K05440.01,0,0,0,0,74.624063,346.9,11.0
KIC 7900450,FALSE POSITIVE,K05441.01,1,0,0,0,25.4805211,159,17.7
KIC 7900695,FALSE POSITIVE,K05442.01,1,0,0,0,512.11636,315.4,10.9
KIC 7900727,FALSE POSITIVE,K05443.01,1,0,0,0,348.61891,689,5.8
KIC 7902719,FALSE POSITIVE,K05444.01,1,0,1,1,368.70839,957,12.2
KIC 7916058,FALSE POSITIVE,K05445.01,1,0,0,0,7.1091096,156.7,13.0
KIC 7917068,CANDIDATE,K05446.01,0,0,0,0,416.9504,479.8,6.9
KIC 8742270,FALSE POSITIVE,K05567.01,0,1,0,0,397.3958488,29825,395.7
KIC 8745553,CONFIRMED,K05568.01,0,0,0,0,62.134919,147.5,10.6
KIC 8747222,FALSE POSITIVE,K05569.01,0,1,1,0,1.667482003,545.5,50.2
KIC 8747910,CANDIDATE,K05570.01,0,0,0,0,574.65297,725,7.4
KIC 8766285,FALSE POSITIVE,K05571.01,1,0,0,1,5.29730786,190.8,13.1
KIC 8807988,CANDIDATE,K05572.01,0,0,0,0,21.9578446,96.6,6.7
KIC 8812360,FALSE POSITIVE,K05573.01,1,0,0,0,77.395279,437,7.9
KIC 8814872,CANDIDATE,K05574.01,0,0,0,0,373.41509,1806,10.0
KIC 9579072,FALSE POSITIVE,K05693.01,1,0,0,0,612.882452,631,7.5
KIC 9579606,CANDIDATE,K05694.01,0,0,0,0,107.904526,249.4,6.1
KIC 9591728,FALSE POSITIVE,K05695.01,0,1,0,0,11.03571773,144955,959.6
KIC 9594184,FALSE POSITIVE,K05696.01,0,0,1,0,42.093314,886,7.4
KIC 9594992,FALSE POSITIVE,K05697.01,1,0,0,0,274.10859251,,
KIC 9596820,CANDIDATE,K05698.01,0,0,0,0,282.029084,312.8,8.1
KIC 9598315,FALSE POSITIVE,K05699.01,1,0,0,0,339.18109,157.9,11.5
KIC 9602595,FALSE POSITIVE,K05700.01,0,1,0,0,3.55650976,687454,3867.7
KIC 10601163,CANDIDATE,K05812.01,0,0,0,0,3.1318392,159.9,6.0
KIC 10616317,FALSE POSITIVE,K05813.01,1,0,0,0,38.27772448,,
KIC 10616656,FALSE POSITIVE,K05814.01,0,1,0,0,25.285232337,63021.6,5902.4
KIC 10618044,CANDIDATE,K05815.01,0,0,0,0,207.767894,320.6,7.7
KIC 10656842,CANDIDATE,K05816.01,0,0,0,0,82.508054,351.9,11.4
KIC 10658177,CANDIDATE,K05817.01,0,0,0,0,113.083522,130.7,13.0
KIC 10661679,FALSE POSITIVE,K05818.01,0,1,1,1,1.23138339,72.7,21.0
KIC 10663976,CANDIDATE,K05819.01,0,0,0,0,381.37504,286.5,11.8
KIC 7935997,CONFIRMED,K05447.02,0,0,0,0,3.87594316,58.6,14.2
KIC 7938499,FALSE POSITIVE,K05448.01,1,0,1,1,7.2269859,160.3,26.2
KIC 7948619,FALSE POSITIVE,K05450.01,1,0,0,0,206.76425774,,
KIC 7950158,CANDIDATE,K05451.01,0,0,0,0,529.39169,319.9,12.1
KIC 7967210,FALSE POSITIVE,K05452.01,1,0,0,0,362.49906,522.5,10.3
KIC 7970194,FALSE POSITIVE,K05453.01,1,0,0,0,190.65896,552.8,18.3
KIC 7978202,CONFIRMED,K05454.01,0,0,0,0,509.997402,1267,35.3
KIC 8823893,FALSE POSITIVE,K05575.01,0,0,0,1,1.50650036,45.4,15.0
KIC 8836224,FALSE POSITIVE,K05576.01,1,0,0,0,194.48732212,,
KIC 8841297,CANDIDATE,K05577.01,0,0,0,0,495.51899,297.6,6.6
KIC 8868481,CANDIDATE,K05578.01,0,0,0,0,388.048463,149.6,8.3
KIC 8888745,CANDIDATE,K05579.01,0,0,0,0,34.0269868,361.7,6.2
KIC 8890417,CANDIDATE,K05580.01,0,0,0,0,173.219879,239.5,5.7
KIC 8891684,CONFIRMED,K05581.01,0,0,0,0,374.878133,914.6,21.9
KIC 8904714,FALSE POSITIVE,K05582.01,0,0,1,0,5.2362026,2019.5,28.2
KIC 9645188,FALSE POSITIVE,K05701.01,1,0,0,0,48.55059299,,
KIC 9659022,CANDIDATE,K05702.01,0,0,0,0,511.882,610,6.5
KIC 9662475,FALSE POSITIVE,K05703.01,0,0,1,0,247.372131,513.4,12.4
KIC 9674789,CANDIDATE,K05704.01,0,0,0,0,96.16705,270.7,7.2
KIC 9705620,FALSE POSITIVE,K05705.01,1,0,0,0,95.254421,465.4,6.1
KIC 9715631,CONFIRMED,K05706.01,0,0,0,0,425.483539,996.6,19.6
KIC 9723746,CANDIDATE,K05707.01,0,0,0,0,208.800733,594,4.9
KIC 9724993,FALSE POSITIVE,K05708.01,0,1,0,0,7.863361238,18156.7,723.3
KIC 10677763,FALSE POSITIVE,K05820.01,1,0,0,0,120.16983803,,
KIC 10678912,CANDIDATE,K05821.01,0,0,0,0,113.71363032,,
KIC 10685764,CANDIDATE,K05822.01,0,0,0,0,17.634272,76.7,9.7
KIC 10724569,FALSE POSITIVE,K05823.01,0,1,1,1,0.745086745,270,61.4
KIC 10734441,FALSE POSITIVE,K05824.01,1,0,0,0,247.47724314,,
KIC 10737437,CANDIDATE,K05825.01,0,0,0,0,208.047137,287.5,6.9
KIC 10747162,CANDIDATE,K05826.01,0,0,0,0,30.561533,585.7,6.9
KIC 10777591,CONFIRMED,K05827.01,0,0,0,0,6.10968225,60.3,18.6
KIC 7979297,CANDIDATE,K05455.01,0,0,0,0,292.09809,528.8,11.4
KIC 7982917,FALSE POSITIVE,K05456.01,0,0,1,0,11.8045536,128.9,7.0
KIC 8005002,CANDIDATE,K05457.01,0,0,0,0,578.21623,120.6,3.5
KIC 8007174,CANDIDATE,K05458.01,0,0,0,0,56.648588,648.9,11.8
KIC 8009811,CANDIDATE,K05459.01,0,0,0,0,53.554546,127.6,8.9
KIC 8016211,FALSE POSITIVE,K05460.01,0,1,0,1,3.1748772,1741,98.6
KIC 8016650,CANDIDATE,K05461.01,0,0,0,0,119.079642,422.5,18.0
KIC 8025718,FALSE POSITIVE,K05462.01,0,0,0,1,371.18648,317.9,18.1
KIC 8915379,CANDIDATE,K05583.01,0,0,0,0,20.5858591,260.2,6.6
KIC 8935352,FALSE POSITIVE,K05584.01,0,1,0,0,10.90962154,499921,2345.1
KIC 8937555,CANDIDATE,K05585.01,0,0,0,0,113.573945,249.6,7.8
KIC 8939211,FALSE POSITIVE,K05586.01,1,0,0,0,27.0779813,347.5,139.4
KIC 8939650,FALSE POSITIVE,K05587.01,0,1,0,0,1.827660875,46676.8,890.3
KIC 8946267,CANDIDATE,K05588.01,0,0,0,0,542.91133,750.1,13.1
KIC 8949512,FALSE POSITIVE,K05589.01,1,0,0,0,376.554588,481,5.4
KIC 8955741,FALSE POSITIVE,K05590.01,1,0,0,0,538.4263,242,16.2
KIC 9758615,FALSE POSITIVE,K05709.01,1,0,0,0,94.20561159,,
KIC 9771920,FALSE POSITIVE,K05710.01,1,0,0,0,378.70643955,,
KIC 9775475,FALSE POSITIVE,K05711.01,0,1,1,0,78.4286313,83303,112.6
KIC 9776907,CANDIDATE,K05712.01,0,0,0,0,287.75613,1987,6.6
KIC 9780149,FALSE POSITIVE,K05713.01,0,1,0,0,2.53021,367.9,24.2
KIC 9786017,FALSE POSITIVE,K05714.01,0,1,0,0,2.249000963,58776.2,1159.5
KIC 9832379,CANDIDATE,K05715.01,0,0,0,0,189.961729,699.9,11.9
KIC 9837659,FALSE POSITIVE,K05716.01,1,0,0,0,121.62387378,,
KIC 10865043,CANDIDATE,K05836.01,0,0,0,0,202.18722766,,
KIC 10878117,CANDIDATE,K05837.01,0,0,0,0,280.92070688,,
KIC 10879247,FALSE POSITIVE,K05838.01,1,0,1,0,432.074696,1088,7.6
KIC 10879899,CANDIDATE,K05839.01,0,0,0,0,169.415073,239.9,9.8
KIC 10905641,FALSE POSITIVE,K05840.01,1,0,0,0,460.77905,239.3,12.7
KIC 10920086,FALSE POSITIVE,K05841.01,1,0,0,0,3.21318517,2046.1,662.9
KIC 10933306,CANDIDATE,K05842.01,0,0,0,0,57.7749373,283.6,10.4
KIC 10958972,FALSE POSITIVE,K05843.01,1,0,0,0,331.78248134,,
KIC 8029848,FALSE POSITIVE,K05463.01,0,1,1,0,1.20608769,1660.6,66.9
KIC 8035322,FALSE POSITIVE,K05464.01,1,0,0,0,613.82905,148.2,10.2
KIC 8036863,FALSE POSITIVE,K05465.01,1,0,0,0,476.80454,143.6,5.7
KIC 8037038,CONFIRMED,K05466.01,0,0,0,0,4.09513876,181.7,11.6
KIC 8040308,CANDIDATE,K05467.01,0,0,0,0,502.8356901,,
KIC 8040457,CANDIDATE,K05468.01,0,0,0,0,81.704814,297,5.8
KIC 8043968,FALSE POSITIVE,K05469.01,0,1,0,1,0.779615874,81.5,22.0
KIC 8044083,CANDIDATE,K05470.01,0,0,0,0,578.21805,637,5.3
KIC 8959240,CANDIDATE,K05591.01,0,0,0,0,317.009388,326.9,7.5
KIC 8971044,CANDIDATE,K05592.01,0,0,0,0,482.51701,573,10.3
KIC 8975776,FALSE POSITIVE,K05593.01,1,0,0,0,224.469892,458.6,5.5
KIC 8979500,FALSE POSITIVE,K05594.01,1,0,0,0,113.556471,278.7,7.6
KIC 9003126,FALSE POSITIVE,K05595.01,1,0,0,0,208.02789,255,8.8
KIC 9008125,FALSE POSITIVE,K05596.01,1,0,0,0,308.024953,352.6,10.2
KIC 9011877,CANDIDATE,K05597.01,0,0,0,0,7.77710639,77.4,10.6
KIC 9838414,FALSE POSITIVE,K05717.01,0,0,1,1,1.33261458,1335.3,17.5
KIC 9838582,CANDIDATE,K05718.01,0,0,0,0,233.64574,2268,7.6
KIC 9839030,CANDIDATE,K05719.01,0,0,0,0,27.285315,396.5,9.6
KIC 9845362,FALSE POSITIVE,K05720.01,1,0,0,0,105.895315,1227,7.0
KIC 9845931,FALSE POSITIVE,K05721.01,0,0,1,0,61.224558,544.2,9.7
KIC 9847239,FALSE POSITIVE,K05722.01,0,1,0,0,28.507877538,24372.3,449.0
KIC 9848760,FALSE POSITIVE,K05723.01,1,0,0,0,444.46522,4084,9.0
KIC 9850843,FALSE POSITIVE,K05724.01,0,0,1,1,8.48039,133.7,12.0
KIC 7018210,CANDIDATE,K05344.01,0,0,0,0,445.351255,420.4,10.6
KIC 7019580,FALSE POSITIVE,K05345.01,1,0,0,0,72.0153825,177.7,6.8
KIC 7022603,FALSE POSITIVE,K05346.01,0,0,1,0,21.12752693,51.8,18.4
KIC 7024045,FALSE POSITIVE,K05347.01,1,0,0,0,23.9341825,228.1,6.5
KIC 7035812,FALSE POSITIVE,K05348.01,1,0,0,0,87.775799,450,6.3
KIC 7038988,FALSE POSITIVE,K05349.01,1,0,0,0,65.67350728,,
KIC 7041972,FALSE POSITIVE,K05350.01,1,0,0,0,222.06409878,,
KIC 7047299,FALSE POSITIVE,K05351.01,0,1,0,0,35.882272887,101231,3096.9
KIC 8075618,FALSE POSITIVE,K05471.01,0,1,0,0,8.780603773,90027.8,1406.9
KIC 8076215,CANDIDATE,K05472.01,0,0,0,0,97.5137491,279.8,9.1
KIC 8094942,CANDIDATE,K05473.01,0,0,0,0,549.42772,719.1,12.1
KIC 8099517,CANDIDATE,K05474.01,0,0,0,0,284.666844,418,5.6
KIC 8105398,CONFIRMED,K05475.01,0,0,0,0,224.150923,348.6,34.2
KIC 8105719,CANDIDATE,K05476.01,0,0,0,0,148.179343,466.6,12.5
KIC 8106139,FALSE POSITIVE,K05477.01,1,0,0,0,551.49832,1874.4,37.0
KIC 8108437,FALSE POSITIVE,K05478.01,0,1,0,0,351.2878737,134634,1002.8
KIC 9012244,CANDIDATE,K05598.01,0,0,0,0,376.934014,382.4,6.1
KIC 9016592,FALSE POSITIVE,K05599.01,1,0,0,0,46.50446209,,
KIC 9018021,CANDIDATE,K05600.01,0,0,0,0,17.168095,143.1,8.1
KIC 9024568,FALSE POSITIVE,K05601.01,1,0,0,0,124.091252,281.4,5.7
KIC 9026007,CANDIDATE,K05602.01,0,0,0,0,403.163148,681.1,12.1
KIC 9026248,CANDIDATE,K05603.01,0,0,0,0,341.557931,433,9.6
KIC 9044060,CANDIDATE,K05604.01,0,0,0,0,476.91977,193.6,7.4
KIC 9047416,CANDIDATE,K05605.01,0,0,0,0,9.011888,987.6,15.5
KIC 9851638,CANDIDATE,K05725.01,0,0,0,0,351.25069,1324,6.5
KIC 9875101,FALSE POSITIVE,K05726.01,1,0,0,0,212.771978,1239,6.9
KIC 9881660,CANDIDATE,K05727.01,0,0,0,0,65.3558881,1158,9.6
KIC 9896438,FALSE POSITIVE,K05728.01,0,1,1,1,18.0766788,28831,26.6
KIC 9899514,FALSE POSITIVE,K05729.01,0,1,1,1,1.33255577,126.5,15.4
KIC 9899607,FALSE POSITIVE,K05730.01,0,1,1,1,1.33259275,79.1,15.9
KIC 9908486,FALSE POSITIVE,K05731.01,1,0,1,0,36.6092739,1102,7.6
KIC 9910043,CANDIDATE,K05732.01,0,0,0,0,39.399926,341.4,9.4
KIC 7101726,CANDIDATE,K05352.01,0,0,0,0,270.1430241,,
KIC 7107567,FALSE POSITIVE,K05353.01,0,0,1,0,0.812592362,6945.8,226.6
KIC 7109680,FALSE POSITIVE,K05354.01,1,0,0,0,81.871309,98.2,5.4
KIC 7115671,FALSE POSITIVE,K05355.01,1,0,1,1,0.566805859,61.1,21.5
KIC 7123580,FALSE POSITIVE,K05356.01,1,0,0,0,326.36595188,,
KIC 7123614,FALSE POSITIVE,K05357.01,1,0,0,0,520.58269,348,6.0
KIC 7125794,CANDIDATE,K05358.01,0,0,0,0,126.586058,124.9,10.5
KIC 7130612,CANDIDATE,K05359.01,0,0,0,0,2.7200197,869,8.5
KIC 8125917,CANDIDATE,K05479.01,0,0,0,0,18.347081,1126.6,11.6
KIC 8129333,CANDIDATE,K05480.01,0,0,0,0,57.140035,1567,7.2
KIC 8155368,FALSE POSITIVE,K05481.01,0,1,0,0,0.718643659,124930,575.0
KIC 8158429,CANDIDATE,K05482.01,0,0,0,0,31.707574649,787.3,5.5
KIC 8179747,FALSE POSITIVE,K05483.01,0,1,0,0,17.946328114,102994,3497.6
KIC 8192427,FALSE POSITIVE,K05484.01,1,0,0,0,204.818268,303.6,5.4
KIC 8197176,CANDIDATE,K05485.01,0,0,0,0,9.3589254,1527,8.9
KIC 8197406,CANDIDATE,K05486.01,0,0,0,0,4.15472242,2243,19.7
KIC 9049550,FALSE POSITIVE,K05606.01,0,1,0,0,23.81490574,79201,444.4
KIC 9049697,FALSE POSITIVE,K05607.01,0,0,1,1,1.3274511,123.6,16.6
KIC 9073549,CANDIDATE,K05608.01,0,0,0,0,87.565484,396,6.7
KIC 9079671,CANDIDATE,K05609.01,0,0,0,0,535.1515,362.3,8.6
KIC 9079767,CANDIDATE,K05610.01,0,0,0,0,495.40462,904,5.5
KIC 9087071,FALSE POSITIVE,K05611.01,1,0,0,0,209.238576,154.7,5.4
KIC 9087853,CANDIDATE,K05612.01,0,0,0,0,353.65927,1018,7.5
KIC 9097470,CANDIDATE,K05613.01,0,0,0,0,346.4174,662,7.9
KIC 9911112,FALSE POSITIVE,K05733.01,0,1,0,0,1.166835206,15527.2,388.6
KIC 9933600,FALSE POSITIVE,K05734.01,1,0,0,0,230.70578883,,
KIC 9934274,FALSE POSITIVE,K05735.01,0,0,0,1,4.99471597,53,14.1
KIC 9935983,CANDIDATE,K05736.01,0,0,0,0,161.651504,253.6,8.4
KIC 9941136,CANDIDATE,K05737.01,0,0,0,0,376.24253,185.7,6.3
KIC 9941387,FALSE POSITIVE,K05738.01,0,1,0,0,27.659607786,318404,4791.0
KIC 9941550,FALSE POSITIVE,K05739.01,1,0,0,0,476.727302,1035.7,17.9
KIC 9942658,CANDIDATE,K05740.01,0,0,0,0,21.7997515,109.5,8.7
KIC 7132462,CANDIDATE,K05360.01,0,0,0,0,54.595746,135.8,8.7
KIC 7138841,FALSE POSITIVE,K05361.01,1,0,0,0,22.0495604,134.5,15.4
KIC 7174911,FALSE POSITIVE,K05362.01,1,0,0,0,150.70039392,,
KIC 7176424,FALSE POSITIVE,K05363.01,1,0,0,0,44.48477463,,
KIC 7184556,FALSE POSITIVE,K05364.01,1,0,0,0,93.6452481,,
KIC 7186436,CANDIDATE,K05365.01,0,0,0,0,585.64118,565.2,12.5
KIC 7189825,FALSE POSITIVE,K05366.01,1,0,0,0,574.69029,276.8,7.2
KIC 7191523,CANDIDATE,K05367.01,0,0,0,0,502.98283916,,
KIC 8223445,CANDIDATE,K05487.01,0,0,0,0,48.8130123,702,8.8
KIC 8223655,FALSE POSITIVE,K05488.01,0,0,1,0,280.1604956,12946,54.5
KIC 8229361,FALSE POSITIVE,K05489.01,1,0,0,0,370.46262,347.9,12.1
KIC 8234889,FALSE POSITIVE,K05490.01,1,0,0,0,116.301793,649,6.3
KIC 8241258,FALSE POSITIVE,K05491.01,1,0,0,0,480.19416,372.3,9.1
KIC 8241736,FALSE POSITIVE,K05492.01,1,0,0,0,368.49828,581.9,18.0
KIC 8242350,FALSE POSITIVE,K05493.01,0,1,0,0,6.993576155,2924,643.3
KIC 8244947,FALSE POSITIVE,K05494.01,1,0,0,0,223.52131732,,
KIC 9101279,FALSE POSITIVE,K05614.01,0,1,0,0,1.811461128,921671,3934.3
KIC 9108058,FALSE POSITIVE,K05615.01,0,1,0,0,2.17491508,635412,1572.0
KIC 9114614,CANDIDATE,K05616.01,0,0,0,0,441.61919,820,7.8
KIC 9116075,FALSE POSITIVE,K05617.01,0,1,1,0,24.5002702,153.5,13.3
KIC 9116510,CANDIDATE,K05618.01,0,0,0,0,318.49078,630,6.3
KIC 9117123,FALSE POSITIVE,K05619.01,0,1,0,0,2.16402661,,
KIC 9118858,FALSE POSITIVE,K05620.01,1,0,0,0,392.89275632,,
KIC 9137257,FALSE POSITIVE,K05621.01,1,0,0,0,114.734287,242.9,6.7
KIC 9953491,CANDIDATE,K05741.01,0,0,0,0,362.0619,886.2,13.5
KIC 9954225,FALSE POSITIVE,K05742.01,0,1,1,0,1.340649911,627633,791.0
KIC 9957659,FALSE POSITIVE,K05743.01,0,0,1,1,30.69537638,19941,186.8
KIC 9957668,FALSE POSITIVE,K05744.01,0,1,0,0,30.69533113,88771.2,7846.3
KIC 9962595,CANDIDATE,K05745.01,0,0,0,0,11.374442708,27904.9,643.6
KIC 9967398,FALSE POSITIVE,K05746.01,1,0,0,0,49.873958,562,5.7
KIC 9968924,CANDIDATE,K05747.01,0,0,0,0,411.447056,285.2,7.3
KIC 9993683,CANDIDATE,K05748.01,0,0,0,0,29.9371143,194.3,11.6
KIC 7192680,FALSE POSITIVE,K05368.01,1,0,0,0,114.25041494,,
KIC 7198587,CANDIDATE,K05369.01,0,0,0,0,651.358046,570.8,11.0
KIC 7203858,FALSE POSITIVE,K05370.01,1,0,0,0,407.97623,237.5,11.2
KIC 7204233,CANDIDATE,K05371.01,0,0,0,0,33.3037881,272.4,8.1
KIC 7205717,CANDIDATE,K05372.01,0,0,0,0,212.60398,188.5,7.1
KIC 7206422,CANDIDATE,K05373.01,0,0,0,0,50.550788,154.5,7.9
KIC 7207081,FALSE POSITIVE,K05374.01,1,0,0,0,239.25578975,,
KIC 7213311,CANDIDATE,K05375.01,0,0,0,0,285.374561,482.3,13.7
KIC 8255058,FALSE POSITIVE,K05495.01,0,1,1,0,6.279888981,1514.6,150.5
KIC 8265239,FALSE POSITIVE,K05496.01,1,0,1,0,37.47695717,,
KIC 8279146,CANDIDATE,K05497.01,0,0,0,0,93.359737,38.3,8.1
KIC 8288404,FALSE POSITIVE,K05498.01,0,1,0,0,519.80221867,77183.1,2502.9
KIC 8294683,CANDIDATE,K05499.01,0,0,0,0,122.58481,318.9,7.6
KIC 8295087,CANDIDATE,K05500.01,0,0,0,0,84.934357,129.7,5.9
KIC 8300828,FALSE POSITIVE,K05501.01,1,0,0,0,48.9200563,333.9,7.0
KIC 8307489,CANDIDATE,K05502.01,0,0,0,0,421.98194,173.1,15.0
KIC 9141355,CONFIRMED,K05622.01,0,0,0,0,469.61309,1234.7,18.2
KIC 9142225,FALSE POSITIVE,K05623.01,1,0,0,0,583.73632,338.6,11.4
KIC 9142334,FALSE POSITIVE,K05624.01,1,0,0,0,502.658,216,10.0
KIC 9147012,CANDIDATE,K05625.01,0,0,0,0,116.454312,2125.3,30.0
KIC 9147029,CANDIDATE,K05626.01,0,0,0,0,397.499229,2629.7,34.8
KIC 9153246,FALSE POSITIVE,K05627.01,1,0,0,0,243.954706,291.7,5.2
KIC 9157030,CANDIDATE,K05628.01,0,0,0,0,24.9093027,332.6,10.4
KIC 9157523,CANDIDATE,K05629.01,0,0,0,0,192.138741,151.4,8.2
KIC 9994381,CANDIDATE,K05749.01,0,0,0,0,281.95332,1039,7.6
KIC 10002266,FALSE POSITIVE,K05750.01,0,0,1,1,12.71368909,192.2,9.8
KIC 10004515,FALSE POSITIVE,K05751.01,1,0,0,0,25.26363805,,
KIC 10004772,FALSE POSITIVE,K05752.01,0,1,1,0,1.391716834,41,9.7
KIC 10006096,FALSE POSITIVE,K05753.01,0,1,0,0,70.516233809,330180,3168.8
KIC 10007492,FALSE POSITIVE,K05754.01,0,1,1,0,2.645596805,1272.7,166.8
KIC 10007916,CANDIDATE,K05755.01,0,0,0,0,388.67155,371.3,10.1
KIC 10018364,FALSE POSITIVE,K05756.01,1,0,0,0,105.6327297,,
KIC 7255910,FALSE POSITIVE,K05376.01,1,0,0,0,274.553579,218.3,6.7
KIC 7256460,FALSE POSITIVE,K05377.01,1,0,0,0,251.02304011,,
KIC 7258902,FALSE POSITIVE,K05378.01,0,1,0,1,1.80774253,592.6,15.1
KIC 7282470,CANDIDATE,K05379.01,0,0,0,0,520.655224,314.9,14.4
KIC 7289139,CANDIDATE,K05380.01,0,0,0,0,369.93355,995,15.8
KIC 7345136,FALSE POSITIVE,K05381.01,1,0,0,0,28.7369766,525,5.5
KIC 7352727,FALSE POSITIVE,K05382.01,0,0,1,0,2.45649061,287.8,21.0
KIC 7375100,FALSE POSITIVE,K05383.01,1,0,0,0,98.51783198,,
KIC 8308639,FALSE POSITIVE,K05503.01,1,0,0,0,457.513348,562.5,3.9
KIC 8313697,FALSE POSITIVE,K05504.01,1,0,0,0,224.02589924,,
KIC 8351919,FALSE POSITIVE,K05505.01,1,0,0,0,323.77153,353.7,10.6
KIC 8352009,CANDIDATE,K05506.01,0,0,0,0,641.60204,237.3,10.6
KIC 8352016,FALSE POSITIVE,K05507.01,1,0,0,0,40.0389613,109.4,5.7
KIC 8364969,FALSE POSITIVE,K05508.01,0,1,0,0,22.571972634,79325.7,1040.1
KIC 8378278,CANDIDATE,K05509.01,0,0,0,0,28.406342,223.6,5.4
KIC 8380743,FALSE POSITIVE,K05510.01,0,1,0,0,1.018861199,291214,911.3
KIC 9159461,FALSE POSITIVE,K05630.01,1,0,0,0,80.519237,92.5,7.2
KIC 9164003,FALSE POSITIVE,K05631.01,1,0,0,0,149.356804,171.6,14.0
KIC 9166700,CANDIDATE,K05632.01,0,0,0,0,264.466625,437.3,27.0
KIC 9173014,CANDIDATE,K05633.01,0,0,0,0,151.77884,189.7,8.2
KIC 9178502,FALSE POSITIVE,K05634.01,1,0,0,0,50.47759052,,
KIC 9178894,CANDIDATE,K05635.01,0,0,0,0,113.993156,69.7,15.6
KIC 9180282,FALSE POSITIVE,K05636.01,0,1,1,0,2.79123954,154.8,25.3
KIC 9181402,FALSE POSITIVE,K05637.01,1,0,0,0,223.31769215,,
KIC 10023469,FALSE POSITIVE,K05757.01,0,0,1,0,44.637111,282.5,9.4
KIC 10027861,CANDIDATE,K05758.01,0,0,0,0,102.493119,636.1,8.3
KIC 10064591,CANDIDATE,K05759.01,0,0,0,0,284.94212784,,
KIC 10074700,FALSE POSITIVE,K05760.01,0,1,0,0,365.620697,27188,671.1
KIC 10083325,CANDIDATE,K05761.01,0,0,0,0,6.13292733,58.7,10.0
KIC 10090854,CANDIDATE,K05762.01,0,0,0,0,12.63063129,300.8,9.5
KIC 10096697,FALSE POSITIVE,K05763.01,1,0,0,0,191.272501,286.5,5.8
KIC 10098540,CANDIDATE,K05764.01,0,0,0,0,286.02266,1036,9.8
KIC 7377343,CANDIDATE,K05384.01,0,0,0,0,7.95445779,6269.4,228.4
KIC 7383840,CANDIDATE,K05385.01,0,0,0,0,331.70918,3463,9.5
KIC 7386200,FALSE POSITIVE,K05386.01,1,0,0,0,575.42002,401.7,11.7
KIC 7416016,CANDIDATE,K05387.01,0,0,0,0,297.78282,392.4,10.8
KIC 7416306,CANDIDATE,K05388.01,0,0,0,0,137.396194,155.4,13.2
KIC 7416646,CANDIDATE,K05389.01,0,0,0,0,365.739893,300.7,4.7
KIC 7440715,CANDIDATE,K05390.01,0,0,0,0,104.198102,652.2,8.9
KIC 7456380,FALSE POSITIVE,K05391.01,1,0,0,0,368.72715,426.6,6.4
KIC 8395870,CANDIDATE,K05511.01,0,0,0,0,74.833577,86.4,6.4
KIC 8396288,CANDIDATE,K05512.01,0,0,0,0,8.5852872,1406,11.0
KIC 8414914,FALSE POSITIVE,K05513.01,0,1,0,0,100.303613,488038,354.7
KIC 8415353,CANDIDATE,K05514.01,0,0,0,0,102.100752,194.2,5.2
KIC 8429817,CANDIDATE,K05515.01,0,0,0,0,6.263491873,2829,35.1
KIC 8432034,FALSE POSITIVE,K05516.01,0,1,0,0,0.83620025,331275,145.4
KIC 8432249,CANDIDATE,K05517.01,0,0,0,0,335.43143,228.1,6.8
KIC 8439618,CANDIDATE,K05518.01,0,0,0,0,558.21886,1539.4,19.1
KIC 9209981,CANDIDATE,K05638.01,0,0,0,0,290.02002,172.5,7.6
KIC 9210738,CANDIDATE,K05639.01,0,0,0,0,279.21957,333.5,10.5
KIC 9214176,CANDIDATE,K05640.01,0,0,0,0,348.665961,391.2,10.8
KIC 9216231,FALSE POSITIVE,K05641.01,1,0,0,0,616.34132,1287,12.5
KIC 9217583,CANDIDATE,K05642.01,0,0,0,0,222.28056,271.9,8.0
KIC 9220614,CANDIDATE,K05643.01,0,0,0,0,570.01886,428.5,6.8
KIC 9224514,CANDIDATE,K05644.01,0,0,0,0,378.93139106,,
KIC 9229807,CANDIDATE,K05645.01,0,0,0,0,580.85326788,,
KIC 10130646,FALSE POSITIVE,K05765.01,1,0,0,0,390.40832,251.9,8.5
KIC 10132552,FALSE POSITIVE,K05766.01,1,0,0,0,191.528018,171.8,6.4
KIC 10132908,FALSE POSITIVE,K05767.01,1,0,0,0,386.59946,380.7,5.8
KIC 10141271,FALSE POSITIVE,K05768.01,0,0,1,0,15.4032765,253,9.2
KIC 10146103,CANDIDATE,K05769.01,0,0,0,0,7.58062893,86.1,10.9
KIC 10158715,FALSE POSITIVE,K05770.01,1,0,0,0,61.0011095,408,4.6
KIC 10161534,FALSE POSITIVE,K05771.01,1,0,0,0,198.232389,416.4,5.7
KIC 7458433,FALSE POSITIVE,K05392.01,0,1,0,1,0.66062715,248.5,7.8
KIC 7458743,CANDIDATE,K05393.01,0,0,0,0,248.421771,704,8.8
KIC 7468295,FALSE POSITIVE,K05394.01,1,0,0,0,456.5734,397.5,7.6
KIC 7516073,FALSE POSITIVE,K05395.01,1,0,0,0,601.13797,172.8,9.9
KIC 7538450,FALSE POSITIVE,K05396.01,1,0,0,0,344.06248,136.3,17.7
KIC 7539174,FALSE POSITIVE,K05397.01,1,0,0,0,39.94344731,,
KIC 7539277,CANDIDATE,K05398.01,0,0,0,0,551.22396,570.7,17.2
KIC 7550875,FALSE POSITIVE,K05399.01,1,0,0,0,466.90824,660,5.4
KIC 8442463,FALSE POSITIVE,K05519.01,1,0,0,0,361.30991,275.6,10.6
KIC 8474892,FALSE POSITIVE,K05520.01,0,1,0,0,199.4424134,32171.9,486.4
KIC 8480642,FALSE POSITIVE,K05521.01,0,1,0,0,31.59115876,1434.4,83.5
KIC 8482513,FALSE POSITIVE,K05522.01,1,0,0,0,356.99135,747.8,13.8
KIC 8487777,FALSE POSITIVE,K05523.01,1,0,0,0,96.120478,285.4,6.0
KIC 8495232,FALSE POSITIVE,K05524.01,0,0,1,0,9.63647672,47.6,11.1
KIC 8499922,FALSE POSITIVE,K05525.01,1,0,0,0,45.680876,350.3,3.7
KIC 8505674,FALSE POSITIVE,K05526.01,1,0,0,0,43.169798,120.8,6.9
KIC 11444772,CANDIDATE,K05897.01,0,0,0,0,395.94327,1506,14.5
KIC 11444974,CANDIDATE,K05898.01,0,0,0,0,76.37924,276.3,5.7
KIC 11446961,CANDIDATE,K05899.01,0,0,0,0,58.669218,169.4,10.0
KIC 11453930,FALSE POSITIVE,K05900.02,1,0,0,0,0.687739345,37.6,11.0
KIC 11456256,CANDIDATE,K05901.01,0,0,0,0,61.611129,82.9,22.0
KIC 11457664,CANDIDATE,K05902.01,0,0,0,0,150.728285,213.5,5.6
KIC 11465658,CANDIDATE,K05903.01,0,0,0,0,253.790434,604,6.4
KIC 11465869,FALSE POSITIVE,K05904.01,0,0,0,0,322.544807,88,12.1
KIC 11493378,CANDIDATE,K05905.01,0,0,0,0,35.6606167,,
KIC 11506938,FALSE POSITIVE,K05906.01,0,1,0,0,22.57494749,1344.1,302.6
KIC 11513366,CANDIDATE,K05907.01,0,0,0,0,587.38162,863.6,12.8
KIC 11513441,FALSE POSITIVE,K05908.01,0,0,1,0,85.5692223,539.2,18.2
KIC 11520114,CANDIDATE,K05909.01,0,0,0,0,7.07987663,309.8,10.0
KIC 11520465,CANDIDATE,K05910.01,0,0,0,0,91.240335,206.1,5.7
KIC 11559493,CANDIDATE,K05911.01,0,0,0,0,357.41382,777,6.7
KIC 11598638,CANDIDATE,K05912.01,0,0,0,0,359.854745,302.4,6.1
KIC 11598894,CANDIDATE,K05913.01,0,0,0,0,89.366114,494,6.3
KIC 11599800,FALSE POSITIVE,K05914.01,0,0,1,0,422.255426,1935,17.4
KIC 11599937,CANDIDATE,K05915.01,0,0,0,0,37.6259039,411,11.7
KIC 11600299,CANDIDATE,K05916.01,0,0,0,0,100.41475198,,
KIC 11601425,CANDIDATE,K05917.01,0,0,0,0,41.9934673,293.7,9.4
KIC 11601633,CANDIDATE,K05918.01,0,0,0,0,94.67782,287,5.9
KIC 11601972,CANDIDATE,K05919.01,0,0,0,0,290.196139,281,15.7
KIC 11603298,FALSE POSITIVE,K05920.01,0,0,0,0,471.39698,329.9,13.1
KIC 11614808,CANDIDATE,K05921.01,0,0,0,0,175.452812,141.8,6.1
KIC 11615258,CANDIDATE,K05922.01,0,0,0,0,367.07446,368.3,6.6
KIC 11615521,CANDIDATE,K05923.01,0,0,0,0,366.684634,456.3,9.1
KIC 11616434,CANDIDATE,K05924.01,0,0,0,0,291.306507,1132,7.1
KIC 11651240,CANDIDATE,K05925.01,0,0,0,0,93.006,125.4,6.7
KIC 11652427,CANDIDATE,K05926.01,0,0,0,0,26.46288074,,
KIC 11654039,FALSE POSITIVE,K05927.01,0,0,0,0,436.42852,163.9,9.2
KIC 11674709,CANDIDATE,K05928.01,0,0,0,0,20.69920737,,
KIC 11716643,CANDIDATE,K05929.01,0,0,0,0,466.002988,2363.6,42.3
KIC 11722217,CANDIDATE,K05930.01,0,0,0,0,302.77571,1106,7.1
KIC 11773174,CANDIDATE,K05931.01,0,0,0,0,115.19952922,,
KIC 11803074,CANDIDATE,K05932.01,0,0,0,0,355.86134,1220.7,15.2
KIC 11807906,CANDIDATE,K05933.01,0,0,0,0,236.506437,744.4,10.6
KIC 11811382,CANDIDATE,K05934.01,0,0,0,0,19.3854894,4560,2.7
KIC 11818566,CANDIDATE,K05935.01,0,0,0,0,416.87893121,,
KIC 11819396,CANDIDATE,K05936.01,0,0,0,0,48.38798413,,
KIC 11824578,CANDIDATE,K05937.01,0,0,0,0,357.588538,344.8,7.2
KIC 11860294,CANDIDATE,K05938.01,0,0,0,0,545.205601,199.7,7.1
KIC 11868941,CANDIDATE,K05939.01,0,0,0,0,105.053389,176.7,5.8
KIC 11905398,CANDIDATE,K05940.01,0,0,0,0,24.7967294,970.5,13.8
KIC 11910670,CANDIDATE,K05941.01,0,0,0,0,44.7060191,292,6.6
KIC 11911929,CANDIDATE,K05942.01,0,0,0,0,125.277815,432.3,11.0
KIC 11923213,CANDIDATE,K05943.01,0,0,0,0,27.2020672,180.3,8.7
KIC 11924426,FALSE POSITIVE,K05944.01,0,1,0,0,64.713168094,312970,3582.5
KIC 11959893,CANDIDATE,K05945.01,0,0,0,0,40.7282314,221.8,19.4
KIC 11966643,CANDIDATE,K05946.01,0,0,0,0,183.38048452,,
KIC 11968514,FALSE POSITIVE,K05947.01,0,1,1,1,1.036592136,2118.2,150.6
KIC 12007270,CANDIDATE,K05948.01,0,0,0,0,398.51312,249.2,5.9
KIC 12009917,CANDIDATE,K05949.01,0,0,0,0,559.785594,274.8,7.3
KIC 12020376,CANDIDATE,K05950.01,0,0,0,0,109.43946,187.1,7.3
KIC 12066767,CANDIDATE,K05951.01,0,0,0,0,194.25835342,,
KIC 12071775,CANDIDATE,K05952.01,0,0,0,0,164.507439,433.8,11.7
KIC 12102775,CANDIDATE,K05953.01,0,0,0,0,370.84786,1440,15.2
KIC 12105086,CANDIDATE,K05954.01,0,0,0,0,73.908995,100.5,7.0
KIC 12110901,CANDIDATE,K05955.01,0,0,0,0,96.32561456,,
KIC 12121701,CANDIDATE,K05956.01,0,0,0,0,212.646179,953,5.4
KIC 12156805,FALSE POSITIVE,K05957.01,0,0,1,0,371.54879,125.6,10.1
KIC 12165063,FALSE POSITIVE,K05958.01,1,0,0,0,226.499243,127.4,4.7
KIC 12168895,CANDIDATE,K05959.01,0,0,0,0,251.48808,305,6.4
KIC 12170767,CANDIDATE,K05960.01,0,0,0,0,32.4185265,110.7,7.9
KIC 12253490,CANDIDATE,K05961.01,0,0,0,0,19.159760875,32491.1,900.3
KIC 12257851,FALSE POSITIVE,K05962.01,1,0,1,1,2.61594288,72.1,13.4
KIC 12265150,FALSE POSITIVE,K05963.01,0,1,1,0,1.686009643,390.4,48.5
KIC 12300524,CANDIDATE,K05964.01,0,0,0,0,32.033211,71.3,9.2
KIC 12349560,CANDIDATE,K05965.01,0,0,0,0,43.3975622,585.3,8.6
KIC 12350136,CANDIDATE,K05966.01,0,0,0,0,478.79185021,,
KIC 10964747,FALSE POSITIVE,K05844.01,1,0,0,0,344.961485,427.9,6.2
KIC 10967168,CANDIDATE,K05845.01,0,0,0,0,22.2659599,61.3,8.3
KIC 10977671,CANDIDATE,K05846.01,0,0,0,0,199.064336,265,15.4
KIC 10978581,CANDIDATE,K05847.01,0,0,0,0,277.114286,567.1,10.4
KIC 10979952,CANDIDATE,K05848.01,0,0,0,0,323.159363,368.6,7.4
KIC 10989620,CANDIDATE,K05849.01,0,0,0,0,21.512259,131.3,7.1
KIC 10991389,CANDIDATE,K05850.01,0,0,0,0,303.226376,1464,12.7
KIC 12401859,CANDIDATE,K05967.01,0,0,0,0,22.8631517,103.3,8.5
KIC 12402588,CANDIDATE,K05968.01,0,0,0,0,97.942437,100.2,7.8
KIC 12405436,FALSE POSITIVE,K05969.01,1,0,1,0,163.820347,1196,7.0
KIC 12417572,FALSE POSITIVE,K05970.01,1,0,1,0,151.577009,467.9,9.3
KIC 12418418,CANDIDATE,K05971.01,0,0,0,0,493.30572,404.5,7.2
KIC 12505590,CANDIDATE,K05972.01,0,0,0,0,449.87203,1130,10.5
KIC 12506986,CANDIDATE,K05973.01,0,0,0,0,419.93373,285,12.0
KIC 10991431,CANDIDATE,K05851.01,0,0,0,0,322.221973,465.6,8.9
KIC 11021266,CANDIDATE,K05852.01,0,0,0,0,235.413973,1027,6.9
KIC 11021676,CANDIDATE,K05853.01,0,0,0,0,366.68293,1075,6.4
KIC 11026582,CANDIDATE,K05854.01,0,0,0,0,240.57135,921.5,36.9
KIC 11036168,CANDIDATE,K05855.01,0,0,0,0,217.792748,1487,16.6
KIC 11037818,CONFIRMED,K05856.01,0,0,0,0,259.34304,349.7,13.1
KIC 11046723,CANDIDATE,K05857.01,0,0,0,0,388.03884851,,
KIC 11046870,FALSE POSITIVE,K05858.01,0,0,1,1,8.34410791,255.2,9.9
KIC 12554212,CANDIDATE,K05974.01,0,0,0,0,4.76815507,61,9.2
KIC 12645262,FALSE POSITIVE,K05975.01,1,0,0,0,545.45623972,,
KIC 12645761,FALSE POSITIVE,K05976.01,0,1,0,0,2.709570339,13170.8,900.9
KIC 12690465,CANDIDATE,K05977.01,0,0,0,0,49.49059818,,
KIC 12734110,CANDIDATE,K05978.01,0,0,0,0,364.18129,469.5,7.0
KIC 12735793,CANDIDATE,K05979.01,0,0,0,0,37.7935113,67.2,6.9
KIC 12736658,FALSE POSITIVE,K05980.01,1,0,1,0,0.855294909,6771.6,870.3
KIC 12835139,FALSE POSITIVE,K05981.01,1,0,0,0,350.609298,369.5,3.6
KIC 11069681,CANDIDATE,K05859.01,0,0,0,0,172.621943,788,3.4
KIC 11072982,CANDIDATE,K05860.01,0,0,0,0,264.708077,461.3,6.3
KIC 11073238,FALSE POSITIVE,K05861.01,1,0,0,0,452.40428,216.7,8.2
KIC 11076176,FALSE POSITIVE,K05862.01,0,1,0,0,0.699985822,389433,626.9
KIC 11080702,CANDIDATE,K05863.01,0,0,0,0,8.67237968,99.1,12.3
KIC 11082795,CANDIDATE,K05864.01,0,0,0,0,35.9216912,221.3,5.6
KIC 11090561,FALSE POSITIVE,K05865.01,0,0,1,0,35.8726918,916.3,24.6
KIC 11090926,CANDIDATE,K05866.01,0,0,0,0,102.300622,781.2,13.0
KIC 11097752,CANDIDATE,K05867.01,0,0,0,0,359.8455,503.9,12.3
KIC 11098704,CANDIDATE,K05868.01,0,0,0,0,22.7783121,155.6,7.3
KIC 11100170,CANDIDATE,K05869.01,0,0,0,0,114.406187,1306,11.4
KIC 11129145,CANDIDATE,K05870.01,0,0,0,0,132.114,216.8,5.7
KIC 11145391,CANDIDATE,K05871.01,0,0,0,0,623.2344,602.8,15.8
KIC 11145637,CANDIDATE,K05872.01,0,0,0,0,46.16051579,,
KIC 11147785,CANDIDATE,K05873.01,0,0,0,0,217.170081,937,9.5
KIC 11152511,CANDIDATE,K05874.01,0,0,0,0,287.33114,406.7,19.7
KIC 11176166,CONFIRMED,K05875.01,0,0,0,0,9.8788502,454.7,13.4
KIC 11182213,CANDIDATE,K05876.01,0,0,0,0,189.456089,453,5.4
KIC 11183752,CANDIDATE,K05877.01,0,0,0,0,230.358183,1023,6.2
KIC 11191364,CANDIDATE,K05878.01,0,0,0,0,211.54114,751,5.3
KIC 11198419,CANDIDATE,K05879.01,0,0,0,0,88.523517,828,7.7
KIC 11199233,FALSE POSITIVE,K05880.01,1,0,1,0,386.22400908,,
KIC 11251991,CANDIDATE,K05881.01,0,0,0,0,134.35872,75.2,16.5
KIC 11298442,CANDIDATE,K05882.01,0,0,0,0,55.01469183,,
KIC 11305417,CANDIDATE,K05883.01,0,0,0,0,198.781156,138.3,10.3
KIC 11338918,FALSE POSITIVE,K05884.01,0,0,0,0,588.63759,322.1,7.4
KIC 11340218,CANDIDATE,K05885.01,0,0,0,0,111.149082,394.2,5.9
KIC 11341266,CANDIDATE,K05886.01,0,0,0,0,284.87177,106.7,10.1
KIC 11341314,FALSE POSITIVE,K05887.01,0,0,0,1,9.8338474,57.6,23.8
KIC 11348610,CANDIDATE,K05888.01,0,0,0,0,190.860818,512,6.2
KIC 11351454,CANDIDATE,K05889.01,0,0,0,0,374.41813,430.2,8.9
KIC 11355925,CANDIDATE,K05890.01,0,0,0,0,263.30198,377.6,5.6
KIC 11391512,CANDIDATE,K05891.01,0,0,0,0,370.31761,1885,15.1
KIC 11393248,CANDIDATE,K05892.01,0,0,0,0,37.959659,287.9,6.9
KIC 11393633,CANDIDATE,K05893.01,0,0,0,0,405.6296,304.3,5.8
KIC 11401845,FALSE POSITIVE,K05894.01,0,1,0,0,1.080695116,312773,198.8
KIC 11407847,CANDIDATE,K05895.01,0,0,0,0,11.8307724,136,12.4
KIC 11414368,CANDIDATE,K05896.01,0,0,0,0,434.28175,663.1,12.8
KIC 8355178,CANDIDATE,K06178.02,0,0,0,0,33.814176,222.6,8.1
KIC 8374077,CANDIDATE,K06179.01,0,0,0,0,16.2957847,409.8,14.2
KIC 8494783,CANDIDATE,K06180.01,0,0,0,0,28.201998,,
KIC 8517303,FALSE POSITIVE,K06181.01,0,1,0,0,24.0733775,1325.7,76.9
KIC 8590149,CANDIDATE,K06182.01,0,0,0,0,19.2405821,207.4,9.0
KIC 2309587,FALSE POSITIVE,K05982.01,0,1,0,0,1.838514245,118965,470.0
KIC 2445134,FALSE POSITIVE,K05983.01,0,1,0,0,8.412008943,136113,5696.2
KIC 3241344,FALSE POSITIVE,K05984.01,0,1,0,0,3.912679136,291510,1229.9
KIC 3347485,FALSE POSITIVE,K05985.01,0,1,0,0,7.544804312,6501.7,587.2
KIC 2019477,CANDIDATE,K06093.02,0,0,0,0,27.2497521,102,14.6
KIC 2161623,FALSE POSITIVE,K06094.01,0,1,0,0,2.283466438,864260,1103.1
KIC 2707097,FALSE POSITIVE,K06095.01,0,1,0,0,0.692807507,25338.3,260.9
KIC 2719873,FALSE POSITIVE,K06096.01,0,1,0,0,17.279290765,164308,2841.5
KIC 2852810,CANDIDATE,K06097.01,0,0,0,0,93.05654364,,
KIC 8590780,FALSE POSITIVE,K06183.01,0,1,0,0,4.326946311,409031,4247.8
KIC 8613338,FALSE POSITIVE,K06184.01,1,0,0,0,527.29093,200.8,16.0
KIC 8646141,FALSE POSITIVE,K06185.01,1,0,0,0,168.858303,119.1,9.7
KIC 8653134,CONFIRMED,K06186.01,0,0,0,0,5.34264143,691.3,19.9
KIC 8702921,FALSE POSITIVE,K06187.01,0,1,0,0,19.38444245,3372,685.3
KIC 8822421,CANDIDATE,K06188.01,0,0,0,0,1.645319649,1082,11.8
KIC 8957954,FALSE POSITIVE,K06189.01,0,1,0,0,2.179924994,253149,4541.1
KIC 8984706,FALSE POSITIVE,K06190.01,0,1,0,0,10.135401047,256062,4311.3
KIC 3530668,FALSE POSITIVE,K05986.01,0,1,0,0,1.946198513,130722,902.8
KIC 3532985,CANDIDATE,K05987.01,0,0,0,0,5.288547653,2185.3,218.9
KIC 3831911,FALSE POSITIVE,K05988.01,0,1,1,0,30.4838006,18441,9.4
KIC 3852258,FALSE POSITIVE,K05989.01,0,1,1,0,5.7584367,736.6,26.8
KIC 3858919,FALSE POSITIVE,K05990.01,1,0,1,1,25.9522913,557.8,14.0
KIC 3869326,FALSE POSITIVE,K05991.01,0,1,0,0,8.58599537,818,36.9
KIC 3971315,FALSE POSITIVE,K05992.01,0,1,1,0,9.892240848,5283.2,314.0
KIC 2997455,FALSE POSITIVE,K06098.01,0,1,1,0,1.129848432,4658.5,490.6
KIC 3003991,FALSE POSITIVE,K06099.01,0,1,0,0,7.244778994,99147.1,1761.4
KIC 3229028,FALSE POSITIVE,K06100.01,0,1,0,1,0.730964241,44,28.7
KIC 3230787,FALSE POSITIVE,K06101.01,0,1,0,0,17.734020239,186680,2905.9
KIC 9093086,CANDIDATE,K06191.01,0,0,0,0,9.7043379,129,8.6
KIC 7954278,CANDIDATE,K07859.01,0,0,0,0,0.306702491,138.8,21.9
KIC 9101400,FALSE POSITIVE,K06192.01,0,1,1,0,0.829019343,278264,631.1
KIC 9119652,FALSE POSITIVE,K06193.01,0,1,0,0,1.1080999,380934,155.4
KIC 9145861,FALSE POSITIVE,K06194.02,1,0,0,0,215.778765,377.6,5.8
KIC 9153823,CANDIDATE,K06195.01,0,0,0,0,1.444486083,980.7,12.0
KIC 4037428,FALSE POSITIVE,K05993.01,0,1,0,0,4.264729569,22672,201.6
KIC 4049124,FALSE POSITIVE,K05994.01,0,1,0,0,4.804469712,132624,1177.8
KIC 4275328,FALSE POSITIVE,K05995.01,0,1,1,0,6.150529292,2417.1,301.4
KIC 4753561,FALSE POSITIVE,K05996.01,0,1,1,0,4.944927575,1028.7,62.5
KIC 4912991,FALSE POSITIVE,K05997.01,0,1,0,0,4.442517008,25341.5,396.2
KIC 5036966,FALSE POSITIVE,K05998.01,0,1,0,0,62.7356439,243702,1115.3
KIC 5254230,FALSE POSITIVE,K05999.01,0,1,1,0,7.035518449,2139,91.5
KIC 3545840,CANDIDATE,K06102.01,0,0,0,0,54.2916336,97.8,7.9
KIC 3634051,CONFIRMED,K06103.01,0,0,0,0,453.54212,861,48.8
KIC 7967517,FALSE POSITIVE,K07860.01,0,0,1,0,0.579516759,27,9.8
KIC 3761319,FALSE POSITIVE,K06104.01,1,0,0,0,16.2480865,438.7,21.1
KIC 3762553,FALSE POSITIVE,K06105.01,1,0,0,0,289.788624,473.9,6.6
KIC 3965879,FALSE POSITIVE,K06106.01,1,0,0,0,55.00402906,,
KIC 4035675,FALSE POSITIVE,K06107.01,0,1,0,0,2.873657901,43895,65.6
KIC 9282687,FALSE POSITIVE,K06196.01,0,1,0,0,1.680425996,277249,440.1
KIC 9289960,FALSE POSITIVE,K06197.01,1,0,0,0,0.53345831,,
KIC 9291629,FALSE POSITIVE,K06198.01,1,0,0,0,20.686460198,136154,1656.7
KIC 9304842,FALSE POSITIVE,K06199.01,1,0,0,0,131.68018,2067,9.2
KIC 9304923,FALSE POSITIVE,K06200.01,1,0,0,0,200.762693,1920,5.5
KIC 9343862,FALSE POSITIVE,K06201.01,0,1,0,0,1.123258617,377575,779.2
KIC 9389245,CANDIDATE,K06202.01,0,0,0,0,47.25643291,,
KIC 8110757,CANDIDATE,K07865.01,0,1,0,0,0.518060209,2258.4,140.6
KIC 5385139,FALSE POSITIVE,K06000.01,1,0,1,0,12.4297161,192.7,13.3
KIC 5385150,FALSE POSITIVE,K06001.01,1,0,1,1,12.4288476,165.4,15.2
KIC 5385269,FALSE POSITIVE,K06002.01,1,0,1,1,12.4258252,130.2,30.0
KIC 8210370,FALSE POSITIVE,K07872.01,0,1,0,0,153.725848,5257.7,302.3
KIC 5385509,FALSE POSITIVE,K06003.01,1,0,1,1,12.4257907,340.1,28.2
KIC 5385566,FALSE POSITIVE,K06004.01,1,0,1,1,12.4253356,374.4,35.4
KIC 5385773,FALSE POSITIVE,K06005.01,1,0,1,1,12.4254201,144.5,24.9
KIC 5386163,FALSE POSITIVE,K06006.01,1,0,1,1,12.424995,51.5,21.4
KIC 5470960,FALSE POSITIVE,K06007.01,1,0,1,1,12.4227918,202.6,15.5
KIC 4139254,CANDIDATE,K06108.01,0,0,0,0,485.92297,122.9,5.5
KIC 4144236,FALSE POSITIVE,K06109.01,0,1,0,0,22.913446297,251835,6512.7
KIC 4150701,FALSE POSITIVE,K06110.01,0,1,1,1,8.65315602,417.5,13.6
KIC 4255944,CANDIDATE,K06111.01,0,0,0,0,228.65412,179.1,6.6
KIC 4285087,FALSE POSITIVE,K06112.01,0,1,0,0,2.243015737,277946,5552.2
KIC 4346875,FALSE POSITIVE,K06113.01,0,1,0,0,4.694218481,175471,739.8
KIC 9394605,FALSE POSITIVE,K06203.01,0,1,0,1,0.87683182,,
KIC 9471755,FALSE POSITIVE,K06204.01,0,1,1,0,0.953734449,1240.4,120.5
KIC 9479460,FALSE POSITIVE,K06205.01,0,1,0,0,2.073873563,603811,637.1
KIC 9549472,FALSE POSITIVE,K06206.01,0,1,0,0,15.713787218,60384.4,3602.0
KIC 9576197,FALSE POSITIVE,K06207.01,0,1,0,0,7.964440392,68454,693.8
KIC 8110758,FALSE POSITIVE,K07866.01,0,1,1,0,0.518071538,2195.5,152.1
KIC 9579860,FALSE POSITIVE,K06208.01,0,0,1,0,2.151214629,332.6,28.5
KIC 9655711,CANDIDATE,K06209.01,0,0,0,0,12.7143635,524.8,9.9
KIC 8222395,CANDIDATE,K07873.01,0,0,0,0,1.93188768,37.8,8.8
KIC 5471068,FALSE POSITIVE,K06008.01,1,0,1,1,12.426469,180.5,24.2
KIC 5471192,FALSE POSITIVE,K06009.01,1,0,1,1,12.4262889,94.2,20.5
KIC 5471217,FALSE POSITIVE,K06010.01,1,0,1,1,12.424747,139,30.7
KIC 5471769,FALSE POSITIVE,K06011.01,1,0,1,1,12.4255705,139.4,21.1
KIC 5471770,FALSE POSITIVE,K06012.01,1,0,1,1,12.426173,115.1,36.9
KIC 5556804,FALSE POSITIVE,K06013.01,1,0,1,1,12.4244306,214.1,15.5
KIC 5597970,FALSE POSITIVE,K06014.01,0,1,0,0,6.71738328,164979,1208.2
KIC 4459068,FALSE POSITIVE,K06114.01,0,1,0,0,24.955998503,4856.1,555.6
KIC 8107150,CANDIDATE,K07863.01,0,0,0,0,5.2449156,35.5,11.7
KIC 4464394,CANDIDATE,K06115.01,0,0,0,0,168.66934782,,
KIC 4547480,FALSE POSITIVE,K06116.01,0,1,0,0,4.426942241,2896.6,68.9
KIC 4739229,CANDIDATE,K06118.01,0,0,0,0,571.280892,460.7,37.8
KIC 4740676,FALSE POSITIVE,K06119.01,0,1,0,0,3.454241684,88194.9,6581.3
KIC 4742420,CANDIDATE,K06120.01,0,0,0,0,90.097375,282.6,11.5
KIC 9727765,CANDIDATE,K06210.01,0,0,0,0,51.85656556,,
KIC 9767392,FALSE POSITIVE,K06211.01,0,1,0,0,1.457256942,364905,2443.8
KIC 9774400,FALSE POSITIVE,K06212.01,0,1,0,0,10.818248422,13695.9,581.0
KIC 9839081,FALSE POSITIVE,K06213.01,1,0,0,0,2.559236603,11273,45.7
KIC 9974142,FALSE POSITIVE,K06214.01,1,0,0,0,281.35877,278.5,6.2
KIC 10163066,FALSE POSITIVE,K06215.01,1,0,0,0,462.12345,699,6.9
KIC 9008103,FALSE POSITIVE,K03283.01,1,0,0,0,195.7093855,,
KIC 5643492,FALSE POSITIVE,K06015.01,0,1,1,0,41.86539723,4309.3,103.4
KIC 5795648,FALSE POSITIVE,K06016.01,0,1,0,0,4.553370029,23692.1,570.6
KIC 5961350,FALSE POSITIVE,K06017.01,0,1,0,0,5.262652179,22650.6,2246.9
KIC 5979863,FALSE POSITIVE,K06018.01,0,1,0,0,16.621853404,55296.7,1872.6
KIC 6117415,FALSE POSITIVE,K06019.01,0,1,0,0,19.741616041,88821.5,2153.0
KIC 6128027,FALSE POSITIVE,K06020.01,0,1,0,0,5.455766383,104538,536.8
KIC 6146418,FALSE POSITIVE,K06021.01,0,1,1,0,22.44620704,1626.8,138.8
KIC 4826439,FALSE POSITIVE,K06121.01,0,1,0,0,1.237147407,435364,5557.4
KIC 4933476,FALSE POSITIVE,K06122.01,0,1,1,0,1.28619671,137.2,5.9
KIC 4990977,FALSE POSITIVE,K06123.01,0,1,0,0,2.649026189,52172,190.1
KIC 5034333,FALSE POSITIVE,K06124.01,0,1,0,0,6.932281325,6405.9,325.8
KIC 5039441,FALSE POSITIVE,K06125.01,0,1,0,0,2.151384476,263861,2657.6
KIC 8231299,FALSE POSITIVE,K07874.01,0,1,0,0,0.562273947,67,52.4
KIC 5121173,FALSE POSITIVE,K06126.01,1,0,0,0,17.4352218,603.3,121.8
KIC 5306984,CANDIDATE,K06127.01,0,0,0,0,114.27173902,,
KIC 10198662,CANDIDATE,K06216.01,0,0,0,0,26.40805532,,
KIC 10200627,CANDIDATE,K06217.01,0,0,0,0,7.7016694,155.7,17.8
KIC 10219361,FALSE POSITIVE,K06218.01,1,0,0,0,117.634213,253.1,8.7
KIC 10228942,FALSE POSITIVE,K06219.01,0,1,0,0,21.025447023,115743,4881.9
KIC 10341878,FALSE POSITIVE,K06220.01,0,0,0,1,0.933753371,47.3,19.8
KIC 10357831,FALSE POSITIVE,K06221.01,0,1,0,0,1.72153588,39929,29.3
KIC 6150977,FALSE POSITIVE,K06022.01,0,1,1,0,2.765621941,8342.2,173.2
KIC 6182019,FALSE POSITIVE,K06023.01,0,1,0,0,3.664964374,90827,437.8
KIC 6191945,FALSE POSITIVE,K06024.01,0,1,0,0,6.8072842,14578,32.9
KIC 6209347,FALSE POSITIVE,K06025.01,0,1,0,0,2.136577151,79078,124.3
KIC 6268722,FALSE POSITIVE,K06026.01,0,1,0,0,2.638432816,48488,529.4
KIC 6301030,FALSE POSITIVE,K06027.01,1,0,0,0,11.991000357,375940,802.9
KIC 6606934,FALSE POSITIVE,K06028.01,0,1,0,0,37.80694072,106334,1571.8
KIC 8242769,CANDIDATE,K07875.01,0,0,0,0,21.9711574,178.1,7.8
KIC 5385548,FALSE POSITIVE,K06128.01,1,0,1,1,12.42555055,409,123.7
KIC 5385778,FALSE POSITIVE,K06129.01,1,0,1,1,12.42592247,8707.6,190.8
KIC 5428657,CANDIDATE,K06130.01,0,0,0,0,1.54287434,401.4,20.7
KIC 5471617,FALSE POSITIVE,K06131.01,0,1,0,1,12.4237327,30.1,20.1
KIC 5629353,CONFIRMED,K06132.02,0,0,0,0,7.5844241,1005,23.8
KIC 10363233,FALSE POSITIVE,K06222.01,1,0,1,0,210.899577,3345,7.8
KIC 10385682,FALSE POSITIVE,K06223.01,0,1,0,0,3.103730697,369228,5143.6
KIC 10414727,FALSE POSITIVE,K06224.02,1,0,0,0,253.40538,240.8,5.0
KIC 10483644,FALSE POSITIVE,K06225.01,0,1,0,0,5.110771787,50681,394.0
KIC 10601549,FALSE POSITIVE,K06226.01,1,0,0,0,1.463773705,64776,119.7
KIC 10614158,FALSE POSITIVE,K06227.01,1,0,0,0,4.46255312,22720,140.9
KIC 6614926,FALSE POSITIVE,K06029.01,0,1,0,0,3.026764871,66719.9,1561.2
KIC 6628237,FALSE POSITIVE,K06030.01,0,1,0,0,3.840130917,60401,275.6
KIC 6694186,FALSE POSITIVE,K06031.01,0,1,0,0,5.554227226,142313,1517.7
KIC 6934587,FALSE POSITIVE,K06032.01,0,1,0,0,1.570919281,65124,316.9
KIC 7219906,FALSE POSITIVE,K06033.01,0,1,1,0,35.08976902,5754.6,170.8
KIC 7257373,FALSE POSITIVE,K06034.01,0,1,0,0,5.233450136,430422,3921.8
KIC 7295570,FALSE POSITIVE,K06035.01,0,1,0,0,3.6037011,16112,33.4
KIC 7362852,FALSE POSITIVE,K06036.01,0,1,0,0,3.518356021,316750,3217.6
KIC 5641294,FALSE POSITIVE,K06133.01,0,1,0,0,2.6160943,29.3,5.6
KIC 5738698,FALSE POSITIVE,K06134.01,0,1,0,0,2.404386969,313168,8577.4
KIC 5768927,FALSE POSITIVE,K06135.01,0,1,0,0,4.390513938,46829,290.7
KIC 5814635,FALSE POSITIVE,K06136.01,1,0,0,0,3.86963822,,
KIC 5816144,FALSE POSITIVE,K06137.02,0,0,1,0,7.384681,142.8,10.6
KIC 10717220,CONFIRMED,K06228.01,0,0,0,0,21.0907909,417.6,19.7
KIC 10728219,FALSE POSITIVE,K06229.01,0,1,0,0,3.371796653,366901,560.2
KIC 10735988,FALSE POSITIVE,K06230.01,0,1,0,0,1.927177921,136135,204.7
KIC 8112324,FALSE POSITIVE,K07867.01,0,1,0,0,0.575925434,137404,354.4
KIC 10971944,FALSE POSITIVE,K06231.01,1,0,0,0,496.17566,293,11.3
KIC 10973583,FALSE POSITIVE,K06232.01,0,1,0,0,6.256352128,3289.3,120.4
KIC 10989274,CONFIRMED,K06233.01,0,0,0,0,16.17803,449,6.0
KIC 11099351,FALSE POSITIVE,K06234.01,0,1,0,0,2.37795507,4391.1,257.5
KIC 11147460,FALSE POSITIVE,K06235.01,0,1,0,0,2.053866175,5021.3,380.5
KIC 8042747,FALSE POSITIVE,K07861.01,1,0,0,0,469.52303,355.7,10.5
KIC 7373877,FALSE POSITIVE,K06037.01,0,1,1,0,32.669962587,365.4,6.2
KIC 7436177,FALSE POSITIVE,K06038.01,0,1,0,0,19.93364711,174830,1863.4
KIC 7537945,FALSE POSITIVE,K06039.01,0,1,1,0,1.071911311,9817.8,397.6
KIC 7624297,FALSE POSITIVE,K06040.01,0,1,0,0,18.019651402,176998,3373.3
KIC 8109692,FALSE POSITIVE,K07864.01,1,0,1,0,117.934158,187.5,12.9
KIC 7695093,FALSE POSITIVE,K06041.01,0,1,0,0,4.032762189,119350,1520.0
KIC 7749318,FALSE POSITIVE,K06042.01,0,1,0,0,2.371589507,235104,386.0
KIC 7777397,FALSE POSITIVE,K06043.01,0,1,1,1,5.09112124,115.1,11.4
KIC 5817566,FALSE POSITIVE,K06138.01,0,1,0,0,4.206070484,119812,508.0
KIC 5952403,FALSE POSITIVE,K06139.01,0,1,0,1,0.905677864,3670.4,107.4
KIC 6032730,CANDIDATE,K06141.01,0,0,0,0,96.509214,1528,3.8
KIC 6116172,CANDIDATE,K06142.01,0,0,0,0,69.64679311,,
KIC 6182093,FALSE POSITIVE,K06143.01,1,0,0,0,297.113395,275.4,10.1
KIC 11252617,FALSE POSITIVE,K06236.01,0,1,0,0,4.478116695,117981,3665.4
KIC 8245108,FALSE POSITIVE,K07876.01,1,0,1,1,0.579108481,68.4,9.3
KIC 11296437,FALSE POSITIVE,K06237.01,1,0,0,0,528.50344,133.8,11.7
KIC 11341164,CANDIDATE,K06238.01,0,0,0,0,197.05431574,,
KIC 11462969,CANDIDATE,K06239.01,0,0,0,0,406.496216,380.2,6.9
KIC 7830321,FALSE POSITIVE,K06044.01,0,1,0,0,2.027383251,3856.2,126.1
KIC 7841986,FALSE POSITIVE,K06045.01,1,0,1,0,10.73370737,6155.3,239.5
KIC 7877820,FALSE POSITIVE,K06046.01,1,0,1,1,9.449438672,12867.3,231.4
KIC 7914906,FALSE POSITIVE,K06047.01,0,1,0,0,8.752913958,41770,326.1
KIC 8023317,FALSE POSITIVE,K06049.01,0,1,0,0,16.579028045,37979.8,813.6
KIC 8126531,FALSE POSITIVE,K07868.01,1,0,0,0,513.42784,523.2,11.5
KIC 8121067,FALSE POSITIVE,K06050.01,0,1,1,0,2.064900876,10939.4,364.0
KIC 6197038,FALSE POSITIVE,K06144.01,0,1,0,0,9.751720174,332900,1767.3
KIC 6221385,CONFIRMED,K06145.01,0,0,0,0,19.672324,649.9,20.6
KIC 6362386,FALSE POSITIVE,K06146.01,0,1,0,0,4.592401261,87426.1,5784.8
KIC 8260269,FALSE POSITIVE,K07877.01,0,0,1,0,6.70995253,86,9.8
KIC 6449358,FALSE POSITIVE,K06147.01,0,1,0,0,5.776794344,121544,8022.8
KIC 6593968,FALSE POSITIVE,K06148.01,1,0,0,0,23.19923256,,
KIC 6674908,FALSE POSITIVE,K06149.01,0,0,1,0,0.503199724,275.6,10.1
KIC 11516930,FALSE POSITIVE,K06240.01,0,1,1,0,4.768540307,347.6,4.0
KIC 11558882,FALSE POSITIVE,K06241.01,0,1,0,0,73.91858615,184074,933.5
KIC 11656928,CANDIDATE,K06242.01,0,0,0,0,212.43503674,,
KIC 8042835,FALSE POSITIVE,K07862.01,1,0,0,0,2.38793696,114.3,41.7
KIC 11673686,FALSE POSITIVE,K06243.01,0,1,0,0,4.618767943,32609.2,674.9
KIC 8153568,FALSE POSITIVE,K06051.01,0,1,0,0,3.60727417,841897,710.9
KIC 8167938,FALSE POSITIVE,K06052.01,1,0,0,0,2.565717939,1941.7,45.8
KIC 8167978,FALSE POSITIVE,K06053.01,0,1,0,0,22.05274533,13857.7,343.5
KIC 8168581,FALSE POSITIVE,K06054.01,0,1,0,0,2.881338104,2533.7,111.3
KIC 8230809,FALSE POSITIVE,K06055.01,0,1,0,0,4.078355243,36133,310.0
KIC 8364115,FALSE POSITIVE,K06056.01,0,1,1,1,7.73590441,465.3,59.5
KIC 8458207,FALSE POSITIVE,K06057.01,0,1,0,0,3.530164642,69923,731.2
KIC 6946681,CANDIDATE,K06150.01,0,0,0,0,48.9528113,,
KIC 6946708,CANDIDATE,K06151.01,0,0,0,0,431.78556,332.6,9.4
KIC 6967278,FALSE POSITIVE,K06152.01,0,1,0,0,395.07333,645.1,16.4
KIC 7108433,FALSE POSITIVE,K06153.01,0,1,0,0,1.51918335,499989,899.3
KIC 7119080,FALSE POSITIVE,K06154.01,1,0,0,0,13.59940118,,
KIC 7129465,FALSE POSITIVE,K06155.01,0,1,0,0,2.745910734,286812,1550.9
KIC 7174617,FALSE POSITIVE,K06156.01,0,1,0,0,1.608363345,96134,312.3
KIC 11724210,FALSE POSITIVE,K06244.01,0,1,0,0,5.746017234,29236.3,393.9
KIC 11856178,CANDIDATE,K06246.01,0,0,0,0,9.13315062,231.2,23.0
KIC 11867071,FALSE POSITIVE,K06247.01,0,1,0,0,3.963787093,25015.2,584.8
KIC 11975363,FALSE POSITIVE,K06248.01,0,1,0,0,1.759208679,362327,1967.2
KIC 12207117,FALSE POSITIVE,K06249.01,1,0,0,0,1.6031794,,
KIC 8580438,FALSE POSITIVE,K06058.01,0,1,0,0,6.496031958,108889,1797.6
KIC 8581232,FALSE POSITIVE,K06059.01,0,1,1,0,4.012537983,19796,166.0
KIC 8655458,FALSE POSITIVE,K06060.01,0,1,1,0,1.594162001,9876.3,415.0
KIC 8695779,FALSE POSITIVE,K06061.01,0,1,0,0,10.238939876,3153.1,427.6
KIC 8953059,FALSE POSITIVE,K06062.01,0,1,0,0,5.499941387,40110.4,506.4
KIC 9048145,FALSE POSITIVE,K06063.01,0,1,0,0,8.667826242,43491,4638.1
KIC 9214712,FALSE POSITIVE,K06064.01,0,1,0,0,265.2996227,100158,616.3
KIC 9214715,FALSE POSITIVE,K06065.01,0,1,0,1,265.2999623,31778,154.7
KIC 7190639,FALSE POSITIVE,K06157.01,1,0,0,0,98.1020983,184.4,6.9
KIC 7198881,FALSE POSITIVE,K06158.01,1,0,0,0,182.467019,1020,12.5
KIC 7422883,FALSE POSITIVE,K06159.01,0,1,0,0,11.41437505,45966,34.2
KIC 7464205,FALSE POSITIVE,K06160.01,1,0,0,0,151.31847,105.4,6.0
KIC 7622059,FALSE POSITIVE,K06161.01,0,1,0,0,10.4032399,1056.2,272.8
KIC 12367464,FALSE POSITIVE,K06250.01,0,1,0,0,1.853209359,12319.1,238.9
KIC 12470041,FALSE POSITIVE,K06251.01,0,1,0,0,14.66769462,29862,86.5
KIC 8179286,FALSE POSITIVE,K07869.01,0,1,1,0,11.4132144,76.4,10.4
KIC 9221398,FALSE POSITIVE,K06066.01,0,1,0,0,13.787520532,12978.3,2126.1
KIC 9411317,FALSE POSITIVE,K06067.01,0,1,0,0,8.2904597,173007,297.2
KIC 9418619,CANDIDATE,K06068.01,0,0,0,0,6.150251376,2128.7,471.0
KIC 9532123,FALSE POSITIVE,K06069.01,1,0,0,0,8.214204254,74177,613.1
KIC 9549471,FALSE POSITIVE,K06070.01,0,1,1,1,15.71377375,9482,98.1
KIC 9649222,FALSE POSITIVE,K06071.01,0,1,0,0,5.918619554,94124,1117.0
KIC 9664215,FALSE POSITIVE,K06072.01,0,1,0,0,3.319523463,38832,249.4
KIC 7750740,FALSE POSITIVE,K06162.01,0,1,0,0,5.874197307,205698,2200.0
KIC 7779942,FALSE POSITIVE,K06163.01,1,0,0,0,19.7959731,334,16.6
KIC 7835312,FALSE POSITIVE,K06164.02,1,0,0,0,209.00055019,,
KIC 7838906,FALSE POSITIVE,K06165.01,0,1,1,0,5.614892073,2373,122.3
KIC 7908367,CONFIRMED,K06166.01,0,0,0,0,12.2064304,1337.2,16.2
KIC 7940533,FALSE POSITIVE,K06167.01,0,1,0,0,3.905532605,73081,350.4
KIC 9714358,FALSE POSITIVE,K06073.01,0,1,0,0,6.474202359,203491,1284.0
KIC 9851123,FALSE POSITIVE,K06074.01,0,1,1,1,8.4803048,2672.9,70.1
KIC 9966115,FALSE POSITIVE,K06075.01,0,1,0,0,8.947426242,85995.2,7878.0
KIC 10026458,FALSE POSITIVE,K06076.01,0,1,1,1,9.93443795,2750,92.8
KIC 10139305,FALSE POSITIVE,K06077.01,0,1,0,0,2.173552528,3026,35.9
KIC 10288922,FALSE POSITIVE,K06078.01,0,1,1,0,10.157715971,9520.1,168.0
KIC 7974634,FALSE POSITIVE,K06168.03,1,0,0,0,404.701927,236.2,7.8
KIC 8182107,CANDIDATE,K07870.01,0,0,0,0,92.552007,282.6,7.3
KIC 8043882,FALSE POSITIVE,K06169.01,0,0,1,1,0.779609509,88.5,21.0
KIC 8058507,FALSE POSITIVE,K06170.01,1,0,0,0,15.80529628,,
KIC 8095099,FALSE POSITIVE,K06171.01,0,1,0,0,2.103239235,314928,3069.4
KIC 8163784,CANDIDATE,K06172.01,0,0,0,0,31.8134892,234.2,5.2
KIC 10659313,FALSE POSITIVE,K06079.01,0,1,0,0,15.249335907,34565.1,635.5
KIC 10710755,FALSE POSITIVE,K06080.01,0,1,0,0,4.816610903,80226,759.1
KIC 10727668,FALSE POSITIVE,K06081.01,0,1,0,0,2.305903447,23268.7,511.7
KIC 10735519,FALSE POSITIVE,K06082.01,0,1,0,0,1.814128042,2063.6,163.9
KIC 8197767,FALSE POSITIVE,K07871.01,1,0,1,0,1.247121237,966.7,92.1
KIC 10935310,FALSE POSITIVE,K06083.01,0,1,0,0,4.128795314,154870,1041.8
KIC 11021252,FALSE POSITIVE,K06084.01,0,1,0,0,3.269176601,59095,515.5
KIC 11404644,CANDIDATE,K06085.01,0,0,0,0,5.902596818,54894,533.9
KIC 11408935,FALSE POSITIVE,K06086.01,0,1,0,0,15.995094054,44315.3,2019.7
KIC 8165617,CANDIDATE,K06173.01,0,0,0,0,214.013044,123.2,9.0
KIC 8181016,FALSE POSITIVE,K06174.01,0,1,1,0,0.70914232,2560,2.6
KIC 8197761,FALSE POSITIVE,K06175.01,0,1,0,0,9.86869589,5915,15.8
KIC 8223568,CANDIDATE,K06176.01,0,0,0,0,143.09688,125,6.4
KIC 8265156,FALSE POSITIVE,K06177.01,0,0,1,0,0.978362973,37.1,15.9
KIC 11519226,FALSE POSITIVE,K06087.01,0,1,0,0,22.16127178,5259,56.6
KIC 11756821,FALSE POSITIVE,K06088.01,0,1,0,0,2.745121487,14608,86.7
KIC 11769146,FALSE POSITIVE,K06089.01,0,1,0,0,282.9656538,467860,1365.9
KIC 11812199,FALSE POSITIVE,K06090.01,0,1,1,0,37.32030954,4325,171.3
KIC 8263187,CANDIDATE,K07878.01,0,0,0,0,36.566324,2943,8.1
KIC 11826400,FALSE POSITIVE,K06091.01,0,1,0,0,5.889372452,56841,4146.7
KIC 12010534,FALSE POSITIVE,K06092.01,0,1,0,0,2.581595167,171132,338.2
KIC 7116117,FALSE POSITIVE,K03163.01,0,0,0,1,0.566801886,5.9,16.3
KIC 7868092,FALSE POSITIVE,K03169.01,1,0,0,0,180.71809,31.2,8.6
KIC 9826171,FALSE POSITIVE,K03173.01,1,0,0,0,434.39148,120.3,10.4
KIC 3936658,FALSE POSITIVE,K03180.01,1,0,0,0,71.1577054,,
KIC 4577484,FALSE POSITIVE,K03181.01,1,0,0,0,73.26417,38.4,3.0
KIC 5005618,FALSE POSITIVE,K03186.01,0,1,0,0,681.9363102,186528,5388.3
KIC 4663658,FALSE POSITIVE,K03187.01,1,0,0,0,0.705891195,15,32.9
KIC 10847721,FALSE POSITIVE,K03192.01,1,0,0,0,199.21638,62.5,10.6
KIC 10118942,FALSE POSITIVE,K03195.01,1,0,0,0,121.70747,98.2,6.9
KIC 9471539,FALSE POSITIVE,K03198.01,1,0,0,0,273.528359,408.5,32.1
KIC 5482603,FALSE POSITIVE,K03199.01,0,0,1,0,3.88258905,57.8,13.2
KIC 2305819,FALSE POSITIVE,K03201.01,1,0,0,0,135.57186,41.2,5.7
KIC 9518710,CANDIDATE,K03207.01,0,0,0,0,0.954388314,57.2,56.3
KIC 10284575,FALSE POSITIVE,K03210.01,1,0,0,0,173.06929,576.7,19.9
KIC 3342952,FALSE POSITIVE,K03215.01,0,0,1,0,1.039046871,24.4,9.3
KIC 10338624,FALSE POSITIVE,K03222.01,1,0,0,0,0.607538435,34.9,30.4
KIC 5307990,FALSE POSITIVE,K03228.01,0,0,1,0,0.98762513,28.6,14.8
KIC 2142501,FALSE POSITIVE,K03233.01,1,0,0,0,113.0707574,,
KIC 2713018,FALSE POSITIVE,K03235.01,1,0,0,0,66.713573,63.9,6.7
KIC 8413968,FALSE POSITIVE,K03251.01,1,0,0,0,135.223193,56.3,8.9
KIC 4376629,FALSE POSITIVE,K03378.01,0,0,1,1,27.6775212,293.9,12.3
KIC 8211605,FALSE POSITIVE,K03405.01,0,1,1,0,20.9794338,2388.2,32.2
KIC 11098573,FALSE POSITIVE,K03406.01,0,0,1,0,15.6937855,367.7,14.2
KIC 9837586,FALSE POSITIVE,K03442.01,0,1,1,1,20.73376301,104599,97.3
KIC 6021655,FALSE POSITIVE,K03488.01,1,0,0,0,63.571688,591,5.4
KIC 8308682,FALSE POSITIVE,K03507.01,1,0,0,0,338.20075,678.2,11.1
KIC 3344427,FALSE POSITIVE,K03764.01,1,0,0,0,1.303570451,332340,573.2
KIC 6205481,FALSE POSITIVE,K03774.01,1,0,1,0,3.72277264,1114.6,58.1
KIC 4474637,FALSE POSITIVE,K03829.01,0,1,0,0,3.886730304,372425,280.6
KIC 8435232,FALSE POSITIVE,K03833.01,0,1,0,0,49.5740154,8772.9,200.6
KIC 5217733,FALSE POSITIVE,K03155.01,1,0,0,0,161.2529031,94008,576.6
KIC 5706592,CANDIDATE,K06618.01,0,0,0,0,8.6040858,87.6,6.4
KIC 5716244,FALSE POSITIVE,K06619.01,0,1,0,0,1.330333096,61867,700.5
KIC 5725851,FALSE POSITIVE,K06620.01,1,0,0,1,1.140133012,223.2,63.4
KIC 5731312,FALSE POSITIVE,K06621.01,0,1,0,0,7.946367138,278086,1228.9
KIC 5735878,FALSE POSITIVE,K06622.01,0,1,0,0,16.832079803,48374.6,5156.6
KIC 5736461,FALSE POSITIVE,K06623.01,1,0,0,0,7.346159047,121807,2541.2
KIC 5737869,FALSE POSITIVE,K06624.01,0,0,1,0,26.2402438,174,7.9
KIC 5771589,FALSE POSITIVE,K06625.01,0,1,0,0,10.738427243,1684.2,112.8
KIC 8364232,CANDIDATE,K07882.01,0,0,0,0,65.415183,417.1,8.9
KIC 6670742,CANDIDATE,K06753.01,0,0,0,0,72.28198,1265,5.4
KIC 6672229,FALSE POSITIVE,K06754.01,0,1,0,0,23.832382513,278997,2389.2
KIC 6676725,FALSE POSITIVE,K06755.01,0,1,1,0,1.428766771,92.2,3.6
KIC 6695622,FALSE POSITIVE,K06756.01,0,0,1,0,14.5567427,185.1,8.9
KIC 6695889,FALSE POSITIVE,K06757.01,0,1,0,0,1.106560721,253683,643.6
KIC 6697716,FALSE POSITIVE,K06758.01,0,1,0,0,0.721624431,157754,514.4
KIC 6697976,CANDIDATE,K06759.01,0,0,0,0,371.70965709,,
KIC 6698670,FALSE POSITIVE,K06760.01,0,1,0,0,10.81589054,45399.6,4313.4
KIC 7541746,FALSE POSITIVE,K06886.01,1,0,0,0,4.1747072,,
KIC 7584778,FALSE POSITIVE,K06887.01,0,0,0,1,0.622303871,80.9,9.9
KIC 7588436,FALSE POSITIVE,K06888.01,1,0,0,0,23.3924063,62.3,8.1
KIC 7592529,CANDIDATE,K06889.01,0,0,0,0,75.906736,26.9,9.2
KIC 7592922,CANDIDATE,K06890.01,0,0,0,0,2.15888911,102.4,9.9
KIC 7597703,FALSE POSITIVE,K06891.01,0,1,0,0,4.608901433,378548,2624.6
KIC 7602351,CANDIDATE,K06892.01,0,0,0,0,17.5806026,138.8,8.4
KIC 7605600,FALSE POSITIVE,K06893.01,0,1,0,0,3.326193904,178470,502.0
KIC 8312222,FALSE POSITIVE,K07017.01,0,1,0,0,12.823275455,121991,2541.7
KIC 8314801,FALSE POSITIVE,K07018.01,0,1,0,0,37.183276326,221205,2648.4
KIC 8316503,FALSE POSITIVE,K07019.01,0,1,0,0,5.065329723,155614,5497.0
KIC 8330575,FALSE POSITIVE,K07020.01,0,1,0,0,0.957079167,48673.6,3062.6
KIC 8345358,FALSE POSITIVE,K07021.01,0,1,0,0,9.380632783,65832.8,1053.1
KIC 8358008,FALSE POSITIVE,K07022.01,0,1,0,0,10.064687893,10088,585.4
KIC 8362974,CANDIDATE,K07023.01,0,0,0,0,2.71772323,70.3,9.3
KIC 8364119,FALSE POSITIVE,K07024.01,0,1,0,0,7.73591011,315131,3786.7
KIC 9278021,FALSE POSITIVE,K07152.01,0,1,0,0,3.359470825,2707.8,504.1
KIC 9284741,FALSE POSITIVE,K07153.01,0,1,0,0,20.729255112,341973,2957.7
KIC 9286728,FALSE POSITIVE,K07154.01,0,0,0,1,3.04459739,66.1,18.2
KIC 9291368,FALSE POSITIVE,K07155.01,0,1,0,0,3.796448299,522879,1487.2
KIC 9291748,FALSE POSITIVE,K07156.01,0,1,0,0,15.926990634,394232,3458.3
KIC 9301564,CANDIDATE,K07157.01,0,0,0,0,23.9830523,83.2,11.3
KIC 9304561,FALSE POSITIVE,K07158.01,0,0,0,1,1.219049953,53.5,10.1
KIC 9328852,FALSE POSITIVE,K07159.01,1,0,0,0,0.64585177,308504,808.3
KIC 10089123,CANDIDATE,K07283.01,0,0,0,0,134.413808,206.1,12.5
KIC 10091257,FALSE POSITIVE,K07284.01,0,1,0,0,1.70192371,49833,351.1
KIC 10093664,FALSE POSITIVE,K07285.01,1,0,0,0,1.20693963,20,24.3
KIC 10095512,FALSE POSITIVE,K07286.01,0,1,0,0,3.008602107,120272,502.0
KIC 10098534,FALSE POSITIVE,K07287.01,1,0,0,0,41.81145,302,5.9
KIC 10129482,FALSE POSITIVE,K07288.01,0,1,0,0,0.846291334,190191,1049.3
KIC 10155080,FALSE POSITIVE,K07289.01,0,1,0,0,1.930451347,53075.2,602.3
KIC 10156064,FALSE POSITIVE,K07290.01,0,1,0,0,2.427967843,126975,472.8
KIC 8555967,CANDIDATE,K07894.01,0,0,0,0,347.97611,341.3,11.9
KIC 11198723,FALSE POSITIVE,K07417.01,0,1,0,0,6.840305932,124933,2025.7
KIC 11199725,FALSE POSITIVE,K07418.01,0,0,1,0,1.032967155,127.3,8.3
KIC 11200773,FALSE POSITIVE,K07419.01,0,1,0,0,2.489550708,29838.9,443.6
KIC 11228612,FALSE POSITIVE,K07420.01,0,1,0,0,2.980479588,375343,1737.7
KIC 11232745,FALSE POSITIVE,K07421.01,0,1,0,0,4.81712182,35756.4,445.3
KIC 11233911,FALSE POSITIVE,K07422.01,0,1,0,0,2.479948394,150682,489.6
KIC 11234677,FALSE POSITIVE,K07423.01,0,1,0,0,1.58742695,76162,1150.7
KIC 11235323,FALSE POSITIVE,K07424.01,0,1,0,0,19.668404822,352808,1834.5
KIC 3854496,CANDIDATE,K06368.01,0,0,0,0,9.4588054,270,8.6
KIC 3858757,FALSE POSITIVE,K06369.01,0,0,0,1,25.9534494,528.9,10.5
KIC 3858767,FALSE POSITIVE,K06370.01,0,0,0,1,3.49550335,60.9,9.6
KIC 3858884,FALSE POSITIVE,K06371.01,1,0,0,0,25.95193721,399167,915.3
KIC 3936061,CANDIDATE,K06372.01,0,0,0,0,71.008017,170.2,6.6
KIC 3938073,FALSE POSITIVE,K06373.01,0,1,0,0,31.024310431,96480.3,4403.8
KIC 3972391,FALSE POSITIVE,K06374.01,0,1,0,0,0.634131057,27.1,11.7
KIC 3972432,CANDIDATE,K06375.01,0,0,0,0,2.90805147,103.1,8.3
KIC 3973002,FALSE POSITIVE,K06376.01,0,1,0,0,1.992098705,69414,1186.0
KIC 5025217,FALSE POSITIVE,K06496.01,1,0,0,0,1.78752921,62.9,16.0
KIC 5025234,FALSE POSITIVE,K06497.01,1,0,0,0,1.77555333,83.5,14.1
KIC 5025294,FALSE POSITIVE,K06498.01,0,1,1,0,5.462689263,4184.6,82.6
KIC 5026187,FALSE POSITIVE,K06499.01,1,0,0,0,3.58966681,421.3,102.3
KIC 5031804,FALSE POSITIVE,K06500.01,1,0,0,0,1.37347867,289.9,27.2
KIC 5031882,FALSE POSITIVE,K06501.01,1,0,0,0,1.00960235,31.9,12.5
KIC 5036516,FALSE POSITIVE,K06502.01,0,1,0,1,1.060996585,41142,339.5
KIC 5036530,FALSE POSITIVE,K06503.01,1,0,0,0,2.735152701,283.3,4.7
KIC 5781192,FALSE POSITIVE,K06626.01,0,1,0,0,9.459993213,237595,3164.4
KIC 5802285,FALSE POSITIVE,K06627.01,0,1,1,0,1.208524388,4759.6,181.3
KIC 5802470,FALSE POSITIVE,K06628.01,0,1,0,0,3.79187443,230736,1111.9
KIC 5807579,FALSE POSITIVE,K06629.01,0,1,0,0,17.844323157,222364,4456.6
KIC 5809372,FALSE POSITIVE,K06630.01,1,0,0,0,34.6506368,502.5,21.6
KIC 5860347,CANDIDATE,K06631.01,0,0,0,0,2.56271232,29.4,8.2
KIC 5871918,FALSE POSITIVE,K06632.01,0,1,0,0,12.643303542,236718,2907.6
KIC 5894825,FALSE POSITIVE,K06633.01,1,0,0,0,1.36293943,54.4,15.8
KIC 8374394,FALSE POSITIVE,K07883.01,1,0,0,0,185.103836,581.4,10.9
KIC 6706287,FALSE POSITIVE,K06761.01,0,1,0,0,1.267693801,333641,713.8
KIC 6715997,CANDIDATE,K06762.01,0,0,0,0,15.08186,81.6,7.1
KIC 6763884,CANDIDATE,K06763.01,0,0,0,0,2.44693823,26.4,9.0
KIC 6766748,FALSE POSITIVE,K06764.01,0,1,0,0,7.002865192,349695,8168.6
KIC 6774408,FALSE POSITIVE,K06766.01,0,1,0,0,0.85450941,13.7,9.0
KIC 6778289,FALSE POSITIVE,K06767.01,0,1,0,0,30.130130001,280751,2583.7
KIC 6781047,FALSE POSITIVE,K06768.01,1,0,0,0,7.0435762,,
KIC 6781535,FALSE POSITIVE,K06769.01,0,1,0,0,9.12208711,58790.4,1599.1
KIC 8440062,FALSE POSITIVE,K07886.01,1,0,0,0,366.71923,246.4,9.8
KIC 7622072,FALSE POSITIVE,K06894.01,0,1,1,0,6.373454978,6084.6,258.1
KIC 7630658,FALSE POSITIVE,K06895.01,0,1,1,0,1.075577069,140584,1589.6
KIC 7631194,FALSE POSITIVE,K06896.01,1,0,1,0,0.811390968,139.9,19.2
KIC 7662209,FALSE POSITIVE,K06897.01,1,0,0,0,14.6494599,221,7.4
KIC 7663804,FALSE POSITIVE,K06898.01,1,0,0,0,321.00742,307.1,11.1
KIC 7668648,FALSE POSITIVE,K06899.01,0,1,0,0,27.81892382,238224,156.8
KIC 7670485,FALSE POSITIVE,K06900.01,1,0,0,0,8.467706136,77323.6,976.0
KIC 7670617,FALSE POSITIVE,K06901.01,0,1,0,0,24.70361995,217538,268.7
KIC 8367298,FALSE POSITIVE,K07025.01,0,1,0,0,5.1348689,115.8,36.1
KIC 8374499,FALSE POSITIVE,K07026.01,0,1,0,0,5.251918489,296478,6979.7
KIC 8378656,FALSE POSITIVE,K07027.01,0,1,0,0,3.62944008,130083,5131.4
KIC 8378922,FALSE POSITIVE,K07028.01,0,1,0,0,43.263305017,359086,2415.6
KIC 8379547,FALSE POSITIVE,K07029.01,0,1,0,0,6.042029838,132864,312.5
KIC 8381592,FALSE POSITIVE,K07030.01,0,1,0,0,2.892087553,71631,563.9
KIC 8382339,FALSE POSITIVE,K07031.01,0,0,1,0,5.40597608,461,23.5
KIC 8394475,CANDIDATE,K07032.01,0,0,0,0,3.64049242,42.1,9.5
KIC 8398290,FALSE POSITIVE,K07033.01,1,0,0,0,0.510804497,42.7,15.4
KIC 9328864,FALSE POSITIVE,K07160.01,0,1,1,1,0.645850521,54.9,16.8
KIC 9334490,FALSE POSITIVE,K07161.01,0,1,1,0,18.84497113,4143.4,79.8
KIC 9340411,CANDIDATE,K07162.01,0,0,0,0,5.1581317,37.9,13.0
KIC 9344623,FALSE POSITIVE,K07163.01,0,1,0,0,14.759477667,357470,3813.5
KIC 9353182,FALSE POSITIVE,K07164.01,0,1,0,0,10.476258265,120206,8251.5
KIC 9357275,FALSE POSITIVE,K07165.01,0,1,0,0,1.588298157,165034,1071.6
KIC 9357375,FALSE POSITIVE,K07166.01,0,0,0,1,1.58826263,78.9,8.5
KIC 9392702,FALSE POSITIVE,K07167.01,0,1,0,0,3.909314318,97123.4,1587.6
KIC 9394920,FALSE POSITIVE,K07168.01,1,0,0,0,1.38385822,,
KIC 8524110,FALSE POSITIVE,K07891.01,0,0,1,1,0.79708975,19.3,9.8
KIC 10163067,CANDIDATE,K07291.01,0,0,0,0,25.9136674,109.7,16.1
KIC 10164018,FALSE POSITIVE,K07292.01,0,0,1,0,8.5412411,298.8,10.7
KIC 10189523,FALSE POSITIVE,K07293.01,1,0,0,0,1.013922622,34957,79.8
KIC 10198109,FALSE POSITIVE,K07294.01,0,1,0,0,17.918743061,118355,4696.8
KIC 10208759,FALSE POSITIVE,K07295.01,0,1,0,0,2.287515702,358575,3017.9
KIC 10214328,FALSE POSITIVE,K07296.01,1,0,0,0,659.2907,338.1,27.0
KIC 10215422,FALSE POSITIVE,K07297.01,0,1,0,0,24.847087207,317670,6707.7
KIC 10257903,FALSE POSITIVE,K07298.01,1,0,0,0,0.85574731,,
KIC 10258558,FALSE POSITIVE,K07299.01,0,1,0,0,20.867855659,82601.4,2768.6
KIC 11240948,FALSE POSITIVE,K07425.01,0,1,0,0,3.401949837,2477,304.0
KIC 11241560,CANDIDATE,K07426.01,0,0,0,0,6.96197304,151.3,8.8
KIC 11244571,CANDIDATE,K07427.01,0,0,0,0,7.8935324,47.6,8.3
KIC 11250867,FALSE POSITIVE,K07428.01,0,1,0,0,2.252822538,269847,1575.9
KIC 11251058,FALSE POSITIVE,K07429.01,0,0,0,1,2.25284817,60,8.8
KIC 11282568,CANDIDATE,K07430.01,0,0,0,0,1.320499473,204,12.0
KIC 11285625,FALSE POSITIVE,K07431.01,0,1,0,0,5.39525573,104242,175.7
KIC 11286311,CANDIDATE,K07432.01,0,0,0,0,13.1538409,104.6,10.6
KIC 1026032,FALSE POSITIVE,K06252.01,0,1,0,0,8.460438928,76412.9,1797.4
KIC 1293379,CANDIDATE,K06253.01,0,0,0,0,27.556452,289.2,6.7
KIC 3973504,FALSE POSITIVE,K06377.01,0,1,0,0,4.318726936,59429,394.4
KIC 4042088,FALSE POSITIVE,K06378.01,1,0,0,0,3.22598684,,
KIC 4055092,FALSE POSITIVE,K06379.01,0,1,0,0,76.45315813,9662.2,151.8
KIC 4067549,FALSE POSITIVE,K06380.01,0,1,1,0,7.698431197,42548.8,942.6
KIC 4069063,FALSE POSITIVE,K06381.01,0,1,0,0,0.504296702,5995.4,231.8
KIC 4069213,FALSE POSITIVE,K06382.01,0,1,0,0,5.194256813,38851.4,2390.4
KIC 4075064,FALSE POSITIVE,K06383.01,0,1,0,0,61.42252657,337545,850.4
KIC 4076061,CANDIDATE,K06384.01,0,0,0,0,566.28176,1200,8.9
KIC 4076952,FALSE POSITIVE,K06385.01,0,1,0,0,9.761172507,205866,3150.9
KIC 5036538,FALSE POSITIVE,K06504.01,0,1,0,0,1.061008464,408767,997.7
KIC 5038469,FALSE POSITIVE,K06505.01,1,0,0,0,1.36840167,,
KIC 5039687,FALSE POSITIVE,K06506.01,1,0,0,0,5.8957069,129.7,24.1
KIC 5042785,FALSE POSITIVE,K06507.01,1,0,0,0,1.67473779,,
KIC 5078879,FALSE POSITIVE,K06508.01,0,1,1,0,1.039370613,743.6,182.9
KIC 5080346,FALSE POSITIVE,K06509.01,1,0,0,0,2.31169425,38.4,16.0
KIC 5080652,FALSE POSITIVE,K06510.01,0,1,0,0,2.072177815,293717,590.7
KIC 5894972,FALSE POSITIVE,K06634.01,1,0,0,0,3.34328534,166.8,79.5
KIC 5951140,CANDIDATE,K06635.01,0,0,0,0,0.52740121,1316,31.1
KIC 5952309,FALSE POSITIVE,K06636.01,0,1,1,1,0.905678252,70.4,11.1
KIC 5952457,FALSE POSITIVE,K06637.01,0,0,1,1,0.905672916,110.4,12.1
KIC 5962514,FALSE POSITIVE,K06639.01,0,1,0,0,0.790046373,149304,174.5
KIC 5962716,FALSE POSITIVE,K06640.01,0,1,0,0,1.804591904,137295,1666.6
KIC 5966732,CANDIDATE,K06641.01,0,0,0,0,1.400903699,136.5,9.8
KIC 5977541,FALSE POSITIVE,K06642.01,0,1,1,0,1.14073528,13.5,7.8
KIC 5977804,FALSE POSITIVE,K06643.01,0,0,1,0,3.31976683,48,8.5
KIC 6792124,FALSE POSITIVE,K06770.01,0,1,0,1,0.52880817,57.7,38.8
KIC 6804648,FALSE POSITIVE,K06771.01,0,1,1,0,0.700606479,23.5,9.0
KIC 6806632,FALSE POSITIVE,K06772.01,1,0,0,0,9.469191607,63501.9,4419.3
KIC 6841577,FALSE POSITIVE,K06773.01,0,1,0,0,15.53753378,209006,2807.8
KIC 6842345,CANDIDATE,K06774.01,0,0,0,0,17.3816224,59099.4,1149.7
KIC 6852488,FALSE POSITIVE,K06775.01,0,1,0,0,2.172042913,154381,583.6
KIC 6853172,CANDIDATE,K06776.01,0,0,0,0,28.655498,173.6,10.1
KIC 6859546,CANDIDATE,K06777.01,0,0,0,0,13.4450174,196.2,8.3
KIC 8460634,FALSE POSITIVE,K07887.01,0,0,1,1,6.35216475,185.7,10.9
KIC 7671594,FALSE POSITIVE,K06902.01,0,1,0,0,0.705174384,375227,222.8
KIC 7677005,FALSE POSITIVE,K06903.01,0,1,0,0,38.058140058,308873,3602.0
KIC 7687365,CANDIDATE,K06904.01,0,0,0,0,26.1556767,295,7.0
KIC 7691527,FALSE POSITIVE,K06905.01,1,0,0,0,4.800232532,277001,893.6
KIC 7695445,FALSE POSITIVE,K06906.01,1,0,0,0,1.74336627,451,20.8
KIC 7700500,CANDIDATE,K06907.01,0,0,0,0,4.60687717,258.7,7.5
KIC 7700578,FALSE POSITIVE,K06908.01,1,0,0,1,1.507100589,497657,711.8
KIC 7707736,FALSE POSITIVE,K06909.01,1,0,0,1,0.758355704,9568.3,153.3
KIC 7733540,FALSE POSITIVE,K06910.01,1,0,0,0,0.77258608,,
KIC 8411947,FALSE POSITIVE,K07034.01,0,1,0,0,0.898837525,399778,445.6
KIC 8414159,FALSE POSITIVE,K07035.01,0,1,0,0,11.931131598,300506,5606.7
KIC 8414216,FALSE POSITIVE,K07036.01,0,0,0,1,11.93137992,122.1,14.7
KIC 8415863,FALSE POSITIVE,K07037.01,0,1,0,0,27.533803402,48152.7,5446.9
KIC 8423903,FALSE POSITIVE,K07038.01,1,0,0,0,12.4964346,271.7,141.5
KIC 8429450,FALSE POSITIVE,K07039.01,0,1,0,0,1.352576807,317484,1365.1
KIC 8442795,CANDIDATE,K07040.01,0,0,0,0,502.20642,447.9,7.1
KIC 8443812,CANDIDATE,K07041.01,0,0,0,0,8.3613732,104.7,9.5
KIC 8445775,FALSE POSITIVE,K07042.01,0,1,0,0,13.254134073,44979.8,2281.0
KIC 9397900,CANDIDATE,K07169.01,0,0,0,0,10.5113779,29.9,8.8
KIC 9411943,FALSE POSITIVE,K07170.01,0,1,1,0,1.922009494,6547.8,284.4
KIC 9412462,FALSE POSITIVE,K07171.01,0,1,0,0,10.186578749,340671,5867.8
KIC 9418994,FALSE POSITIVE,K07172.01,0,1,0,0,32.003815635,17120.2,711.4
KIC 9451096,FALSE POSITIVE,K07173.01,0,1,0,0,1.250390814,231167,2046.8
KIC 9458266,CANDIDATE,K07174.01,0,0,0,0,1.58487898,42.9,9.3
KIC 9466042,FALSE POSITIVE,K07175.01,1,0,0,0,9.2742685,,
KIC 9468296,FALSE POSITIVE,K07176.01,0,1,0,0,5.748815953,11657,43.3
KIC 10264202,FALSE POSITIVE,K07300.01,0,1,0,0,0.517573708,87205,740.2
KIC 10264293,CANDIDATE,K07301.01,0,0,0,0,20.9525604,232.9,9.8
KIC 10268809,FALSE POSITIVE,K07302.01,0,1,0,0,24.70932686,29265,284.7
KIC 10274244,FALSE POSITIVE,K07303.01,0,1,0,0,13.68369259,185514,3641.6
KIC 10275887,FALSE POSITIVE,K07304.01,0,1,0,0,9.726748645,393412,4414.3
KIC 10290021,CANDIDATE,K07305.01,0,0,0,0,3.72920972,14.4,9.6
KIC 10290447,FALSE POSITIVE,K07306.01,1,0,0,0,0.691561191,1901,3.4
KIC 10292465,FALSE POSITIVE,K07307.01,0,1,0,0,1.35337091,104562,303.0
KIC 10294608,FALSE POSITIVE,K07308.01,0,1,0,0,1.854491777,383431,1070.6
KIC 11287726,FALSE POSITIVE,K07433.01,0,1,0,0,4.737713268,105259,476.7
KIC 11288492,CANDIDATE,K07434.01,0,0,0,0,5.704593,129.9,8.5
KIC 11288772,CANDIDATE,K07435.01,0,0,0,0,1.36752316,61,11.7
KIC 11295085,FALSE POSITIVE,K07436.01,1,0,0,0,2.49777454,78.7,51.1
KIC 11296724,CANDIDATE,K07437.01,0,0,0,0,1.9997244,85.1,8.9
KIC 11350389,FALSE POSITIVE,K07438.01,0,1,0,0,1.51264208,23842,262.6
KIC 11356602,FALSE POSITIVE,K07439.01,1,0,0,0,323.2575,286.8,20.0
KIC 11358392,FALSE POSITIVE,K07440.01,0,1,0,0,0.984971822,6683.5,279.1
KIC 1433531,FALSE POSITIVE,K06254.01,1,0,0,0,567.71329,259.4,6.6
KIC 1717528,FALSE POSITIVE,K06255.01,0,0,1,0,9.31392071,163.7,6.6
KIC 1871483,CANDIDATE,K06256.01,0,0,0,0,14.137062,393,7.5
KIC 2012722,FALSE POSITIVE,K06257.01,1,0,0,0,2.32539968,288.1,79.9
KIC 2013883,FALSE POSITIVE,K06258.01,0,0,1,0,0.764597756,16.6,12.0
KIC 2161949,CANDIDATE,K06259.01,0,0,0,0,4.78113942,105.8,9.6
KIC 2162994,FALSE POSITIVE,K06260.01,0,1,0,0,4.101595158,366585,3809.8
KIC 2167444,FALSE POSITIVE,K06261.01,1,0,0,0,2.43574046,6223,74.6
KIC 4078693,FALSE POSITIVE,K06386.01,0,1,0,0,2.756536015,3590.8,100.1
KIC 4142768,FALSE POSITIVE,K06387.01,1,0,0,0,13.99585365,19681,118.1
KIC 4149684,FALSE POSITIVE,K06388.01,0,1,0,0,4.320850062,75927.4,1691.5
KIC 4150703,FALSE POSITIVE,K06389.01,0,0,1,1,8.6532378,126,9.0
KIC 4157488,FALSE POSITIVE,K06390.01,0,1,0,0,5.197420145,91307.3,4262.1
KIC 4160669,FALSE POSITIVE,K06391.01,0,1,1,0,2.183517999,1321.6,147.7
KIC 4171955,FALSE POSITIVE,K06392.01,1,0,0,0,383.61248,619.3,10.2
KIC 4174507,FALSE POSITIVE,K06393.01,0,1,0,0,1.945914237,9880.5,299.2
KIC 5083138,CANDIDATE,K06511.01,0,0,0,0,27.122801,234.7,8.1
KIC 5083252,FALSE POSITIVE,K06512.01,1,0,0,0,2.500560859,20.4,4.5
KIC 5087223,CANDIDATE,K06513.01,0,0,0,0,5.62241111,464.1,8.5
KIC 5091075,FALSE POSITIVE,K06514.01,1,0,0,0,1.25625738,15.2,50.1
KIC 5091614,FALSE POSITIVE,K06515.01,0,1,0,0,21.142458554,73960.9,3830.9
KIC 5092799,CANDIDATE,K06516.01,0,0,0,0,11.2901559,163.8,8.6
KIC 5094301,FALSE POSITIVE,K06517.01,0,1,0,0,0.99519559,13.7,7.4
KIC 5983348,FALSE POSITIVE,K06644.01,0,1,0,0,25.150788449,37582.6,1504.9
KIC 5990753,FALSE POSITIVE,K06645.01,0,1,0,0,7.21636091,384.7,37.2
KIC 6019971,CANDIDATE,K06646.01,0,0,0,0,7.1356633,255.5,9.8
KIC 6029130,FALSE POSITIVE,K06647.01,0,1,0,0,12.591656377,302584,3990.5
KIC 6035335,FALSE POSITIVE,K06648.01,1,0,0,0,1.044408447,46.2,15.1
KIC 6041511,FALSE POSITIVE,K06649.01,1,0,0,0,0.97705114,20.1,7.4
KIC 6042116,FALSE POSITIVE,K06650.01,1,0,0,0,5.407157086,74653.3,2882.0
KIC 6042663,FALSE POSITIVE,K06651.01,0,1,0,0,30.971766472,228680,3245.9
KIC 6044064,FALSE POSITIVE,K06652.01,0,1,0,0,5.06318803,662677,1602.7
KIC 6859813,FALSE POSITIVE,K06778.01,0,1,0,0,10.88242209,206811,4284.2
KIC 6863840,FALSE POSITIVE,K06779.01,1,0,0,0,1.926366998,399528,1093.2
KIC 6864569,FALSE POSITIVE,K06780.01,1,0,0,0,2.325185422,268.5,256.3
KIC 6864706,CANDIDATE,K06781.01,0,0,0,0,14.5909249,146.9,6.3
KIC 6864859,FALSE POSITIVE,K06782.01,0,1,0,0,40.877841988,256094,5260.3
KIC 6867219,CANDIDATE,K06783.01,0,0,0,0,11.8496351,183.8,9.6
KIC 6877673,FALSE POSITIVE,K06784.01,0,1,0,0,36.75892725,261730,4263.6
KIC 6877871,FALSE POSITIVE,K06785.01,1,0,0,0,0.536869783,221.7,27.8
KIC 6878408,CANDIDATE,K06786.01,0,0,0,0,455.62395,1112.1,14.0
KIC 7741048,FALSE POSITIVE,K06911.01,0,0,1,0,0.843400322,43.7,23.8
KIC 7751562,FALSE POSITIVE,K06912.01,0,1,0,0,17.042155208,55165,2046.2
KIC 7755741,FALSE POSITIVE,K06913.01,1,0,0,0,0.874236216,58.4,11.1
KIC 7769072,FALSE POSITIVE,K06914.01,0,1,0,0,0.60886299,2019.5,457.8
KIC 7769815,FALSE POSITIVE,K06915.01,0,0,1,0,4.43529675,181.9,9.6
KIC 7777365,FALSE POSITIVE,K06916.01,0,0,1,1,0.88512187,136,9.9
KIC 7798259,FALSE POSITIVE,K06917.01,0,1,0,0,1.734221252,289817,542.2
KIC 8453191,FALSE POSITIVE,K07043.01,0,1,0,0,5.776764285,153902,3033.4
KIC 8453324,FALSE POSITIVE,K07044.01,0,1,0,0,1.26227317,7342.5,1159.9
KIC 8479107,FALSE POSITIVE,K07045.01,0,1,0,0,0.76757669,157612,431.3
KIC 8479386,FALSE POSITIVE,K07046.01,0,1,0,0,5.860377067,361615,3044.1
KIC 8488876,FALSE POSITIVE,K07047.01,0,1,0,1,5.801881299,34469.8,3642.0
KIC 8504570,FALSE POSITIVE,K07048.01,0,1,0,0,4.00770453,168776,1753.5
KIC 8509346,FALSE POSITIVE,K07049.01,0,1,0,0,6.099032889,55374.3,2884.0
KIC 8517433,FALSE POSITIVE,K07050.01,1,0,0,0,0.652956712,50,12.7
KIC 9474222,FALSE POSITIVE,K07177.01,0,1,0,0,13.691790011,97563.5,8326.3
KIC 9474969,FALSE POSITIVE,K07178.01,1,0,0,0,21.570508432,134176,8616.1
KIC 9480398,CANDIDATE,K07179.01,0,0,0,0,407.14656,82.3,8.2
KIC 9490342,CANDIDATE,K07180.01,0,0,0,0,487.83894,453.3,8.8
KIC 9509207,FALSE POSITIVE,K07181.01,1,0,0,0,14.199840087,214604,1408.6
KIC 9513168,CANDIDATE,K07182.01,0,0,0,0,6.853888,653.8,8.2
KIC 9520700,FALSE POSITIVE,K07183.01,1,0,0,0,2.136834989,346183,644.7
KIC 9529294,FALSE POSITIVE,K07184.01,0,1,1,0,2.51690133,59.6,10.0
KIC 10296163,FALSE POSITIVE,K07309.01,0,1,0,0,9.296746368,213838,4407.8
KIC 10330495,FALSE POSITIVE,K07310.01,0,1,0,0,18.060078203,58975.4,1797.6
KIC 10332789,FALSE POSITIVE,K07311.01,0,1,0,0,18.74072534,125477,2964.7
KIC 10340228,FALSE POSITIVE,K07312.01,0,0,1,1,0.93371313,66,8.9
KIC 10341787,FALSE POSITIVE,K07313.01,0,0,1,1,0.93373716,144.9,16.0
KIC 10342097,FALSE POSITIVE,K07314.01,0,0,1,1,0.933735579,351.4,27.1
KIC 10345862,FALSE POSITIVE,K07315.01,0,1,0,0,58.28819056,156160,2927.4
KIC 10346522,FALSE POSITIVE,K07316.01,0,1,0,0,3.989144446,630524,2055.9
KIC 10352603,FALSE POSITIVE,K07317.01,0,1,0,0,32.77897303,410080,2126.1
KIC 11359305,FALSE POSITIVE,K07441.01,0,1,0,0,28.487107336,37662.9,658.2
KIC 11391181,FALSE POSITIVE,K07442.01,0,1,0,0,8.61733907,185861,1542.6
KIC 11401869,FALSE POSITIVE,K07443.01,0,1,0,1,2.16146908,84.8,11.8
KIC 11409698,FALSE POSITIVE,K07444.01,0,1,0,0,10.26782676,247175,5758.7
KIC 11411639,CANDIDATE,K07445.01,0,0,0,0,6.933574,276.7,8.0
KIC 11455795,FALSE POSITIVE,K07446.01,0,1,0,0,1.057335679,47337,476.0
KIC 11457191,FALSE POSITIVE,K07447.01,0,1,0,0,1.149198426,37721,164.2
KIC 11462556,FALSE POSITIVE,K07448.01,1,0,0,0,2.50012775,49.9,17.6
KIC 2283362,CANDIDATE,K06262.01,0,0,0,0,0.673141323,229.5,10.5
KIC 2301068,CANDIDATE,K06263.01,0,0,0,0,8.60965352,63.2,9.9
KIC 2305372,FALSE POSITIVE,K06264.01,0,1,0,0,1.40469182,702439,2651.1
KIC 2306740,FALSE POSITIVE,K06265.01,0,1,0,0,10.306982793,341790,3691.9
KIC 2308957,FALSE POSITIVE,K06266.01,0,1,0,0,1.109841858,300713,2082.6
KIC 2422820,CANDIDATE,K06267.01,0,0,0,0,13.8911152,204.9,10.3
KIC 2437452,FALSE POSITIVE,K06268.01,0,1,0,0,7.234965722,164848,671.3
KIC 2437804,FALSE POSITIVE,K06269.01,0,1,1,1,7.45301717,551.5,18.3
KIC 2438061,FALSE POSITIVE,K06270.01,0,1,0,0,2.442941283,37338,229.7
KIC 4180396,FALSE POSITIVE,K06394.01,1,0,0,0,3.684337918,76.7,31.4
KIC 4245897,FALSE POSITIVE,K06395.01,0,1,0,0,11.2570616,690235,655.2
KIC 4252226,FALSE POSITIVE,K06396.01,0,1,0,0,21.858963291,117113,2951.2
KIC 4261960,FALSE POSITIVE,K06397.01,1,0,1,0,1.461270059,3348.7,131.0
KIC 4269252,FALSE POSITIVE,K06398.01,0,0,1,0,9.4022333,316,9.8
KIC 4274071,CANDIDATE,K06399.01,0,0,0,0,6.76890076,123.1,10.8
KIC 4281895,FALSE POSITIVE,K06400.01,0,1,0,0,9.543584955,68184.5,3442.2
KIC 4282390,CANDIDATE,K06401.01,0,0,0,0,1.96134311,207.8,59.5
KIC 5095269,FALSE POSITIVE,K06518.01,0,1,0,0,18.611957253,124833,2671.7
KIC 5097278,FALSE POSITIVE,K06519.01,1,0,0,0,0.73240662,329,15.3
KIC 5098757,FALSE POSITIVE,K06520.01,1,0,0,0,2.954598,337.8,18.1
KIC 5111801,FALSE POSITIVE,K06521.01,1,0,0,0,0.562006231,14.2,12.8
KIC 5112198,FALSE POSITIVE,K06522.01,1,0,0,0,3.21559054,202.4,87.1
KIC 5113809,FALSE POSITIVE,K06523.01,1,0,0,0,1.547426532,532.9,210.1
KIC 5115178,FALSE POSITIVE,K06524.01,0,1,0,0,12.851722103,42518.6,1537.8
KIC 5115379,FALSE POSITIVE,K06525.01,1,0,1,0,4.2055797,100.5,71.7
KIC 5115688,CANDIDATE,K06526.01,0,0,0,0,486.77832,370.8,10.4
KIC 6045093,CANDIDATE,K06653.01,0,0,0,0,28.2682167,197,6.0
KIC 6046311,FALSE POSITIVE,K06654.01,1,0,0,0,0.957476003,450.7,20.2
KIC 6048106,FALSE POSITIVE,K06655.01,0,1,0,0,1.559360638,280066,419.9
KIC 6048255,FALSE POSITIVE,K06656.01,0,1,0,0,0.57627248,,
KIC 6057750,CANDIDATE,K06657.01,0,0,0,0,1.6037058,32.8,22.4
KIC 6060580,FALSE POSITIVE,K06658.01,0,1,0,0,2.313367981,13437.5,733.6
KIC 6063448,FALSE POSITIVE,K06659.01,0,1,0,0,76.01811375,80671,604.3
KIC 6066107,FALSE POSITIVE,K06660.01,1,0,0,0,0.82883944,,
KIC 8391983,CANDIDATE,K07884.01,0,0,0,0,0.70965042,223.4,9.4
KIC 6890618,FALSE POSITIVE,K06787.01,0,0,1,0,1.574063832,1118.1,145.3
KIC 6925263,FALSE POSITIVE,K06788.01,1,0,0,0,2.51989935,147.2,7.7
KIC 6927629,FALSE POSITIVE,K06789.01,0,1,0,0,3.867613816,340908,1379.1
KIC 6929016,FALSE POSITIVE,K06790.01,0,1,0,1,0.733726452,114.6,13.8
KIC 6936977,FALSE POSITIVE,K06791.01,0,1,0,0,36.473115046,161926,1899.1
KIC 6939670,FALSE POSITIVE,K06792.01,0,1,0,0,4.238855579,68002,374.8
KIC 6947623,CANDIDATE,K06793.01,0,0,0,0,3.62657392,98.5,10.7
KIC 6947837,FALSE POSITIVE,K06794.01,1,0,0,0,1.17033848,17.3,13.4
KIC 6949550,FALSE POSITIVE,K06795.01,0,1,0,0,7.841066931,342094,3314.7
KIC 7811211,CANDIDATE,K06918.01,0,0,0,0,0.902403563,4759.5,220.3
KIC 7812893,CANDIDATE,K06919.01,0,0,0,0,8.7998722,270.3,7.4
KIC 7816680,FALSE POSITIVE,K06920.01,0,1,0,0,4.292599454,140032,1329.6
KIC 7816935,CANDIDATE,K06921.01,0,0,0,0,6.87778029,124,10.1
KIC 7838639,FALSE POSITIVE,K06922.01,0,1,0,0,2.113197701,57315.5,1048.1
KIC 7846730,FALSE POSITIVE,K06923.01,0,1,0,0,11.02822674,278035,4680.2
KIC 7847927,FALSE POSITIVE,K06924.01,0,1,0,0,70.37626987,116050,759.7
KIC 7868967,CANDIDATE,K06925.01,0,0,0,0,12.9489256,331,7.2
KIC 8526387,FALSE POSITIVE,K07051.01,0,0,1,0,0.772803664,290.2,8.5
KIC 8543278,FALSE POSITIVE,K07052.01,0,1,0,0,7.549299761,44575.7,907.2
KIC 8552500,FALSE POSITIVE,K07053.01,0,0,1,1,0.530972263,48.6,12.1
KIC 8552540,FALSE POSITIVE,K07054.01,0,1,0,0,0.530967171,378394,671.9
KIC 8553788,FALSE POSITIVE,K07055.01,0,1,0,0,1.606163631,144603,1662.0
KIC 8553907,FALSE POSITIVE,K07056.01,0,1,0,0,42.032096076,391261,2164.4
KIC 8559796,FALSE POSITIVE,K07057.01,1,0,0,0,0.619303759,74.5,3.5
KIC 8559863,FALSE POSITIVE,K07058.01,0,1,0,0,22.470494368,45979,2393.2
KIC 8489260,CANDIDATE,K07889.01,0,0,0,0,130.235324,750.1,9.7
KIC 9529856,FALSE POSITIVE,K07185.01,0,1,0,0,37.482223878,28976.8,1262.3
KIC 9536048,FALSE POSITIVE,K07186.01,0,0,1,0,3.71186243,53.9,7.0
KIC 9540450,FALSE POSITIVE,K07187.01,0,1,0,0,1.077358008,311051,537.4
KIC 9540675,FALSE POSITIVE,K07188.01,0,0,1,1,3.55643514,45.8,13.4
KIC 9541163,FALSE POSITIVE,K07189.01,1,0,1,1,0.5366497,105.4,10.6
KIC 9541567,FALSE POSITIVE,K07190.01,1,0,0,0,1.12284501,,
KIC 9569866,FALSE POSITIVE,K07191.01,0,1,0,0,1.480324075,400007,1095.9
KIC 9579192,FALSE POSITIVE,K07192.01,0,1,0,0,12.08353781,43086.6,3799.5
KIC 8540376,CONFIRMED,K07892.01,0,0,0,0,10.692115,408.4,9.4
KIC 10363300,FALSE POSITIVE,K07318.01,0,1,0,0,0.934926138,131941,1149.3
KIC 10388451,CANDIDATE,K07319.01,0,0,0,0,17.1677675,335.1,7.4
KIC 10396708,CANDIDATE,K07320.01,0,0,0,0,8.50207749,117.3,10.5
KIC 10407047,FALSE POSITIVE,K07321.01,0,0,1,1,0.93374699,172.1,25.5
KIC 10407430,FALSE POSITIVE,K07322.01,0,0,0,1,0.933759404,114.9,18.9
KIC 10407464,FALSE POSITIVE,K07323.01,0,0,0,1,0.93373711,12.9,11.2
KIC 10417704,FALSE POSITIVE,K07324.01,1,0,0,0,3.0082548,,
KIC 10420279,FALSE POSITIVE,K07325.01,0,1,0,0,45.43324862,414352,1337.0
KIC 10422852,FALSE POSITIVE,K07326.01,0,1,0,0,1.398890216,66012,204.0
KIC 11495989,CANDIDATE,K07449.01,0,0,0,0,1.322475635,997.3,53.9
KIC 11499757,FALSE POSITIVE,K07450.01,1,0,0,0,12.314402323,393895,2540.6
KIC 11501774,FALSE POSITIVE,K07451.01,0,1,0,0,0.691823991,165.9,18.0
KIC 11502172,FALSE POSITIVE,K07452.01,0,1,0,0,25.431861399,46564.7,785.0
KIC 11502179,FALSE POSITIVE,K07453.01,0,0,1,1,3.98855869,214.1,10.5
KIC 11506235,FALSE POSITIVE,K07454.01,0,1,0,0,20.413052415,92672.5,1620.8
KIC 11551652,CANDIDATE,K07455.01,0,0,0,0,3.773744,85.2,5.7
KIC 11560382,FALSE POSITIVE,K07456.01,0,0,1,1,0.527679032,84.1,14.8
KIC 11560431,FALSE POSITIVE,K07457.01,0,0,0,1,0.527673075,26.1,2.3
KIC 2438062,FALSE POSITIVE,K06271.01,0,1,1,1,2.44295727,15298,85.5
KIC 2438517,FALSE POSITIVE,K06272.01,0,0,1,1,3.31587688,185.6,11.4
KIC 2442084,FALSE POSITIVE,K06273.01,0,1,0,0,49.788613011,219219,1566.8
KIC 2449245,CANDIDATE,K06274.01,0,0,0,0,18.1772927,213.1,7.9
KIC 2450716,FALSE POSITIVE,K06275.01,0,1,1,0,1.38607973,64.6,2.8
KIC 2557350,CANDIDATE,K06276.01,0,0,0,0,3.09872834,248,10.1
KIC 2557430,FALSE POSITIVE,K06277.01,0,1,0,0,0.648868342,34769.5,477.0
KIC 2568971,FALSE POSITIVE,K06278.01,1,0,1,0,5.088582739,448.9,40.3
KIC 4284147,FALSE POSITIVE,K06402.01,1,0,0,0,1.1611022,,
KIC 4349935,FALSE POSITIVE,K06403.01,1,0,0,0,0.792023257,176.6,49.6
KIC 4352168,FALSE POSITIVE,K06404.01,0,1,0,0,10.643743766,436506,3167.9
KIC 4356621,FALSE POSITIVE,K06405.01,0,0,0,1,1.7317958,60.6,10.5
KIC 4357985,FALSE POSITIVE,K06406.01,0,1,0,1,8.65298599,313.8,12.4
KIC 4367544,FALSE POSITIVE,K06407.01,0,1,0,0,1.19563447,8245,105.8
KIC 4372410,FALSE POSITIVE,K06408.01,1,0,1,0,0.550537628,72,4.9
KIC 4372620,CANDIDATE,K06409.01,0,0,0,0,19.9310602,97.9,14.2
KIC 4372961,FALSE POSITIVE,K06410.01,0,1,0,0,2.53470797,328.2,99.5
KIC 5119143,FALSE POSITIVE,K06527.01,1,0,0,0,0.530799654,318.5,12.5
KIC 5125048,FALSE POSITIVE,K06528.01,1,0,0,0,0.56818769,,
KIC 5126627,FALSE POSITIVE,K06529.01,1,0,0,0,1.0094779,,
KIC 5130890,FALSE POSITIVE,K06530.01,1,0,0,0,0.91057795,,
KIC 5164794,FALSE POSITIVE,K06531.01,1,0,1,0,1.0429419,412,40.9
KIC 5171707,CANDIDATE,K06532.01,0,0,0,0,0.813998812,183.4,13.7
KIC 5172274,FALSE POSITIVE,K06533.01,0,1,0,0,6.12650913,2434,3.1
KIC 5174492,FALSE POSITIVE,K06534.01,0,1,0,0,0.720589427,70,1.7
KIC 6068947,FALSE POSITIVE,K06661.01,0,1,0,0,0.573036404,4174.5,419.6
KIC 6103049,FALSE POSITIVE,K06662.01,0,1,0,0,0.643171495,41160,641.4
KIC 6109688,FALSE POSITIVE,K06663.01,0,1,0,0,14.086776961,106837,1856.9
KIC 6111011,CANDIDATE,K06664.01,0,0,0,0,14.7639145,162.5,7.7
KIC 6128141,FALSE POSITIVE,K06665.01,0,1,0,0,1.872620976,1530.6,181.9
KIC 6128245,CANDIDATE,K06666.01,0,0,0,0,1.118510435,72.7,9.9
KIC 6131659,FALSE POSITIVE,K06667.01,0,1,0,0,17.527826808,347519,2450.1
KIC 6146838,FALSE POSITIVE,K06668.01,0,1,0,0,27.467217305,71766.5,1986.1
KIC 6950275,FALSE POSITIVE,K06796.01,0,1,1,1,40.879068,499.2,12.2
KIC 6953219,FALSE POSITIVE,K06797.01,0,0,1,1,0.566802325,288.4,70.3
KIC 6956176,CANDIDATE,K06798.01,0,0,0,0,2.64185268,149.8,7.9
KIC 6962018,FALSE POSITIVE,K06799.01,0,1,0,0,0.634946497,426554,541.4
KIC 6965293,FALSE POSITIVE,K06800.01,0,1,0,0,5.077746556,18836.7,616.9
KIC 6967430,FALSE POSITIVE,K06801.01,0,0,0,1,2.00383703,42.3,10.5
KIC 7009828,FALSE POSITIVE,K06802.01,0,1,0,0,5.321224925,98872.1,1203.4
KIC 7025851,FALSE POSITIVE,K06803.01,0,1,0,0,2.340534383,241360,881.5
KIC 7870250,FALSE POSITIVE,K06926.01,1,0,1,1,0.580724809,64.2,16.9
KIC 7871395,FALSE POSITIVE,K06927.01,1,0,0,0,501.07647447,,
KIC 7885518,FALSE POSITIVE,K06928.01,0,0,1,0,1.72933255,29.7,17.1
KIC 7885570,FALSE POSITIVE,K06929.01,0,1,0,0,1.729338354,140158,379.7
KIC 7886329,FALSE POSITIVE,K06930.01,1,0,0,0,0.567493852,7984,1219.8
KIC 7902204,CANDIDATE,K06931.01,0,0,0,0,2.54031121,173.3,10.1
KIC 7919653,FALSE POSITIVE,K06932.01,0,1,0,0,2.105238039,94675,1071.9
KIC 7938468,FALSE POSITIVE,K06933.01,0,1,0,0,7.226944171,682175,3076.6
KIC 8560861,FALSE POSITIVE,K07059.01,0,1,0,1,31.973311701,75053.7,1554.1
KIC 8565900,FALSE POSITIVE,K07060.01,1,0,0,0,1.64125844,,
KIC 8566113,CANDIDATE,K07061.01,0,0,0,0,1.371587993,456.1,43.3
KIC 8569819,FALSE POSITIVE,K07062.01,0,1,0,0,20.849919614,313094,1614.7
KIC 8574270,FALSE POSITIVE,K07063.01,0,1,0,0,15.120212531,24616.5,928.2
KIC 8581658,FALSE POSITIVE,K07064.01,0,1,0,0,3.481657589,347012,7428.7
KIC 8590527,FALSE POSITIVE,K07065.01,0,1,0,0,0.739769962,20729.3,726.2
KIC 8604993,FALSE POSITIVE,K07066.01,0,1,0,0,6.570421193,60118,712.6
KIC 8608490,FALSE POSITIVE,K07067.01,0,1,0,0,0.541405029,327656,541.2
KIC 9579789,FALSE POSITIVE,K07193.01,0,0,1,1,2.17814186,127.7,11.2
KIC 9581498,FALSE POSITIVE,K07194.01,1,0,0,0,10.54884842,,
KIC 9588862,CANDIDATE,K07195.01,0,0,0,0,5.89773974,77.9,8.1
KIC 9592855,FALSE POSITIVE,K07196.01,1,0,0,1,0.609662423,140917,3250.1
KIC 9596064,CANDIDATE,K07197.01,0,0,0,0,1.74145041,370.6,10.9
KIC 9596187,FALSE POSITIVE,K07198.01,0,1,0,0,0.953299962,2236.6,298.0
KIC 9596892,CANDIDATE,K07199.01,0,0,0,0,20.2944118,453.9,5.6
KIC 9597095,FALSE POSITIVE,K07200.01,0,1,0,0,2.745640575,45264.7,918.0
KIC 10450504,CANDIDATE,K07327.01,0,0,0,0,17.9908273,660,10.9
KIC 10454401,FALSE POSITIVE,K07328.01,0,1,0,0,12.180721266,414950,1809.8
KIC 10462826,FALSE POSITIVE,K07329.01,0,1,0,0,50.467024395,103144,1435.1
KIC 10464199,CANDIDATE,K07330.01,0,0,0,0,198.11309,53.3,8.3
KIC 10468514,FALSE POSITIVE,K07331.01,0,1,0,0,0.84986054,6571.5,100.1
KIC 10471113,FALSE POSITIVE,K07332.01,0,0,1,0,0.933728196,67.7,13.3
KIC 10481054,FALSE POSITIVE,K07333.01,0,0,0,1,2.03742712,36,11.4
KIC 10486425,FALSE POSITIVE,K07334.01,0,1,0,0,5.274819905,108965,902.5
KIC 11560447,FALSE POSITIVE,K07458.01,0,1,0,0,0.527678272,247744,706.1
KIC 11601357,FALSE POSITIVE,K07459.01,1,0,0,0,3.55027051,212.7,7.6
KIC 11602794,CANDIDATE,K07460.01,0,0,0,0,5.70509519,283.6,9.2
KIC 11615481,FALSE POSITIVE,K07461.01,0,1,0,0,65.4317194,153407,1146.6
KIC 11616200,FALSE POSITIVE,K07462.01,0,1,0,0,1.718649321,190567,833.4
KIC 11616631,FALSE POSITIVE,K07463.01,1,0,1,1,7.2949175,182.8,18.9
KIC 11616663,FALSE POSITIVE,K07464.01,1,0,1,1,7.2935801,124.5,26.6
KIC 11618798,FALSE POSITIVE,K07465.01,1,0,1,0,42.9261364,378.4,8.6
KIC 2570505,FALSE POSITIVE,K06279.01,0,0,1,1,1.89129338,33.8,15.1
KIC 2570767,FALSE POSITIVE,K06280.01,0,0,1,1,1.89124453,31,19.4
KIC 2571075,FALSE POSITIVE,K06281.01,1,0,0,1,1.89134201,128.9,8.9
KIC 2576692,FALSE POSITIVE,K06282.01,0,1,0,0,87.87826191,339056,1974.6
KIC 2580872,FALSE POSITIVE,K06283.01,1,0,0,0,15.926632768,271858,2278.9
KIC 2583777,FALSE POSITIVE,K06284.01,0,1,1,0,0.958116585,2374.1,296.0
KIC 2693092,FALSE POSITIVE,K06285.01,0,1,0,0,39.841522897,143685,4421.6
KIC 2708156,FALSE POSITIVE,K06286.01,0,1,0,0,1.891268461,641910,4211.8
KIC 2708172,FALSE POSITIVE,K06287.01,0,0,1,1,1.89114441,49.9,16.7
KIC 4375101,FALSE POSITIVE,K06411.01,0,1,0,0,61.25964956,233258,880.3
KIC 4380283,FALSE POSITIVE,K06412.01,0,1,0,0,0.872359598,267053,1063.2
KIC 4384793,FALSE POSITIVE,K06413.01,1,0,0,0,374.318792,1541400.0,10.3
KIC 4445630,FALSE POSITIVE,K06414.01,0,1,0,0,5.627911313,434329,2890.7
KIC 4446411,FALSE POSITIVE,K06415.01,0,0,1,0,0.62927655,839.5,30.9
KIC 4454219,FALSE POSITIVE,K06416.01,0,1,0,0,1.22578134,99376,86.8
KIC 4456622,FALSE POSITIVE,K06417.01,0,1,0,0,0.751408792,17481,267.3
KIC 4482738,FALSE POSITIVE,K06418.01,1,0,1,1,0.866344816,233.6,46.5
KIC 4484312,FALSE POSITIVE,K06419.01,0,0,0,1,2.24294107,39.4,12.1
KIC 5174920,FALSE POSITIVE,K06535.01,1,0,0,0,0.950487062,11.5,15.4
KIC 5181455,FALSE POSITIVE,K06536.01,0,1,0,0,5.579631021,118321,1268.7
KIC 5193386,FALSE POSITIVE,K06537.01,1,0,0,1,21.37831102,80571,852.2
KIC 5193439,CANDIDATE,K06538.01,0,0,0,0,129.847318,198.4,11.1
KIC 5196851,FALSE POSITIVE,K06539.01,1,0,0,0,0.541396363,181,20.4
KIC 5199978,FALSE POSITIVE,K06540.01,0,1,1,0,0.550509602,123.5,24.0
KIC 5211470,FALSE POSITIVE,K06541.01,0,1,0,0,2.404293523,8150.9,471.2
KIC 5215508,CANDIDATE,K06542.01,0,0,0,0,0.8867443,,
KIC 6147573,FALSE POSITIVE,K06669.01,0,1,0,0,25.836831272,145045,3016.9
KIC 6152521,FALSE POSITIVE,K06670.01,1,0,0,0,0.94895231,57.7,18.1
KIC 6185717,FALSE POSITIVE,K06671.01,0,1,0,0,11.702203927,28998.7,2184.7
KIC 6187508,CANDIDATE,K06672.01,0,0,0,0,2.28494301,161.8,10.6
KIC 6205460,FALSE POSITIVE,K06673.01,0,1,0,0,3.722775537,107594,864.9
KIC 6206751,FALSE POSITIVE,K06674.01,0,1,0,0,1.245342215,234086,1178.5
KIC 6207053,FALSE POSITIVE,K06675.01,0,1,1,0,0.604755462,334.5,40.3
KIC 6209225,CANDIDATE,K06676.01,0,0,0,0,439.21978,342.3,10.3
KIC 6220470,FALSE POSITIVE,K06677.01,0,1,0,0,8.144135648,87880.8,6113.7
KIC 7031132,FALSE POSITIVE,K06804.01,1,0,0,1,0.566795196,14.8,13.1
KIC 7031732,FALSE POSITIVE,K06805.01,0,1,1,1,0.566798827,34.9,21.9
KIC 7031767,FALSE POSITIVE,K06806.01,1,0,1,1,0.56678012,27.6,13.5
KIC 7031948,FALSE POSITIVE,K06807.01,1,0,1,1,0.566800113,104,18.1
KIC 7031992,FALSE POSITIVE,K06808.01,1,0,1,1,0.56679293,101.1,22.1
KIC 7032117,FALSE POSITIVE,K06809.01,1,0,0,1,0.566809491,69.5,21.0
KIC 7032174,FALSE POSITIVE,K06810.01,0,0,0,1,0.566799218,18.2,19.2
KIC 7032383,FALSE POSITIVE,K06811.01,1,0,1,1,0.566797404,69.4,18.8
KIC 7939761,CANDIDATE,K06934.01,0,0,0,0,22.2548897,83.8,11.8
KIC 7943535,FALSE POSITIVE,K06935.01,0,1,0,0,4.719336335,12367.1,632.4
KIC 7947631,FALSE POSITIVE,K06936.01,0,1,0,0,1.258274109,14159.9,669.1
KIC 7950775,FALSE POSITIVE,K06937.01,0,1,0,0,8.966610607,59618.5,2049.1
KIC 7955301,FALSE POSITIVE,K06938.01,0,1,0,0,15.32763411,17749,117.0
KIC 7960295,FALSE POSITIVE,K06939.01,0,1,0,0,2.10413487,321239,86.4
KIC 7960547,FALSE POSITIVE,K06940.01,0,1,0,0,6.767341062,244952,3356.8
KIC 7967100,FALSE POSITIVE,K06941.01,0,1,1,0,1.92730001,6177.1,351.1
KIC 8610483,FALSE POSITIVE,K07068.01,0,1,0,0,48.79936881,324547,1151.6
KIC 8613446,CANDIDATE,K07069.01,0,0,0,0,1.01485981,243,8.4
KIC 8618226,FALSE POSITIVE,K07070.01,0,1,0,0,5.882036054,238518,2168.4
KIC 8621026,FALSE POSITIVE,K07071.01,0,1,0,0,4.059428737,245217,5461.0
KIC 8624860,CANDIDATE,K07072.01,0,0,0,0,15.3902613,76.8,9.4
KIC 8625408,CANDIDATE,K07073.01,0,0,0,0,279.036565,395.2,31.7
KIC 8686442,CANDIDATE,K07074.01,0,0,0,0,26.8552365,194.2,6.7
KIC 8690001,FALSE POSITIVE,K07075.01,1,0,0,0,19.35954117,386979,3590.2
KIC 8693536,CANDIDATE,K07076.01,0,0,0,0,16.2347636,115.5,10.7
KIC 9597854,FALSE POSITIVE,K07201.01,0,0,1,0,1.287097944,106.1,12.3
KIC 9602431,FALSE POSITIVE,K07202.01,0,0,1,1,3.5565617,68,10.0
KIC 9602538,FALSE POSITIVE,K07203.01,0,0,0,1,3.55646511,46.1,7.8
KIC 9630640,FALSE POSITIVE,K07204.01,1,0,0,0,3.661895766,35477.1,291.7
KIC 9635520,CANDIDATE,K07205.01,0,0,0,0,2.3518268,576.6,24.5
KIC 9635529,FALSE POSITIVE,K07206.01,0,1,0,0,2.35195525,212828,1819.1
KIC 9637299,FALSE POSITIVE,K07207.01,0,1,0,0,1.882438182,344205,2051.3
KIC 9639106,CANDIDATE,K07208.01,0,0,0,0,3.57944367,117.2,8.5
KIC 9640123,CANDIDATE,K07209.01,0,0,0,0,8.2553499,54.5,10.0
KIC 10490960,FALSE POSITIVE,K07335.01,1,0,0,0,5.682410334,220418,2041.6
KIC 10491031,FALSE POSITIVE,K07336.01,0,1,0,0,2.199069234,225250,5915.4
KIC 10535807,FALSE POSITIVE,K07337.01,0,1,0,0,1.481655821,59134,554.4
KIC 10535858,FALSE POSITIVE,K07338.01,1,0,1,1,0.93370968,62.2,9.2
KIC 10546063,CANDIDATE,K07339.01,0,0,0,0,10.6982275,246,9.1
KIC 10547685,FALSE POSITIVE,K07340.01,0,1,1,0,1.388509353,37637.5,454.6
KIC 10549576,FALSE POSITIVE,K07341.01,0,1,0,0,9.089355023,101478,756.4
KIC 10552700,FALSE POSITIVE,K07342.01,1,0,0,0,0.94808587,229.8,145.3
KIC 11619964,FALSE POSITIVE,K07466.01,0,1,0,0,10.368552685,153233,3170.1
KIC 11650543,CANDIDATE,K07467.01,0,0,0,0,7.20558084,58,8.7
KIC 11651105,FALSE POSITIVE,K07468.01,1,0,0,0,13.8602646,481.1,72.3
KIC 11662440,FALSE POSITIVE,K07469.01,0,1,0,0,13.639480425,81103,664.1
KIC 11671646,CANDIDATE,K07470.01,0,0,0,0,392.50115,391.2,8.9
KIC 11672354,CANDIDATE,K07471.01,0,0,0,0,5.29655591,135.4,9.3
KIC 11704044,FALSE POSITIVE,K07472.01,0,1,0,0,6.882686062,373662,2842.2
KIC 11706658,FALSE POSITIVE,K07473.01,0,1,0,0,1.407937865,50793,137.3
KIC 2708445,FALSE POSITIVE,K06288.01,0,0,1,1,1.89117723,176.2,17.4
KIC 2708614,FALSE POSITIVE,K06289.01,0,1,0,0,52.884577,11969,72.6
KIC 2711114,FALSE POSITIVE,K06290.01,0,1,0,0,1.429439352,3367.1,292.0
KIC 2716979,CANDIDATE,K06291.01,0,0,0,0,8.8324193,74.1,8.1
KIC 2720354,FALSE POSITIVE,K06292.01,0,1,0,0,2.821328194,64776,1227.3
KIC 2834463,CANDIDATE,K06293.01,0,0,0,0,5.88836941,119.9,8.3
KIC 2852560,FALSE POSITIVE,K06294.01,1,0,0,0,11.961308501,310679,1907.8
KIC 2856960,FALSE POSITIVE,K06295.01,0,1,0,0,204.280255,10579,35.1
KIC 4484356,FALSE POSITIVE,K06420.01,0,1,0,0,0.572079631,127786,578.2
KIC 4489844,FALSE POSITIVE,K06421.01,0,0,1,0,0.822314545,32.7,3.8
KIC 4540632,FALSE POSITIVE,K06422.01,0,1,0,0,31.005392846,560314,1236.1
KIC 4544623,FALSE POSITIVE,K06423.01,0,1,1,1,2.189097,3001,13.5
KIC 4565985,FALSE POSITIVE,K06424.01,0,1,0,0,17.51191534,728.8,41.0
KIC 4567118,CANDIDATE,K06425.01,0,0,0,0,521.10826,244.7,8.7
KIC 4569590,FALSE POSITIVE,K06426.01,1,0,0,0,41.3701638,6907.1,91.3
KIC 4574310,FALSE POSITIVE,K06427.01,0,1,0,0,1.306220168,481370,2019.4
KIC 4575824,FALSE POSITIVE,K06428.01,0,1,0,0,631.632,295.1,8.6
KIC 5216727,FALSE POSITIVE,K06543.01,0,1,1,0,0.756511623,41596.1,845.0
KIC 5218014,FALSE POSITIVE,K06544.01,0,1,0,0,10.845286549,7473.8,416.1
KIC 5255552,FALSE POSITIVE,K06545.01,0,1,0,0,32.45541269,136386,180.9
KIC 5263167,CANDIDATE,K06546.01,0,0,0,0,3.39401963,98.4,10.0
KIC 5266937,FALSE POSITIVE,K06547.01,0,1,0,0,5.917085496,563292,1331.5
KIC 5269407,FALSE POSITIVE,K06548.01,0,1,0,0,0.958871144,232350,1191.2
KIC 5271803,FALSE POSITIVE,K06549.01,0,1,0,0,0.5402463,1148,1.6
KIC 5272571,FALSE POSITIVE,K06550.01,0,0,1,1,1.288046428,32.3,20.3
KIC 6228703,FALSE POSITIVE,K06678.01,0,1,0,0,4.200206781,82364.4,943.7
KIC 6231401,FALSE POSITIVE,K06679.01,0,1,0,0,6.091954982,36700,1508.7
KIC 6265961,CANDIDATE,K06680.01,0,0,0,0,5.52507406,61.5,9.8
KIC 6279823,FALSE POSITIVE,K06681.01,1,0,0,0,485.52409,4147,10.8
KIC 6283224,FALSE POSITIVE,K06682.01,1,0,0,0,0.76647343,199901,545.0
KIC 6285094,FALSE POSITIVE,K06683.01,0,0,1,1,5.2439783,93.5,13.1
KIC 6285396,FALSE POSITIVE,K06684.01,1,0,1,1,5.2436639,93.5,10.4
KIC 6285397,FALSE POSITIVE,K06685.01,0,0,0,1,5.2438269,128.6,11.3
KIC 7032968,FALSE POSITIVE,K06812.01,0,0,0,1,0.56678702,7.5,11.2
KIC 7033713,FALSE POSITIVE,K06813.01,0,0,1,1,2.19642864,99.5,11.8
KIC 7033748,FALSE POSITIVE,K06814.01,0,1,0,0,2.19635512,266552,2132.0
KIC 7049486,FALSE POSITIVE,K06815.01,0,1,0,0,26.718417546,72975.7,2173.1
KIC 7050754,FALSE POSITIVE,K06816.01,0,1,0,0,0.615787196,110.6,23.9
KIC 7090801,FALSE POSITIVE,K06817.01,1,0,0,0,548.08441,560,7.4
KIC 7097571,FALSE POSITIVE,K06818.01,0,1,0,0,2.213964145,123355,951.4
KIC 7103300,CANDIDATE,K06819.01,0,0,0,0,3.226232203,36.3,9.9
KIC 7970629,FALSE POSITIVE,K06942.01,0,1,0,0,1.025534511,110948,3769.0
KIC 7970760,FALSE POSITIVE,K06943.01,0,1,0,0,7.64941291,236246,9054.7
KIC 7971389,FALSE POSITIVE,K06944.01,0,1,0,0,13.174807933,71070.9,1812.6
KIC 7976136,FALSE POSITIVE,K06945.01,0,1,1,0,0.655094658,372,59.5
KIC 7976435,FALSE POSITIVE,K06946.01,1,0,0,0,3.33287187,,
KIC 7985167,FALSE POSITIVE,K06947.01,0,1,0,0,0.692239369,62962,469.2
KIC 7987749,FALSE POSITIVE,K06948.01,0,1,0,0,17.030857558,77832.4,1947.8
KIC 8007675,CANDIDATE,K06949.01,0,0,0,0,2.352446342,32.5,7.2
KIC 8700506,FALSE POSITIVE,K07077.01,0,1,0,0,43.797829003,415020,1375.1
KIC 8701327,FALSE POSITIVE,K07078.01,0,1,0,0,4.254417651,294547,2074.5
KIC 8711548,FALSE POSITIVE,K07079.01,0,1,0,0,18.778162159,488408,3788.7
KIC 8713828,FALSE POSITIVE,K07080.01,1,0,0,0,1.25451792,,
KIC 8719897,FALSE POSITIVE,K07081.01,0,1,0,0,1.575710265,173954,1975.1
KIC 8736245,FALSE POSITIVE,K07082.01,0,1,0,0,2.534740757,364349,675.7
KIC 8738115,FALSE POSITIVE,K07083.01,0,1,0,0,37.59406667,28617.7,485.8
KIC 8739209,FALSE POSITIVE,K07084.01,1,0,0,0,3.6972959,19.7,23.6
KIC 8746310,FALSE POSITIVE,K07085.01,0,1,0,0,6.855624762,70873,1397.7
KIC 9640921,FALSE POSITIVE,K07210.01,0,1,0,0,80.7060641,11851.5,268.1
KIC 9641031,FALSE POSITIVE,K07211.01,0,1,0,0,1.089077111,304072,476.6
KIC 9641103,FALSE POSITIVE,K07212.01,0,0,0,1,1.089057762,37.4,9.2
KIC 9644411,FALSE POSITIVE,K07213.01,0,0,1,0,0.379412331,594,20.2
KIC 9644683,FALSE POSITIVE,K07214.01,1,0,1,1,0.585940879,1943.6,189.9
KIC 9651602,CANDIDATE,K07215.01,0,0,0,0,3.90735046,109.3,10.0
KIC 9652166,FALSE POSITIVE,K07216.01,1,0,0,0,0.646523404,25.2,14.2
KIC 10556578,FALSE POSITIVE,K07343.01,0,1,0,0,0.626431697,37224,174.0
KIC 10583181,FALSE POSITIVE,K07344.01,0,1,0,0,2.696354974,245988,2717.0
KIC 10586619,CANDIDATE,K07345.01,0,0,0,0,377.501257,541.4,13.9
KIC 10592163,FALSE POSITIVE,K07346.01,0,1,0,0,14.762889172,79329.6,1779.1
KIC 10597164,FALSE POSITIVE,K07347.01,0,0,1,1,4.5638537,71.9,16.8
KIC 10601538,FALSE POSITIVE,K07348.01,0,0,1,1,1.463775066,45.1,12.7
KIC 10601579,FALSE POSITIVE,K07349.01,0,1,0,0,8.098754149,56616.3,5402.0
KIC 10613718,FALSE POSITIVE,K07350.01,1,0,0,0,0.587938916,7339.5,563.0
KIC 8557246,FALSE POSITIVE,K07895.01,1,0,0,0,246.87131,433.6,6.9
KIC 11709022,FALSE POSITIVE,K07474.01,1,0,0,0,0.71957289,,
KIC 11724091,FALSE POSITIVE,K07475.01,0,1,0,0,1.559090282,226981,1315.5
KIC 11757422,FALSE POSITIVE,K07476.01,0,1,1,0,1.81993557,109.1,10.1
KIC 11763910,FALSE POSITIVE,K07477.01,1,0,1,0,0.612888148,43.1,15.9
KIC 11768970,FALSE POSITIVE,K07478.01,0,1,0,0,15.541358818,10308.2,773.4
KIC 11773625,CANDIDATE,K07479.01,0,0,0,0,7.1969168,47.1,10.4
KIC 11775530,FALSE POSITIVE,K07480.01,1,0,1,0,12.8177012,75.6,8.0
KIC 11811454,FALSE POSITIVE,K07481.01,0,1,0,0,2.274628199,103972,2047.9
KIC 8560280,FALSE POSITIVE,K07896.01,0,0,1,1,85.338393,633,27.9
KIC 2860594,FALSE POSITIVE,K06296.01,0,1,0,0,5.499941793,47751.3,814.1
KIC 2860788,FALSE POSITIVE,K06297.01,0,1,0,0,2.629870555,101310,1026.0
KIC 2969638,FALSE POSITIVE,K06298.01,1,0,0,0,1.97362159,,
KIC 2970670,CANDIDATE,K06299.01,0,0,0,0,0.947554749,65.4,12.4
KIC 2973509,FALSE POSITIVE,K06300.01,1,0,0,0,6.62761199,227141,4355.5
KIC 2994092,CANDIDATE,K06301.01,0,0,0,0,50.271927,574.5,9.3
KIC 2998124,FALSE POSITIVE,K06302.01,0,1,0,0,28.597880332,85951.6,2526.2
KIC 3098194,FALSE POSITIVE,K06303.01,0,1,0,0,30.476518853,326626,1347.9
KIC 4578594,FALSE POSITIVE,K06429.01,0,1,0,0,252.1638623,103788,864.5
KIC 4587448,FALSE POSITIVE,K06430.01,1,0,0,0,2.23416013,,
KIC 4633434,FALSE POSITIVE,K06431.01,0,1,0,0,22.271198511,179042,2141.3
KIC 4661634,FALSE POSITIVE,K06432.01,0,1,0,0,73.894163515,213900,3902.3
KIC 4665989,FALSE POSITIVE,K06433.01,0,1,0,0,1.124033822,247561,792.9
KIC 4671584,FALSE POSITIVE,K06434.01,0,1,1,0,2.796661168,2363.8,251.4
KIC 4678171,FALSE POSITIVE,K06435.01,0,1,0,0,15.288709179,512474,1758.7
KIC 4681152,FALSE POSITIVE,K06436.01,0,1,0,0,1.83592242,30745.9,1378.9
KIC 4725292,FALSE POSITIVE,K06437.01,1,0,0,0,1.15495063,,
KIC 8297017,CANDIDATE,K07879.01,0,0,0,0,128.208643,212.2,8.9
KIC 5282656,FALSE POSITIVE,K06551.01,0,0,1,0,1.516372183,93.8,8.8
KIC 5284133,FALSE POSITIVE,K06552.01,0,1,0,0,8.784575777,262984,4761.5
KIC 5285607,FALSE POSITIVE,K06553.01,0,1,0,0,1.949700508,38119.2,2271.0
KIC 5286786,FALSE POSITIVE,K06554.01,0,1,0,0,9.948701373,2749.5,103.1
KIC 5288543,FALSE POSITIVE,K06555.01,0,1,0,0,3.457078812,315517,6009.0
KIC 5294739,FALSE POSITIVE,K06556.01,0,1,0,0,3.735993484,617987,1587.7
KIC 5295206,CANDIDATE,K06557.01,0,0,0,0,6.63448023,71.2,10.3
KIC 5298620,FALSE POSITIVE,K06558.01,1,0,1,1,12.4239677,162.4,12.8
KIC 5300878,FALSE POSITIVE,K06559.01,0,1,0,0,0.639721284,465918,1012.9
KIC 6292732,FALSE POSITIVE,K06686.01,0,0,0,1,1.25338826,44.7,14.8
KIC 6307000,CANDIDATE,K06687.01,0,0,0,0,1.002591901,143.2,11.1
KIC 6311637,FALSE POSITIVE,K06688.01,0,1,0,0,1.620813697,121323,680.4
KIC 6345758,CANDIDATE,K06689.01,0,0,0,0,3.37116682,71.4,9.8
KIC 6364126,FALSE POSITIVE,K06690.01,0,1,1,1,5.2434664,119.4,10.7
KIC 6364195,FALSE POSITIVE,K06691.01,1,0,1,1,5.2439542,143.8,14.2
KIC 6364200,FALSE POSITIVE,K06692.01,0,0,0,1,5.2441517,90.1,10.5
KIC 6364247,FALSE POSITIVE,K06693.01,0,0,1,1,5.2443332,29.9,13.5
KIC 7105574,FALSE POSITIVE,K06820.01,0,1,0,0,20.726069913,118864,1216.8
KIC 7115200,FALSE POSITIVE,K06821.01,1,0,0,1,0.566801447,16.2,13.8
KIC 7115332,FALSE POSITIVE,K06822.01,1,0,0,1,0.566794934,68.9,21.7
KIC 7115463,FALSE POSITIVE,K06823.01,1,0,1,1,0.566800287,73.9,23.3
KIC 7115597,FALSE POSITIVE,K06824.01,1,0,0,1,0.566791946,125.7,14.1
KIC 7115878,FALSE POSITIVE,K06825.01,1,0,1,1,0.566790294,64,22.6
KIC 7116043,FALSE POSITIVE,K06826.01,0,0,1,1,0.566799725,46.7,12.5
KIC 7116226,FALSE POSITIVE,K06827.01,1,0,0,1,0.566801325,92.1,26.4
KIC 8008128,FALSE POSITIVE,K06950.01,0,1,0,0,14.854415674,77410.4,2822.1
KIC 8009500,FALSE POSITIVE,K06951.01,0,1,0,0,38.47674409,173168,3487.8
KIC 8013289,FALSE POSITIVE,K06952.01,1,0,0,0,10.643110689,316.3,153.7
KIC 8016214,FALSE POSITIVE,K06953.01,0,1,0,0,1.587485742,246568,996.8
KIC 8016692,CANDIDATE,K06954.01,0,0,0,0,6.613671,32.8,10.2
KIC 8027902,FALSE POSITIVE,K06955.01,1,0,0,0,1.79621807,47,42.0
KIC 8039925,FALSE POSITIVE,K06956.01,1,0,0,0,20.2594232,82.6,23.7
KIC 8042644,CANDIDATE,K06957.01,0,0,0,0,1.48062814,62.5,10.3
KIC 8081389,FALSE POSITIVE,K06958.01,0,1,0,0,1.489442254,417901,2309.2
KIC 8750094,FALSE POSITIVE,K07086.01,1,0,1,0,1.12679793,227.2,21.1
KIC 8758161,FALSE POSITIVE,K07087.01,0,1,0,0,0.998217563,87567.2,3979.1
KIC 8760760,CANDIDATE,K07088.01,0,0,0,0,2.68814059,145.2,9.1
KIC 8767034,FALSE POSITIVE,K07089.01,1,0,1,0,0.58640848,61.3,23.6
KIC 8773948,FALSE POSITIVE,K07090.01,0,1,0,0,33.46947449,164608,1255.2
KIC 8784288,FALSE POSITIVE,K07091.01,0,1,0,0,1.827558898,314683,920.8
KIC 8804358,FALSE POSITIVE,K07092.01,1,0,0,0,62.519211,277.6,6.7
KIC 8807057,CANDIDATE,K07093.01,0,0,0,0,97.991569,126.8,9.0
KIC 8508493,FALSE POSITIVE,K07890.01,1,0,1,0,349.85525,842,7.9
KIC 9652632,FALSE POSITIVE,K07217.01,0,1,0,0,2.488812012,131002,3290.5
KIC 9655424,FALSE POSITIVE,K07218.01,1,0,1,0,0.51811818,99,7.8
KIC 9657636,FALSE POSITIVE,K07219.01,1,0,0,0,542.52829,75.2,11.2
KIC 9658089,CANDIDATE,K07220.01,0,0,0,0,1.057080807,60.6,11.3
KIC 9665503,FALSE POSITIVE,K07221.01,0,1,0,0,11.567974732,416030,2341.5
KIC 9673173,FALSE POSITIVE,K07222.01,0,1,0,0,21.294733865,123177,2674.6
KIC 9674320,CANDIDATE,K07223.01,0,0,0,0,317.062416,442.9,9.8
KIC 9693803,CANDIDATE,K07224.01,0,0,0,0,13.4959496,253.6,7.3
KIC 9711751,FALSE POSITIVE,K07225.01,0,1,0,0,0.855763492,131660,598.4
KIC 10619109,FALSE POSITIVE,K07351.01,0,1,0,0,2.045166206,263637,1488.6
KIC 10646620,FALSE POSITIVE,K07352.01,1,0,0,0,2.41349123,57,38.1
KIC 10649230,FALSE POSITIVE,K07353.01,0,0,1,0,0.447820618,58.3,28.4
KIC 10659624,CANDIDATE,K07354.01,0,0,0,0,43.2675604,69.1,10.0
KIC 10661913,FALSE POSITIVE,K07355.01,0,1,1,1,1.23133063,78.9,17.6
KIC 10661976,FALSE POSITIVE,K07356.01,1,0,1,1,0.61566096,13.9,8.5
KIC 10662021,FALSE POSITIVE,K07357.01,1,0,1,1,1.23140522,51.3,10.8
KIC 10665228,CANDIDATE,K07358.01,0,0,0,0,11.3251153,297.2,7.0
KIC 8560927,FALSE POSITIVE,K07897.01,0,0,0,1,31.9714488,42.9,9.2
KIC 11817750,FALSE POSITIVE,K07482.01,0,1,0,0,9.762550001,41579.9,827.0
KIC 11825996,CANDIDATE,K07483.01,0,0,0,0,16.9163386,64.2,6.3
KIC 11854636,CANDIDATE,K07484.01,0,0,0,0,37.0200232,581,6.6
KIC 11855538,FALSE POSITIVE,K07485.01,0,0,0,1,2.521265,36.5,5.9
KIC 11858541,FALSE POSITIVE,K07486.01,0,1,0,0,5.674353343,36484.5,1098.3
KIC 11873166,FALSE POSITIVE,K07487.01,0,1,0,0,0.734426335,99056,429.7
KIC 11873171,FALSE POSITIVE,K07488.01,0,0,1,1,0.734426409,94.1,10.4
KIC 11904704,CANDIDATE,K07489.01,0,0,0,0,0.565713361,86.4,11.6
KIC 3102024,FALSE POSITIVE,K06304.01,0,1,0,0,13.782522208,248937,1524.1
KIC 3110937,FALSE POSITIVE,K06305.01,0,0,1,1,1.89121656,66.8,10.7
KIC 3115480,FALSE POSITIVE,K06306.01,0,1,0,0,3.693702974,25208,568.7
KIC 3120320,FALSE POSITIVE,K06307.01,0,1,0,0,10.265613245,150465,5640.0
KIC 3127817,FALSE POSITIVE,K06308.01,0,1,0,0,2.163569702,54518,1513.2
KIC 3228740,FALSE POSITIVE,K06309.01,0,1,1,1,0.730956716,27.8,11.2
KIC 3230206,FALSE POSITIVE,K06310.01,0,0,1,1,7.04715073,282.5,9.8
KIC 3230227,FALSE POSITIVE,K06311.01,0,1,0,0,7.047106212,69626,548.5
KIC 4729553,FALSE POSITIVE,K06438.01,1,0,0,0,0.961292561,325530,1703.0
KIC 4736208,FALSE POSITIVE,K06439.01,0,1,0,0,63.68192888,341717,963.5
KIC 4737302,FALSE POSITIVE,K06441.01,0,1,0,0,9.455586047,115171,1876.9
KIC 4739194,FALSE POSITIVE,K06442.01,0,1,0,0,1.246585716,406770,2165.3
KIC 4739565,FALSE POSITIVE,K06443.01,0,1,0,1,0.898932836,61.1,22.3
KIC 4740688,FALSE POSITIVE,K06444.01,0,0,1,1,3.45423296,149.8,10.2
KIC 4753988,FALSE POSITIVE,K06445.01,0,1,0,0,7.304451735,143628,2096.8
KIC 4757331,FALSE POSITIVE,K06446.01,0,1,0,0,1.181046137,52609,324.4
KIC 5301955,FALSE POSITIVE,K06560.01,1,0,0,0,0.68396452,,
KIC 5306862,FALSE POSITIVE,K06561.01,0,1,0,0,2.025580416,44998.1,987.8
KIC 5307574,FALSE POSITIVE,K06562.01,0,0,1,0,58.64379,182.1,12.0
KIC 5308778,FALSE POSITIVE,K06563.01,0,1,0,0,20.28281916,2797.5,306.7
KIC 5310435,FALSE POSITIVE,K06564.01,0,1,0,0,4.931365987,255953,772.7
KIC 5343976,FALSE POSITIVE,K06565.01,0,1,0,0,4.331392455,200403,1234.3
KIC 5347537,FALSE POSITIVE,K06566.01,0,1,0,0,345.1846728,29988.7,687.5
KIC 5347784,FALSE POSITIVE,K06567.01,0,1,0,0,9.58405667,119630,2595.9
KIC 6364294,FALSE POSITIVE,K06694.01,0,0,1,0,5.2436612,88.3,14.5
KIC 6367439,FALSE POSITIVE,K06695.01,0,1,0,1,3.7789374,56,15.1
KIC 6367628,FALSE POSITIVE,K06696.01,0,1,0,0,1.88984957,249668,401.5
KIC 6368222,CANDIDATE,K06697.01,0,0,0,0,82.97062172,,
KIC 6372268,CANDIDATE,K06698.01,0,0,0,0,5.22422449,,
KIC 6384840,FALSE POSITIVE,K06699.01,1,0,1,0,2.49904083,128.2,8.1
KIC 6386784,FALSE POSITIVE,K06700.01,0,0,0,1,1.99567242,18,14.2
KIC 6390236,FALSE POSITIVE,K06701.01,1,0,0,0,0.89879279,26.6,5.7
KIC 6421188,FALSE POSITIVE,K06702.01,0,1,0,0,16.434352831,45699.5,2171.4
KIC 7116236,FALSE POSITIVE,K06828.01,0,1,1,1,0.566793818,100.3,18.3
KIC 7117513,FALSE POSITIVE,K06829.01,0,0,0,1,0.566797474,98.8,12.3
KIC 7117541,FALSE POSITIVE,K06830.01,0,1,1,0,1.585673651,44116.4,717.5
KIC 7118545,FALSE POSITIVE,K06831.01,0,1,0,0,14.797219157,252699,7795.3
KIC 7125636,FALSE POSITIVE,K06832.01,0,1,0,0,6.49066214,195090,1680.0
KIC 7128918,FALSE POSITIVE,K06833.01,0,1,0,0,7.11879848,107665,1483.2
KIC 7132015,FALSE POSITIVE,K06834.01,0,0,1,0,6.99510404,71.8,6.3
KIC 7135549,CANDIDATE,K06835.01,0,0,0,0,22.50053441,,
KIC 8088354,FALSE POSITIVE,K06959.01,0,1,0,0,2.897829967,163091,1305.8
KIC 8091197,CANDIDATE,K06960.01,0,0,0,0,4.88698386,125.4,10.1
KIC 8094140,FALSE POSITIVE,K06961.01,0,1,0,0,0.706428634,372128,1066.7
KIC 8094221,FALSE POSITIVE,K06962.01,0,1,0,0,10.8632531,188.2,25.4
KIC 8097825,FALSE POSITIVE,K06963.01,0,1,0,0,1.46842648,150998,622.8
KIC 8098300,FALSE POSITIVE,K06964.01,0,1,0,0,4.305917719,361389,6104.8
KIC 8098515,FALSE POSITIVE,K06965.01,1,0,0,0,1.28659726,,
KIC 8098960,CANDIDATE,K06966.01,0,0,0,0,8.47484677,217.8,9.7
KIC 8104436,FALSE POSITIVE,K06967.01,0,1,1,1,2.535389624,418.1,27.3
KIC 8815279,CANDIDATE,K07094.01,0,0,0,0,13.56092626,,
KIC 8822585,FALSE POSITIVE,K07095.01,1,0,0,0,1.627538928,39,29.9
KIC 8823397,FALSE POSITIVE,K07096.01,0,1,0,0,1.506503686,477104,3289.1
KIC 8841616,FALSE POSITIVE,K07097.01,0,1,0,0,1.679585725,101786,1884.3
KIC 8845221,FALSE POSITIVE,K07098.01,0,1,0,0,5.40346248,261346,2851.3
KIC 8845552,CANDIDATE,K07099.01,0,0,0,0,34.0357766,386.6,9.6
KIC 8848104,FALSE POSITIVE,K07100.01,0,1,0,0,0.824851807,30099.2,642.2
KIC 8848115,FALSE POSITIVE,K07101.01,0,1,1,1,0.82484293,618.6,10.0
KIC 8868657,FALSE POSITIVE,K07102.01,0,1,1,1,4.4473549,203.6,25.9
KIC 9726452,CANDIDATE,K07226.01,0,0,0,0,42.48452259,,
KIC 9762514,FALSE POSITIVE,K07227.01,0,0,1,1,7.51509713,187.1,10.1
KIC 9762519,FALSE POSITIVE,K07228.01,0,1,0,0,7.51514595,117463,1676.8
KIC 9777062,FALSE POSITIVE,K07229.01,0,1,0,0,19.230038188,266180,7232.1
KIC 9786821,FALSE POSITIVE,K07230.01,0,1,0,0,21.120005744,13054.3,443.9
KIC 9790965,FALSE POSITIVE,K07231.01,1,0,0,0,0.82206761,26189.8,486.3
KIC 9811915,CANDIDATE,K07232.01,0,0,0,0,1.96682825,214.3,9.5
KIC 9818732,FALSE POSITIVE,K07233.01,0,1,0,0,45.035589512,404836,1763.5
KIC 10665749,CANDIDATE,K07359.01,0,0,0,0,4.237447181,350.1,11.1
KIC 10670112,CANDIDATE,K07360.01,0,0,0,0,4.0953585,226.8,60.2
KIC 10680424,CANDIDATE,K07361.01,0,0,0,0,0.92623983,411.4,9.1
KIC 10685175,FALSE POSITIVE,K07362.01,1,0,0,0,3.10197712,124.6,63.3
KIC 10686876,FALSE POSITIVE,K07363.01,0,1,0,0,2.618414643,200864,3260.0
KIC 10686930,FALSE POSITIVE,K07364.01,0,0,1,1,2.61844178,45.1,12.7
KIC 10711913,FALSE POSITIVE,K07365.01,0,1,0,0,19.407958161,142059,2506.6
KIC 10732401,FALSE POSITIVE,K07366.01,1,0,0,1,0.933747375,198.9,35.9
KIC 11906217,FALSE POSITIVE,K07490.01,0,1,0,0,37.910213899,103474,1065.9
KIC 11913052,FALSE POSITIVE,K07491.01,0,0,1,1,3.74785307,145.9,17.0
KIC 11913071,FALSE POSITIVE,K07492.01,0,1,0,0,3.747835042,188923,6016.2
KIC 11918482,FALSE POSITIVE,K07493.01,0,1,0,0,0.94754848,11348,44.7
KIC 11922648,FALSE POSITIVE,K07494.01,0,0,1,1,1.75643185,51.6,9.6
KIC 11922782,FALSE POSITIVE,K07495.01,0,1,0,0,1.756466865,188219,541.9
KIC 11923819,FALSE POSITIVE,K07496.01,0,1,0,0,33.159475806,222167,3733.6
KIC 11959569,FALSE POSITIVE,K07497.01,0,1,0,0,46.14869106,349630,1021.3
KIC 11966557,FALSE POSITIVE,K07498.01,0,1,0,0,60.2976774,315892,1215.8
KIC 3241619,FALSE POSITIVE,K06312.01,0,1,0,0,1.703347524,504406,1288.0
KIC 3241662,FALSE POSITIVE,K06313.01,0,0,1,1,1.70332915,98.5,8.9
KIC 3245000,FALSE POSITIVE,K06314.01,0,0,1,0,20.413812,496.4,11.6
KIC 3246867,CANDIDATE,K06315.01,0,0,0,0,5.32737192,107.7,6.8
KIC 3247294,FALSE POSITIVE,K06316.01,0,1,0,0,67.41958542,182171,836.0
KIC 3248332,FALSE POSITIVE,K06317.01,1,0,0,0,7.363572395,129696,224.9
KIC 3249334,CANDIDATE,K06318.01,0,0,0,0,5.90260586,337.7,8.2
KIC 3323289,FALSE POSITIVE,K06319.01,0,1,0,0,33.693201537,508772,1618.4
KIC 3324069,CANDIDATE,K06320.01,0,0,0,0,22.80265,53.1,11.8
KIC 4758350,FALSE POSITIVE,K06447.01,0,1,0,0,1.120997701,145.6,58.1
KIC 4758368,FALSE POSITIVE,K06448.01,0,1,0,0,1.874967748,31525.9,1566.6
KIC 4760959,CANDIDATE,K06449.01,0,0,0,0,29.9315174,353,5.6
KIC 4764969,CANDIDATE,K06450.01,0,0,0,0,0.602277579,34.6,26.7
KIC 4768756,FALSE POSITIVE,K06451.01,0,0,1,1,2.40440112,27.1,16.7
KIC 4769824,FALSE POSITIVE,K06452.01,0,0,1,1,21.926779,198.6,10.5
KIC 4773155,FALSE POSITIVE,K06453.01,0,1,0,0,25.706001174,464960,2008.1
KIC 4830859,CANDIDATE,K06454.01,0,0,0,0,27.2173855,155.9,6.7
KIC 4832273,FALSE POSITIVE,K06455.01,1,0,0,0,501.90703,306.9,10.3
KIC 5353938,CANDIDATE,K06568.01,0,0,0,0,6.27651592,166,8.9
KIC 5359678,FALSE POSITIVE,K06569.01,0,1,0,0,3.115304946,149524,1398.8
KIC 5380812,CANDIDATE,K06570.01,0,0,0,0,16.214474,161.7,9.4
KIC 5385469,FALSE POSITIVE,K06571.01,1,0,0,1,12.422524,33.9,6.7
KIC 5385647,FALSE POSITIVE,K06572.01,0,1,0,1,12.4269264,126.6,28.3
KIC 5385667,FALSE POSITIVE,K06573.01,1,0,1,1,12.4261809,92.2,39.0
KIC 5388229,FALSE POSITIVE,K06574.01,1,0,0,0,0.61810542,12264,118.7
KIC 5389184,FALSE POSITIVE,K06575.01,0,0,1,0,1.06995136,54.8,10.8
KIC 6421483,FALSE POSITIVE,K06703.01,0,1,0,0,2.158398259,93038,217.0
KIC 6421937,FALSE POSITIVE,K06704.01,0,1,0,0,359.534371,5732,96.0
KIC 6423922,CANDIDATE,K06705.01,0,0,0,0,0.9951412,101.7,17.6
KIC 6428942,FALSE POSITIVE,K06706.01,1,0,0,0,534.86668,565,8.3
KIC 6437993,FALSE POSITIVE,K06708.01,1,0,0,0,1.39797542,43.2,15.5
KIC 6442246,FALSE POSITIVE,K06709.01,0,0,0,1,2.2127498,22.7,9.3
KIC 6443392,FALSE POSITIVE,K06710.01,1,0,0,0,0.776976021,21245,1582.9
KIC 7137798,FALSE POSITIVE,K06836.01,0,1,0,0,2.25353739,182828,904.8
KIC 7177553,FALSE POSITIVE,K06837.01,0,1,0,0,17.99646148,62755.2,1951.8
KIC 7177892,FALSE POSITIVE,K06838.01,0,1,0,0,1.386249249,47187.6,560.0
KIC 7185487,FALSE POSITIVE,K06839.01,1,0,0,0,0.53482911,704,9.8
KIC 7198648,FALSE POSITIVE,K06840.01,1,0,0,1,0.566799833,198,54.0
KIC 7199935,FALSE POSITIVE,K06841.01,1,0,1,1,0.566795728,18.9,12.4
KIC 7200102,FALSE POSITIVE,K06842.01,0,1,0,0,14.665759784,336981,1143.6
KIC 7200225,FALSE POSITIVE,K06843.01,1,0,1,1,0.566780836,60.9,18.7
KIC 8488381,CANDIDATE,K07888.01,0,0,0,0,4.7368156,35.3,6.9
KIC 8111622,FALSE POSITIVE,K06968.01,0,1,0,0,15.44605962,330907,2025.2
KIC 8112013,FALSE POSITIVE,K06969.01,0,1,0,0,1.790518325,61541.9,2493.3
KIC 8115647,CANDIDATE,K06970.01,0,0,0,0,40.7698541,239.8,8.8
KIC 8120820,CANDIDATE,K06971.01,0,0,0,0,129.222771,445.3,12.0
KIC 8123170,FALSE POSITIVE,K06972.01,1,0,0,0,1.03905082,43.8,9.9
KIC 8123937,FALSE POSITIVE,K06973.01,1,0,1,0,0.503201954,43,8.0
KIC 8128965,FALSE POSITIVE,K06974.01,0,1,0,0,7.140373046,205256,3250.0
KIC 8129189,FALSE POSITIVE,K06975.01,0,1,0,0,53.647084859,219095,3272.4
KIC 8878681,FALSE POSITIVE,K07103.01,0,1,0,0,2.496328637,20527,1412.4
KIC 8879427,FALSE POSITIVE,K07104.01,0,1,0,0,16.31328124,71589,982.3
KIC 8879915,FALSE POSITIVE,K07105.01,0,1,0,0,1.721313779,534625,742.8
KIC 8881169,CANDIDATE,K07106.01,0,0,0,0,5.01880305,98.7,10.3
KIC 8890996,FALSE POSITIVE,K07107.01,0,1,0,1,1.50650745,27.8,14.4
KIC 8906676,FALSE POSITIVE,K07108.01,0,1,0,0,8.209514329,141387,6579.3
KIC 8938628,FALSE POSITIVE,K07109.01,0,1,0,0,3.431126546,40248,308.5
KIC 8940961,FALSE POSITIVE,K07110.01,0,1,0,0,1.583334941,177074,368.8
KIC 8953278,CANDIDATE,K07111.01,0,0,0,0,23.59919017,,
KIC 9821078,FALSE POSITIVE,K07234.01,1,0,0,0,8.429438192,456346,3072.5
KIC 9821428,CANDIDATE,K07235.01,0,0,0,0,299.70688,230.7,8.6
KIC 9837013,CANDIDATE,K07236.01,0,0,0,0,14.461834,80.2,9.0
KIC 9848420,FALSE POSITIVE,K07237.01,0,0,1,0,7.9320191,125.1,8.8
KIC 9850387,FALSE POSITIVE,K07238.01,0,1,0,0,1.374249107,136655,520.3
KIC 9850912,FALSE POSITIVE,K07239.01,0,0,1,1,8.4804737,337,14.5
KIC 9852050,FALSE POSITIVE,K07240.01,1,0,0,0,0.94242156,,
KIC 9873869,FALSE POSITIVE,K07241.01,0,1,0,0,4.994773558,259761,5742.0
KIC 10736223,FALSE POSITIVE,K07367.01,0,1,0,0,1.105094098,730498,3732.8
KIC 10736489,CONFIRMED,K07368.01,0,0,0,0,6.842939,,
KIC 10743600,FALSE POSITIVE,K07369.01,0,1,0,0,0.8170226,167696,240.1
KIC 10751908,CANDIDATE,K07370.01,0,0,0,0,4.48538145,168.1,8.2
KIC 10753734,FALSE POSITIVE,K07371.01,0,1,0,0,19.40669392,464521,1496.8
KIC 10794242,FALSE POSITIVE,K07372.01,0,1,0,0,7.143708297,202685,2368.6
KIC 10794405,FALSE POSITIVE,K07373.01,0,1,1,1,0.952377862,2122.3,390.8
KIC 10809677,FALSE POSITIVE,K07374.01,0,1,0,0,3.521050679,4879.8,337.2
KIC 10812541,CANDIDATE,K07375.01,0,0,0,0,4.84847245,554.7,11.4
KIC 11967004,FALSE POSITIVE,K07499.01,0,1,0,0,1.941635737,69814.1,1243.7
KIC 11968490,FALSE POSITIVE,K07500.01,0,1,0,0,0.539445498,25302.2,511.4
KIC 11970288,FALSE POSITIVE,K07501.01,0,1,0,0,20.7106853,1003,154.4
KIC 12004679,FALSE POSITIVE,K07502.01,0,1,0,0,2.521245368,418375,1495.4
KIC 12004680,FALSE POSITIVE,K07503.01,0,0,1,1,2.52122764,127.3,8.9
KIC 12004689,FALSE POSITIVE,K07504.01,0,0,0,1,2.5212708,163.3,7.8
KIC 12013615,FALSE POSITIVE,K07505.01,0,1,0,0,8.202869679,345937,6499.9
KIC 12016243,CANDIDATE,K07506.01,0,0,0,0,11.8436119,199.3,10.4
KIC 12022517,FALSE POSITIVE,K07507.01,0,1,0,0,3.442714533,60039,964.8
KIC 3327980,FALSE POSITIVE,K06321.01,0,1,0,0,2.115510941,415163,1351.5
KIC 3329643,FALSE POSITIVE,K06322.01,1,0,1,1,1.015044104,158.2,33.6
KIC 3335816,FALSE POSITIVE,K06323.01,0,1,0,0,3.711013336,24989.1,757.0
KIC 3337438,FALSE POSITIVE,K06324.01,0,0,1,1,2.97606298,72.2,17.8
KIC 3337548,FALSE POSITIVE,K06325.01,1,0,0,1,2.97586085,105.9,9.1
KIC 3339538,FALSE POSITIVE,K06326.01,0,1,0,0,14.658013949,129645,3361.5
KIC 3341934,FALSE POSITIVE,K06327.01,0,1,0,0,18.839487435,182722,2003.1
KIC 3343866,FALSE POSITIVE,K06328.01,0,0,1,0,0.555973803,75.3,23.3
KIC 4839180,FALSE POSITIVE,K06456.01,0,1,0,0,4.426344495,276139,732.5
KIC 4840263,FALSE POSITIVE,K06457.01,0,1,0,0,0.957823876,104692,454.1
KIC 4840818,FALSE POSITIVE,K06458.01,0,1,0,0,5.024768971,53046.4,696.5
KIC 4847832,FALSE POSITIVE,K06459.01,0,1,0,0,30.960216668,340408,4578.3
KIC 4851217,FALSE POSITIVE,K06460.01,0,1,0,0,2.470283788,193828,967.7
KIC 4851338,FALSE POSITIVE,K06461.01,0,0,1,1,1.23516416,64.6,13.0
KIC 4851356,FALSE POSITIVE,K06462.01,0,0,1,1,1.23513471,42.8,12.0
KIC 4862332,FALSE POSITIVE,K06463.01,0,0,1,0,0.8903331,134.1,10.8
KIC 4862625,FALSE POSITIVE,K06464.01,0,1,0,0,20.000242814,13137.9,796.5
KIC 5393558,FALSE POSITIVE,K06576.01,0,1,0,0,10.217121652,205223,3617.5
KIC 5397905,FALSE POSITIVE,K06577.01,0,0,1,0,0.618060842,25.1,9.6
KIC 5444392,FALSE POSITIVE,K06578.01,0,1,0,0,0.759764419,393266,1728.1
KIC 5456979,CANDIDATE,K06579.01,0,0,0,0,2.6528082,153.1,9.8
KIC 5460835,FALSE POSITIVE,K06580.01,0,1,0,0,21.539269242,143753,2642.2
KIC 5462901,FALSE POSITIVE,K06581.01,0,1,0,0,5.270733213,293637,553.0
KIC 5466109,CANDIDATE,K06582.01,0,0,0,0,2.43135542,123.6,9.3
KIC 5471010,FALSE POSITIVE,K06583.01,1,0,1,1,12.4232158,261.5,23.6
KIC 6447326,FALSE POSITIVE,K06711.01,1,0,1,0,4.3206933,147.9,35.7
KIC 6448768,FALSE POSITIVE,K06712.01,0,1,0,0,16.486796364,48942.8,3181.5
KIC 6449291,FALSE POSITIVE,K06713.01,0,0,0,1,5.7768734,71,10.1
KIC 6449552,FALSE POSITIVE,K06714.01,0,1,0,0,20.148807707,526949,3487.5
KIC 6452742,FALSE POSITIVE,K06715.01,0,1,0,0,0.687772143,40368.3,679.8
KIC 6464285,FALSE POSITIVE,K06716.01,0,1,0,0,0.843651274,305452,1509.3
KIC 6466939,FALSE POSITIVE,K06717.01,0,1,0,0,1.142946648,412554,1054.4
KIC 6468938,FALSE POSITIVE,K06718.01,0,1,0,0,7.217010987,78713.8,1307.0
KIC 8429014,FALSE POSITIVE,K07885.01,0,0,1,0,9.72869627,252.2,19.1
KIC 7200301,FALSE POSITIVE,K06844.01,1,0,0,1,0.566791802,49.3,15.6
KIC 7203179,FALSE POSITIVE,K06845.01,1,0,0,0,2.245738777,483487,2121.8
KIC 7203194,FALSE POSITIVE,K06846.01,0,1,1,1,2.24572117,48.2,13.6
KIC 7204073,FALSE POSITIVE,K06847.01,1,0,0,1,0.566801906,89.7,27.0
KIC 7212722,FALSE POSITIVE,K06848.01,0,1,0,0,2.316171991,251484,2338.3
KIC 7217088,CANDIDATE,K06849.01,0,0,0,0,12.54474243,263.1,10.8
KIC 7280953,FALSE POSITIVE,K06850.01,0,0,0,1,0.56680208,,
KIC 7281217,FALSE POSITIVE,K06851.01,1,0,0,1,0.566810701,200,45.9
KIC 7281229,FALSE POSITIVE,K06852.01,1,0,0,0,0.566813319,129.1,17.0
KIC 8143170,FALSE POSITIVE,K06976.01,1,0,0,0,28.787257509,49618.4,1292.0
KIC 8145789,FALSE POSITIVE,K06977.01,0,1,0,0,0.835315046,16876.4,939.5
KIC 8145958,CANDIDATE,K06978.01,0,0,0,0,3.07551068,46.1,10.1
KIC 8155584,FALSE POSITIVE,K06979.01,0,1,0,0,26.0164225,41109,285.4
KIC 8155654,CANDIDATE,K06980.01,0,0,0,0,6.29340543,96.4,8.7
KIC 8158324,FALSE POSITIVE,K06981.01,1,0,0,0,593.19521,227.3,7.1
KIC 8162376,FALSE POSITIVE,K06982.01,0,0,1,1,0.706430188,50.8,11.0
KIC 8167504,CANDIDATE,K06983.01,0,0,0,0,7.7021729,74.6,9.5
KIC 8953281,FALSE POSITIVE,K07112.01,0,1,0,0,0.78430061,254.7,20.5
KIC 8953426,FALSE POSITIVE,K07113.01,0,1,0,0,2.665875491,161389,2274.7
KIC 8953475,FALSE POSITIVE,K07114.01,0,0,0,1,2.6658312,40.8,12.4
KIC 8957572,FALSE POSITIVE,K07115.01,1,0,0,0,1.5765874,29.2,27.9
KIC 8958811,CANDIDATE,K07116.01,0,0,0,0,2.52557582,35.4,10.7
KIC 8958939,CANDIDATE,K07117.01,0,0,0,0,8.2927558,103.3,8.4
KIC 8973000,FALSE POSITIVE,K07118.01,0,1,0,0,28.027891356,243231,2829.0
KIC 9881258,FALSE POSITIVE,K07242.01,0,1,0,0,2.028512246,121562,1545.8
KIC 9899153,FALSE POSITIVE,K07243.01,0,0,1,1,1.33256167,59.5,13.0
KIC 9899193,FALSE POSITIVE,K07244.01,0,0,1,1,1.332567821,31,5.0
KIC 9899410,FALSE POSITIVE,K07245.01,0,0,1,1,1.332545609,278.2,31.4
KIC 9899421,FALSE POSITIVE,K07246.01,0,0,1,1,1.33256256,174.9,11.9
KIC 9899577,FALSE POSITIVE,K07247.01,0,0,1,1,1.33258981,78.4,16.1
KIC 9899583,FALSE POSITIVE,K07248.01,0,1,1,1,1.33258375,60.9,16.4
KIC 9906489,FALSE POSITIVE,K07249.01,1,0,0,0,8.9648813,454.5,109.9
KIC 10815677,CANDIDATE,K07376.01,0,0,0,0,1.284241817,166.5,13.3
KIC 10816107,FALSE POSITIVE,K07377.01,0,1,0,0,2.161583501,50163,239.2
KIC 10847907,FALSE POSITIVE,K07379.01,1,0,0,0,0.535493486,54,5.1
KIC 10848097,CANDIDATE,K07380.01,0,0,0,0,15.9474242,191.7,6.5
KIC 10849244,FALSE POSITIVE,K07381.01,0,1,0,0,24.261683827,192283,5083.9
KIC 10857589,FALSE POSITIVE,K07382.01,0,1,0,0,32.532521502,83468.4,1595.1
KIC 10866969,CANDIDATE,K07383.01,0,0,0,0,50.0122,210.4,8.3
KIC 12022718,FALSE POSITIVE,K07508.01,0,1,0,0,4.627775175,5675.1,197.5
KIC 12053823,FALSE POSITIVE,K07509.01,1,0,0,0,28.7850347,102.9,6.2
KIC 12067960,CANDIDATE,K07510.01,0,0,0,0,5.60682001,150.7,9.9
KIC 12071006,FALSE POSITIVE,K07511.01,0,1,0,0,6.096030635,901661,4885.3
KIC 12105785,FALSE POSITIVE,K07512.01,0,1,0,0,31.953038766,17703.4,1364.9
KIC 12106875,FALSE POSITIVE,K07513.01,0,0,0,1,5.9371708,157.1,10.1
KIC 12157983,FALSE POSITIVE,K07514.01,0,1,1,1,0.577844035,320.4,94.0
KIC 12164751,FALSE POSITIVE,K07515.01,0,1,0,0,2.630090609,516932,1694.6
KIC 12217907,FALSE POSITIVE,K07516.01,0,1,0,0,43.204596783,202488,4750.2
KIC 3346543,CANDIDATE,K06329.01,0,0,0,0,12.4701111,89.7,9.3
KIC 3352751,FALSE POSITIVE,K06330.01,0,1,0,0,3.495457889,114625,724.0
KIC 3356193,CANDIDATE,K06331.01,0,0,0,0,5.8229815,281.6,8.1
KIC 3427776,FALSE POSITIVE,K06332.01,0,1,0,0,4.01668015,38007,87.9
KIC 3437739,FALSE POSITIVE,K06333.01,0,0,1,1,1.89134156,68.4,10.3
KIC 3440230,FALSE POSITIVE,K06334.01,0,1,0,0,2.881100027,662832,3316.5
KIC 3441340,FALSE POSITIVE,K06335.01,0,1,1,0,0.806277023,70.8,37.9
KIC 3448323,FALSE POSITIVE,K06336.01,1,0,1,1,0.513482156,91.6,12.6
KIC 4863369,FALSE POSITIVE,K06465.01,0,0,1,0,4.24748886,121,10.0
KIC 4863753,FALSE POSITIVE,K06466.01,0,0,1,0,1.000012952,36,11.9
KIC 4902030,FALSE POSITIVE,K06467.01,0,1,0,0,0.878803439,410723,524.8
KIC 4908495,FALSE POSITIVE,K06468.01,0,1,0,0,1.560158562,240156,459.9
KIC 4912589,FALSE POSITIVE,K06469.01,0,1,0,0,34.188302705,118440,2594.9
KIC 4914709,FALSE POSITIVE,K06470.01,0,1,0,1,8.65303996,497,14.7
KIC 4914737,FALSE POSITIVE,K06471.01,0,1,0,1,8.65311903,206.8,8.9
KIC 5471141,FALSE POSITIVE,K06584.01,0,1,1,1,12.4253812,115.3,26.8
KIC 5471328,FALSE POSITIVE,K06585.01,1,0,0,1,12.42555999,2964.8,122.0
KIC 5471415,FALSE POSITIVE,K06586.01,1,0,1,1,12.4257442,936,49.6
KIC 5471480,FALSE POSITIVE,K06587.01,1,0,1,1,12.4254241,378.9,36.0
KIC 5475712,FALSE POSITIVE,K06588.01,0,1,0,0,2.991884392,123880,1280.3
KIC 5479973,FALSE POSITIVE,K06589.01,0,1,0,0,1.795273026,125416,877.8
KIC 5513822,FALSE POSITIVE,K06590.01,0,0,1,1,0.755109271,23.2,12.9
KIC 5513833,FALSE POSITIVE,K06591.01,1,0,1,1,0.755101141,76.7,13.4
KIC 6471229,FALSE POSITIVE,K06719.01,0,0,0,1,1.75251585,125.9,14.2
KIC 6471230,FALSE POSITIVE,K06720.01,0,0,1,1,1.752450163,55.5,3.4
KIC 6521174,FALSE POSITIVE,K06721.01,0,0,1,0,8.27923132,164.9,10.9
KIC 6521542,FALSE POSITIVE,K06722.01,0,1,0,0,2.212877035,376200,2731.0
KIC 6522353,FALSE POSITIVE,K06723.01,0,0,1,0,0.845097627,86.5,10.7
KIC 6522750,FALSE POSITIVE,K06724.01,0,1,0,0,17.445640466,334158,4093.9
KIC 6523216,FALSE POSITIVE,K06725.01,0,1,0,0,14.313157391,21566.9,4262.9
KIC 6531485,FALSE POSITIVE,K06726.01,0,1,0,0,0.676990194,20505.9,997.0
KIC 6531801,FALSE POSITIVE,K06727.01,1,0,0,0,0.515875396,1773,9.1
KIC 7281356,FALSE POSITIVE,K06853.01,1,0,0,0,2.83401711,84.2,11.5
KIC 7281399,FALSE POSITIVE,K06854.01,1,0,0,1,0.566803996,141.6,23.4
KIC 7281410,FALSE POSITIVE,K06855.01,0,0,0,1,0.56681118,,
KIC 7281616,FALSE POSITIVE,K06856.01,1,0,0,1,0.566799927,145.1,28.9
KIC 7281699,FALSE POSITIVE,K06857.01,1,0,0,1,0.566786121,81.8,14.0
KIC 7282008,FALSE POSITIVE,K06858.01,1,0,1,1,0.56679797,72.6,14.0
KIC 7285616,FALSE POSITIVE,K06859.01,0,0,1,1,0.566802891,49.2,14.4
KIC 7335514,CANDIDATE,K06860.01,0,0,0,0,0.576732089,35.4,9.1
KIC 8178616,FALSE POSITIVE,K06984.01,0,0,0,1,1.01884975,30.9,14.8
KIC 8180290,CANDIDATE,K06985.01,0,0,0,0,10.9279755,71.5,7.3
KIC 8183389,FALSE POSITIVE,K06986.01,0,1,0,0,32.440339204,287602,2177.0
KIC 8192861,FALSE POSITIVE,K06987.01,1,0,1,0,0.552141897,105.6,42.8
KIC 8193315,FALSE POSITIVE,K06988.01,0,1,0,0,2.62387291,232468,2607.6
KIC 8195877,FALSE POSITIVE,K06989.01,1,0,0,0,0.75509861,60334,385.4
KIC 8196180,FALSE POSITIVE,K06990.01,1,0,0,0,3.671661096,129243,3152.6
KIC 8210721,FALSE POSITIVE,K06991.01,0,1,0,0,22.673145675,65410.8,912.0
KIC 8977176,FALSE POSITIVE,K07119.01,1,0,0,0,0.50948306,74.6,8.0
KIC 9001468,FALSE POSITIVE,K07120.01,0,1,0,0,17.329965871,252721,1938.7
KIC 9005854,FALSE POSITIVE,K07121.01,0,1,0,0,1.890227354,112262,252.0
KIC 9007918,FALSE POSITIVE,K07122.01,0,1,0,0,1.387206724,151432,1752.6
KIC 9007953,FALSE POSITIVE,K07123.01,0,0,1,1,1.38718209,45.5,7.2
KIC 9025739,CANDIDATE,K07125.01,0,0,0,0,7.918267,83.7,8.4
KIC 9029486,FALSE POSITIVE,K07126.01,0,1,0,0,3.138580493,233337,2387.8
KIC 9906802,FALSE POSITIVE,K07250.01,1,0,0,0,9.26147679,,
KIC 9906841,FALSE POSITIVE,K07251.01,1,0,0,0,581.0723,1364.2,15.9
KIC 9909965,CANDIDATE,K07252.01,0,0,0,0,10.2170589,121.3,7.9
KIC 9913481,FALSE POSITIVE,K07253.01,0,1,0,0,3.50474265,88625,977.2
KIC 9913798,FALSE POSITIVE,K07254.01,0,1,0,0,2.14344093,133317,645.9
KIC 9932197,CANDIDATE,K07255.01,0,0,0,0,86.95432088,,
KIC 9934208,FALSE POSITIVE,K07256.01,0,1,0,0,9.058487716,127971,2098.9
KIC 9936698,FALSE POSITIVE,K07257.01,0,1,0,0,2.856085147,173843,422.1
KIC 10867017,FALSE POSITIVE,K07384.01,0,1,1,0,0.876941133,73.5,12.3
KIC 10909274,FALSE POSITIVE,K07385.01,0,1,0,0,39.238141571,439208,969.3
KIC 10920813,FALSE POSITIVE,K07386.01,1,0,0,0,53.7406575,116722,3568.1
KIC 10923260,FALSE POSITIVE,K07387.01,0,1,0,0,7.436016459,106527,742.1
KIC 10924400,FALSE POSITIVE,K07388.01,0,1,1,1,0.750737313,38.8,13.4
KIC 10932270,CANDIDATE,K07389.01,0,0,0,0,27.5837778,202.5,8.5
KIC 10936427,FALSE POSITIVE,K07390.01,0,1,0,0,14.361021578,459877,2599.0
KIC 10937609,FALSE POSITIVE,K07391.01,0,1,0,0,2.570431263,76826,822.9
KIC 10965963,FALSE POSITIVE,K07392.01,0,1,0,0,6.64024496,224329,2941.0
KIC 12251779,FALSE POSITIVE,K07517.01,0,1,0,0,14.844240386,83412.4,4542.8
KIC 12268220,FALSE POSITIVE,K07518.01,0,1,0,0,4.42158021,61032,370.6
KIC 12302391,FALSE POSITIVE,K07519.01,0,1,0,0,25.321698729,119590,673.3
KIC 12304728,CANDIDATE,K07520.01,0,0,0,0,3.14735789,51.8,9.3
KIC 12351927,FALSE POSITIVE,K07522.01,0,1,0,0,10.116144515,58143.5,1144.8
KIC 12353633,FALSE POSITIVE,K07523.01,0,1,0,1,0.684496369,28.4,16.3
KIC 12353720,FALSE POSITIVE,K07524.01,0,1,0,0,1.953285321,1520.3,237.7
KIC 8565912,FALSE POSITIVE,K07898.01,0,1,0,0,1.012174295,323029,596.0
KIC 3458919,FALSE POSITIVE,K06337.01,0,1,1,0,0.892061734,75590,398.1
KIC 3542573,FALSE POSITIVE,K06338.01,0,1,0,1,3.471399214,92284.9,3230.4
KIC 3543270,FALSE POSITIVE,K06339.01,0,1,0,0,4.176929219,70355,187.0
KIC 3544678,FALSE POSITIVE,K06340.01,0,1,1,0,6.3762199,,
KIC 3545626,CANDIDATE,K06341.01,0,0,0,0,9.78184193,,
KIC 3547178,CANDIDATE,K06342.01,0,0,0,0,8.1770751,44.3,10.6
KIC 3548622,CANDIDATE,K06343.01,0,0,0,0,569.45051,425.4,8.2
KIC 3556742,FALSE POSITIVE,K06344.01,0,1,1,0,0.823014905,850.5,130.5
KIC 4917014,FALSE POSITIVE,K06472.01,0,0,1,0,0.796815149,55.9,4.8
KIC 4931073,FALSE POSITIVE,K06473.01,0,1,0,0,26.951237675,86749.2,1451.7
KIC 4932691,FALSE POSITIVE,K06474.01,0,1,0,0,18.11208877,116633,217.7
KIC 4939265,CANDIDATE,K06475.01,0,0,0,0,4.84505985,298.4,10.7
KIC 4940201,FALSE POSITIVE,K06476.01,0,1,0,0,4.408295716,37964,386.1
KIC 4946680,FALSE POSITIVE,K06477.01,0,1,0,0,8.665259912,1840.6,181.4
KIC 4947726,FALSE POSITIVE,K06478.01,0,1,0,0,4.726086185,181820,1564.3
KIC 4948863,FALSE POSITIVE,K06479.01,0,1,0,0,8.643550046,67298.6,849.3
KIC 8308516,CANDIDATE,K07880.01,0,0,0,0,623.70774,250.9,10.2
KIC 5529501,FALSE POSITIVE,K06592.01,1,0,0,1,1.51945182,13.7,9.6
KIC 5529560,FALSE POSITIVE,K06593.01,0,0,1,1,0.759755409,70,15.9
KIC 5530881,FALSE POSITIVE,K06594.01,0,1,0,0,5.082523739,276277,5286.2
KIC 5534476,FALSE POSITIVE,K06595.01,1,0,0,1,1.02547271,27,10.9
KIC 5534702,FALSE POSITIVE,K06596.01,1,0,0,0,1.025465924,152685,1120.8
KIC 5535280,FALSE POSITIVE,K06597.01,0,1,0,0,74.985292949,105346,1754.8
KIC 5552808,CANDIDATE,K06598.01,0,0,0,0,10.95210361,,
KIC 5553624,FALSE POSITIVE,K06599.01,0,1,0,0,25.762056721,447716,3469.5
KIC 5564082,CANDIDATE,K06600.01,0,0,0,0,2.70581614,46.9,41.8
KIC 6543682,FALSE POSITIVE,K06728.01,0,1,0,1,1.195516859,513813,1153.4
KIC 6545018,FALSE POSITIVE,K06729.01,0,1,0,0,1.995728294,251876,1496.5
KIC 6548447,FALSE POSITIVE,K06730.01,1,0,0,0,10.768391927,107382,2085.7
KIC 6551106,CANDIDATE,K06731.01,0,0,0,0,3.84615171,137.1,9.3
KIC 6584167,FALSE POSITIVE,K06732.01,1,0,0,0,0.733724504,45.9,21.4
KIC 6584278,CANDIDATE,K06733.01,0,0,0,0,1.28940823,32.1,10.3
KIC 6590726,CANDIDATE,K06734.01,0,0,0,0,498.27269,534,6.6
KIC 6591789,FALSE POSITIVE,K06735.01,0,1,0,0,5.08840787,386682,3095.0
KIC 6593363,FALSE POSITIVE,K06736.01,0,1,0,0,18.527824075,76231.1,5547.2
KIC 7336754,FALSE POSITIVE,K06861.01,0,1,0,0,12.155241119,85531.5,1767.8
KIC 7345335,CANDIDATE,K06862.01,0,0,0,0,11.0495766,102.8,5.7
KIC 7350067,CONFIRMED,K06863.01,0,0,0,0,4.48559215,2265,15.0
KIC 7362534,FALSE POSITIVE,K06864.01,0,0,0,1,0.566789763,25.4,15.4
KIC 7362632,FALSE POSITIVE,K06865.01,1,0,0,1,0.566811926,82.6,22.5
KIC 7365447,FALSE POSITIVE,K06866.01,0,1,0,0,2.525386934,124878,1003.0
KIC 7366036,FALSE POSITIVE,K06867.01,1,0,0,1,0.566801506,29.5,19.2
KIC 7366065,FALSE POSITIVE,K06868.01,0,0,1,1,0.566803738,100.6,33.1
KIC 8211521,FALSE POSITIVE,K06992.01,0,0,1,0,1.69421771,91.1,15.0
KIC 8227086,CANDIDATE,K06993.01,0,0,0,0,13.8086331,207.1,9.0
KIC 8227464,CANDIDATE,K06994.01,0,0,0,0,4.25907841,28.1,11.5
KIC 8229048,FALSE POSITIVE,K06995.01,0,1,0,0,2.739477089,32096.1,593.6
KIC 8231877,FALSE POSITIVE,K06996.01,0,1,0,0,1.307761491,13941,531.5
KIC 8234477,FALSE POSITIVE,K06997.01,0,1,0,0,4.028671454,113967,2152.8
KIC 8240109,FALSE POSITIVE,K06998.01,0,1,0,0,2.30118753,87537,404.8
KIC 8240861,FALSE POSITIVE,K06999.01,0,1,0,0,0.449249224,419437,1194.9
KIC 9049010,FALSE POSITIVE,K07127.01,1,0,1,0,0.687004402,93.7,45.0
KIC 9083503,FALSE POSITIVE,K07128.01,0,1,0,1,0.91839938,152.1,16.8
KIC 9085039,CANDIDATE,K07129.01,0,0,0,0,64.1983721,248.2,6.8
KIC 9093566,FALSE POSITIVE,K07130.01,1,0,0,0,0.94356284,13.4,16.0
KIC 9098590,FALSE POSITIVE,K07131.01,0,1,0,0,2.243569483,66328.2,1107.7
KIC 9098810,FALSE POSITIVE,K07132.01,0,1,0,0,8.258181993,311858,2981.6
KIC 9099773,CANDIDATE,K07133.01,0,0,0,0,82.78482,190.4,8.4
KIC 9101208,FALSE POSITIVE,K07134.01,0,0,0,1,1.81139053,77.5,12.5
KIC 9943009,CANDIDATE,K07258.01,0,0,0,0,2.4376438,27.1,8.8
KIC 9944201,CANDIDATE,K07259.01,0,1,0,0,0.721522907,22528,815.3
KIC 9944421,FALSE POSITIVE,K07260.01,0,1,0,0,7.09520543,232683,1959.2
KIC 9945280,FALSE POSITIVE,K07261.01,0,1,0,0,0.651731691,20524.2,347.5
KIC 9953736,FALSE POSITIVE,K07262.01,1,0,0,0,0.50818743,54.9,29.1
KIC 9958053,FALSE POSITIVE,K07263.01,1,0,0,0,2.73398963,,
KIC 9959093,CANDIDATE,K07264.01,0,0,0,0,19.1644498,63.8,8.9
KIC 9963009,FALSE POSITIVE,K07265.01,0,1,0,0,40.069674617,41865.1,1304.8
KIC 8545603,FALSE POSITIVE,K07893.01,1,0,0,0,55.884827,497.6,7.7
KIC 10976412,FALSE POSITIVE,K07393.01,0,0,1,0,3.75938475,133.1,11.3
KIC 10979716,FALSE POSITIVE,K07394.01,0,1,0,0,10.6840477,81901,395.3
KIC 10982373,FALSE POSITIVE,K07395.01,1,0,0,0,2.00280845,,
KIC 10987439,FALSE POSITIVE,K07396.01,0,1,0,0,10.67459836,16676,1845.6
KIC 10989032,FALSE POSITIVE,K07397.01,1,0,0,0,2.305097141,5880,133.4
KIC 10991989,FALSE POSITIVE,K07398.01,0,1,0,0,0.974477904,8846.9,801.7
KIC 10992733,FALSE POSITIVE,K07399.01,0,1,0,0,18.525917446,455661,2246.9
KIC 11019739,CANDIDATE,K07400.01,0,0,0,0,4.15736472,200.7,11.2
KIC 12356746,FALSE POSITIVE,K07525.01,0,1,0,0,0.502454299,37454.3,873.6
KIC 12356914,FALSE POSITIVE,K07526.01,0,1,0,0,27.308150159,388005,820.9
KIC 12365000,FALSE POSITIVE,K07527.01,0,1,0,0,1.262742487,15911,60.8
KIC 12365015,FALSE POSITIVE,K07528.01,1,0,0,0,0.59586463,,
KIC 12367017,FALSE POSITIVE,K07529.01,0,1,1,0,1.222127938,2486.5,200.9
KIC 12367310,FALSE POSITIVE,K07530.01,0,1,0,0,8.627475562,36784.3,1157.5
KIC 12403968,FALSE POSITIVE,K07531.01,0,0,1,0,0.589753355,216,12.4
KIC 12418662,FALSE POSITIVE,K07532.01,0,1,0,0,2.751566365,72609,180.0
KIC 12418816,FALSE POSITIVE,K07533.01,0,1,0,0,0.760935268,370600,1289.0
KIC 3558803,FALSE POSITIVE,K06345.01,1,0,1,1,1.353414369,610.2,100.8
KIC 3634169,FALSE POSITIVE,K06346.01,1,0,0,0,2.9590637,23.6,6.4
KIC 3644174,FALSE POSITIVE,K06347.01,0,0,1,0,1.806631432,217.5,10.4
KIC 3655326,FALSE POSITIVE,K06348.01,0,1,0,0,15.066491533,106051,893.0
KIC 3656322,FALSE POSITIVE,K06349.01,0,1,0,0,1.831829703,40509,140.4
KIC 3656700,FALSE POSITIVE,K06350.01,0,1,1,0,0.738527259,422.9,104.1
KIC 3659940,FALSE POSITIVE,K06351.01,0,1,0,0,0.89627093,66994,152.9
KIC 3663494,CANDIDATE,K06352.01,0,0,0,0,5.11683678,161.4,9.2
KIC 4949027,FALSE POSITIVE,K06480.01,0,0,1,1,1.06100327,95.9,9.7
KIC 4949214,FALSE POSITIVE,K06481.01,0,1,1,0,0.922030594,13859,331.7
KIC 4950341,FALSE POSITIVE,K06482.01,1,0,0,0,611.09299,270,12.2
KIC 4950557,FALSE POSITIVE,K06483.01,0,1,0,0,24.714790706,208732,5148.8
KIC 4995716,CANDIDATE,K06484.01,0,0,0,0,16.1191449,262.2,8.2
KIC 5000179,FALSE POSITIVE,K06485.01,1,0,0,0,3.6329347,,
KIC 5017058,FALSE POSITIVE,K06486.01,0,1,0,0,1.161947482,129896,2435.4
KIC 5018787,FALSE POSITIVE,K06487.01,0,1,0,0,0.607191908,17368.7,961.9
KIC 8345473,FALSE POSITIVE,K07881.01,1,0,1,0,2.2502073,260.1,7.8
KIC 5597361,CANDIDATE,K06601.01,0,0,0,0,17.9925973,198.5,8.7
KIC 5598639,FALSE POSITIVE,K06602.01,0,1,0,0,0.648775795,108824,6873.9
KIC 5610698,FALSE POSITIVE,K06603.01,0,1,0,0,4.132521615,156249,440.0
KIC 5616489,FALSE POSITIVE,K06604.01,1,0,0,0,410.88527,2059.6,21.5
KIC 5617510,CANDIDATE,K06605.01,0,0,0,0,74.371666,102.8,12.1
KIC 5621294,FALSE POSITIVE,K06606.01,0,1,0,0,0.938905082,358893,2584.7
KIC 5621299,FALSE POSITIVE,K06607.01,0,0,1,1,0.93891532,39.1,8.2
KIC 5622250,FALSE POSITIVE,K06608.01,0,1,0,0,16.294213708,174006,7486.2
KIC 5632781,FALSE POSITIVE,K06609.01,1,0,0,0,11.02520205,429759,2585.5
KIC 6594972,FALSE POSITIVE,K06737.01,0,1,0,0,10.819169459,437142,5258.2
KIC 6595662,FALSE POSITIVE,K06738.01,0,1,0,0,2.680514453,195748,665.5
KIC 6603765,CANDIDATE,K06739.01,0,0,0,0,19.164111,215.9,8.1
KIC 6606282,FALSE POSITIVE,K06740.01,0,1,0,0,1.053573674,3063,445.3
KIC 6606669,FALSE POSITIVE,K06741.01,0,1,1,0,0.970085646,153,9.8
KIC 6607610,FALSE POSITIVE,K06742.01,0,1,0,0,63.52017525,32548.4,1708.1
KIC 6610219,FALSE POSITIVE,K06743.01,0,1,0,0,11.300987626,325703,5027.8
KIC 6610433,FALSE POSITIVE,K06744.01,1,0,0,0,0.92098747,,
KIC 7368103,FALSE POSITIVE,K06869.01,0,1,0,0,2.182515126,114931,861.6
KIC 7369523,FALSE POSITIVE,K06870.01,0,1,0,0,2.659418888,305233,5776.1
KIC 7376982,FALSE POSITIVE,K06871.01,0,0,0,1,2.31610674,33.6,13.0
KIC 7381580,CANDIDATE,K06872.01,0,0,0,0,13.5164708,140.1,7.1
KIC 7381695,FALSE POSITIVE,K06873.01,0,0,1,0,0.948683571,150.9,13.8
KIC 7385387,FALSE POSITIVE,K06874.01,0,0,1,1,1.65546056,125.1,12.4
KIC 7385478,FALSE POSITIVE,K06875.01,0,1,0,0,1.655472351,174198,823.8
KIC 7421876,FALSE POSITIVE,K06876.01,1,0,0,0,4.50279037,,
KIC 8243263,FALSE POSITIVE,K07000.01,0,1,0,0,1.759276227,32091.2,2857.7
KIC 8244295,FALSE POSITIVE,K07001.01,0,0,0,1,1.09206792,105.9,7.7
KIC 8248103,CANDIDATE,K07002.01,0,0,0,0,4.83014159,192,11.7
KIC 8256882,CANDIDATE,K07003.01,0,0,0,0,2.41194057,67.3,10.6
KIC 8262223,FALSE POSITIVE,K07004.01,0,1,0,0,1.613014741,152120,1096.1
KIC 8265520,FALSE POSITIVE,K07005.01,0,0,1,0,6.2089181,1664,8.4
KIC 8265990,FALSE POSITIVE,K07006.01,1,0,0,1,0.77996263,25.7,9.7
KIC 8283875,CANDIDATE,K07007.01,0,0,0,0,0.800263219,170.5,13.2
KIC 9119405,FALSE POSITIVE,K07135.01,1,0,0,0,18.646323091,231000,2895.8
KIC 9150870,CANDIDATE,K07136.01,0,0,0,0,441.17369,702,11.5
KIC 9156957,FALSE POSITIVE,K07137.01,0,0,1,0,3.6673005,144.9,9.1
KIC 9159301,FALSE POSITIVE,K07138.01,0,1,0,0,3.044771557,487818,3684.9
KIC 9163674,FALSE POSITIVE,K07139.01,0,1,0,0,0.773144492,215961,2947.8
KIC 9164788,FALSE POSITIVE,K07140.01,1,0,0,0,2.66811113,48.3,32.5
KIC 9172506,FALSE POSITIVE,K07141.01,0,1,0,0,50.440285363,85309.1,2499.7
KIC 9179531,FALSE POSITIVE,K07142.01,0,1,0,0,3.255385289,158913,840.7
KIC 9963639,FALSE POSITIVE,K07266.01,1,0,0,0,7.4185369,14.7,5.2
KIC 9965691,FALSE POSITIVE,K07267.01,0,1,0,0,15.68434493,791.6,256.3
KIC 9971475,FALSE POSITIVE,K07268.01,0,1,0,0,5.357409918,199157,936.1
KIC 10000490,FALSE POSITIVE,K07269.01,0,1,0,0,1.400991827,64104,669.6
KIC 10002049,CANDIDATE,K07270.01,0,0,0,0,19.2532128,219.3,7.4
KIC 10014702,FALSE POSITIVE,K07271.01,0,0,0,1,1.34062901,69.5,13.1
KIC 10019854,CANDIDATE,K07272.01,0,0,0,0,14.1011023,108.2,8.1
KIC 10020423,FALSE POSITIVE,K07273.01,0,1,0,0,7.448375935,152666,1837.9
KIC 11027270,FALSE POSITIVE,K07401.01,1,0,0,0,0.533628226,81.8,35.3
KIC 11027722,FALSE POSITIVE,K07402.01,0,1,1,0,0.678137665,885,172.7
KIC 11029877,FALSE POSITIVE,K07403.01,0,1,1,0,2.069415479,16188.3,1148.3
KIC 11068630,CANDIDATE,K07404.01,0,0,0,0,1.817079849,204.6,10.8
KIC 11071207,FALSE POSITIVE,K07405.01,1,0,0,0,8.04963472,279647,5246.5
KIC 11073223,FALSE POSITIVE,K07406.01,0,1,0,0,11.578946873,299739,2456.3
KIC 11076279,FALSE POSITIVE,K07407.01,0,1,0,0,1.47258471,224011,741.5
KIC 11092783,CANDIDATE,K07408.01,0,0,0,0,5.15998178,412.4,9.9
KIC 11124509,FALSE POSITIVE,K07409.01,0,1,0,0,4.446459958,5663.8,178.3
KIC 12454800,CANDIDATE,K07534.01,0,0,0,0,23.3787733,76,8.1
KIC 12458817,CANDIDATE,K07535.01,0,0,0,0,15.09984259,484.8,6.7
KIC 12470530,FALSE POSITIVE,K07536.01,0,1,0,0,8.207257515,391305,1748.3
KIC 12504353,FALSE POSITIVE,K07537.01,1,0,0,0,498.68845,548.3,9.4
KIC 12506342,FALSE POSITIVE,K07538.01,0,0,1,1,1.22775105,327.6,20.3
KIC 12519942,CANDIDATE,K07539.01,0,0,0,0,15.3416245,269.6,9.2
KIC 12555616,CANDIDATE,K07540.01,0,0,0,0,21.980467,96,10.1
KIC 12557713,FALSE POSITIVE,K07541.01,0,1,0,0,7.214721393,46801.5,582.0
KIC 3733638,CANDIDATE,K06353.01,0,0,0,0,10.0714369,49.5,10.8
KIC 3746248,FALSE POSITIVE,K06354.01,0,1,1,0,0.62240698,155.8,10.2
KIC 3748855,CANDIDATE,K06355.01,0,0,0,0,4.37198905,103.7,9.9
KIC 3757588,FALSE POSITIVE,K06356.01,0,1,0,0,24.09002065,6782.2,252.3
KIC 3764411,FALSE POSITIVE,K06357.01,1,0,0,0,4.4158933,191.1,5.8
KIC 3765692,CANDIDATE,K06358.01,0,0,0,0,3.09383248,373.7,9.7
KIC 3766353,FALSE POSITIVE,K06359.01,0,1,0,0,2.666961614,7583.4,249.5
KIC 5019567,FALSE POSITIVE,K06488.01,1,0,0,0,1.17430183,64.5,13.5
KIC 5021432,CANDIDATE,K06489.01,0,0,0,0,14.05652256,,
KIC 5021732,FALSE POSITIVE,K06490.01,0,1,0,0,15.039464523,66876.8,1133.5
KIC 5022440,FALSE POSITIVE,K06491.01,0,1,0,0,3.693951168,28290,173.2
KIC 5022900,FALSE POSITIVE,K06492.01,1,0,1,0,1.05680287,82.3,10.9
KIC 5024126,FALSE POSITIVE,K06493.01,0,1,1,1,0.787122102,596.8,57.4
KIC 5024268,FALSE POSITIVE,K06494.01,0,1,0,1,2.15045295,169.1,25.8
KIC 5024372,FALSE POSITIVE,K06495.01,1,0,1,0,0.561524348,34.1,15.7
KIC 5633259,CANDIDATE,K06610.01,0,0,0,0,315.07717192,,
KIC 5647638,FALSE POSITIVE,K06611.01,0,1,0,0,1.21607873,29.4,11.2
KIC 5686974,FALSE POSITIVE,K06613.01,0,0,0,1,4.18224416,57.2,13.8
KIC 5696909,FALSE POSITIVE,K06614.01,0,1,1,0,0.643002821,2671.5,295.6
KIC 5697628,FALSE POSITIVE,K06615.01,1,0,0,0,1.95119541,59.7,7.7
KIC 5700330,FALSE POSITIVE,K06616.01,0,1,0,0,53.220416998,72895.3,4563.5
KIC 5702770,CANDIDATE,K06617.01,0,0,0,0,8.0018897,102.7,9.8
KIC 6614748,CANDIDATE,K06745.01,0,0,0,0,383.85362,422.9,7.5
KIC 6628926,CANDIDATE,K06746.01,0,0,0,0,2.564012541,2551.9,5.3
KIC 6629156,FALSE POSITIVE,K06747.01,1,0,0,0,0.71538172,,
KIC 6629588,FALSE POSITIVE,K06748.01,0,1,0,0,2.264471713,187430,873.7
KIC 6636020,FALSE POSITIVE,K06749.01,0,1,1,0,18.3602239,574.6,12.4
KIC 6664842,CANDIDATE,K06750.01,0,0,0,0,5.21395046,78.5,8.6
KIC 6665064,FALSE POSITIVE,K06751.02,0,1,1,0,0.698359996,774.1,26.1
KIC 6670610,CANDIDATE,K06752.01,0,0,0,0,8.9429645,233.5,7.2
KIC 7431665,FALSE POSITIVE,K06877.01,0,1,0,0,281.509095,5948.7,182.5
KIC 7447895,CANDIDATE,K06878.01,0,0,0,0,2.405625303,163.5,12.0
KIC 7455553,FALSE POSITIVE,K06879.01,0,1,0,0,3.258249472,1643.5,202.0
KIC 7456521,FALSE POSITIVE,K06880.01,1,0,0,0,552.8295063,266298,942.6
KIC 7461314,FALSE POSITIVE,K06881.01,0,0,1,1,0.773595312,93,13.2
KIC 7461521,CANDIDATE,K06882.01,0,0,0,0,0.7735301,185.4,14.2
KIC 7499571,FALSE POSITIVE,K06883.01,1,0,0,0,533.6593,533.5,7.8
KIC 7537660,CANDIDATE,K06884.01,0,0,0,0,2.42186898,,
KIC 7541502,FALSE POSITIVE,K06885.01,0,1,0,0,44.827323809,237120,4484.5
KIC 8285254,FALSE POSITIVE,K07008.01,0,1,0,0,7.535894184,172126,1446.7
KIC 8285970,FALSE POSITIVE,K07009.01,1,0,0,0,0.562498925,420.1,44.1
KIC 8288719,FALSE POSITIVE,K07010.01,0,1,0,0,0.755049082,26067.9,683.7
KIC 8294484,FALSE POSITIVE,K07011.01,0,1,0,0,1.012694226,108504,185.1
KIC 8296467,FALSE POSITIVE,K07012.01,0,1,0,0,10.303356001,520067,2039.1
KIC 8301013,FALSE POSITIVE,K07013.01,0,1,0,0,2.214029545,349110,2680.5
KIC 8302455,FALSE POSITIVE,K07014.01,0,1,0,0,2.441988077,95343.5,1174.5
KIC 8302473,FALSE POSITIVE,K07015.01,0,0,1,1,2.44200193,128.6,9.6
KIC 8311864,CONFIRMED,K07016.01,0,0,0,0,384.847556,189.9,12.3
KIC 9181340,FALSE POSITIVE,K07143.01,0,0,1,0,2.131225773,2337.1,215.6
KIC 9203154,CANDIDATE,K07144.01,0,0,0,0,0.839907158,119.6,10.7
KIC 9205993,FALSE POSITIVE,K07145.01,1,0,1,0,1.219736039,611523,1037.2
KIC 9207508,FALSE POSITIVE,K07146.01,0,1,0,0,2.015152464,561687,4129.6
KIC 9210828,FALSE POSITIVE,K07147.01,0,1,0,0,0.82820657,118533,548.3
KIC 9221627,CANDIDATE,K07148.01,0,0,0,0,1.7613778,359.3,10.5
KIC 9236858,FALSE POSITIVE,K07149.01,0,1,0,0,2.537081943,245319,2434.8
KIC 9243795,FALSE POSITIVE,K07150.01,0,1,0,0,14.443127448,41685.3,2186.0
KIC 9266285,FALSE POSITIVE,K07151.01,0,1,0,0,5.61386908,57385.6,1253.6
KIC 10026136,FALSE POSITIVE,K07274.01,1,0,0,0,9.080194398,324573,3481.8
KIC 10026457,FALSE POSITIVE,K07275.01,0,1,0,0,9.93442075,55965,529.0
KIC 10031409,FALSE POSITIVE,K07276.01,0,1,0,0,2.071939672,198766,2409.8
KIC 10031526,FALSE POSITIVE,K07277.01,0,0,1,1,8.5893644,179.3,9.8
KIC 10031808,FALSE POSITIVE,K07278.01,0,1,0,0,8.589644815,269518,5324.6
KIC 10053138,CANDIDATE,K07279.01,0,0,0,0,11.7728146,77.1,9.9
KIC 10063044,FALSE POSITIVE,K07280.01,0,1,0,0,1.009671584,155117,1440.7
KIC 10066755,CANDIDATE,K07281.01,0,0,0,0,2.46506501,39.8,10.3
KIC 10070479,CANDIDATE,K07282.01,0,0,0,0,1.758599866,237.8,11.9
KIC 11134079,FALSE POSITIVE,K07410.01,0,1,0,0,1.260575815,154278,781.2
KIC 11137061,FALSE POSITIVE,K07411.01,0,0,1,0,1.88912273,60.2,15.5
KIC 11144439,FALSE POSITIVE,K07412.01,0,0,1,0,0.609125246,139.2,10.9
KIC 11147276,FALSE POSITIVE,K07413.01,0,1,0,0,1.566528935,92511,485.0
KIC 11154043,FALSE POSITIVE,K07414.01,1,0,0,0,4.52977632,1582.2,55.2
KIC 11182260,CANDIDATE,K07415.01,0,0,0,0,1.291964282,28640,45.8
KIC 11187972,CANDIDATE,K07416.01,0,0,0,0,37.4646974,51.6,10.3
KIC 3830820,FALSE POSITIVE,K06360.01,0,1,0,0,15.582794732,52760,439.3
KIC 3831523,FALSE POSITIVE,K06361.01,1,0,0,0,1.529283907,54.8,41.5
KIC 3834364,FALSE POSITIVE,K06362.01,0,1,0,0,2.908454772,64325,252.8
KIC 3836413,FALSE POSITIVE,K06363.01,0,1,1,1,1.540396094,55123,340.4
KIC 3836439,FALSE POSITIVE,K06364.01,0,1,0,1,1.540395674,70614.6,997.9
KIC 3838004,FALSE POSITIVE,K06365.01,1,0,0,0,2.344138713,110.8,8.6
KIC 3851134,FALSE POSITIVE,K06366.01,1,0,0,1,0.91849333,58.7,13.0
KIC 3851193,FALSE POSITIVE,K06367.01,0,1,0,0,1.341078755,112151,1829.3
KIC 9595956,FALSE POSITIVE,K07604.01,0,1,0,0,316.950146,,
KIC 9655792,FALSE POSITIVE,K07605.01,1,0,0,0,589.74851,462.4,11.5
KIC 9970396,FALSE POSITIVE,K07606.01,0,1,0,0,235.2976173,23052.8,210.7
KIC 10079420,CANDIDATE,K07607.01,0,0,0,0,54.54312996,,
KIC 10253638,FALSE POSITIVE,K07608.01,1,0,0,0,7.4539297,,
KIC 10267121,FALSE POSITIVE,K07609.01,1,0,0,0,36.136968,152,10.4
KIC 10341777,FALSE POSITIVE,K07610.01,0,0,1,1,0.933746709,18.6,14.3
KIC 10407271,FALSE POSITIVE,K07611.01,0,0,1,1,0.93376738,55.4,16.5
KIC 10471167,FALSE POSITIVE,K07612.01,0,0,1,1,0.93374073,147.6,13.4
KIC 10471174,FALSE POSITIVE,K07613.01,0,0,0,1,0.93369659,81.4,10.8
KIC 10471345,FALSE POSITIVE,K07614.01,1,0,1,1,0.9337473,64.6,9.5
KIC 11296798,FALSE POSITIVE,K07615.01,1,0,0,0,677.35794,322.4,11.2
KIC 11463950,FALSE POSITIVE,K07616.01,1,0,0,0,4.0551242,148.7,9.3
KIC 11559304,CANDIDATE,K07617.01,0,0,0,0,12.9284553,297.9,8.2
KIC 11621897,FALSE POSITIVE,K07618.01,1,0,0,0,21.6817115,73.5,6.9
KIC 12253534,FALSE POSITIVE,K07619.01,1,0,0,0,466.08101,180.1,14.1
KIC 12304202,FALSE POSITIVE,K07620.01,1,0,0,0,0.66573903,,
KIC 4737267,FALSE POSITIVE,K06117.01,0,1,0,0,9.524076544,198399,1942.5
KIC 5955321,FALSE POSITIVE,K06140.01,1,0,0,0,11.637858887,427948,2637.0
KIC 3123418,FALSE POSITIVE,K07542.01,1,0,0,0,563.94854,872.9,16.3
KIC 3458687,FALSE POSITIVE,K07543.01,1,0,0,0,0.98376204,55,25.2
KIC 3955867,FALSE POSITIVE,K07545.01,0,1,0,0,33.65766894,15379.5,519.2
KIC 3965201,CANDIDATE,K07546.01,0,0,0,0,44.113873,196.3,6.6
KIC 4074294,FALSE POSITIVE,K07547.01,1,0,1,0,0.892988877,85,43.8
KIC 4380560,FALSE POSITIVE,K07548.01,1,0,1,1,0.705816203,149,19.6
KIC 4384652,FALSE POSITIVE,K07549.01,0,1,0,1,374.51648,907419,105.8
KIC 4483235,FALSE POSITIVE,K07550.01,1,0,0,0,1.7609276,57.3,26.1
KIC 4662363,FALSE POSITIVE,K07551.01,1,0,0,0,321.24194284,,
KIC 4680745,FALSE POSITIVE,K07552.01,1,0,0,0,1.463148937,168,66.6
KIC 4851195,FALSE POSITIVE,K07553.01,1,0,0,1,374.514471,440516,130.3
KIC 4862924,CANDIDATE,K07554.01,0,0,0,0,482.62011,324,8.1
KIC 5024414,FALSE POSITIVE,K07555.01,0,0,1,1,1.525924746,74.1,11.9
KIC 5177065,FALSE POSITIVE,K07556.01,1,0,0,0,1.25383162,12.9,9.7
KIC 5268955,FALSE POSITIVE,K07557.01,1,0,0,0,12.82252496,19268,13.7
KIC 5271090,CANDIDATE,K07558.01,0,0,0,0,10.1551587,141.6,6.8
KIC 5444276,CANDIDATE,K07559.01,0,0,0,0,0.708965461,87.2,13.1
KIC 5598645,FALSE POSITIVE,K07560.01,0,0,1,1,0.648772102,31.1,15.0
KIC 5696518,FALSE POSITIVE,K07561.01,1,0,0,0,0.96391996,,
KIC 5878506,CANDIDATE,K07562.01,0,0,0,0,11.76872507,,
KIC 5908086,FALSE POSITIVE,K07563.01,1,0,0,0,0.93705132,51.5,17.3
KIC 6307243,FALSE POSITIVE,K07564.01,1,0,0,0,451.86579,80,12.0
KIC 6350522,FALSE POSITIVE,K07565.01,1,0,0,0,491.52571,457.3,8.8
KIC 6385302,FALSE POSITIVE,K07566.01,1,0,0,0,411.54039644,,
KIC 6443274,CANDIDATE,K07567.01,0,0,0,0,608.20572,554.2,11.3
KIC 6508734,FALSE POSITIVE,K07568.01,1,0,0,0,480.03759,717.4,9.0
KIC 6527050,FALSE POSITIVE,K07569.01,1,0,0,0,0.87985197,,
KIC 6590362,FALSE POSITIVE,K07570.01,1,0,1,0,0.592618966,91.4,14.9
KIC 6628740,FALSE POSITIVE,K07571.01,1,0,0,0,0.532854237,50.9,27.9
KIC 6876575,CANDIDATE,K07572.01,0,0,0,0,91.069934,12.7,8.7
KIC 7031126,FALSE POSITIVE,K07573.01,1,0,1,1,0.566802672,31.7,14.3
KIC 7031208,FALSE POSITIVE,K07574.01,1,0,0,1,0.566796331,114.8,33.3
KIC 7031742,FALSE POSITIVE,K07575.01,1,0,1,1,0.566785459,63.8,16.5
KIC 7032568,FALSE POSITIVE,K07576.01,1,0,1,1,0.566792936,23,14.3
KIC 7032687,FALSE POSITIVE,K07577.01,1,0,1,1,0.5668004,93.2,18.3
KIC 7115384,FALSE POSITIVE,K07578.01,1,0,0,1,0.566793614,31.4,79.8
KIC 7116282,FALSE POSITIVE,K07579.01,1,0,1,1,0.566798676,59.9,12.8
KIC 7116859,FALSE POSITIVE,K07580.01,1,0,0,1,0.5667638,64.5,2.4
KIC 7133286,FALSE POSITIVE,K07581.01,1,0,0,0,38.51077573,84633.4,3567.5
KIC 7186259,FALSE POSITIVE,K07582.01,1,0,0,0,4.23965309,,
KIC 7214090,FALSE POSITIVE,K07583.01,1,0,1,0,0.577910513,144.1,18.1
KIC 7281694,FALSE POSITIVE,K07584.01,1,0,1,1,0.566807725,31.5,12.3
KIC 7362450,FALSE POSITIVE,K07585.01,1,0,0,1,0.566807422,26.1,28.8
KIC 8007262,FALSE POSITIVE,K07586.01,1,0,0,0,1.345078434,3025,27.7
KIC 8096395,CANDIDATE,K07587.01,0,0,0,0,366.088938,537.9,29.0
KIC 8106973,FALSE POSITIVE,K07588.01,0,1,0,0,439.1076969,69792,884.9
KIC 8168509,CANDIDATE,K07589.01,0,0,0,0,414.45008,729.5,19.0
KIC 8258103,FALSE POSITIVE,K07590.01,0,1,0,0,0.594003994,25.4,51.1
KIC 8297319,CANDIDATE,K07591.01,0,0,0,0,328.32211,399,8.2
KIC 8423344,CANDIDATE,K07592.01,0,0,0,0,381.97977,900,10.4
KIC 8444868,CANDIDATE,K07593.01,0,0,0,0,67.412998,126.1,6.2
KIC 8579684,FALSE POSITIVE,K07594.01,1,0,0,0,2.08802799,70.8,60.5
KIC 8649876,FALSE POSITIVE,K07595.01,1,0,0,0,10.4212788,148,31.0
KIC 8682094,CANDIDATE,K07596.01,0,0,0,0,359.8249913,,
KIC 8846809,FALSE POSITIVE,K07597.01,1,0,0,0,0.778705577,54.5,104.9
KIC 8868686,FALSE POSITIVE,K07598.01,1,0,1,1,4.44709107,40.5,22.6
KIC 9025662,FALSE POSITIVE,K07599.01,1,0,0,0,293.70696,1575,11.2
KIC 8572936,FALSE POSITIVE,K02459.01,0,1,0,0,27.795762425,420329,1969.5
KIC 9837578,FALSE POSITIVE,K02937.01,0,1,0,0,20.733748565,417340,2236.7
KIC 7821010,FALSE POSITIVE,K02938.01,0,1,0,0,24.238241803,461962,1126.4
KIC 5473556,FALSE POSITIVE,K02939.01,1,0,0,0,11.258825027,196280,6395.7
KIC 6504534,FALSE POSITIVE,K03152.01,0,1,0,0,28.162612575,37749.6,912.7
KIC 6307062,FALSE POSITIVE,K03153.01,0,1,0,0,75.378956896,539175,1886.6
KIC 9092897,FALSE POSITIVE,K07600.01,1,0,0,0,3.9169155,,
KIC 9246715,FALSE POSITIVE,K07601.01,0,1,0,0,342.55315723,192887,8248.4
KIC 9292130,FALSE POSITIVE,K07602.01,1,0,0,0,362.747593,132.4,13.0
KIC 9541144,FALSE POSITIVE,K07603.01,0,1,0,1,0.536650344,25.8,7.0
KIC 8677057,CANDIDATE,K07903.01,0,0,0,0,0.694611128,98.8,9.3
KIC 8702537,CANDIDATE,K07905.01,0,0,0,0,7.4751841,28.1,9.2
KIC 8757213,FALSE POSITIVE,K07911.01,1,0,0,0,328.0485,398,6.9
KIC 8880003,FALSE POSITIVE,K07914.01,1,0,0,1,1.72128752,58.5,7.7
KIC 8953296,FALSE POSITIVE,K07916.01,0,1,0,0,0.784294574,212526,1751.1
KIC 8749844,FALSE POSITIVE,K07909.01,1,0,0,0,361.51099,235.9,9.3
KIC 8962007,FALSE POSITIVE,K07917.01,0,0,1,0,1.41435861,56.8,9.5
KIC 8703491,FALSE POSITIVE,K07906.01,0,1,1,0,0.616343903,161.4,77.8
KIC 9043947,CANDIDATE,K07920.01,0,0,0,0,1.04347858,22.5,8.6
KIC 9079587,FALSE POSITIVE,K07921.01,1,0,0,0,364.33929,1944,15.9
KIC 8703506,FALSE POSITIVE,K07907.01,0,1,0,0,352.710091,1658,9.6
KIC 8590776,FALSE POSITIVE,K07900.01,1,0,0,0,33.8938177,205.1,6.8
KIC 8761550,FALSE POSITIVE,K07912.01,1,0,0,0,224.591055,125.2,8.2
KIC 8686761,FALSE POSITIVE,K07904.01,1,0,0,1,374.93999098,235.1,8.4
KIC 8873450,CONFIRMED,K07913.01,0,0,0,0,24.2783801,714.4,13.6
KIC 8880317,CANDIDATE,K07915.01,0,0,0,0,382.5891,298.2,10.5
KIC 8750503,FALSE POSITIVE,K07910.01,1,0,0,0,11.9283194,182.5,10.6
KIC 8639155,FALSE POSITIVE,K07902.01,0,1,1,0,0.603351522,164.1,20.6
KIC 9021047,FALSE POSITIVE,K07919.01,0,1,0,0,31.97280045,2236.4,44.8
KIC 8587439,FALSE POSITIVE,K07899.01,0,0,1,0,8.39140024,134.4,9.2
KIC 8712863,FALSE POSITIVE,K07908.01,1,0,0,0,0.532493086,19.9,8.9
KIC 9079915,FALSE POSITIVE,K07922.01,0,0,1,0,0.812678859,39.3,7.4
KIC 10208894,FALSE POSITIVE,K08199.01,1,0,0,0,183.836254,1046.2,15.7
KIC 10214873,FALSE POSITIVE,K08200.01,0,0,1,0,5.959695593,151.2,4.7
KIC 10253977,CANDIDATE,K08201.01,0,0,0,0,392.601892,779,7.8
KIC 10268714,FALSE POSITIVE,K08202.01,1,0,0,0,452.65206,175.1,17.0
KIC 10281311,FALSE POSITIVE,K08203.01,1,0,0,0,234.66319186,243.5,5.0
KIC 10341876,FALSE POSITIVE,K08204.01,1,0,0,0,351.204993,1257.9,21.3
KIC 10351947,CANDIDATE,K08205.01,0,0,0,0,260.446151,713.9,16.8
KIC 10160922,CANDIDATE,K07990.01,0,0,0,0,87.487573,528.7,8.4
KIC 10198225,CANDIDATE,K07991.01,0,0,0,0,11.9451376,63.3,12.4
KIC 10214341,CANDIDATE,K07992.01,0,0,0,0,277.13367,321.2,8.7
KIC 10219288,FALSE POSITIVE,K07993.01,1,0,0,0,3.381607,440.6,16.6
KIC 10226343,FALSE POSITIVE,K07994.01,1,0,0,1,0.660655454,566.9,77.7
KIC 10263598,FALSE POSITIVE,K07995.01,1,0,0,0,145.750554,385.6,17.0
KIC 10266860,FALSE POSITIVE,K07996.01,0,0,0,1,2.17813954,28.6,9.7
KIC 4763020,FALSE POSITIVE,K08097.01,1,0,0,0,384.09781,100.1,8.7
KIC 5128966,FALSE POSITIVE,K08098.01,0,1,1,1,0.505322676,77349.2,384.6
KIC 5288744,FALSE POSITIVE,K08099.01,1,0,0,0,333.71634048,420.2,3.1
KIC 5305225,FALSE POSITIVE,K08100.01,1,0,1,1,322.50741,349.5,13.7
KIC 5598216,FALSE POSITIVE,K08101.01,1,0,0,0,373.8716,382.7,10.3
KIC 5637036,FALSE POSITIVE,K08102.01,1,0,0,0,171.046664,731,9.8
KIC 5647008,FALSE POSITIVE,K08103.01,0,1,0,0,0.799868354,4928.8,251.4
KIC 10385708,FALSE POSITIVE,K08206.01,1,0,0,0,345.7671,212.7,12.3
KIC 10404545,FALSE POSITIVE,K08207.01,1,0,0,0,350.34114,1363.8,16.4
KIC 10425070,FALSE POSITIVE,K08208.01,1,0,0,0,363.97165,1966,8.5
KIC 10461045,FALSE POSITIVE,K08209.01,1,0,0,0,385.97241,162,10.8
KIC 10493253,FALSE POSITIVE,K08210.01,1,0,0,0,89.667675,1415,7.0
KIC 10515564,CANDIDATE,K08211.01,0,0,0,0,5.0487451,67.6,7.7
KIC 10321927,FALSE POSITIVE,K07997.01,1,0,0,0,321.02094,592.9,8.5
KIC 10321972,CANDIDATE,K07998.01,0,0,0,0,122.11555,1104,12.2
KIC 10322797,FALSE POSITIVE,K07999.01,0,0,0,1,1.213742728,31.7,20.3
KIC 10331279,CANDIDATE,K08000.01,0,0,0,0,225.48805,379.9,11.6
KIC 10338529,FALSE POSITIVE,K08002.01,1,0,0,0,366.74866,419.1,9.1
KIC 10340212,FALSE POSITIVE,K08003.01,1,0,1,1,0.93374894,226.2,9.3
KIC 10383729,FALSE POSITIVE,K08004.01,0,1,0,1,0.734548624,58.6,25.1
KIC 5709226,FALSE POSITIVE,K08104.01,1,0,0,0,317.99484,719,8.4
KIC 5775090,FALSE POSITIVE,K08105.01,1,0,0,0,432.96732,866,10.0
KIC 5791705,FALSE POSITIVE,K08106.01,1,0,0,0,614.39054,289.1,10.2
KIC 5802205,CANDIDATE,K08107.01,0,0,0,0,578.88761,76.8,15.1
KIC 5812648,FALSE POSITIVE,K08108.01,1,0,0,0,238.561202,260.2,16.4
KIC 5858919,CANDIDATE,K08109.01,0,0,0,0,218.771117,140.1,8.4
KIC 5872139,FALSE POSITIVE,K08110.01,1,0,0,0,375.17737,1230,13.7
KIC 10519701,FALSE POSITIVE,K08212.01,1,0,0,0,334.87402,387.8,19.1
KIC 10664150,FALSE POSITIVE,K08213.01,1,0,0,0,370.2402,1272.6,20.5
KIC 10735575,FALSE POSITIVE,K08214.01,0,1,1,1,1.6749812,94,8.9
KIC 10753394,FALSE POSITIVE,K08215.01,1,0,0,0,288.678554,242.5,10.8
KIC 10875937,FALSE POSITIVE,K08216.01,1,0,0,0,307.94735718,11296,16.5
KIC 10907307,CANDIDATE,K08217.01,0,0,0,0,277.25118,1517.4,15.3
KIC 11087662,FALSE POSITIVE,K08218.01,1,0,0,0,264.63654,431.8,28.2
KIC 10389280,FALSE POSITIVE,K08005.01,1,0,0,0,375.408923,87.3,15.3
KIC 10397315,FALSE POSITIVE,K08006.01,0,0,0,1,2.17812769,61.7,10.4
KIC 10403228,CANDIDATE,K08007.01,0,0,0,0,67.176626864,1689.9,5.9
KIC 10405224,FALSE POSITIVE,K08008.01,1,0,0,1,0.93378068,72.7,9.2
KIC 10405482,FALSE POSITIVE,K08009.01,1,0,1,1,0.93373895,39.6,10.5
KIC 10405546,FALSE POSITIVE,K08010.01,0,0,1,1,0.93373718,18.9,8.4
KIC 10407191,CANDIDATE,K08011.01,0,0,0,0,0.93420696,,
KIC 5955197,CANDIDATE,K08111.01,0,0,0,0,359.33831,977.9,15.8
KIC 5955427,FALSE POSITIVE,K08112.01,1,0,0,0,213.201978,696.9,12.9
KIC 5956977,FALSE POSITIVE,K08113.01,1,0,0,0,77.773042,432.6,7.7
KIC 6043574,FALSE POSITIVE,K08114.01,1,0,0,0,381.782641,367.6,8.6
KIC 6049470,FALSE POSITIVE,K08115.01,1,0,0,0,354.7897,81,9.2
KIC 6105359,FALSE POSITIVE,K08116.01,1,0,0,0,235.544698,299.3,9.2
KIC 6114140,CANDIDATE,K08117.01,0,0,0,0,0.933745798,613.8,75.3
KIC 11099109,FALSE POSITIVE,K08219.01,1,0,0,0,115.28415,415.1,9.5
KIC 11124353,FALSE POSITIVE,K08220.01,1,0,0,0,423.73074,834.9,12.1
KIC 11338091,CANDIDATE,K08221.01,0,0,0,0,293.38641,94.9,13.4
KIC 11400356,FALSE POSITIVE,K08222.01,1,0,0,0,677.56282,631,8.5
KIC 11446424,CANDIDATE,K08223.01,0,0,0,0,66.716453,626,8.1
KIC 11449696,FALSE POSITIVE,K08224.01,1,0,0,0,371.21205,719.9,12.9
KIC 11456839,FALSE POSITIVE,K08225.01,1,0,0,0,190.783023,1385,9.5
KIC 10452252,CANDIDATE,K08012.01,0,0,0,0,34.573718512,399,5.7
KIC 10462462,FALSE POSITIVE,K08013.01,0,1,0,0,0.85581563,,
KIC 10470882,FALSE POSITIVE,K08014.01,0,0,1,1,0.9337491,98.1,12.6
KIC 10470993,FALSE POSITIVE,K08015.01,0,0,1,1,0.93374417,31.3,9.9
KIC 10471005,FALSE POSITIVE,K08016.01,0,0,1,1,0.93374635,34.3,7.3
KIC 10471055,FALSE POSITIVE,K08017.01,0,0,1,1,0.9337465,49.9,11.6
KIC 10471204,FALSE POSITIVE,K08018.01,0,0,1,1,0.93371631,61.3,10.3
KIC 6119605,FALSE POSITIVE,K08118.01,1,0,0,0,260.02265,2060.7,25.7
KIC 6230649,FALSE POSITIVE,K08119.01,1,0,1,0,443.66,360.7,6.3
KIC 6286633,FALSE POSITIVE,K08120.01,1,0,0,0,366.28999,2568,11.9
KIC 6451125,FALSE POSITIVE,K08121.01,0,0,1,0,72.6549842,389.3,22.1
KIC 6507334,CANDIDATE,K08122.01,0,0,0,0,54.753883835,442.3,0.9
KIC 6516529,FALSE POSITIVE,K08123.01,1,0,0,0,379.42818,403.9,11.1
KIC 6521526,FALSE POSITIVE,K08124.01,1,0,0,0,103.039788,1370,15.9
KIC 11501492,FALSE POSITIVE,K08226.01,1,0,0,0,371.90464,519.1,14.4
KIC 11558217,FALSE POSITIVE,K08227.01,1,0,0,0,362.85801,151.6,10.1
KIC 11649292,FALSE POSITIVE,K08228.01,1,0,0,0,384.558321,1330,10.1
KIC 11760931,FALSE POSITIVE,K08229.01,1,0,0,0,397.72733,232.8,9.0
KIC 11854061,FALSE POSITIVE,K08230.01,1,0,0,0,504.88419,5058,15.9
KIC 11868122,FALSE POSITIVE,K08231.01,1,0,0,0,384.92275,184.8,7.2
KIC 11872364,CANDIDATE,K08232.01,0,0,0,0,189.183958,1014,11.2
KIC 10471243,FALSE POSITIVE,K08019.01,1,0,1,1,0.93376131,55.6,10.5
KIC 10471296,FALSE POSITIVE,K08020.01,1,0,1,1,0.93377253,30,8.4
KIC 10535886,FALSE POSITIVE,K08021.01,0,0,0,1,0.93376021,56.5,9.5
KIC 10535897,FALSE POSITIVE,K08022.01,0,0,0,1,0.93372008,17,7.9
KIC 10535926,FALSE POSITIVE,K08023.01,1,0,1,1,0.93373591,35.1,10.8
KIC 10535991,FALSE POSITIVE,K08024.01,0,0,1,1,0.93374911,57.8,8.4
KIC 10536177,FALSE POSITIVE,K08025.01,1,0,1,0,0.93372261,31.2,8.2
KIC 6600492,FALSE POSITIVE,K08125.01,1,0,0,0,312.61007,438.7,11.9
KIC 6685403,FALSE POSITIVE,K08126.01,1,0,0,0,429.60143,1001.4,12.2
KIC 6846544,FALSE POSITIVE,K08127.01,1,0,0,0,499.88159,184.4,12.4
KIC 6848529,FALSE POSITIVE,K08128.01,1,0,0,0,197.37704,226.2,15.1
KIC 6887321,FALSE POSITIVE,K08129.01,0,0,1,0,1.65746034,22.9,9.1
KIC 6953281,FALSE POSITIVE,K08130.01,0,0,1,1,0.566799395,231.2,33.7
KIC 7020168,FALSE POSITIVE,K08131.01,1,0,0,0,203.8406,227.4,8.6
KIC 12012872,FALSE POSITIVE,K08233.01,0,0,1,0,14.395425,115.4,9.4
KIC 12069319,FALSE POSITIVE,K08234.01,1,0,0,0,231.157554,845.6,17.4
KIC 12121118,FALSE POSITIVE,K08235.01,1,0,0,0,495.06538,417,13.2
KIC 12252732,FALSE POSITIVE,K08236.01,1,0,0,0,595.78152,84.9,10.6
KIC 12554051,FALSE POSITIVE,K08237.01,1,0,0,0,365.709623,1033.4,15.1
KIC 12554485,CANDIDATE,K08238.01,0,0,0,0,495.662346,675.7,10.2
KIC 12555140,FALSE POSITIVE,K08239.01,1,0,0,0,655.25732,268.2,11.5
KIC 10536241,CANDIDATE,K08026.01,0,0,0,0,7.7529342,72.1,9.2
KIC 10614845,FALSE POSITIVE,K08027.01,1,0,0,0,0.573762943,48.3,8.5
KIC 10616829,FALSE POSITIVE,K08028.01,0,1,0,0,1.072934147,96883,949.0
KIC 10686909,FALSE POSITIVE,K08029.01,0,0,1,1,2.61854596,19.7,8.1
KIC 10730250,FALSE POSITIVE,K08030.01,0,0,1,0,13.667809025,127.7,2.6
KIC 10790401,CANDIDATE,K08031.01,0,0,0,0,254.336707,398.4,11.3
KIC 10801951,FALSE POSITIVE,K08032.01,1,0,0,1,1.105123883,66.7,20.7
KIC 7049771,FALSE POSITIVE,K08132.01,1,0,0,0,381.85852,362.9,16.0
KIC 7053328,FALSE POSITIVE,K08133.01,1,0,0,0,455.77076435,341.1,11.6
KIC 7106437,FALSE POSITIVE,K08134.01,1,0,0,0,212.760495,195.8,9.2
KIC 7117050,FALSE POSITIVE,K08135.01,1,0,0,0,73.836858,231.2,13.1
KIC 7185710,FALSE POSITIVE,K08136.01,1,0,0,0,160.243128,556.4,10.2
KIC 7282872,FALSE POSITIVE,K08137.01,1,0,0,0,402.41511,780.6,9.5
KIC 7340624,FALSE POSITIVE,K08138.01,1,0,0,0,369.28177,1017.7,13.0
KIC 12647110,FALSE POSITIVE,K08240.01,1,0,0,0,462.463589,1024.3,13.2
KIC 12647757,CANDIDATE,K08241.01,0,0,0,0,490.63941,268.8,9.6
KIC 3629119,CANDIDATE,K08242.01,0,0,0,0,331.55459,288.7,6.7
KIC 3662635,FALSE POSITIVE,K08243.01,0,1,0,0,0.939375593,100893,317.3
KIC 3734501,FALSE POSITIVE,K08244.01,1,0,0,0,31.1911468,228.4,11.4
KIC 4169315,FALSE POSITIVE,K08245.01,0,1,1,0,30.9587224,342,13.1
KIC 4446859,CANDIDATE,K08246.01,0,0,0,0,425.64971,171.2,7.6
KIC 9084569,CANDIDATE,K07923.01,0,0,0,0,395.13138,126.4,14.4
KIC 9087580,CANDIDATE,K07924.01,0,0,0,0,0.770658979,83.5,11.7
KIC 9099607,CANDIDATE,K07925.01,0,0,0,0,4.6318914,50.9,9.2
KIC 10844823,CANDIDATE,K08033.01,0,0,0,0,362.13187,849,8.2
KIC 10862284,FALSE POSITIVE,K08034.01,0,0,1,0,9.1447861,268.8,14.9
KIC 10862759,CANDIDATE,K08035.01,0,0,0,0,29.4856392,105,9.3
KIC 10877024,FALSE POSITIVE,K08036.01,0,1,1,1,0.786483923,233.3,104.2
KIC 10920281,CANDIDATE,K08037.01,0,0,0,0,3.65034525,253.2,6.0
KIC 10920420,FALSE POSITIVE,K08038.01,1,0,1,1,0.9438885,35.8,8.3
KIC 11032748,CANDIDATE,K08039.01,0,0,0,0,43.9438891,154.8,9.7
KIC 7622473,FALSE POSITIVE,K08139.01,0,0,1,1,40.244826,192.9,16.8
KIC 7662744,FALSE POSITIVE,K08140.01,1,0,0,0,135.428746,381.1,7.9
KIC 7686191,FALSE POSITIVE,K08141.01,1,0,0,0,380.03903,788.8,13.2
KIC 7690521,FALSE POSITIVE,K08142.01,1,0,0,0,380.294204,730.5,15.0
KIC 7747835,FALSE POSITIVE,K08143.01,1,0,1,1,373.74691,622.3,16.2
KIC 7762886,FALSE POSITIVE,K08144.01,1,0,0,0,315.81065,541.6,11.6
KIC 7811537,FALSE POSITIVE,K08145.01,1,0,0,0,16.9341628,207.8,7.2
KIC 4566999,FALSE POSITIVE,K08247.01,1,0,0,0,527.68601,602,6.8
KIC 4569942,FALSE POSITIVE,K08248.01,1,0,0,0,267.911652,695,7.7
KIC 4572728,CANDIDATE,K08249.01,0,0,0,0,309.191789,122.8,10.5
KIC 4772095,FALSE POSITIVE,K08250.01,1,0,0,0,99.299502,408.5,6.6
KIC 4847801,FALSE POSITIVE,K08251.01,0,0,1,0,371.47786,264.9,8.6
KIC 5026023,FALSE POSITIVE,K08252.01,0,1,0,0,1.99638423,29.4,6.2
KIC 5098334,CANDIDATE,K08253.01,0,0,0,0,400.11482,113.4,6.7
KIC 9101271,FALSE POSITIVE,K07926.01,1,0,0,0,29.3657204,74936,808.9
KIC 9118340,FALSE POSITIVE,K07927.01,1,0,1,0,1.035329922,992.8,178.0
KIC 9142714,CANDIDATE,K07928.01,0,0,0,0,1.12625975,,
KIC 9159198,FALSE POSITIVE,K07929.01,0,0,1,1,3.04463691,47,10.4
KIC 9210820,CANDIDATE,K07930.01,0,0,0,0,377.67241,514.8,10.2
KIC 9227215,CANDIDATE,K07931.01,0,0,0,0,242.0367,333.3,8.9
KIC 9278575,CANDIDATE,K07932.01,0,0,0,0,502.25648,153.2,8.1
KIC 11098004,FALSE POSITIVE,K08041.01,0,0,0,1,7.508818,70.1,7.4
KIC 11135119,FALSE POSITIVE,K08042.01,1,0,0,0,383.937324,627.7,10.8
KIC 11139682,CANDIDATE,K08043.01,0,0,0,0,10.7781558,121.3,7.9
KIC 11145726,FALSE POSITIVE,K08044.01,0,0,1,0,0.619618218,50.3,4.4
KIC 11152950,FALSE POSITIVE,K08045.01,0,0,1,0,4.17363793,49.7,10.5
KIC 11182706,CANDIDATE,K08046.01,0,0,0,0,384.37706,1204.9,22.6
KIC 11294822,CANDIDATE,K08047.01,0,0,0,0,302.34971,622.3,8.0
KIC 7874976,FALSE POSITIVE,K08146.01,1,0,0,0,185.83013,72.6,8.1
KIC 7888957,FALSE POSITIVE,K08147.01,1,0,0,0,363.346158,896,10.7
KIC 7900114,FALSE POSITIVE,K08148.01,1,0,0,0,303.91225,479.5,12.4
KIC 7936194,FALSE POSITIVE,K08149.01,1,0,0,0,536.52197,293.9,9.7
KIC 7959310,FALSE POSITIVE,K08150.01,1,0,0,0,350.514,213.5,12.0
KIC 8012732,FALSE POSITIVE,K08151.01,1,0,0,0,431.51734,5332.7,206.2
KIC 5391407,FALSE POSITIVE,K08254.01,0,1,0,0,0.638697833,141454,206.3
KIC 5468555,FALSE POSITIVE,K08255.01,1,0,0,0,539.214259,300.6,7.8
KIC 5638699,FALSE POSITIVE,K08256.01,1,0,0,0,343.56446,179.6,8.4
KIC 5683219,CANDIDATE,K08257.01,0,0,0,0,9.4609418,47.5,7.9
KIC 5871116,FALSE POSITIVE,K08258.01,1,0,0,0,54.432903,307.6,7.7
KIC 5956171,CANDIDATE,K08259.01,0,0,0,0,402.27493,294.5,11.1
KIC 6032318,FALSE POSITIVE,K08260.01,1,0,0,0,235.20613,642,6.8
KIC 9347066,FALSE POSITIVE,K07933.01,0,0,1,0,20.004714,115.7,6.7
KIC 9390228,CANDIDATE,K07934.01,0,0,0,0,22.6432436,550.4,8.2
KIC 9392016,FALSE POSITIVE,K07935.01,1,0,0,0,350.65158,248.1,8.2
KIC 9429631,FALSE POSITIVE,K07937.01,0,0,1,0,4.18587282,99.4,9.3
KIC 9469494,CANDIDATE,K07938.01,0,0,0,0,275.5603,89.4,11.5
KIC 9518558,FALSE POSITIVE,K07939.01,0,0,1,1,2.178142613,172.7,16.1
KIC 9521317,CANDIDATE,K07940.01,0,0,0,0,188.881049,325.8,12.9
KIC 11296205,CANDIDATE,K08048.01,0,0,0,0,379.67276,253.9,7.9
KIC 11348086,FALSE POSITIVE,K08049.01,1,0,0,0,391.420272,236.7,10.3
KIC 11350634,CANDIDATE,K08050.01,0,0,0,0,278.38935,262.8,11.2
KIC 11357185,FALSE POSITIVE,K08051.01,1,0,0,0,185.243906,383.9,7.9
KIC 11358305,CANDIDATE,K08052.01,0,0,0,0,7.8687123,89.1,9.1
KIC 11392362,CANDIDATE,K08053.01,0,0,0,0,9.9105786,99.5,9.2
KIC 11443757,CANDIDATE,K08054.01,0,0,0,0,43.9088053,297.8,13.7
KIC 8028465,FALSE POSITIVE,K08152.01,1,0,0,0,261.684363,817,8.3
KIC 8129641,FALSE POSITIVE,K08153.01,0,1,1,0,0.808106001,7676.4,73.3
KIC 8226720,FALSE POSITIVE,K08154.01,1,0,0,0,391.33068,277.2,10.3
KIC 8307354,FALSE POSITIVE,K08155.01,1,0,0,0,320.56794551,898.9,7.5
KIC 8439949,CANDIDATE,K08156.01,0,0,0,0,364.98242,533,13.1
KIC 8527297,CANDIDATE,K08157.01,0,0,0,0,0.58730021,,
KIC 8588982,FALSE POSITIVE,K08158.01,1,0,0,0,116.025744,1361,18.5
KIC 6182508,FALSE POSITIVE,K08261.01,1,0,0,0,85.9770426,1064,8.0
KIC 6195669,FALSE POSITIVE,K08262.01,0,1,0,0,370.94353,1071.3,14.6
KIC 6356506,CANDIDATE,K08263.01,0,0,0,0,280.55544,401.4,9.3
KIC 6583107,FALSE POSITIVE,K08264.01,1,0,0,0,30.6261927,162.6,6.6
KIC 6681618,FALSE POSITIVE,K08265.01,1,0,0,0,364.42189,2498,28.5
KIC 6946985,FALSE POSITIVE,K08266.01,1,0,0,0,440.584562,65.9,16.1
KIC 7106438,FALSE POSITIVE,K08267.01,1,0,0,0,269.331027,515.7,7.9
KIC 9529148,FALSE POSITIVE,K07942.01,1,0,0,0,25.3428696,230.5,7.5
KIC 9531850,FALSE POSITIVE,K07943.01,1,0,0,0,0.66234265,2359,12.4
KIC 9541094,FALSE POSITIVE,K07944.01,1,0,1,1,0.536654028,41,21.8
KIC 9579753,FALSE POSITIVE,K07945.01,0,0,0,1,1.08908149,130.7,9.9
KIC 9588880,FALSE POSITIVE,K07946.01,1,0,0,0,77.97621155,,
KIC 9592831,FALSE POSITIVE,K07947.01,1,0,1,1,0.609668222,287.6,15.7
KIC 9602658,FALSE POSITIVE,K07948.01,1,0,1,1,3.55650403,132.3,11.8
KIC 11453349,CANDIDATE,K08055.01,0,0,0,0,4.40660737,70.7,8.1
KIC 11560397,FALSE POSITIVE,K08056.01,0,0,1,1,0.527673051,28.3,13.5
KIC 11565903,FALSE POSITIVE,K08057.01,1,0,0,0,117.140785,337.1,8.5
KIC 11601597,FALSE POSITIVE,K08058.01,0,1,0,0,0.590281548,21.6,20.6
KIC 11612241,FALSE POSITIVE,K08059.01,1,0,1,1,4.5647147,99.3,18.0
KIC 11661803,FALSE POSITIVE,K08060.01,1,0,0,0,372.086704,2494,18.0
KIC 8608544,FALSE POSITIVE,K08159.01,1,0,0,0,348.68162,309.3,11.9
KIC 8618147,FALSE POSITIVE,K08160.01,1,0,0,0,345.128277,324.4,11.4
KIC 8630840,FALSE POSITIVE,K08161.01,1,0,0,0,370.38642,186.2,13.9
KIC 8683144,FALSE POSITIVE,K08162.01,1,0,0,0,267.970682,357.7,10.4
KIC 8708961,CANDIDATE,K08163.01,0,0,0,0,370.98253,552.3,15.7
KIC 8740744,FALSE POSITIVE,K08164.01,1,0,0,0,417.829033,500.8,8.9
KIC 7451315,FALSE POSITIVE,K08268.01,1,0,0,0,368.5224,1330.2,22.7
KIC 7751294,FALSE POSITIVE,K08269.01,1,0,0,0,371.4589776,456.6,10.8
KIC 7832787,CANDIDATE,K08270.01,0,0,0,0,338.00692,544.3,15.3
KIC 8008913,FALSE POSITIVE,K08271.01,1,0,0,0,34.9989085,427.1,7.5
KIC 8022520,CANDIDATE,K08272.01,0,0,0,0,432.42787,110.3,6.0
KIC 8108450,FALSE POSITIVE,K08273.01,1,0,0,0,386.78734,743.7,10.3
KIC 8293631,FALSE POSITIVE,K08274.01,1,0,0,0,449.557346,1193.1,28.4
KIC 9604563,CANDIDATE,K07949.01,0,0,0,0,1.001916708,70.9,8.3
KIC 9639021,FALSE POSITIVE,K07950.01,0,0,1,0,2.21568076,43.6,6.9
KIC 9640649,CANDIDATE,K07951.01,0,0,0,0,0.862329309,140.9,10.8
KIC 9643210,FALSE POSITIVE,K07952.01,1,0,0,0,3.850304552,158,5.3
KIC 9650579,CANDIDATE,K07953.01,0,0,0,0,432.96905,257.9,8.1
KIC 9650762,CANDIDATE,K07954.01,0,0,0,0,372.15035,457.4,12.3
KIC 9651155,FALSE POSITIVE,K07955.01,0,1,0,0,1.07383154,31355,137.3
KIC 11709006,FALSE POSITIVE,K08061.01,1,0,0,0,0.719741,32.2,6.5
KIC 11714107,CANDIDATE,K08063.01,0,0,0,0,405.35457,545.6,10.2
KIC 11724094,FALSE POSITIVE,K08064.01,0,1,0,0,1.47623061,39.1,9.7
KIC 11774383,FALSE POSITIVE,K08065.01,0,1,0,0,0.520227316,68633,122.3
KIC 11804952,FALSE POSITIVE,K08066.01,1,0,0,0,36.3192885,400.2,8.6
KIC 11819135,FALSE POSITIVE,K08067.01,0,1,0,0,1.901655058,87321,190.6
KIC 11904835,CANDIDATE,K08068.01,0,0,0,0,9.4640413,209.9,9.4
KIC 8742735,FALSE POSITIVE,K08165.01,1,0,0,0,331.92622,809,8.7
KIC 8743244,FALSE POSITIVE,K08166.01,1,0,0,0,346.31688,1435,17.0
KIC 8748435,FALSE POSITIVE,K08167.01,1,0,0,0,259.85736,307.7,14.2
KIC 8766268,FALSE POSITIVE,K08168.01,0,0,1,1,5.29731736,167.5,8.7
KIC 8808064,FALSE POSITIVE,K08169.01,1,0,0,0,447.97028,512.7,9.2
KIC 8813404,FALSE POSITIVE,K08170.01,1,0,0,0,374.80095,144.4,11.4
KIC 8329346,CANDIDATE,K08275.01,0,0,0,0,389.875816,2134,8.9
KIC 8637903,CANDIDATE,K08276.01,0,0,0,0,385.858683,548.4,21.2
KIC 8673511,CANDIDATE,K08277.01,0,0,0,0,0.757261281,36.5,10.2
KIC 8873674,FALSE POSITIVE,K08278.01,1,0,0,0,172.280975,313.8,10.2
KIC 9011955,CANDIDATE,K08279.01,0,0,0,0,367.0896,2092.3,27.7
KIC 9159288,CANDIDATE,K08280.01,0,0,0,0,66.67305,472.1,9.6
KIC 9209808,FALSE POSITIVE,K08281.01,1,0,0,0,244.547128,587,6.4
KIC 9656547,FALSE POSITIVE,K07956.01,0,0,1,1,1.27228771,82.9,9.5
KIC 9658192,FALSE POSITIVE,K07957.01,0,0,1,0,1.886002102,47.4,7.6
KIC 9710611,FALSE POSITIVE,K07958.01,1,0,0,0,386.35444,129.6,10.9
KIC 9710626,FALSE POSITIVE,K07959.01,1,0,0,0,371.21454,1780,14.4
KIC 9710792,FALSE POSITIVE,K07960.01,1,0,0,0,365.5435,753.1,13.4
KIC 9770983,FALSE POSITIVE,K07961.01,0,0,1,0,7.02932339,81.6,8.7
KIC 9777089,FALSE POSITIVE,K07962.01,1,0,1,1,19.229478,115.8,8.1
KIC 11918793,FALSE POSITIVE,K08069.01,1,0,0,0,38.35312,3090,8.6
KIC 11922290,FALSE POSITIVE,K08070.01,1,0,0,0,114.661733,281.8,7.3
KIC 11966668,FALSE POSITIVE,K08071.01,1,0,0,0,313.19875,721,9.6
KIC 11967872,FALSE POSITIVE,K08072.01,1,0,0,0,134.370692,432.6,8.1
KIC 12004656,FALSE POSITIVE,K08073.01,1,0,1,1,2.52123022,145.9,8.9
KIC 12008916,FALSE POSITIVE,K08074.01,1,0,0,0,47.4314857,172.8,10.3
KIC 12021943,FALSE POSITIVE,K08075.01,1,0,0,0,6.0962602,30.4,10.0
KIC 8815031,FALSE POSITIVE,K08171.01,1,0,0,0,472.6038,672,7.7
KIC 8821936,FALSE POSITIVE,K08172.01,1,0,0,0,371.51852,263,17.0
KIC 8832676,FALSE POSITIVE,K08173.01,1,0,0,0,323.66542,1178,9.1
KIC 8873873,CANDIDATE,K08174.01,0,0,0,0,295.06066,72.2,10.4
KIC 9075882,FALSE POSITIVE,K08175.01,1,0,0,0,367.01607,738.6,11.2
KIC 9084832,FALSE POSITIVE,K08176.01,1,0,0,0,568.08251,508.3,18.1
KIC 9093859,FALSE POSITIVE,K08177.01,1,0,1,1,3.0447752,74.9,8.6
KIC 9239670,FALSE POSITIVE,K08282.01,1,0,0,0,456.55308,116.2,7.3
KIC 9388557,FALSE POSITIVE,K08283.01,1,0,0,0,209.941369,477.3,10.2
KIC 9532997,FALSE POSITIVE,K08284.01,1,0,0,0,49.763624,412,6.8
KIC 9536836,FALSE POSITIVE,K08285.01,1,0,0,0,320.347208,262.8,8.8
KIC 9592621,CANDIDATE,K08286.01,0,0,0,0,191.03728,1607,7.0
KIC 10010452,FALSE POSITIVE,K08287.01,1,0,0,0,358.74318,760.5,15.9
KIC 10226420,FALSE POSITIVE,K08288.01,0,1,1,1,0.660663034,134,23.3
KIC 9777990,FALSE POSITIVE,K07963.01,0,1,0,0,14.3400358,1706,8.0
KIC 9813678,FALSE POSITIVE,K07964.01,0,1,0,0,0.505079006,28077.9,665.5
KIC 9826551,FALSE POSITIVE,K07965.01,0,1,1,0,7.19680984,50.5,10.0
KIC 9838537,FALSE POSITIVE,K07966.01,0,0,1,1,1.33257715,27.1,15.5
KIC 9838761,FALSE POSITIVE,K07967.01,0,0,0,1,1.33254428,162.2,18.1
KIC 9839062,FALSE POSITIVE,K07968.01,1,0,0,0,424.623345,5132.1,60.2
KIC 9851983,FALSE POSITIVE,K07969.01,1,0,0,0,1.456383399,212.2,94.0
KIC 12156930,CANDIDATE,K08076.01,0,0,0,0,71.10684,128.4,10.5
KIC 12266099,CANDIDATE,K08077.01,0,0,0,0,77.177672,318.6,8.0
KIC 12307496,CANDIDATE,K08078.01,0,0,0,0,0.805941833,3180.4,55.4
KIC 12419303,FALSE POSITIVE,K08079.01,0,0,1,0,0.608074963,117.5,10.8
KIC 12453855,FALSE POSITIVE,K08080.01,0,1,0,0,0.559643825,1812.6,130.7
KIC 12459808,FALSE POSITIVE,K08081.01,0,0,0,1,0.502446098,11.4,10.1
KIC 12602999,CANDIDATE,K08082.01,0,0,0,0,8.2766028,73.1,10.0
KIC 9114508,FALSE POSITIVE,K08178.01,1,0,0,0,256.45616,17283,14.4
KIC 9216810,FALSE POSITIVE,K08179.01,1,0,0,0,138.62902498,,
KIC 9268159,CANDIDATE,K08180.01,0,0,0,0,185.97534,54.5,2.6
KIC 9340460,FALSE POSITIVE,K08181.01,1,0,0,0,388.519605,151.2,15.1
KIC 9409493,FALSE POSITIVE,K08182.01,1,0,0,0,60.049737,16650,17.5
KIC 9468848,CANDIDATE,K08183.01,0,0,0,0,5.8877038,39.7,9.3
KIC 9649205,FALSE POSITIVE,K08184.01,1,0,0,0,237.26601,150.4,8.6
KIC 10341781,FALSE POSITIVE,K08289.01,0,0,1,1,0.93371211,126.2,14.3
KIC 10459805,FALSE POSITIVE,K08290.01,1,0,0,0,461.13781,408.2,7.4
KIC 10471090,FALSE POSITIVE,K08291.01,0,0,1,1,0.93376089,27.3,9.7
KIC 10532751,FALSE POSITIVE,K08292.01,1,0,0,0,367.761848,428,9.8
KIC 10585887,FALSE POSITIVE,K08293.01,1,0,0,0,378.65484,247.8,6.8
KIC 11867733,FALSE POSITIVE,K08294.01,0,1,0,0,384.356448,715.7,13.2
KIC 11923074,FALSE POSITIVE,K08295.01,0,0,0,1,1.75647084,69.5,10.9
KIC 9873004,CANDIDATE,K07970.01,0,0,0,0,1.98514635,233.4,11.0
KIC 9899216,FALSE POSITIVE,K07971.01,0,0,0,1,1.33259003,11.9,7.4
KIC 9899256,FALSE POSITIVE,K07972.01,0,0,1,1,1.33254024,35.8,12.1
KIC 9899345,CANDIDATE,K07973.01,0,0,0,0,1.33199285,,
KIC 9899621,FALSE POSITIVE,K07974.01,0,0,1,1,1.33255492,66.6,10.1
KIC 9899623,FALSE POSITIVE,K07975.01,0,1,1,1,1.33259095,105.5,13.6
KIC 9906688,CANDIDATE,K07976.01,0,0,0,0,5.82561701,142.8,9.2
KIC 12644020,FALSE POSITIVE,K08083.01,1,0,0,0,234.524445,876,6.8
KIC 2010152,FALSE POSITIVE,K08084.01,1,0,0,0,317.74527,206.6,13.6
KIC 2284957,CANDIDATE,K08085.01,0,0,0,0,419.2615,287.8,10.1
KIC 2712825,FALSE POSITIVE,K08086.01,1,0,0,0,18.384953,92.9,6.0
KIC 3443582,FALSE POSITIVE,K08087.01,0,1,0,0,1.085965104,10578.7,675.9
KIC 3533483,FALSE POSITIVE,K08088.01,1,0,0,0,308.185801,708.7,9.5
KIC 3663850,CANDIDATE,K08089.01,0,0,0,0,141.400279,790.1,12.9
KIC 9771576,FALSE POSITIVE,K08185.01,1,0,0,0,398.71694,893.9,13.7
KIC 9827094,FALSE POSITIVE,K08186.01,1,0,1,0,241.8591,659,9.7
KIC 9837720,FALSE POSITIVE,K08187.01,1,0,0,0,353.04037,239.6,11.2
KIC 9873604,FALSE POSITIVE,K08188.01,1,0,0,0,522.33888,423.7,12.0
KIC 9874581,FALSE POSITIVE,K08189.01,1,0,0,0,473.56314,327.4,8.7
KIC 9899449,FALSE POSITIVE,K08190.01,0,1,1,1,1.332565736,2319.8,301.7
KIC 9962731,FALSE POSITIVE,K08191.01,1,0,1,0,385.39743,132.3,10.9
KIC 12117215,FALSE POSITIVE,K08296.01,1,0,0,0,272.54288087,807.2,5.7
KIC 12168280,CANDIDATE,K08297.01,0,0,0,0,229.957537,400,10.2
KIC 9912977,FALSE POSITIVE,K07977.01,0,1,0,0,0.9439372,279437,6351.7
KIC 9938836,CANDIDATE,K07978.01,0,0,0,0,7.2681817,46.7,9.7
KIC 9941425,FALSE POSITIVE,K07979.01,0,0,1,0,1.075158342,30.2,8.0
KIC 9959368,FALSE POSITIVE,K07980.01,0,0,1,1,1.33255801,48.7,8.7
KIC 9959765,FALSE POSITIVE,K07981.01,0,0,1,1,1.33250451,27.4,11.6
KIC 10011213,CANDIDATE,K07982.01,0,0,0,0,376.37989,1140,13.3
KIC 10014875,FALSE POSITIVE,K07983.01,1,0,0,0,453.64875,523.4,9.0
KIC 3954211,FALSE POSITIVE,K08090.01,0,0,1,1,0.594274521,4691.5,83.9
KIC 4056579,FALSE POSITIVE,K08091.01,1,0,0,0,239.179477,750.9,12.1
KIC 4276445,FALSE POSITIVE,K08092.01,1,0,0,0,405.65377,521,7.7
KIC 4371172,FALSE POSITIVE,K08093.01,0,1,1,0,73.992267,225.6,7.9
KIC 4557341,FALSE POSITIVE,K08094.01,1,0,1,0,361.901618,184.1,8.5
KIC 4645492,FALSE POSITIVE,K08095.01,1,0,0,0,508.04103,371.7,9.9
KIC 4738095,FALSE POSITIVE,K08096.01,1,0,0,0,309.933134,176.1,8.3
KIC 10023069,FALSE POSITIVE,K08192.01,1,0,0,0,266.977677,389.6,16.0
KIC 10028127,CANDIDATE,K08193.01,0,0,0,0,367.947848,1301,10.7
KIC 10079317,FALSE POSITIVE,K08194.01,1,0,0,0,236.25776888,168.4,5.3
KIC 10079481,FALSE POSITIVE,K08195.01,1,0,0,0,330.80879,274.8,24.4
KIC 10081899,FALSE POSITIVE,K08196.01,1,0,0,0,522.64613,648.1,10.5
KIC 10199817,FALSE POSITIVE,K08197.01,1,0,0,0,392.94247,120.3,10.0
KIC 10205598,FALSE POSITIVE,K08198.01,1,0,0,0,373.89398,730,18.5
KIC 10031643,FALSE POSITIVE,K07984.01,0,0,0,1,8.5898708,87.7,8.4
KIC 10090151,FALSE POSITIVE,K07985.01,0,1,1,0,0.527698548,1579.2,453.3
KIC 10128825,CANDIDATE,K07986.01,0,0,0,0,1.73984941,48.5,10.6
KIC 10147276,FALSE POSITIVE,K07987.01,0,0,1,0,0.681401611,103.6,12.3
KIC 10155286,CANDIDATE,K07988.01,0,0,0,0,333.486169,639.1,14.0
KIC 10156110,FALSE POSITIVE,K07989.01,0,0,1,1,4.85603482,76.7,8.2
