target,kepid,kepler_name,ra,dec,teff,srad,smass,dist_pc
KIC 10797460,10797460,Kepler-227,291.93423,48.141651,5455.0,0.927,0.919,1083.06
KIC 10811496,10811496,,297.00482,48.134129,5853.0,0.868,0.961,
KIC 10848459,10848459,,285.53461,48.28521,5805.0,0.791,0.836,
KIC 10854555,10854555,Kepler-664,288.75488,48.2262,6031.0,1.046,1.095,1210.12
KIC 10872983,10872983,Kepler-228,296.28613,48.22467,6046.0,0.972,1.053,1644.61
KIC 6721123,6721123,,298.86435,42.151569,6227.0,1.958,1.358,
KIC 10910878,10910878,Kepler-229,286.99948,48.37579,5031.0,0.848,0.801,826.265
KIC 11446443,11446443,Kepler-1,286.80847,49.316399,5820.0,0.964,0.971,
KIC 10666592,10666592,Kepler-2,292.24728,47.969521,6440.0,1.952,1.449,
KIC 6922244,6922244,Kepler-8,281.28812,42.45108,6225.0,1.451,1.132,1021.87
KIC 10984090,10984090,Kepler-466,295.64871,48.49556,5833.0,1.022,0.974,530.122
KIC 10419211,10419211,,297.07993,47.597401,5795.0,0.848,0.938,
KIC 10464078,10464078,,289.25821,47.635319,5043.0,0.68,0.657,
KIC 10480982,10480982,,295.81454,47.69035,6117.0,0.947,1.025,
KIC 10485250,10485250,,297.15442,47.668701,5152.0,0.786,0.741,
KIC 10526549,10526549,Kepler-660,288.13824,47.724449,4856.0,0.696,0.676,568.431
KIC 10583066,10583066,Kepler-661,283.71088,47.86327,4537.0,0.672,0.761,534.788
KIC 10583180,10583180,,283.76547,47.804298,4989.0,0.819,0.781,
KIC 10601284,10601284,Kepler-226,292.37613,47.880989,5185.0,0.91,0.831,980.138
KIC 2306756,2306756,,292.27374,37.671558,5543.0,1.58,1.103,
KIC 10662202,10662202,Kepler-662,290.46512,47.92918,4954.0,0.828,0.791,815.637
KIC 10682541,10682541,Kepler-663,297.80826,47.946671,5339.0,0.847,0.931,1063.09
KIC 11460018,11460018,Kepler-671,294.26581,49.314091,5644.0,0.831,0.928,1168.26
KIC 11463211,11463211,,295.66522,49.351009,5714.0,0.831,0.926,
KIC 11465813,11465813,,296.69861,49.316479,5520.0,0.983,1.03,
KIC 11493732,11493732,,283.72592,49.479519,6144.0,1.091,1.093,
KIC 11507101,11507101,Kepler-672,291.72202,49.480869,5481.0,1.036,0.915,1033.93
KIC 10987985,10987985,Kepler-665,297.02563,48.478588,5015.0,0.826,0.785,612.838
KIC 11018648,11018648,Kepler-230,285.71854,48.505859,5586.0,0.798,0.844,740.754
KIC 11138155,11138155,Kepler-1976,292.16705,48.727589,5712.0,1.082,0.976,1314.51
KIC 11152159,11152159,,297.92365,48.777321,5550.0,0.91,0.889,
KIC 11153539,11153539,Kepler-666,298.45685,48.791592,6075.0,0.969,1.048,1508.71
KIC 11242721,11242721,,291.0939,48.933842,6074.0,1.063,1.014,
KIC 9579641,9579641,Kepler-105,287.88733,46.276241,5779.0,1.087,0.941,459.223
KIC 11304958,11304958,Kepler-667,295.55505,49.017342,5468.0,1.046,0.93,2302.45
KIC 11391957,11391957,Kepler-668,285.49924,49.277351,5592.0,0.787,0.862,784.618
KIC 11403044,11403044,Kepler-669,291.93616,49.253979,6174.0,1.103,1.162,2063.41
KIC 11414511,11414511,Kepler-670,297.01547,49.225288,5532.0,0.955,0.941,939.744
KIC 11442465,11442465,,284.17233,49.360722,5040.0,0.705,0.782,
KIC 12110942,12110942,Kepler-680,291.62241,50.61824,5880.0,0.917,1.01,1492.48
KIC 12366084,12366084,Kepler-232,295.81616,51.121738,5714.0,1.015,1.007,1349.13
KIC 12404086,12404086,Kepler-681,289.39972,51.25032,5129.0,0.763,0.846,686.923
KIC 8395660,8395660,Kepler-106,300.86398,44.337551,5854.0,1.012,0.951,444.322
KIC 11656840,11656840,,288.98682,49.733742,6108.0,0.956,0.981,
KIC 11754553,11754553,Kepler-52,286.73804,49.97575,4126.0,0.615,0.633,321.542
KIC 11812062,11812062,Kepler-673,290.78574,50.054119,5497.0,0.809,0.907,918.21
KIC 11818800,11818800,,294.31686,50.080231,5446.0,0.781,0.714,
KIC 11853255,11853255,Kepler-674,285.17621,50.149818,4149.0,0.564,0.578,342.254
KIC 11909839,11909839,,289.23553,50.241001,5746.0,0.924,0.77,
KIC 11918099,11918099,Kepler-675,293.83331,50.23035,5005.0,0.765,0.85,665.68
KIC 11923270,11923270,Kepler-676,296.22195,50.28722,3688.0,0.473,0.503,295.196
KIC 11960862,11960862,Kepler-677,290.09805,50.321609,5992.0,0.989,0.927,1954.08
KIC 12020329,12020329,Kepler-678,295.45529,50.49456,5485.0,0.867,0.986,1826.15
KIC 12066335,12066335,Kepler-231,293.97336,50.53191,4077.0,0.56,0.576,316.618
KIC 12070811,12070811,Kepler-679,296.02133,50.56778,5557.0,0.75,0.832,922.244
KIC 3120431,3120431,,292.31595,38.27029,5295.0,0.811,0.853,
KIC 3246984,3246984,,294.36819,38.31028,5735.0,0.973,0.889,
KIC 3342970,3342970,Kepler-234,291.65353,38.494659,6214.0,1.076,1.169,1733.1
KIC 12459725,12459725,,291.0448,51.321671,5799.0,0.878,0.975,
KIC 12470844,12470844,Kepler-233,296.36652,51.319519,5354.0,0.788,0.884,856.417
KIC 12644822,12644822,Kepler-682,289.11221,51.737381,5795.0,0.919,0.992,1979.25
KIC 2440757,2440757,,290.84369,37.728828,6017.0,1.339,1.083,
KIC 2445129,2445129,,291.84891,37.713501,5927.0,1.06,1.05,
KIC 2713049,2713049,Kepler-683,291.43997,37.905659,5519.0,1.062,0.921,1023.07
KIC 3114167,3114167,Kepler-684,290.87051,38.273628,5653.0,0.679,0.767,1731.27
KIC 3114661,3114661,,290.99689,38.28492,5255.0,0.636,0.709,
KIC 3115833,3115833,,291.28195,38.241669,5988.0,0.836,0.885,
KIC 4139816,4139816,Kepler-235,286.07913,39.27832,3950.0,0.493,0.502,428.018
KIC 4275191,4275191,Kepler-688,294.65524,39.308361,5557.0,0.774,0.866,1357.75
KIC 4476123,4476123,Kepler-689,294.71063,39.52174,5395.0,0.734,0.821,1131.73
KIC 3351888,3351888,Kepler-685,293.87192,38.422939,5539.0,1.106,0.935,938.715
KIC 3453214,3453214,,293.81619,38.563568,5710.0,0.905,0.928,
KIC 3554600,3554600,,293.94116,38.601101,5657.0,0.824,0.919,
KIC 3641726,3641726,Kepler-1727,290.33362,38.72823,5349.0,0.82,0.824,894.187
KIC 3734868,3734868,,287.69675,38.886452,5627.0,1.024,0.874,
KIC 3832474,3832474,Kepler-30,285.28363,38.947281,5485.0,0.867,0.986,914.221
KIC 3836375,3836375,,286.92639,38.921631,5663.0,0.915,1.034,
KIC 3838486,3838486,,287.74881,38.92955,4667.0,0.731,0.737,
KIC 3935914,3935914,Kepler-686,285.21381,39.027481,5934.0,0.893,0.901,1490.94
KIC 3940418,3940418,Kepler-1728,287.09399,39.060719,5170.0,0.807,0.891,651.783
KIC 4049131,4049131,Kepler-687,289.31543,39.153278,4905.0,0.761,0.739,633.66
KIC 5287983,5287983,,295.37805,40.493401,5926.0,0.939,1.03,
KIC 5358241,5358241,Kepler-53,290.46176,40.562462,5775.0,1.053,1.026,1366.07
KIC 10875245,10875245,Kepler-107,297.02826,48.208611,5847.0,1.402,1.113,525.997
KIC 5358624,5358624,Kepler-428,290.58173,40.5774,5150.0,0.793,0.855,686.284
KIC 4544670,4544670,,285.92001,39.624828,5509.0,0.871,0.84,
KIC 4664847,4664847,Kepler-690,294.4899,39.771439,5973.0,1.085,1.181,1665.31
KIC 4725681,4725681,Kepler-236,283.86639,39.898079,3747.0,0.524,0.536,288.763
KIC 4913852,4913852,Kepler-691,288.81201,40.033401,3692.0,0.517,0.553,279.115
KIC 4932348,4932348,,294.14789,40.055538,5575.0,0.932,1.051,
KIC 4936180,4936180,,295.11371,40.071171,6463.0,0.826,0.786,
KIC 11913073,11913073,,291.06152,50.265129,5514.0,0.826,0.926,
KIC 5021899,5021899,Kepler-692,294.77686,40.15374,5601.0,0.999,0.934,991.336
KIC 5077629,5077629,,283.53845,40.217999,5690.0,0.776,0.852,
KIC 5115978,5115978,,296.00699,40.295429,6228.0,0.99,0.959,
KIC 5164255,5164255,Kepler-693,283.25354,40.358189,4986.0,0.833,0.793,1151.51
KIC 5252423,5252423,Kepler-237,283.22141,40.421829,4861.0,0.732,0.733,657.822
KIC 5272878,5272878,Kepler-694,291.14951,40.420521,5776.0,0.849,0.939,1023.06
KIC 5283542,5283542,,294.22397,40.417858,6108.0,0.997,1.072,
KIC 5649215,5649215,,298.96112,40.862808,5764.0,0.863,0.959,
KIC 5651104,5651104,Kepler-695,299.3161,40.82238,5035.0,0.791,0.754,842.947
KIC 5792202,5792202,Kepler-27,292.23676,41.08588,5251.0,0.817,0.926,1044.36
KIC 5370302,5370302,,294.05676,40.549679,5810.0,0.898,0.989,
KIC 5372966,5372966,,294.74396,40.53392,5670.0,0.821,0.82,
KIC 5376067,5376067,,295.50439,40.505489,6046.0,0.869,0.953,
KIC 5436502,5436502,Kepler-238,287.89713,40.637821,5739.0,1.384,1.083,1798.75
KIC 5456651,5456651,Kepler-239,294.20215,40.66341,4959.0,0.756,0.849,648.109
KIC 5481416,5481416,,299.64285,40.691238,4794.0,0.701,0.683,
KIC 5531576,5531576,Kepler-240,291.15878,40.750271,4768.0,0.779,0.759,746.927
KIC 5534814,5534814,,292.21436,40.759762,6072.0,0.988,1.05,
KIC 6291653,6291653,Kepler-702,293.87811,41.66177,5386.0,0.793,0.82,992.071
KIC 6392727,6392727,Kepler-703,299.18686,41.74268,5815.0,0.877,0.973,1156.83
KIC 6422070,6422070,Kepler-704,283.31638,41.83712,5653.0,0.949,0.974,1228.83
KIC 6428700,6428700,Kepler-242,286.5657,41.808399,5015.0,0.826,0.785,600.241
KIC 5794379,5794379,Kepler-241,292.91312,41.060921,4702.0,0.686,0.67,
KIC 5881688,5881688,Kepler-696,293.49661,41.137589,6073.0,1.135,1.163,1416.44
KIC 6022556,6022556,Kepler-697,283.86441,41.346458,5727.0,0.978,1.013,1277.33
KIC 6032497,6032497,Kepler-698,288.51001,41.301769,5878.0,0.987,0.989,1995.57
KIC 6061119,6061119,Kepler-699,296.88821,41.396091,5862.0,0.785,0.865,
KIC 6191521,6191521,Kepler-700,287.1543,41.565788,5510.0,1.238,0.932,1491.76
KIC 6267425,6267425,,284.86929,41.679192,4968.0,0.704,0.68,
KIC 3531558,3531558,Kepler-467,287.36279,38.649601,5718.0,1.317,0.961,466.265
KIC 6276477,6276477,Kepler-701,288.9942,41.633282,5501.0,0.918,0.891,774.152
KIC 6863998,6863998,Kepler-709,292.10519,42.380322,5239.0,0.826,0.83,664.843
KIC 6867155,6867155,,293.00797,42.307201,4245.0,0.657,0.666,
KIC 6948054,6948054,Kepler-245,291.63898,42.436321,5103.0,0.787,0.823,861.527
KIC 6435936,6435936,Kepler-705,289.50848,41.812119,3593.0,0.491,0.503,276.881
KIC 6522242,6522242,Kepler-706,291.76041,41.944069,5522.0,0.747,0.786,
KIC 6526710,6526710,,293.17929,41.969238,6122.0,0.964,1.041,
KIC 6587280,6587280,Kepler-243,285.11047,42.033958,5237.0,0.826,0.927,693.86
KIC 9471974,9471974,Kepler-108,294.55917,46.062328,5626.0,2.057,1.247,338.732
KIC 6599919,6599919,,289.89777,42.009151,5697.0,0.903,0.857,
KIC 6675056,6675056,,286.24356,42.148811,4947.0,0.802,0.769,
KIC 6685526,6685526,Kepler-707,290.00757,42.116459,5265.0,0.81,0.91,591.776
KIC 6756669,6756669,,284.08731,42.233231,5532.0,0.806,0.804,
KIC 6784235,6784235,Kepler-708,293.81647,42.212502,5895.0,0.94,1.026,1394.22
KIC 6849310,6849310,Kepler-244,287.24268,42.301369,5527.0,0.927,0.956,1036.49
KIC 6862328,6862328,,291.58377,42.36816,5453.0,1.062,0.904,
KIC 6862603,6862603,,291.67172,42.343109,6126.0,1.021,1.09,
KIC 7366258,7366258,Kepler-82,292.87338,42.966141,5427.0,0.929,0.915,904.326
KIC 7373451,7373451,Kepler-712,294.90973,42.935261,5067.0,0.75,0.789,872.493
KIC 6949607,6949607,Kepler-28,292.13702,42.42942,4072.0,0.57,0.586,438.359
KIC 7031517,7031517,,291.11969,42.507069,5875.0,0.809,0.895,
KIC 11869052,11869052,,294.40192,50.172089,5670.0,1.264,0.937,
KIC 7109675,7109675,Kepler-46,289.26874,42.604172,5149.0,0.93,0.882,777.06
KIC 7118364,7118364,Kepler-710,291.96417,42.69614,5754.0,1.122,1.014,1448.34
KIC 7134976,7134976,Kepler-246,296.48343,42.663429,4986.0,0.833,0.793,626.078
KIC 7135852,7135852,Kepler-1729,296.69394,42.62611,3837.0,0.517,0.544,576.181
KIC 7270230,7270230,,287.88412,42.832439,5612.0,0.829,0.926,
KIC 7287995,7287995,Kepler-81,293.63696,42.82497,4261.0,0.633,0.64,348.291
KIC 3247396,3247396,,294.46088,38.383461,6200.0,2.404,1.333,
KIC 7303253,7303253,Kepler-711,297.46002,42.83992,4919.0,0.721,0.697,624.575
KIC 5094751,5094751,Kepler-109,290.39273,40.28487,5945.0,1.302,1.009,474.861
KIC 7678434,7678434,Kepler-716,290.39322,43.363899,5121.0,0.888,0.822,635.009
KIC 7685981,7685981,Kepler-717,292.96555,43.34639,6007.0,0.961,0.968,2805.48
KIC 7708215,7708215,,299.00143,43.399632,5811.0,0.926,1.036,
KIC 7377033,7377033,,295.83536,42.943062,5209.0,0.603,0.602,
KIC 7380537,7380537,,296.68307,42.967869,4820.0,0.639,0.699,
KIC 7434875,7434875,Kepler-247,288.64252,43.039291,5097.0,0.779,0.891,663.711
KIC 8349582,8349582,Kepler-95,284.48245,44.398041,5644.0,1.411,1.053,445.656
KIC 7455287,7455287,Kepler-54,294.77393,43.056301,3713.0,0.47,0.484,271.701
KIC 7458762,7458762,Kepler-713,295.65149,43.029831,5849.0,0.919,1.014,1089.87
KIC 7552344,7552344,,297.97513,43.164909,5472.0,0.79,0.718,
KIC 757450,757450,Kepler-75,291.1376,36.577381,5332.0,0.843,0.821,835.356
KIC 7585481,7585481,Kepler-714,282.69952,43.272739,6214.0,1.076,1.169,2083.37
KIC 7663691,7663691,Kepler-715,283.63077,43.379398,6063.0,1.001,1.079,1327.44
KIC 5812701,5812701,Kepler-448,297.45374,41.01099,6823.0,1.367,1.386,
KIC 8013419,8013419,,285.16748,43.876339,3950.0,0.541,0.563,
KIC 8018547,8018547,,287.85239,43.897991,3960.0,0.509,0.526,
KIC 8039892,8039892,Kepler-719,295.53613,43.884449,5865.0,0.827,0.914,2497.51
KIC 8150320,8150320,Kepler-55,285.16833,44.026459,4500.0,0.646,0.71,578.796
KIC 11086270,11086270,Kepler-110,292.92914,48.60281,5869.0,1.626,1.019,586.531
KIC 7767559,7767559,,296.41019,43.455391,5600.0,0.975,0.811,
KIC 7825899,7825899,Kepler-248,293.0614,43.58136,5191.0,0.837,0.937,738.792
KIC 7849854,7849854,Kepler-718,299.56189,43.503559,5855.0,1.08,1.049,1302.33
KIC 7870390,7870390,Kepler-83,282.23251,43.66563,3906.0,0.509,0.508,400.409
KIC 7907423,7907423,Kepler-249,296.98505,43.65852,3561.0,0.411,0.44,190.401
KIC 7938496,7938496,Kepler-1730,281.96063,43.70311,5942.0,1.142,1.009,1427.08
KIC 8490993,8490993,Kepler-722,290.26328,44.55645,6077.0,0.999,1.077,1239.5
KIC 8505670,8505670,Kepler-252,295.57935,44.545959,4201.0,0.591,0.609,379.424
KIC 8544996,8544996,Kepler-723,284.83047,44.658138,5655.0,0.794,0.886,1071.8
KIC 8552202,8552202,,288.72665,44.60751,5662.0,0.738,0.813,
KIC 8180063,8180063,,296.50754,44.036072,5865.0,0.827,0.914,
KIC 8226994,8226994,Kepler-250,289.59476,44.141949,5029.0,0.838,0.798,760.585
KIC 8247638,8247638,Kepler-251,296.56622,44.105862,5527.0,0.866,0.841,924.625
KIC 8255887,8255887,Kepler-720,298.63565,44.17094,5560.0,1.21,0.94,1065.37
KIC 8256049,8256049,,298.67862,44.175499,4187.0,0.592,0.58,
KIC 8414716,8414716,Kepler-721,284.43051,44.48053,5198.0,0.801,0.915,926.598
KIC 9140402,9140402,,284.75943,45.599129,5569.0,0.829,0.928,
KIC 9141746,9141746,Kepler-730,285.55481,45.578861,6123.0,1.107,1.159,1935.04
KIC 9159275,9159275,,293.68494,45.51683,5525.0,0.753,0.843,
KIC 9166862,9166862,Kepler-731,296.39316,45.568562,6033.0,1.046,1.153,1257.16
KIC 9166870,9166870,,296.39542,45.56992,5936.0,0.965,1.075,
KIC 11449844,11449844,Kepler-468,288.90222,49.370491,5510.0,0.879,0.973,442.871
KIC 8605074,8605074,,282.30603,44.714661,6140.0,1.096,0.989,
KIC 8628973,8628973,Kepler-724,293.45483,44.792789,5609.0,0.944,0.983,853.119
KIC 8655354,8655354,,301.04956,44.706299,5931.0,0.866,0.825,
KIC 8672910,8672910,Kepler-725,283.97751,44.811562,5231.0,0.9,0.844,758.469
KIC 8686150,8686150,,290.63898,44.806789,6257.0,1.147,1.233,
KIC 8689031,8689031,Kepler-726,291.71732,44.88731,5481.0,0.708,0.806,762.081
KIC 8689373,8689373,Kepler-253,291.84198,44.858089,5196.0,0.775,0.869,838.595
KIC 8826878,8826878,Kepler-727,294.84689,45.034409,5431.0,0.884,0.816,831.842
KIC 5897826,5897826,Kepler-469,297.47586,41.114288,5855.0,1.796,1.174,
KIC 8883593,8883593,Kepler-728,291.09235,45.115528,5897.0,0.891,0.983,1765.23
KIC 8951215,8951215,,291.20804,45.244389,6225.0,1.031,1.091,
KIC 9016295,9016295,,289.72748,45.367661,6108.0,0.997,1.072,
KIC 9077124,9077124,Kepler-729,286.36011,45.414291,6007.0,0.998,1.072,1921.15
KIC 9097120,9097120,,294.71768,45.48576,6192.0,0.924,0.991,
KIC 9466668,9466668,Kepler-256,292.58044,46.097389,5553.0,1.25,0.949,1026.43
KIC 9479273,9479273,Kepler-734,297.04562,46.027359,5085.0,0.712,0.71,1157.21
KIC 8359498,8359498,Kepler-77,289.60797,44.345421,5524.0,0.994,0.95,639.411
KIC 9171801,9171801,,297.78848,45.565418,5450.0,0.811,0.857,
KIC 9334289,9334289,Kepler-254,288.1647,45.816509,5561.0,1.06,0.943,1389.48
KIC 9347899,9347899,Kepler-31,294.02301,45.853081,6035.0,1.257,0.958,1664.64
KIC 9388479,9388479,Kepler-732,283.73203,45.958771,3582.0,0.458,0.491,174.826
KIC 11359879,11359879,Kepler-15,296.20059,49.140121,5514.0,0.978,1.003,739.412
KIC 9406990,9406990,Kepler-733,293.01828,45.914688,5537.0,0.88,0.999,916.706
KIC 9415172,9415172,Kepler-255,296.06424,45.976841,5344.0,1.013,0.867,1052.53
KIC 9904059,9904059,,296.81772,46.781509,5047.0,7.119,2.15,
KIC 3231341,3231341,Kepler-24,290.41327,38.34375,5896.0,1.24,0.884,1156.81
KIC 2860866,2860866,,293.22391,38.033581,6520.0,1.215,1.279,
KIC 7626506,7626506,Kepler-112,296.98102,43.209751,5551.0,0.812,0.776,513.206
KIC 10460629,10460629,,287.58679,47.600021,6449.0,1.309,1.063,
KIC 10319385,10319385,,281.55118,47.469959,5630.0,0.954,1.064,
KIC 10482160,10482160,Kepler-1739,296.23215,47.678959,5757.0,0.762,0.865,783.666
KIC 10485069,10485069,,297.10349,47.64357,6167.0,1.064,1.149,
KIC 3233043,3233043,,290.91119,38.335579,5075.0,1.783,0.905,
KIC 6579806,6579806,,281.66916,42.038639,6113.0,0.917,0.997,
KIC 3560301,3560301,,295.26682,38.61124,6980.0,3.482,1.671,
KIC 4044005,4044005,,287.61633,39.127239,6224.0,1.132,0.998,
KIC 11502218,11502218,,289.09323,49.424484,4813.0,13.652,2.016,
KIC 11180361,11180361,,286.0192,48.866741,8523.0,4.051,2.166,
KIC 5802246,5802246,,295.09866,41.007038,5582.0,0.846,0.819,
KIC 6066403,6066403,,298.13589,41.332062,5758.0,0.902,0.887,
KIC 6209637,6209637,,293.28799,41.560455,,,,
KIC 5988031,5988031,,298.77325,41.214729,5948.0,0.901,0.954,
KIC 7684873,7684873,,292.61194,43.305141,8090.0,2.234,1.828,
KIC 8559644,8559644,Kepler-111,291.65317,44.688271,5873.0,1.235,1.092,657.223
KIC 2851100,2851100,,291.17068,38.008591,4768.0,0.711,0.815,
KIC 3130300,3130300,,294.52557,38.204632,5772.0,4.434,1.657,
KIC 3240158,3240158,Kepler-769,292.7131,38.358212,6049.0,1.176,1.14,1169.57
KIC 3228959,3228959,,289.7962,38.351181,5901.0,0.848,0.938,
KIC 3218908,3218908,Kepler-770,286.49042,38.374908,4941.0,4.885,1.808,930.457
KIC 10341913,10341913,,292.77588,47.461689,6215.0,2.188,1.233,
KIC 10480921,10480921,,295.79526,47.66396,6253.0,1.015,0.975,
KIC 10287723,10287723,,296.82162,47.354031,4500.0,0.726,0.717,
KIC 10350571,10350571,Kepler-784,295.92065,47.448608,5676.0,1.487,1.016,1303.72
KIC 3749365,3749365,Kepler-785,292.0683,38.84227,3807.0,0.503,0.534,642.051
KIC 11013201,11013201,,282.00031,48.542221,7221.0,4.24,2.018,
KIC 11673674,11673674,,297.31006,49.703041,6013.0,1.033,0.938,
KIC 9414417,9414417,,295.80267,45.988079,6247.0,1.762,1.174,
KIC 3632418,3632418,Kepler-21,287.36182,38.714016,6202.0,1.733,1.162,108.522
KIC 3441784,3441784,,290.94437,38.538868,7240.0,1.717,1.62,
KIC 5820218,5820218,,298.9917,41.074989,3995.0,0.561,0.582,
KIC 5876368,5876368,,291.82181,41.11269,5791.0,0.802,0.889,
KIC 5809890,5809890,Kepler-755,296.86099,41.09734,5041.0,0.766,0.807,399.034
KIC 6131236,6131236,Kepler-1734,294.16321,41.451801,6061.0,0.97,1.05,1482.83
KIC 9048161,9048161,,299.39972,45.316051,6266.0,1.889,1.089,
KIC 3235672,3235672,,291.6069,38.348061,,,,
KIC 2837111,2837111,Kepler-771,287.44409,38.088428,5982.0,0.96,1.047,1393.85
KIC 3120276,3120276,,292.27905,38.284531,5699.0,0.853,0.95,
KIC 2307199,2307199,,292.37476,37.630959,6276.0,1.041,1.001,
KIC 3547091,3547091,,292.07849,38.631481,5534.0,0.707,0.786,
KIC 3869825,3869825,,296.13391,38.999008,6715.0,1.241,1.256,
KIC 3655332,3655332,,293.92599,38.73798,5751.0,1.626,1.028,
KIC 4042026,4042026,,286.86926,39.103729,5114.0,0.784,0.746,
KIC 3344419,3344419,,291.99988,38.437698,5555.0,1.061,0.975,
KIC 11192141,11192141,,292.71964,48.852016,4283.0,15.76,0.931,
KIC 11494130,11494130,,284.02679,49.415428,6362.0,2.534,1.352,
KIC 5648449,5648449,,298.80411,40.843563,3598.0,101.451,1.679,
KIC 12167361,12167361,,295.59872,50.720669,8214.0,1.938,1.737,
KIC 8607720,8607720,,283.73642,44.71331,5066.0,5.324,1.372,
KIC 1433962,1433962,,291.76196,37.09864,4506.0,0.651,0.654,
KIC 9032900,9032900,,295.58658,45.364979,6038.0,1.744,1.341,
KIC 5956342,5956342,Kepler-265,290.51047,41.24482,5839.0,1.067,0.881,1280.25
KIC 5956656,5956656,Kepler-756,290.60794,41.201092,5553.0,1.107,0.933,
KIC 3109930,3109930,Kepler-1736,289.7767,38.26228,6085.0,0.973,0.976,1430.0
KIC 2854914,2854914,Kepler-268,291.97617,38.05508,5952.0,1.225,1.059,851.87
KIC 3337425,3337425,,290.13492,38.404221,5766.0,1.068,0.96,
KIC 3116412,3116412,Kepler-772,291.42358,38.216591,5765.0,1.242,0.968,1130.21
KIC 3865567,3865567,,295.29193,38.964588,6122.0,0.996,1.07,
KIC 3544689,3544689,,291.44507,38.637211,5778.0,0.911,1.028,
KIC 4037164,4037164,,285.08026,39.18211,3920.0,0.55,0.554,
KIC 3443790,3443790,,291.47629,38.50058,6261.0,2.789,1.378,
KIC 3966912,3966912,,294.74054,39.015511,5587.0,0.853,0.894,
KIC 8394721,8394721,Kepler-79,300.51712,44.38158,6198.0,1.324,1.101,1020.72
KIC 11607193,11607193,,289.87411,49.68549,7443.0,1.739,1.616,
KIC 1161345,1161345,Kepler-1973,291.0488,36.839882,5296.0,0.815,0.911,
KIC 10227501,10227501,,298.44775,47.264999,5346.0,0.892,0.799,
KIC 2854698,2854698,Kepler-260,291.92596,38.014118,5251.0,0.849,0.821,627.365
KIC 6032981,6032981,,288.68259,41.30732,5234.0,16.959,2.698,
KIC 5866099,5866099,,288.44287,41.17218,5589.0,1.239,0.873,
KIC 5964985,5964985,,293.2735,41.25769,7117.0,1.469,1.18,
KIC 6066416,6066416,,298.13794,41.334358,6802.0,1.521,1.069,
KIC 1996679,1996679,,286.49072,37.489979,6148.0,1.095,0.969,
KIC 2849805,2849805,Kepler-773,290.88467,38.057571,5751.0,0.983,0.987,547.026
KIC 3114811,3114811,Kepler-774,291.03192,38.21196,6353.0,2.867,1.497,917.804
KIC 2853446,2853446,,291.65097,38.028179,5973.0,1.07,0.982,
KIC 3003992,3003992,,294.49011,38.194126,5370.0,0.874,0.869,
KIC 3942446,3942446,,287.88812,39.078709,5697.0,0.92,0.76,
KIC 3554031,3554031,Kepler-415,293.80441,38.63913,4362.0,0.554,0.59,530.487
KIC 7295235,7295235,Kepler-743,295.57416,42.806438,5511.0,0.857,0.96,278.987
KIC 2302548,2302548,Kepler-261,291.36478,37.609169,5095.0,0.78,0.816,317.499
KIC 10743597,10743597,,296.38229,48.045311,5619.0,0.874,0.956,
KIC 9818381,9818381,Kepler-43,285.24084,46.668251,6063.0,1.358,1.227,1005.84
KIC 6124941,6124941,,292.26181,41.442554,3337.0,0.183,0.164,
KIC 6060203,6060203,Kepler-757,296.68045,41.38652,5366.0,1.02,0.875,1068.68
KIC 5880320,5880320,Kepler-758,293.08463,41.135441,6021.0,1.458,0.96,1502.32
KIC 6307537,6307537,,297.75708,41.680454,4889.0,0.788,0.839,
KIC 6359798,6359798,,290.35294,41.769741,5850.0,1.037,0.994,
KIC 6311681,6311681,,298.71152,41.635792,5705.0,0.915,0.865,
KIC 6365321,6365321,,292.23679,41.7393,5941.0,0.936,1.019,
KIC 6301035,6301035,,296.29855,41.602718,6110.0,1.072,0.944,
KIC 3859079,3859079,Kepler-786,293.74393,38.939281,4736.0,0.708,0.791,485.318
KIC 3557493,3557493,,294.65121,38.636459,6277.0,1.031,1.085,
KIC 4061149,4061149,Kepler-1741,292.57703,39.12088,3683.0,0.424,0.454,270.739
KIC 3444588,3444588,Kepler-787,291.69247,38.572899,4109.0,0.602,0.621,503.568
KIC 3962243,3962243,Kepler-276,293.56815,39.03632,5779.0,0.974,1.037,1144.86
KIC 10015516,10015516,,293.47363,46.970402,5355.0,10.703,2.372,
KIC 10154388,10154388,Kepler-744,296.49612,47.182861,5547.0,0.933,0.897,449.964
KIC 1432789,1432789,Kepler-745,291.49942,37.05928,5782.0,1.22,1.035,1780.38
KIC 1718189,1718189,Kepler-262,290.72867,37.252651,5830.0,0.876,0.97,613.129
KIC 5130369,5130369,,299.15353,40.286961,9651.0,1.895,2.219,
KIC 6037187,6037187,Kepler-759,290.1315,41.3815,5907.0,0.973,0.961,1073.48
KIC 6147122,6147122,,297.98123,41.44487,7839.0,2.069,1.878,
KIC 8257407,8257407,,299.0209,44.17276,6214.0,1.583,0.959,
KIC 8218274,8218274,,285.06335,44.167885,6424.0,1.489,1.243,
KIC 3964562,3964562,,294.1434,39.089779,8601.0,2.031,2.063,
KIC 5735762,5735762,Kepler-48,299.13922,40.94902,5192.0,0.873,0.856,306.738
KIC 6292162,6292162,,294.02725,41.675968,5887.0,0.931,0.998,
KIC 6307521,6307521,,297.75311,41.675991,5334.0,1.004,0.865,
KIC 6359320,6359320,Kepler-269,290.21518,41.77597,5831.0,0.921,1.016,2257.32
KIC 3848972,3848972,,291.07126,38.999039,5496.0,0.776,0.869,
KIC 3860441,3860441,,294.07071,38.981331,5497.0,0.809,0.907,
KIC 3765771,3765771,,295.94055,38.876389,6028.0,2.147,1.148,
KIC 3557341,3557341,,294.61893,38.611889,5628.0,0.808,0.903,
KIC 3859628,3859628,Kepler-1740,293.87363,38.922482,5705.0,0.905,0.943,1061.77
KIC 3644071,3644071,,291.03217,38.703911,5609.0,1.048,0.889,
KIC 1431122,1431122,,291.14249,37.061321,5300.0,0.986,0.861,
KIC 3858949,3858949,,293.71075,38.983608,5372.0,0.796,0.892,
KIC 3858824,3858824,,293.67657,38.991379,5198.0,0.742,0.813,
KIC 2157247,2157247,,290.77863,37.564079,6052.0,0.956,0.923,
KIC 7601633,7601633,,289.87347,43.203838,5996.0,2.221,1.43,
KIC 8242681,8242681,,295.03925,44.191059,6210.0,1.033,1.093,
KIC 8260218,8260218,,299.78632,44.16954,5695.0,0.842,0.869,
KIC 8246781,8246781,,296.30942,44.165741,6025.0,1.367,1.18,
KIC 8264070,8264070,,300.867,44.14529,5970.0,2.994,1.359,
KIC 8222813,8222813,Kepler-760,287.5932,44.17942,5074.0,0.863,0.809,792.336
KIC 6362874,6362874,Kepler-775,291.43329,41.703442,5487.0,0.832,0.924,398.676
KIC 6272413,6272413,Kepler-776,287.27264,41.635559,5093.0,0.847,0.794,727.904
KIC 8279765,8279765,,282.60336,44.28698,5747.0,0.891,0.948,
KIC 8330548,8330548,,301.01672,44.233841,6289.0,1.118,1.164,
KIC 3348082,3348082,Kepler-274,292.92276,38.47728,5570.0,1.548,1.019,1333.62
KIC 3853673,3853673,,292.35287,38.942471,5958.0,0.83,0.917,
KIC 3447722,3447722,Kepler-275,292.47971,38.514919,6157.0,1.33,1.08,2034.25
KIC 1432214,1432214,,291.38269,37.07299,6018.0,1.212,1.142,
KIC 2165002,2165002,Kepler-263,292.46976,37.567791,4987.0,0.716,0.749,754.747
KIC 2441728,2441728,,291.07446,37.744389,6021.0,0.873,0.958,
KIC 1871056,1871056,Kepler-264,292.04462,37.37624,6207.0,2.097,1.472,942.173
KIC 12105051,12105051,,288.0383,50.651611,5340.0,0.899,0.963,
KIC 8240904,8240904,Kepler-266,294.48438,44.166908,5529.0,1.294,0.947,1370.79
KIC 8374494,8374494,,294.99734,44.321388,5542.0,0.872,0.919,
KIC 8414907,8414907,,284.51962,44.453941,5055.0,0.772,0.8,
KIC 8397446,8397446,,301.40067,44.318039,6243.0,1.385,1.049,
KIC 8386035,8386035,,298.21188,44.324638,,,,
KIC 3438507,3438507,Kepler-788,290.0004,38.53989,6309.0,1.044,1.096,1775.8
KIC 3869014,3869014,Kepler-789,295.97516,38.94664,5684.0,3.046,1.536,1480.16
KIC 3756801,3756801,,293.95459,38.899971,5796.0,1.444,1.004,
KIC 1865042,1865042,Kepler-746,290.68225,37.35511,5405.0,1.022,0.902,
KIC 2438502,2438502,,290.32791,37.726742,5463.0,2.445,1.343,
KIC 2309585,2309585,,292.89935,37.656059,5751.0,0.94,1.038,
KIC 5780460,5780460,Kepler-747,288.4165,41.0298,5123.0,0.779,0.737,3347.16
KIC 8244190,8244190,,295.51108,44.109261,5639.0,0.859,0.959,
KIC 8229696,8229696,Kepler-761,290.5036,44.143581,5676.0,0.82,0.865,830.707
KIC 8262210,8262210,,300.32898,44.151119,5580.0,1.205,0.886,
KIC 10272640,10272640,Kepler-762,291.27563,47.329491,6322.0,1.075,1.124,1898.26
KIC 10232123,10232123,,299.70078,47.291752,6324.0,2.312,1.23,
KIC 10223616,10223616,,297.39066,47.255711,4457.0,0.481,0.494,
KIC 8415745,8415745,,284.99738,44.410198,5908.0,0.92,0.993,
KIC 8378634,8378634,,296.29196,44.33226,6506.0,1.217,1.171,
KIC 8397675,8397675,,301.47577,44.319759,5679.0,3.142,1.325,
KIC 8346392,8346392,Kepler-777,282.72406,44.34647,3968.0,0.548,0.567,443.106
KIC 8288947,8288947,Kepler-778,287.47742,44.237511,5311.0,0.788,0.884,938.168
KIC 8312852,8312852,,296.30762,44.21146,5815.0,0.877,0.973,
KIC 9480189,9480189,Kepler-257,297.31598,46.023258,5188.0,0.973,0.868,780.256
KIC 11974540,11974540,Kepler-470,297.00943,50.372318,5313.0,9.327,2.736,
KIC 9512687,9512687,Kepler-735,284.68887,46.172249,5177.0,0.798,0.91,695.059
KIC 8644288,8644288,Kepler-18,298.07944,44.746319,5356.0,1.055,0.882,433.047
KIC 5738346,5738346,,299.65094,40.973282,3900.0,0.534,0.555,
KIC 1725016,1725016,Kepler-748,292.26291,37.236992,5922.0,0.961,1.002,1705.99
KIC 1722276,1722276,,291.69672,37.238041,5367.0,2.057,0.935,
KIC 892772,892772,,291.15338,36.678841,5037.0,0.751,0.727,
KIC 1027438,1027438,,291.35403,36.784519,,,,
KIC 10268907,10268907,,289.71466,47.34222,5409.0,0.746,0.835,
KIC 5446285,5446285,Kepler-88,291.14807,40.669399,5575.0,0.932,1.051,
KIC 10166274,10166274,Kepler-267,299.83041,47.157459,3789.0,0.46,0.467,264.993
KIC 10153827,10153827,,296.33435,47.14558,5665.0,0.843,0.928,
KIC 8302450,8302450,,292.85965,44.200642,5970.0,0.796,0.847,
KIC 8313667,8313667,,296.54861,44.264671,5944.0,1.082,1.024,
KIC 8351704,8351704,Kepler-779,285.62854,44.31089,3569.0,0.389,0.4,283.155
KIC 8299955,8299955,,291.89075,44.223728,6180.0,1.223,0.997,
KIC 9513865,9513865,Kepler-736,285.39133,46.180939,5052.0,0.855,0.805,1005.43
KIC 9595686,9595686,,294.79974,46.207569,5330.0,0.847,0.819,
KIC 9605514,9605514,Kepler-1666,297.9516,46.264721,6297.0,1.031,1.084,1379.37
KIC 9661877,9661877,,296.65915,46.382172,6014.0,0.958,1.043,
KIC 5728283,5728283,,297.62027,40.943089,6038.0,0.898,0.982,
KIC 8127639,8127639,,300.45575,43.934349,5741.0,0.893,0.901,
KIC 6047498,6047498,,293.38556,41.349819,5572.0,0.762,0.853,
KIC 8125580,8125580,Kepler-749,299.89722,43.903912,4719.0,0.502,0.52,721.027
KIC 8158127,8158127,Kepler-750,289.09689,44.004379,5897.0,1.86,1.204,1296.02
KIC 10158990,10158990,,297.78802,47.10107,5222.0,0.763,0.717,
KIC 10149023,10149023,,294.76855,47.13279,6161.0,1.053,1.15,
KIC 10141900,10141900,Kepler-763,292.14447,47.157349,4999.0,0.843,0.8,962.459
KIC 8410727,8410727,Kepler-270,282.2001,44.422298,6071.0,1.41,1.156,948.781
KIC 8349405,8349405,,284.38562,44.391289,,,,
KIC 8278371,8278371,Kepler-780,281.76639,44.292549,5718.0,1.037,0.974,557.652
KIC 8280511,8280511,Kepler-271,283.00296,44.284229,5528.0,0.853,0.838,404.542
KIC 9710326,9710326,Kepler-737,291.86285,46.42926,3755.0,0.461,0.47,205.118
KIC 9761882,9761882,Kepler-738,287.56967,46.56786,5474.0,0.749,0.831,1113.65
KIC 5297298,5297298,,297.36032,40.42981,6129.0,1.786,1.14,
KIC 9766437,9766437,Kepler-739,290.06799,46.57914,5997.0,0.904,0.991,1370.65
KIC 9772531,9772531,,292.65704,46.537338,3748.0,0.449,0.461,
KIC 9775938,9775938,Kepler-258,294.06848,46.57933,4954.0,0.885,0.827,575.988
KIC 8176653,8176653,,295.4722,44.077381,5238.0,0.764,0.854,
KIC 8174625,8174625,Kepler-751,294.84384,44.077679,5568.0,0.966,0.882,760.43
KIC 8183911,8183911,,297.49332,44.051868,5300.0,2.124,0.804,
KIC 8179973,8179973,,296.48187,44.009151,,,,
KIC 10157458,10157458,Kepler-764,297.39319,47.164631,5795.0,0.848,0.938,1047.84
KIC 4649305,4649305,,290.10333,39.781631,6968.0,1.333,1.333,
KIC 10148521,10148521,,294.59613,47.197449,5668.0,0.849,0.938,
KIC 10118816,10118816,Kepler-1735,281.05011,47.188148,3975.0,0.509,0.535,245.303
KIC 10122255,10122255,Kepler-765,283.1846,47.15567,6036.0,1.017,0.939,1076.28
KIC 3124412,3124412,,293.24384,38.27327,6307.0,1.133,1.152,
KIC 3835670,3835670,Kepler-473,286.6301,38.945599,5774.0,1.412,1.048,905.937
KIC 10287248,10287248,,296.69562,47.327309,3801.0,0.488,0.517,
KIC 10351767,10351767,,296.32028,47.40657,6340.0,1.058,1.106,
KIC 10295951,10295951,,299.10281,47.377781,7226.0,2.079,1.461,
KIC 10342041,10342041,,292.83301,47.495529,5252.0,0.716,0.737,
KIC 10514770,10514770,,281.5238,47.755341,5337.0,0.825,0.76,
KIC 9787239,9787239,Kepler-32,297.84241,46.574268,3731.0,0.498,0.509,323.847
KIC 2309719,2309719,,292.93085,37.60664,6161.0,1.255,1.095,
KIC 2558363,2558363,,287.13388,37.83926,5414.0,0.714,0.792,
KIC 2716853,2716853,Kepler-752,292.26813,37.955639,5687.0,0.86,0.93,1232.29
KIC 2445154,2445154,,291.85382,37.74192,4502.0,0.621,0.662,
KIC 2715135,2715135,Kepler-753,291.90326,37.90229,4252.0,0.632,0.637,274.767
KIC 3113266,3113266,,290.63943,38.28463,5286.0,0.706,0.731,
KIC 3247268,3247268,Kepler-418,294.4335,38.35545,5822.0,1.081,0.957,1002.53
KIC 3232859,3232859,,290.862,38.35358,6089.0,1.795,1.299,
KIC 3098184,3098184,,286.00031,38.284599,6384.0,1.086,1.129,
KIC 2720309,2720309,,293.02512,37.992641,5973.0,1.016,1.099,
KIC 10342065,10342065,,292.84213,47.483829,5438.0,4.319,1.807,
KIC 10352945,10352945,,296.69971,47.406731,6341.0,1.033,1.083,
KIC 10354039,10354039,Kepler-1737,297.01483,47.486431,5043.0,0.881,0.834,
KIC 10330115,10330115,Kepler-781,287.65363,47.41481,5333.0,0.728,0.813,1064.47
KIC 10426656,10426656,Kepler-272,299.12753,47.59383,5334.0,1.004,0.865,889.608
KIC 9820483,9820483,Kepler-740,286.48227,46.692451,5739.0,0.922,1.021,1442.02
KIC 9941662,9941662,Kepler-13,286.97119,46.868359,9107.0,3.031,2.466,
KIC 7778437,7778437,Kepler-471,299.09753,43.497589,6490.0,1.307,1.304,1249.41
KIC 9823457,9823457,Kepler-259,288.21194,46.615002,5926.0,0.887,0.978,1002.14
KIC 2574201,2574201,,291.10846,37.857792,3687.0,0.44,0.459,
KIC 2166206,2166206,,292.73627,37.560341,5949.0,1.707,1.122,
KIC 2164169,2164169,Kepler-1732,292.29099,37.580799,5821.0,1.494,1.043,1289.41
KIC 2574338,2574338,Kepler-1733,291.13849,37.859299,6320.0,1.252,1.273,2080.51
KIC 2584163,2584163,Kepler-754,293.25412,37.846191,5959.0,0.966,0.983,1770.27
KIC 4180280,4180280,Kepler-472,296.52429,39.24976,4957.0,0.776,0.867,306.602
KIC 3239636,3239636,,292.58304,38.374378,6151.0,1.954,1.158,
KIC 2721030,2721030,Kepler-766,293.18454,37.969841,5957.0,0.937,1.026,2297.62
KIC 3329204,3329204,,287.61688,38.402321,5681.0,0.859,0.957,
KIC 3230491,3230491,,290.18304,38.321941,5606.0,0.76,0.832,
KIC 3340070,3340070,,290.89407,38.435032,5903.0,0.864,0.955,
KIC 10528068,10528068,Kepler-782,288.86823,47.75943,5751.0,1.034,0.852,446.844
KIC 10468940,10468940,Kepler-273,291.30222,47.697762,5359.0,1.002,0.867,713.964
KIC 9825625,9825625,Kepler-741,289.4317,46.617531,6321.0,1.058,1.108,1661.87
KIC 9875711,9875711,Kepler-742,283.86603,46.789589,4743.0,0.81,0.786,489.253
KIC 7661409,7661409,,282.35324,43.335129,6108.0,0.974,0.959,
KIC 1026957,1026957,Kepler-1731,291.25449,36.74361,4859.0,0.72,0.781,169.948
KIC 10002261,10002261,,287.55972,46.957085,2661.0,0.116,0.094,
KIC 8176650,8176650,,295.47067,44.010738,5383.0,0.789,0.885,
KIC 2162635,2162635,,291.97754,37.532551,5009.0,2.283,1.083,
KIC 5899544,5899544,,297.82956,41.141949,5415.0,0.742,0.806,
KIC 5963222,5963222,,292.76434,41.27528,6631.0,1.638,1.366,
KIC 5982353,5982353,,297.52545,41.261841,6208.0,1.831,1.112,
KIC 6205468,6205468,,291.98337,41.555111,5873.0,0.863,0.954,
KIC 8506766,8506766,,295.94092,44.57835,7066.0,1.761,1.406,
KIC 3240706,3240706,,292.85608,38.37257,5982.0,0.96,1.047,
KIC 2853093,2853093,Kepler-767,291.57916,38.035831,5778.0,1.213,1.033,2251.03
KIC 3228824,3228824,,289.76483,38.35236,4768.0,0.711,0.714,
KIC 3245969,3245969,Kepler-768,294.11566,38.393478,4983.0,0.728,0.836,784.56
KIC 10341831,10341831,,292.73892,47.49073,3682.0,0.48,0.512,
KIC 10337517,10337517,Kepler-783,291.06293,47.484798,5357.0,0.863,0.854,516.09
KIC 10351231,10351231,Kepler-1738,296.13141,47.43882,6063.0,1.001,1.079,1302.87
KIC 10485179,10485179,,297.13327,47.628769,5346.0,0.725,0.81,
KIC 8561063,8561063,Kepler-42,292.21906,44.61916,3292.0,0.148,0.132,40.0595
KIC 8892910,8892910,,294.41245,45.130852,6211.0,1.284,1.114,
KIC 10657664,10657664,,288.49948,47.996471,10816.0,2.493,2.76,
KIC 3337351,3337351,,290.11569,38.40419,5730.0,1.035,1.018,
KIC 6153201,6153201,,299.26038,41.420231,6184.0,1.038,1.1,
KIC 5802486,5802486,,295.16049,41.0793,5962.0,0.959,1.011,
KIC 5817553,5817553,,298.47424,41.07589,6306.0,1.076,1.126,
KIC 5982368,5982368,,297.52863,41.259911,5766.0,1.077,0.952,
KIC 5816811,5816811,,298.33893,41.073479,6038.0,0.922,1.0,
KIC 5816165,5816165,,298.20035,41.011688,5122.0,0.655,0.713,
KIC 7102227,7102227,Kepler-290,286.41,42.681549,5142.0,0.755,0.84,694.627
KIC 6960913,6960913,Kepler-61,295.3045,42.475288,4016.0,0.599,0.595,335.079
KIC 6837146,6837146,,281.60541,42.390419,5310.0,0.704,0.733,
KIC 11122894,11122894,Kepler-297,283.20917,48.777641,5618.0,0.897,0.846,692.14
KIC 11129738,11129738,Kepler-844,287.85773,48.774109,3883.0,0.517,0.516,431.776
KIC 11401182,11401182,Kepler-845,290.95755,49.203812,4815.0,0.699,0.799,431.051
KIC 11030711,11030711,Kepler-1750,292.3515,48.511082,5644.0,0.969,0.981,1497.33
KIC 11512246,11512246,Kepler-23,294.21893,49.479221,5761.0,1.518,1.036,835.756
KIC 6607286,6607286,,292.17859,42.005909,5640.0,1.233,0.979,
KIC 6690082,6690082,Kepler-280,291.3905,42.180592,5534.0,1.08,0.926,780.361
KIC 6448890,6448890,Kepler-56,293.75836,41.871868,4838.0,4.361,1.381,912.994
KIC 10730034,10730034,Kepler-285,291.3909,48.065609,5114.0,0.878,0.817,824.31
KIC 10858691,10858691,Kepler-286,290.67615,48.294289,5576.0,0.829,0.8,1226.85
KIC 8107380,8107380,Kepler-476,295.16382,43.963039,5788.0,1.124,0.969,813.535
KIC 6936909,6936909,Kepler-291,287.91635,42.437302,5993.0,0.986,1.093,1786.48
KIC 6962977,6962977,Kepler-292,295.76614,42.424278,5296.0,0.808,0.821,1056.48
KIC 11176127,11176127,Kepler-298,283.03979,48.825359,4463.0,0.611,0.662,518.204
KIC 11075279,11075279,,287.02228,48.681938,5597.0,0.931,1.032,
KIC 11014932,11014932,Kepler-299,283.20697,48.580502,5616.0,0.999,0.903,1052.24
KIC 6607447,6607447,,292.22839,42.03537,6102.0,1.016,1.049,
KIC 6677256,6677256,,287.14944,42.105209,6358.0,1.181,1.125,
KIC 8030148,8030148,Kepler-474,292.3215,43.881168,5746.0,1.173,0.927,841.496
KIC 6692833,6692833,,292.23724,42.154289,6092.0,0.998,1.074,
KIC 6693640,6693640,Kepler-798,292.47821,42.142288,6387.0,1.105,1.145,972.274
KIC 10973814,10973814,Kepler-287,290.92746,48.44355,5514.0,1.071,0.926,835.86
KIC 6541920,6541920,Kepler-11,297.11511,41.909142,5657.0,1.046,0.921,646.346
KIC 10586208,10586208,Kepler-811,285.42429,47.83461,5655.0,1.354,0.947,985.041
KIC 7174351,7174351,,281.43735,42.725269,5650.0,0.876,0.993,
KIC 6932987,6932987,Kepler-293,286.35806,42.406509,5798.0,0.941,1.038,974.633
KIC 11288505,11288505,Kepler-846,287.05701,49.046021,5775.0,0.84,0.934,1127.12
KIC 11493431,11493431,Kepler-847,283.50479,49.451019,4798.0,0.782,0.761,513.103
KIC 6441738,6441738,,291.42755,41.878159,5248.0,2.892,1.017,
KIC 8801343,8801343,,283.46991,45.05246,6520.0,2.26,1.3,
KIC 8488878,8488878,,289.40573,44.516941,5845.0,0.874,0.968,
KIC 8560285,8560285,,291.90237,44.683731,6004.0,0.898,0.978,
KIC 8620565,8620565,,290.26767,44.712849,6113.0,0.995,1.044,
KIC 8616873,8616873,,288.70087,44.70768,5693.0,0.816,0.911,
KIC 10854768,10854768,Kepler-812,288.85529,48.208542,6306.0,1.792,1.399,1482.74
KIC 10964440,10964440,Kepler-813,285.66269,48.435371,5372.0,1.71,1.084,
KIC 10713616,10713616,Kepler-1667,283.53296,48.094261,6056.0,2.562,1.468,626.819
KIC 10963242,10963242,Kepler-814,284.91049,48.431641,6110.0,1.296,1.185,2055.77
KIC 10785538,10785538,,286.66568,48.144581,5991.0,0.954,0.956,
KIC 8191672,8191672,Kepler-5,299.40701,44.035053,6290.0,1.746,1.319,899.777
KIC 6851425,6851425,Kepler-477,288.0676,42.35537,5078.0,0.766,0.816,
KIC 6934291,6934291,Kepler-828,286.88727,42.47126,5073.0,0.853,0.806,575.322
KIC 7357531,7357531,,290.20236,42.955891,5714.0,1.086,0.94,
KIC 6185711,6185711,,284.45691,41.56131,5758.0,0.762,0.848,
KIC 11037335,11037335,Kepler-300,295.2887,48.59972,5968.0,0.881,0.97,1098.45
KIC 11389771,11389771,Kepler-301,283.98297,49.23299,5814.0,0.881,0.944,719.166
KIC 8737796,8737796,,284.28253,44.987228,5487.0,10.396,2.581,
KIC 8462258,8462258,,301.35507,44.492271,5203.0,0.802,0.75,
KIC 10925104,10925104,Kepler-114,294.12143,48.349522,3980.0,0.54,0.56,259.533
KIC 8454250,8454250,,299.07388,44.431679,5780.0,1.0,1.0,
KIC 8494263,8494263,,291.44522,44.52869,5750.0,0.882,0.98,
KIC 8848271,8848271,,301.04239,45.022888,5874.0,1.096,0.954,
KIC 10585852,10585852,Kepler-815,285.2211,47.881378,4986.0,3.464,1.268,1259.28
KIC 10928043,10928043,,295.29385,48.374802,6065.0,1.31,1.115,
KIC 10794087,10794087,Kepler-1743,290.55237,48.126263,5855.0,1.613,1.266,538.807
KIC 4275739,4275739,,294.77393,39.333839,5650.0,0.891,0.944,
KIC 7287415,7287415,Kepler-1745,293.46902,42.822411,5611.0,1.4,0.995,996.105
KIC 6924203,6924203,Kepler-829,282.33279,42.463821,5679.0,0.794,0.886,1073.76
KIC 6878167,6878167,,295.87634,42.364819,5747.0,0.871,0.939,
KIC 6880531,6880531,,296.3999,42.3871,,,,
KIC 6863839,6863839,,292.05478,42.33025,6063.0,0.899,0.893,
KIC 7296086,7296086,,295.78595,42.84428,5687.0,1.169,0.979,
KIC 11599038,11599038,Kepler-1751,284.84662,49.692402,6052.0,0.967,0.974,1291.47
KIC 11193263,11193263,Kepler-848,293.28827,48.811619,5685.0,1.35,1.039,1378.47
KIC 11027624,11027624,Kepler-849,290.85178,48.521339,5910.0,1.727,1.164,822.134
KIC 11032227,11032227,Kepler-850,293.08447,48.57539,6185.0,0.991,1.06,1661.28
KIC 8751933,8751933,Kepler-420,291.22519,44.92738,5522.0,1.12,0.963,
KIC 8630788,8630788,Kepler-281,294.10818,44.770699,5717.0,0.884,0.984,1745.45
KIC 8823426,8823426,,293.61743,45.016701,3755.0,0.473,0.485,
KIC 4070376,4070376,,294.88181,39.161072,6121.0,0.97,1.001,
KIC 4078157,4078157,,296.47937,39.127571,5776.0,0.789,0.879,
KIC 4164994,4164994,Kepler-816,293.36285,39.212448,5127.0,0.782,0.872,983.697
KIC 4480676,4480676,,295.73193,39.587521,5486.0,0.83,0.741,
KIC 4079535,4079535,,296.73502,39.187801,6181.0,1.006,1.074,
KIC 6766634,6766634,Kepler-1746,288.32043,42.261414,6018.0,1.286,1.09,979.541
KIC 6774826,6774826,,291.01358,42.283134,7131.0,2.145,1.373,
KIC 5652237,5652237,,299.54376,40.86026,6093.0,1.985,1.168,
KIC 7211469,7211469,Kepler-830,295.05429,42.75684,6096.0,1.176,1.155,
KIC 7375795,7375795,,295.51068,42.930565,5687.0,0.943,0.83,
KIC 7255336,7255336,,280.94385,42.839184,6218.0,1.349,1.045,
KIC 7831264,7831264,Kepler-116,294.74207,43.536831,6122.0,1.439,1.123,955.168
KIC 7802136,7802136,,282.79764,43.578129,5952.0,0.897,0.851,
KIC 7532973,7532973,Kepler-854,293.35129,43.13464,6296.0,1.305,1.076,
KIC 9632895,9632895,,283.2413,46.378471,5620.0,0.772,0.863,
KIC 7449844,7449844,,293.28156,43.055809,5560.0,15.113,3.468,
KIC 8766222,8766222,,296.39639,44.963036,4631.0,14.296,1.812,
KIC 8678594,8678594,Kepler-799,287.1749,44.878571,5588.0,1.593,1.031,
KIC 8703884,8703884,,296.93393,44.853642,5107.0,0.777,0.807,
KIC 8560840,8560840,,292.13437,44.65617,4931.0,0.774,0.865,
KIC 4076098,4076098,Kepler-817,296.08185,39.161621,5926.0,0.913,1.004,1484.46
KIC 4551328,4551328,,288.65359,39.66431,5359.0,0.878,0.847,
KIC 4282872,4282872,Kepler-818,296.23511,39.370338,5813.0,0.833,0.925,925.037
KIC 4639868,4639868,,286.83487,39.760849,5465.0,0.973,0.859,
KIC 10555375,10555375,,298.77338,47.786469,6020.0,2.097,1.162,
KIC 4372768,4372768,,293.61121,39.417519,5346.0,0.826,0.771,
KIC 7211221,7211221,Kepler-831,294.98547,42.727669,5637.0,0.96,0.924,593.54
KIC 7025526,7025526,,289.24817,42.565559,4699.0,0.676,0.756,
KIC 9451127,9451127,,284.82272,46.013721,6161.0,1.053,1.15,
KIC 9446824,9446824,,282.18439,46.006859,6185.0,1.094,1.083,
KIC 11356260,11356260,Kepler-851,294.68027,49.14016,5822.0,0.986,0.951,839.255
KIC 11044770,11044770,,297.97922,48.553871,8014.0,2.43,1.874,
KIC 11600889,11600889,Kepler-407,286.03635,49.61451,5475.0,1.003,0.977,338.368
KIC 11197126,11197126,,295.03461,48.882172,5117.0,3.403,1.598,
KIC 11043167,11043167,Kepler-852,297.3916,48.560692,6121.0,1.164,1.233,1619.03
KIC 8612847,8612847,Kepler-800,286.57483,44.7952,5616.0,0.822,0.907,1019.26
KIC 8552583,8552583,,288.90857,44.64241,5730.0,0.87,0.968,
KIC 8547140,8547140,Kepler-801,286.07523,44.664639,3823.0,0.492,0.513,440.426
KIC 8519253,8519253,,299.2749,44.55349,6123.0,0.85,0.924,
KIC 8813698,8813698,,289.88962,45.005669,5798.0,1.306,1.041,
KIC 8757910,8757910,,293.53415,44.971111,6426.0,2.089,1.466,
KIC 4074736,4074736,,295.80585,39.17799,5611.0,0.737,0.824,
KIC 4072526,4072526,Kepler-819,295.37079,39.177212,5102.0,0.88,0.819,664.306
KIC 4150539,4150539,,289.7261,39.272831,4641.0,0.694,0.682,
KIC 4274548,4274548,,294.50842,39.398682,4805.0,0.688,0.769,
KIC 4455231,4455231,Kepler-288,288.91644,39.594711,5661.0,1.522,1.04,1194.15
KIC 8953257,8953257,,291.92065,45.247028,6250.0,1.041,1.013,
KIC 8971432,8971432,,297.57349,45.233299,5211.0,0.618,0.612,
KIC 9278553,9278553,,290.88354,45.765869,6077.0,0.891,0.974,
KIC 9527915,9527915,Kepler-478,292.48694,46.196209,5211.0,0.799,0.838,
KIC 9143254,9143254,,286.36188,45.555161,5912.0,0.937,0.939,
KIC 8949247,8949247,,290.49307,45.205898,5934.0,0.957,0.991,
KIC 11336883,11336883,Kepler-853,283.9368,49.110329,6221.0,1.458,1.225,568.676
KIC 12506351,12506351,,289.04999,51.418369,6207.0,1.044,1.021,
KIC 7622486,7622486,,296.02509,43.234875,6594.0,1.691,1.174,
KIC 9705459,9705459,,289.80521,46.491711,5892.0,1.198,1.173,
KIC 8564587,8564587,Kepler-57,293.6413,44.65704,5320.0,0.786,0.882,644.14
KIC 8631160,8631160,,294.2655,44.7943,6309.0,1.567,1.294,
KIC 8552498,8552498,,288.86734,44.61573,6449.0,1.193,1.069,
KIC 8806072,8806072,Kepler-802,286.01587,45.007771,5668.0,0.868,0.963,780.585
KIC 4285107,4285107,,296.65308,39.322689,5462.0,0.732,0.812,
KIC 4150624,4150624,,289.7439,39.286301,5421.0,0.852,0.969,
KIC 8972058,8972058,Kepler-115,297.71185,45.261921,5881.0,1.171,1.032,623.609
KIC 9346253,9346253,,293.38663,45.87027,6161.0,0.892,0.955,
KIC 9002237,9002237,,283.18909,45.36417,6060.0,0.953,1.036,
KIC 9288786,9288786,,294.91586,45.783871,4368.0,0.703,0.706,
KIC 8958035,8958035,,293.70905,45.286388,6217.0,0.989,1.056,
KIC 9040849,9040849,,297.60529,45.36068,5944.0,0.802,0.905,
KIC 9202151,9202151,,283.55554,45.614262,3764.0,0.527,0.555,
KIC 7842610,7842610,,297.89658,43.563889,5592.0,0.931,0.883,
KIC 7830637,7830637,,294.54739,43.533691,6036.0,0.847,0.931,
KIC 4760746,4760746,,295.4783,39.867722,5982.0,0.96,1.047,
KIC 7832356,7832356,Kepler-855,295.095,43.537579,5847.0,1.135,0.946,1506.58
KIC 9643874,9643874,Kepler-856,289.60382,46.314949,5569.0,0.887,1.009,1351.17
KIC 8800954,8800954,Kepler-421,283.25681,45.08778,5305.0,0.818,0.753,348.558
KIC 8583696,8583696,Kepler-803,299.22162,44.693871,5900.0,1.167,1.012,639.771
KIC 8804283,8804283,Kepler-1991,285.0361,45.07106,5478.0,1.053,0.914,855.82
KIC 8552565,8552565,,288.90253,44.632992,6134.0,1.851,1.179,
KIC 4155328,4155328,Kepler-820,291.02014,39.22068,6505.0,2.17,1.613,1387.2
KIC 4077526,4077526,Kepler-58,296.35867,39.115189,6100.0,1.083,1.017,969.252
KIC 8937021,8937021,,284.79102,45.228989,4917.0,0.723,0.761,
KIC 8935810,8935810,Kepler-1747,284.20966,45.25808,5477.0,0.865,0.983,1321.38
KIC 2441495,2441495,Kepler-479,291.02185,37.769791,5207.0,0.795,0.84,344.901
KIC 9455556,9455556,Kepler-294,287.392,46.059311,5616.0,0.903,1.006,1357.01
KIC 9427402,9427402,,299.6777,45.972328,3821.0,0.487,0.503,
KIC 3732821,3732821,Kepler-790,286.91711,38.872219,5196.0,0.772,0.726,703.168
KIC 3962440,3962440,,293.61877,39.022572,6487.0,1.118,1.136,
KIC 3534076,3534076,,288.31436,38.693291,5587.0,0.791,0.806,
KIC 3962357,3962357,Kepler-791,293.59583,39.02948,6143.0,1.507,1.246,1266.34
KIC 9110357,9110357,,298.34421,45.40992,8040.0,3.325,2.053,
KIC 8609450,8609450,Kepler-282,284.67728,44.79768,5600.0,0.872,0.793,1337.61
KIC 4243911,4243911,Kepler-821,285.61746,39.379532,5194.0,0.815,0.879,614.571
KIC 4466677,4466677,Kepler-822,292.27612,39.550179,5823.0,0.96,0.899,860.391
KIC 4135665,4135665,Kepler-823,284.58255,39.220211,5689.0,1.313,1.0,1389.27
KIC 9269281,9269281,Kepler-1748,285.96786,45.739071,5774.0,0.864,0.916,1083.28
KIC 9100484,9100484,,295.76083,45.45739,4942.0,0.779,0.884,
KIC 9157908,9157908,,293.17416,45.521229,6406.0,1.033,1.061,
KIC 9030447,9030447,,294.79001,45.391621,6899.0,1.386,1.321,
KIC 9034103,9034103,Kepler-832,295.92609,45.383862,6014.0,0.993,1.101,1688.12
KIC 9214942,9214942,Kepler-833,290.47995,45.6007,3976.0,0.54,0.559,467.37
KIC 3858704,3858704,,293.64841,38.976021,6309.0,1.32,1.046,
KIC 3749134,3749134,Kepler-792,292.00681,38.820728,5730.0,1.122,1.005,1425.47
KIC 3556220,3556220,,294.35049,38.602131,5959.0,1.334,0.858,
KIC 3660924,3660924,Kepler-793,295.21664,38.77433,5776.0,1.047,0.875,985.699
KIC 3939150,3939150,Kepler-277,286.58316,39.077202,5968.0,1.857,1.179,976.643
KIC 8628758,8628758,Kepler-804,293.37225,44.785141,5768.0,1.067,0.946,649.65
KIC 8509361,8509361,,296.71735,44.579659,5743.0,1.971,1.077,
KIC 8742590,8742590,Kepler-1742,286.96683,44.992489,5776.0,0.849,0.939,669.573
KIC 8822366,8822366,Kepler-805,293.22995,45.05331,5977.0,1.571,1.081,638.49
KIC 4386059,4386059,,296.43408,39.444069,6547.0,1.371,1.198,
KIC 4650674,4650674,Kepler-824,290.47742,39.73201,5940.0,1.215,1.091,1201.4
KIC 4275721,4275721,Kepler-825,294.7699,39.39851,6224.0,0.969,0.868,807.85
KIC 8874090,8874090,Kepler-834,287.05453,45.18037,3751.0,0.45,0.479,633.937
KIC 11666881,11666881,Kepler-480,294.4639,49.765041,6236.0,1.378,1.224,847.508
KIC 9264949,9264949,Kepler-835,283.57422,45.734798,6311.0,1.172,1.253,2406.33
KIC 9271752,9271752,Kepler-836,287.45279,45.704399,6244.0,1.009,1.069,980.035
KIC 9007866,9007866,,285.98865,45.377811,5693.0,0.856,0.95,
KIC 9150827,9150827,Kepler-1749,290.29456,45.56461,3957.0,0.553,0.551,268.2
KIC 3839488,3839488,Kepler-794,288.1337,38.99688,5800.0,1.435,1.195,931.192
KIC 3542588,3542588,,290.86142,38.641129,6341.0,1.111,1.154,
KIC 3442055,3442055,Kepler-795,291.01904,38.54557,5618.0,0.996,0.911,492.122
KIC 3440861,3440861,,290.66681,38.568329,,,,
KIC 12252424,12252424,Kepler-113,287.99789,50.944328,4728.0,0.693,0.768,262.351
KIC 8700771,8700771,Kepler-806,296.00711,44.853474,5774.0,1.395,0.907,361.896
KIC 10960993,10960993,,283.31592,48.404873,6338.0,2.046,1.434,
KIC 10599397,10599397,,291.63699,47.83234,5480.0,0.843,0.876,
KIC 10879208,10879208,,298.25803,48.217361,5546.0,0.81,0.907,
KIC 10843203,10843203,,282.23273,48.271198,5344.0,0.809,0.837,
KIC 4570931,4570931,,294.18967,39.617119,6309.0,1.132,1.018,
KIC 4136466,4136466,Kepler-826,284.86014,39.240551,6060.0,1.257,0.972,779.596
KIC 7284688,7284688,,292.63,42.829338,5458.0,0.972,0.828,
KIC 7199774,7199774,,291.61008,42.759762,5868.0,0.894,0.987,
KIC 7037540,7037540,,293.02036,42.508835,5945.0,1.346,1.039,
KIC 6866228,6866228,,292.7399,42.359402,5598.0,0.83,0.928,
KIC 9391208,9391208,Kepler-837,285.24667,45.950191,5818.0,0.855,0.727,901.907
KIC 9391506,9391506,Kepler-838,285.43552,45.976021,6191.0,1.025,1.088,1104.04
KIC 8950853,8950853,Kepler-839,291.07468,45.24258,5988.0,1.314,1.196,944.561
KIC 9006449,9006449,Kepler-295,285.34583,45.367779,5607.0,0.886,0.8,1699.19
KIC 4043190,4043190,Kepler-796,287.30786,39.14473,5426.0,1.421,0.943,817.584
KIC 3640905,3640905,Kepler-278,290.10718,38.702229,5010.0,3.051,1.414,443.03
KIC 4060815,4060815,,292.4968,39.193169,5055.0,3.733,1.429,
KIC 6613006,6613006,,293.8129,42.04871,5845.0,0.838,0.926,
KIC 6606653,6606653,,291.98694,42.037651,6568.0,1.211,1.229,
KIC 10790387,10790387,Kepler-807,289.02017,48.119808,6392.0,1.072,1.116,
KIC 10748393,10748393,,297.71039,48.083832,5284.0,0.812,0.804,
KIC 10874226,10874226,,296.71634,48.211262,6146.0,0.943,1.02,
KIC 10661771,10661771,,290.29385,47.96759,5897.0,0.891,0.778,
KIC 10924853,10924853,,294.0217,48.390419,5999.0,0.959,1.045,
KIC 10874926,10874926,,296.93268,48.266491,6014.0,0.958,1.043,
KIC 6631721,6631721,,298.18362,42.01313,6375.0,1.178,0.991,
KIC 6847018,6847018,,286.30026,42.374828,6440.0,1.169,1.196,
KIC 7220322,7220322,,297.10837,42.751663,5916.0,1.175,0.995,
KIC 6956233,6956233,,294.09109,42.491459,5030.0,0.651,0.705,
KIC 7303287,7303287,Kepler-289,297.46533,42.882839,5933.0,1.115,0.998,704.438
KIC 8916492,8916492,,301.26144,45.104893,7516.0,3.685,2.218,
KIC 11193447,11193447,,293.38153,48.82476,6286.0,1.188,1.051,
KIC 11517719,11517719,Kepler-840,296.50739,49.457291,6039.0,0.992,0.959,
KIC 11599264,11599264,,284.98886,49.62606,5761.0,0.805,0.893,
KIC 11100657,11100657,,298.76062,48.600182,5447.0,0.838,0.928,
KIC 6620003,6620003,,295.62222,42.09288,3874.0,0.535,0.541,
KIC 6621116,6621116,,295.86691,42.062672,5323.0,1.452,0.934,
KIC 6629332,6629332,,297.70712,42.047371,5665.0,0.82,0.916,
KIC 6387450,6387450,,298.09171,41.794128,5319.0,0.798,0.737,
KIC 6432059,6432059,,288.03989,41.818359,,,,
KIC 6470149,6470149,,298.94815,41.812149,5019.0,6.836,1.663,
KIC 10549562,10549562,,297.116,47.737949,6739.0,1.275,1.283,
KIC 10874614,10874614,Kepler-6,296.83725,48.239944,5640.0,1.291,1.047,587.039
KIC 10666230,10666230,,292.08905,47.929642,6089.0,0.802,0.862,
KIC 10971674,10971674,,289.79077,48.448139,5821.0,1.129,0.922,
KIC 6891543,6891543,,298.80545,42.39584,5739.0,0.996,0.98,
KIC 7211141,7211141,Kepler-827,294.96606,42.708569,5671.0,1.442,1.017,2046.68
KIC 7363829,7363829,,292.1199,42.931679,,,,
KIC 6719086,6719086,,298.45953,42.187431,5209.0,0.953,0.925,
KIC 7376983,7376983,Kepler-1987,295.8255,42.94339,4769.0,0.714,0.799,595.683
KIC 5084942,5084942,Kepler-475,287.05173,40.211552,4989.0,0.791,0.878,280.069
KIC 11125936,11125936,,285.41196,48.725231,6119.0,0.967,0.982,
KIC 11026304,11026304,,290.1127,48.577782,4843.0,0.754,0.755,
KIC 11342550,11342550,,287.65045,49.156052,5923.0,1.021,1.059,
KIC 11497958,11497958,Kepler-296,286.54001,49.437328,3526.0,0.383,0.394,
KIC 6462874,6462874,,297.33563,41.89048,4260.0,0.58,0.565,
KIC 6665223,6665223,,281.74261,42.123081,5316.0,0.872,0.834,
KIC 6545358,6545358,,297.88437,41.931252,7021.0,1.485,1.514,
KIC 6390824,6390824,,298.79498,41.759769,6084.0,0.863,0.944,
KIC 6546528,6546528,,298.13525,41.95105,5764.0,0.863,0.959,
KIC 10676923,10676923,,296.14877,47.934872,6371.0,1.072,1.117,
KIC 10604335,10604335,Kepler-283,293.61371,47.839001,4141.0,0.582,0.596,468.094
KIC 10864656,10864656,Kepler-432,293.2822,48.2859,4976.0,4.157,1.352,848.023
KIC 10975146,10975146,Kepler-808,291.59409,48.44561,4441.0,0.53,0.526,
KIC 10538176,10538176,Kepler-284,293.14648,47.729649,5291.0,0.882,0.875,1031.95
KIC 6946199,6946199,Kepler-1744,291.02069,42.46244,5986.0,0.85,0.886,1091.63
KIC 11177707,11177707,Kepler-841,284.25131,48.809608,5066.0,1.659,0.945,998.961
KIC 11611600,11611600,Kepler-842,292.32858,49.653542,4838.0,0.701,0.778,532.726
KIC 11254382,11254382,Kepler-843,296.32199,48.971481,5632.0,1.176,0.965,1165.66
KIC 6677841,6677841,Kepler-279,287.3912,42.194832,6366.0,1.697,1.164,1037.4
KIC 9970525,9970525,,298.74423,46.83009,,,,
KIC 6531491,6531491,,294.58929,41.944382,6022.0,1.039,1.116,
KIC 6383821,6383821,Kepler-797,297.20895,41.781712,5936.0,0.965,1.075,1315.26
KIC 10724369,10724369,Kepler-809,289.08365,48.018131,5949.0,0.962,1.05,961.405
KIC 10867062,10867062,,294.23007,48.204479,5490.0,1.167,0.911,
KIC 10744335,10744335,Kepler-810,296.61487,48.082642,5999.0,0.959,1.045,1458.59
KIC 4860678,4860678,Kepler-1758,297.79691,39.921371,5557.0,1.616,1.035,1588.41
KIC 5177104,5177104,Kepler-904,288.82291,40.38905,6201.0,0.989,1.058,978.125
KIC 7023960,7023960,,288.72949,42.55088,6014.0,0.993,1.101,
KIC 10033279,10033279,,299.2475,46.951908,5754.0,2.758,1.209,
KIC 5009189,5009189,,291.23883,40.163509,5956.0,1.17,1.053,
KIC 8230616,8230616,Kepler-316,290.82602,44.184109,4198.0,0.574,0.587,384.938
KIC 9836959,9836959,Kepler-1766,294.27728,46.675282,5868.0,1.042,0.915,501.229
KIC 9838949,9838949,Kepler-935,295.02167,46.619221,4929.0,0.861,0.817,471.782
KIC 9895006,9895006,Kepler-936,293.57776,46.73634,5610.0,1.171,1.034,823.399
KIC 9896558,9896558,Kepler-937,294.16882,46.714611,6127.0,1.08,0.964,1571.46
KIC 9589323,9589323,Kepler-861,292.35394,46.22628,5155.0,0.836,0.849,850.327
KIC 9823487,9823487,Kepler-1753,288.23666,46.605919,5180.0,0.769,0.86,707.688
KIC 9602514,9602514,,297.12186,46.221909,4951.0,1.843,0.931,
KIC 9726659,9726659,Kepler-862,297.77927,46.492741,5258.0,0.873,0.797,1039.03
KIC 12108312,12108312,,289.95078,50.657249,5717.0,0.826,0.917,
KIC 5371776,5371776,Kepler-304,294.44177,40.55759,4723.0,0.691,0.76,434.684
KIC 9573539,9573539,Kepler-484,284.39429,46.249081,5632.0,0.853,0.952,382.136
KIC 9886661,9886661,Kepler-905,290.05112,46.713371,5430.0,0.858,0.961,529.268
KIC 5477805,5477805,,298.96255,40.630661,6116.0,1.383,1.005,
KIC 10055126,10055126,Kepler-311,282.06128,47.085491,5903.0,1.156,0.974,778.654
KIC 5009743,5009743,Kepler-906,291.40555,40.125488,5997.0,0.971,1.004,757.791
KIC 10015937,10015937,Kepler-1767,293.64417,46.989761,5243.0,0.831,0.887,820.506
KIC 10019065,10019065,Kepler-938,294.78915,46.98399,5339.0,1.433,0.933,1182.05
KIC 7950644,7950644,Kepler-427,288.25458,43.704868,5803.0,1.373,0.937,1017.8
KIC 10080248,10080248,Kepler-939,293.8656,47.026829,5822.0,0.837,0.92,2093.62
KIC 10213902,10213902,Kepler-940,294.2413,47.275982,6108.0,0.997,1.072,1260.78
KIC 9842906,9842906,,296.4418,46.616711,6418.0,1.171,1.241,
KIC 11821363,11821363,Kepler-1754,295.45715,50.077171,4723.0,0.747,0.734,718.945
KIC 7629518,7629518,Kepler-863,297.66452,43.248959,5900.0,0.929,0.995,1499.66
KIC 10810838,10810838,Kepler-482,296.82291,48.107552,4802.0,0.701,0.686,313.068
KIC 4828341,4828341,,289.60678,39.938332,5921.0,0.912,0.923,
KIC 10019763,10019763,,295.04639,46.97459,6132.0,0.947,0.98,
KIC 9899280,9899280,,295.18561,46.786709,4489.0,0.609,0.621,
KIC 8046659,8046659,,297.41965,43.876579,5654.0,0.998,0.886,
KIC 4940438,4940438,,296.03342,40.019611,5931.0,0.866,0.825,
KIC 5308663,5308663,,299.556,40.456551,5997.0,0.904,0.991,
KIC 5474733,5474733,,298.3949,40.62891,5975.0,0.949,0.935,
KIC 10963065,10963065,Kepler-408,284.78619,48.423229,6139.0,1.194,1.016,88.7832
KIC 6268648,6268648,Kepler-907,285.47659,41.632717,6099.0,1.308,0.974,
KIC 10125352,10125352,,284.73859,47.169628,6378.0,2.002,1.104,
KIC 5357901,5357901,Kepler-425,290.35803,40.567741,5167.0,0.848,0.883,646.647
KIC 4278221,4278221,Kepler-908,295.32251,39.376492,5992.0,1.125,1.122,290.843
KIC 10214162,10214162,Kepler-941,294.32635,47.217609,6018.0,0.969,0.986,1088.36
KIC 10905746,10905746,Kepler-1651,283.62885,48.391003,3609.0,0.422,0.452,66.4074
KIC 8242434,8242434,Kepler-942,294.95511,44.149818,4827.0,0.729,0.817,216.354
KIC 6185331,6185331,Kepler-943,284.27396,41.535019,5774.0,0.818,0.907,2300.53
KIC 11820830,11820830,,295.21661,50.084332,7238.0,1.568,1.491,
KIC 11774387,11774387,,297.04651,49.97039,5776.0,0.889,0.97,
KIC 9636135,9636135,Kepler-864,285.0571,46.320679,6213.0,1.195,1.27,2022.9
KIC 7841925,7841925,Kepler-865,297.72427,43.527431,5440.0,0.885,0.782,586.137
KIC 5219234,5219234,Kepler-305,299.22433,40.343182,5103.0,0.787,0.823,868.477
KIC 12504988,12504988,,288.25284,51.417332,6197.0,1.035,1.096,
KIC 9015738,9015738,Kepler-909,289.50635,45.370998,6026.0,1.207,1.113,309.596
KIC 7215603,7215603,Kepler-910,296.04736,42.743011,6250.0,1.543,1.326,400.289
KIC 4276716,4276716,,294.99023,39.346378,4830.0,0.676,0.671,
KIC 5561278,5561278,Kepler-911,298.5892,40.75069,6065.0,1.877,1.197,556.168
KIC 7287683,7287683,,293.54889,42.888859,7732.0,2.022,1.774,
KIC 6387542,6387542,Kepler-912,298.11121,41.758331,5662.0,0.806,0.808,2004.72
KIC 8266276,8266276,,301.4693,44.159649,4748.0,0.797,0.776,
KIC 6869184,6869184,Kepler-944,293.60126,42.379761,5654.0,0.774,0.865,1349.43
KIC 8396405,8396405,,301.08572,44.380192,5214.0,0.587,0.591,
KIC 10799735,10799735,,292.87616,48.195309,6147.0,1.003,1.064,
KIC 6604328,6604328,Kepler-945,291.26974,42.096039,6090.0,1.071,1.173,1651.25
KIC 9719634,9719634,,295.52521,46.459431,5185.0,0.911,0.837,
KIC 7439316,7439316,Kepler-866,290.12231,43.08556,4831.0,0.724,0.706,646.667
KIC 12061238,12061238,,291.23114,50.56702,5198.0,0.759,0.843,
KIC 8323753,8323753,,299.07813,44.293789,6093.0,2.623,1.372,
KIC 12400538,12400538,Kepler-867,287.28531,51.249981,5604.0,0.943,0.916,1195.54
KIC 5184584,5184584,Kepler-891,291.0838,40.355251,5919.0,1.0,1.114,2340.58
KIC 5636648,5636648,,296.33319,40.896259,5791.0,0.856,0.946,
KIC 5564247,5564247,,299.14142,40.725899,5394.0,0.72,0.805,
KIC 5438099,5438099,Kepler-306,288.53867,40.61615,4955.0,0.721,0.774,775.679
KIC 6543893,6543893,Kepler-913,297.58313,41.952431,6068.0,1.797,1.294,991.618
KIC 6975129,6975129,Kepler-312,298.39575,42.459751,6243.0,1.149,1.226,797.72
KIC 11391018,11391018,Kepler-486,284.87997,49.266991,4939.0,0.765,0.74,
KIC 8685497,8685497,Kepler-914,290.41199,44.89933,5836.0,1.166,1.1,753.723
KIC 4365645,4365645,Kepler-1671,291.74838,39.44688,5251.0,0.847,0.91,357.059
KIC 7199906,7199906,,291.65009,42.700779,,,,
KIC 8197343,8197343,Kepler-946,300.9296,44.02879,5619.0,1.199,0.962,1137.29
KIC 7032421,7032421,,291.41833,42.579819,5578.0,0.936,0.974,
KIC 6786348,6786348,Kepler-947,294.36673,42.252682,5754.0,0.905,1.021,1730.78
KIC 6209677,6209677,Kepler-948,293.30023,41.523338,5447.0,0.917,0.928,868.017
KIC 9641018,9641018,,288.01486,46.348949,5947.0,0.881,0.86,
KIC 9813499,9813499,Kepler-868,282.36349,46.67524,5970.0,0.908,0.996,1593.13
KIC 12254792,12254792,Kepler-869,289.42459,50.994122,5813.0,0.833,0.925,939.455
KIC 12020218,12020218,Kepler-870,295.40253,50.47863,6170.0,0.992,1.063,1259.46
KIC 7690844,7690844,Kepler-871,294.52713,43.36816,5900.0,0.951,1.065,1976.05
KIC 9535080,9535080,,295.26349,46.148022,6273.0,1.493,1.095,
KIC 5210475,5210475,,297.50385,40.342972,5708.0,0.795,0.883,
KIC 8009350,8009350,Kepler-892,283.12964,43.888241,4802.0,0.699,0.738,570.727
KIC 8082001,8082001,Kepler-893,284.96304,43.91301,6108.0,1.03,1.132,1285.59
KIC 9017682,9017682,,290.25964,45.388409,5705.0,0.844,0.936,
KIC 9277896,9277896,Kepler-915,290.59207,45.737141,6056.0,1.381,1.148,849.036
KIC 9401997,9401997,Kepler-916,290.98331,45.973301,5246.0,0.891,0.854,830.712
KIC 10686864,10686864,Kepler-917,299.05127,47.94928,5068.0,0.743,0.833,3460.51
KIC 10749128,10749128,,297.90045,48.0947,6273.0,1.139,1.092,
KIC 11904734,11904734,,286.0528,50.256592,4976.0,0.701,0.677,
KIC 8043714,8043714,,296.66086,43.816441,5465.0,0.817,0.897,
KIC 7918217,7918217,,299.60202,43.695995,3626.0,97.41,1.673,
KIC 10153011,10153011,,296.0882,47.142891,5286.0,0.636,0.626,
KIC 9631995,9631995,Kepler-422,282.62967,46.32336,5972.0,1.237,1.148,722.795
KIC 11870545,11870545,,295.08423,50.114609,4932.0,0.718,0.808,
KIC 7901948,7901948,Kepler-872,295.41745,43.60564,5743.0,0.853,0.949,879.683
KIC 11955499,11955499,,286.88751,50.377071,5237.0,0.826,0.927,
KIC 6442377,6442377,Kepler-483,291.64676,41.884659,6325.0,1.518,1.296,860.355
KIC 9784222,9784222,,296.98853,46.596882,6258.0,1.031,1.087,
KIC 5376836,5376836,,295.6713,40.59906,5907.0,0.878,0.929,
KIC 5557821,5557821,,297.82944,40.706779,5955.0,0.883,0.972,
KIC 10004519,10004519,Kepler-894,288.73407,46.939388,6170.0,0.992,1.063,1162.91
KIC 5031857,5031857,Kepler-1755,296.84616,40.138611,6086.0,0.921,1.003,982.383
KIC 10879038,10879038,Kepler-918,298.20071,48.267841,5778.0,0.968,1.038,1025.03
KIC 10990917,10990917,Kepler-919,298.11478,48.4944,6093.0,1.025,1.025,1119.87
KIC 11043136,11043136,,297.38153,48.565041,5749.0,0.881,0.772,
KIC 11046025,11046025,Kepler-1759,298.46579,48.55941,5017.0,0.797,0.76,385.348
KIC 5771719,5771719,,284.64886,41.015018,5372.0,2.344,1.295,
KIC 9729691,9729691,Kepler-949,298.60788,46.453678,5211.0,0.895,0.817,486.105
KIC 4950232,4950232,,298.14053,40.073872,5532.0,0.745,0.833,
KIC 10904857,10904857,Kepler-488,282.96616,48.34507,6122.0,0.996,1.07,
KIC 8651389,8651389,Kepler-1768,299.95721,44.771889,6050.0,1.572,1.24,632.766
KIC 9520668,9520668,,289.32101,46.134319,4502.0,0.728,0.722,
KIC 7871954,7871954,Kepler-303,283.13547,43.657051,4042.0,0.49,0.505,209.738
KIC 12418724,12418724,Kepler-873,296.4032,51.271339,6325.0,1.112,1.157,1182.22
KIC 7456001,7456001,Kepler-874,294.95685,43.014332,6026.0,0.992,0.924,1082.16
KIC 10028792,10028792,Kepler-87,297.91687,46.96513,5597.0,1.699,0.969,1232.9
KIC 5553652,5553652,,296.99191,40.758911,5286.0,0.78,0.872,
KIC 5299459,5299459,Kepler-307,297.79514,40.417709,5511.0,0.987,0.947,575.581
KIC 11153121,11153121,Kepler-313,298.29495,48.775459,5726.0,1.483,1.066,
KIC 11177543,11177543,Kepler-1760,284.13263,48.825119,5229.0,0.903,0.821,
KIC 11337141,11337141,Kepler-1761,284.13287,49.142609,3871.0,0.532,0.573,221.186
KIC 6705142,6705142,,295.43436,42.166321,5610.0,0.858,0.953,
KIC 3967760,3967760,Kepler-317,294.94388,39.032059,5334.0,1.004,0.865,940.584
KIC 4067336,4067336,,294.14682,39.12706,6392.0,1.162,1.232,
KIC 5387843,5387843,,298.13391,40.530289,5985.0,0.883,0.94,
KIC 7549209,7549209,Kepler-875,297.3013,43.141891,5783.0,0.88,0.977,1242.62
KIC 7663405,7663405,Kepler-876,283.47818,43.383781,5157.0,0.904,0.83,820.913
KIC 9765975,9765975,Kepler-877,289.85913,46.522671,5311.0,0.948,0.859,602.176
KIC 9818462,9818462,Kepler-878,285.2962,46.603439,5167.0,0.796,0.891,791.625
KIC 6803202,6803202,Kepler-1711,298.17722,42.237041,5706.0,1.034,0.94,590.268
KIC 9651668,9651668,Kepler-423,292.85574,46.391178,5561.0,0.956,0.859,758.753
KIC 12506770,12506770,Kepler-895,289.29065,51.40889,4153.0,0.581,0.595,540.134
KIC 5629985,5629985,,294.73419,40.86142,5788.0,0.856,0.856,
KIC 9898364,9898364,,294.83032,46.734348,7530.0,1.93,1.633,
KIC 11337372,11337372,Kepler-920,284.29694,49.15868,5301.0,0.977,0.856,1001.68
KIC 11337833,11337833,Kepler-921,284.61621,49.190811,6032.0,0.929,1.014,934.49
KIC 11546211,11546211,,283.79654,49.50399,3497.0,0.334,0.339,
KIC 11547505,11547505,Kepler-922,284.73145,49.533192,5499.0,1.087,0.906,536.323
KIC 4471747,4471747,,293.62592,39.50631,6074.0,1.292,1.173,
KIC 11502867,11502867,Kepler-426,289.43463,49.4734,5720.0,0.903,0.882,843.695
KIC 9909735,9909735,Kepler-318,298.48282,46.793621,5729.0,0.939,1.051,489.141
KIC 11551692,11551692,Kepler-411,287.60559,49.523258,4920.0,0.72,0.822,153.676
KIC 12266636,12266636,Kepler-879,295.80658,50.909801,5833.0,1.022,0.974,802.672
KIC 9850893,9850893,,298.73007,46.688671,5401.0,1.05,0.93,
KIC 4826110,4826110,,288.92575,39.90155,5199.0,0.811,0.807,
KIC 7869917,7869917,Kepler-880,281.97125,43.672771,6900.0,2.599,1.714,601.324
KIC 9824805,9824805,Kepler-881,288.99258,46.67075,6240.0,1.079,1.135,1375.18
KIC 5193400,5193400,,293.66507,40.359531,6218.0,1.131,1.219,
KIC 7939330,7939330,Kepler-896,282.43918,43.734482,5510.0,0.803,0.877,2334.93
KIC 4918309,4918309,,290.12857,40.021832,5393.0,1.37,0.926,
KIC 12602568,12602568,Kepler-897,290.58685,51.69582,5840.0,0.849,0.942,1519.25
KIC 9941066,9941066,Kepler-898,286.58539,46.87093,4166.0,0.612,0.624,484.891
KIC 5972334,5972334,Kepler-487,295.28723,41.221958,5422.0,0.887,0.874,872.343
KIC 4650733,4650733,Kepler-1762,290.49316,39.785519,6572.0,1.238,1.298,1663.74
KIC 4830605,4830605,,290.24103,39.96801,5926.0,0.887,0.978,
KIC 4832197,4832197,,290.73804,39.919651,6302.0,1.269,0.895,
KIC 4844004,4844004,,294.13202,39.981979,5435.0,0.824,0.937,
KIC 12120943,12120943,,296.57153,50.677849,5977.0,1.022,1.133,
KIC 9761199,9761199,,287.14313,46.50806,3752.0,0.497,0.503,
KIC 7751571,7751571,,291.28659,43.404411,5367.0,0.773,0.854,
KIC 9579499,9579499,,287.80457,46.23893,4859.0,0.702,0.789,
KIC 11913013,11913013,,291.02301,50.262226,5780.0,1.0,1.0,
KIC 7768451,7768451,,296.6713,43.49839,5401.0,0.878,0.863,
KIC 7691260,7691260,Kepler-882,294.6499,43.33559,5229.0,0.688,0.765,504.605
KIC 9821454,9821454,Kepler-59,287.03952,46.640129,6296.0,1.006,1.066,1163.22
KIC 11954842,11954842,Kepler-883,286.43365,50.300331,5948.0,1.025,0.93,627.455
KIC 7972785,7972785,,296.04764,43.762138,6434.0,1.138,1.169,
KIC 5470739,5470739,Kepler-899,297.48257,40.680779,5767.0,0.881,0.979,1246.43
KIC 10022908,10022908,Kepler-900,296.17728,46.99902,4847.0,0.761,0.86,487.525
KIC 9932970,9932970,,281.61887,46.814201,5204.0,0.789,0.808,
KIC 5617854,5617854,Kepler-901,291.15295,40.887489,4132.0,0.564,0.578,253.867
KIC 4932442,4932442,Kepler-923,294.17108,40.055168,5861.0,1.304,1.01,1000.28
KIC 5183357,5183357,Kepler-924,290.66852,40.39772,6309.0,1.614,1.358,1053.04
KIC 5269467,5269467,Kepler-925,290.10654,40.490662,4564.0,0.691,0.683,611.115
KIC 5360920,5360920,,291.33719,40.558201,5753.0,0.815,0.907,
KIC 7672940,7672940,,288.25864,43.376465,6340.0,2.173,1.174,
KIC 7838655,7838655,,296.91724,43.517529,5482.0,0.858,0.853,
KIC 11702948,11702948,,286.14938,49.867512,5812.0,0.853,0.947,
KIC 9512981,9512981,,284.84988,46.13895,4810.0,0.776,0.755,
KIC 7770450,7770450,,297.17429,43.479099,5566.0,0.886,0.975,
KIC 11455491,11455491,,292.03149,49.388618,6495.0,1.554,1.182,
KIC 11764462,11764462,Kepler-884,292.58444,49.923161,5646.0,0.932,0.986,476.733
KIC 11656246,11656246,Kepler-885,288.66156,49.737209,6109.0,1.36,1.194,651.318
KIC 7808587,7808587,Kepler-886,286.27176,43.59523,5810.0,1.259,1.026,711.297
KIC 4741126,4741126,Kepler-887,290.09082,39.81699,6119.0,1.299,1.157,886.588
KIC 5301750,5301750,Kepler-84,298.25204,40.496078,6036.0,1.131,0.987,1023.9
KIC 5526717,5526717,Kepler-926,289.67935,40.700459,5565.0,1.246,1.008,921.361
KIC 5530882,5530882,,290.92316,40.77103,5706.0,0.834,0.93,
KIC 5531953,5531953,Kepler-1984,291.285,40.730049,3638.0,0.42,0.45,
KIC 6034945,6034945,Kepler-927,289.38351,41.392689,5962.0,1.028,1.039,831.685
KIC 9851226,9851226,,298.82254,46.650269,5951.0,0.991,0.983,
KIC 8692861,8692861,Kepler-69,293.26093,44.868889,5637.0,0.943,0.813,730.625
KIC 7543649,7543649,,296.07822,43.13694,6109.0,0.993,0.95,
KIC 9480310,9480310,Kepler-1668,297.35233,46.09594,5900.0,0.951,1.065,1335.64
KIC 11858748,11858748,,288.76318,50.174221,5730.0,0.87,0.968,
KIC 11669125,11669125,Kepler-888,295.52121,49.738628,5811.0,0.866,0.94,420.817
KIC 12159249,12159249,Kepler-889,291.46732,50.75948,5876.0,1.293,1.132,598.313
KIC 9872292,9872292,,281.46173,46.789894,6212.0,1.684,1.156,
KIC 9963461,9963461,,296.62979,46.880203,6168.0,1.567,1.061,
KIC 8081482,8081482,,284.664,43.98502,5767.0,1.074,0.9,
KIC 5542466,5542466,Kepler-1756,294.36487,40.720879,4915.0,0.812,0.781,
KIC 4178389,4178389,,296.18524,39.26268,5875.0,0.809,0.895,
KIC 10028140,10028140,Kepler-1757,297.73984,46.94191,5288.0,0.74,0.828,807.308
KIC 6048024,6048024,,293.53448,41.329899,6340.0,1.492,1.379,
KIC 6049190,6049190,Kepler-1764,293.87988,41.393822,6461.0,1.131,1.162,1542.48
KIC 6149553,6149553,,298.50726,41.47905,,,,
KIC 6198999,6198999,Kepler-928,289.92072,41.542831,4841.0,0.779,0.756,508.809
KIC 6310636,6310636,Kepler-929,298.48111,41.615341,5843.0,1.615,1.115,1311.23
KIC 6616218,6616218,Kepler-314,294.6741,42.075581,5418.0,0.886,0.978,268.881
KIC 7761545,7761545,Kepler-857,294.63239,43.400471,5584.0,0.938,0.966,983.502
KIC 7499398,7499398,,280.36023,43.12368,5613.0,0.956,1.046,
KIC 12365184,12365184,Kepler-419,295.41788,51.184761,6430.0,1.731,1.398,1011.36
KIC 4770365,4770365,Kepler-1669,297.43039,39.847839,4224.0,0.603,0.609,543.444
KIC 10748390,10748390,Kepler-3,297.70935,48.080853,4778.0,0.763,0.83,
KIC 11804465,11804465,Kepler-12,286.24344,50.040379,5953.0,1.415,1.093,881.386
KIC 9663113,9663113,Kepler-458,297.04541,46.328701,6226.0,1.299,1.129,
KIC 5649956,5649956,,299.10327,40.8493,5601.0,0.797,0.791,
KIC 4840513,4840513,,293.19507,39.90728,6392.0,1.162,1.232,
KIC 5217586,5217586,,298.9024,40.31953,5585.0,0.91,0.773,
KIC 5289854,5289854,Kepler-308,295.78516,40.439548,5896.0,0.914,1.0,1335.92
KIC 9895709,9895709,,293.87265,46.714951,6153.0,0.962,1.036,
KIC 10006581,10006581,Kepler-902,289.73169,46.953819,5509.0,1.169,0.918,1165.34
KIC 6696462,6696462,,293.25916,42.126629,5596.0,0.853,0.906,
KIC 7220429,7220429,Kepler-931,297.13263,42.76825,5044.0,0.804,0.764,
KIC 7222086,7222086,,297.51907,42.777061,6546.0,2.784,1.852,
KIC 12406749,12406749,Kepler-1752,290.85413,51.222809,5446.0,0.821,0.824,962.888
KIC 7811397,7811397,,287.65396,43.505718,5270.0,0.787,0.9,
KIC 12403119,12403119,Kepler-858,288.84863,51.209049,5591.0,0.892,0.904,298.532
KIC 9842890,9842890,,296.43814,46.61536,5819.0,0.823,0.91,
KIC 8113154,8113154,,296.87762,43.941631,6812.0,1.172,1.103,
KIC 5270698,5270698,,290.44736,40.44289,5758.0,2.318,1.258,
KIC 5024450,5024450,,295.32077,40.187359,6203.0,1.06,1.091,
KIC 5282049,5282049,,293.83688,40.41045,6200.0,0.958,1.029,
KIC 5475431,5475431,,298.5137,40.639622,5713.0,0.893,1.01,
KIC 10027323,10027323,Kepler-309,297.50986,46.961262,3883.0,0.496,0.518,544.568
KIC 12019440,12019440,Kepler-485,294.99631,50.470058,5823.0,1.013,1.027,1140.95
KIC 5039228,5039228,,298.36884,40.173424,6521.0,1.276,1.334,
KIC 10004738,10004738,Kepler-310,288.83936,46.98674,5497.0,0.839,0.952,602.268
KIC 7304449,7304449,Kepler-1650,297.72925,42.86692,3364.0,0.274,0.26,134.397
KIC 7386827,7386827,Kepler-1765,298.01443,42.957458,5692.0,1.064,0.946,764.456
KIC 7522911,7522911,Kepler-1670,290.32651,43.12183,6249.0,1.076,1.13,2065.98
KIC 7626370,7626370,Kepler-932,296.95206,43.271969,5238.0,0.851,0.784,465.612
KIC 7703955,7703955,Kepler-315,298.0231,43.363522,5792.0,1.005,0.875,1160.63
KIC 7512982,7512982,Kepler-859,286.74188,43.190102,4883.0,0.808,0.779,839.903
KIC 9597806,9597806,Kepler-860,295.57727,46.254742,5869.0,0.954,1.001,1056.36
KIC 7812167,7812167,,288.02271,43.54821,6273.0,1.044,1.099,
KIC 11760959,11760959,,290.61679,49.957619,4922.0,0.744,0.726,
KIC 5283458,5283458,,294.2009,40.455959,6137.0,1.018,1.086,
KIC 9940565,9940565,,286.25644,46.89267,4765.0,0.666,0.717,
KIC 8053552,8053552,,299.05585,43.897202,5631.0,0.901,0.762,
KIC 8111381,8111381,,296.36569,43.905571,5741.0,0.846,0.938,
KIC 5444549,5444549,,290.56668,40.678162,5919.0,1.0,1.114,
KIC 5474613,5474613,Kepler-1659,298.37384,40.61842,5823.0,0.972,1.02,
KIC 4860932,4860932,,297.84399,39.989811,6075.0,0.952,1.033,
KIC 5438757,5438757,Kepler-903,288.77103,40.664181,5534.0,1.08,0.926,1369.24
KIC 7750419,7750419,,290.88232,43.47176,5640.0,1.534,1.023,
KIC 7815744,7815744,Kepler-933,289.56866,43.538609,5350.0,0.678,0.758,1017.2
KIC 7955580,7955580,Kepler-934,290.28845,43.755322,4998.0,0.808,0.806,608.738
KIC 9692345,9692345,,282.17941,46.457169,4478.0,0.651,0.637,
KIC 7898352,7898352,Kepler-302,294.31699,43.629341,5733.0,1.183,0.974,1402.58
KIC 11402995,11402995,Kepler-481,291.90704,49.262051,5705.0,1.14,0.939,813.724
KIC 12062667,12062667,,292.07269,50.54829,6634.0,2.251,1.253,
KIC 7984047,7984047,,298.92593,43.75037,4812.0,0.755,0.734,
KIC 7951018,7951018,Kepler-890,288.43576,43.763489,6228.0,1.137,1.221,1712.12
KIC 9899355,9899355,,295.21103,46.757229,5995.0,0.878,0.964,
KIC 12644774,12644774,,289.07703,51.761822,5665.0,0.938,0.773,
KIC 9902856,9902856,,296.4176,46.732021,6141.0,0.959,0.982,
KIC 7747425,7747425,Kepler-341,289.86157,43.472771,5616.0,1.111,0.957,1047.03
KIC 9892816,9892816,Kepler-342,292.67807,46.726711,6297.0,1.369,1.247,781.611
KIC 9836149,9836149,Kepler-66,293.98157,46.687752,5964.0,0.933,0.968,1202.96
KIC 4813563,4813563,Kepler-1026,283.60526,39.997978,4847.0,0.781,0.772,351.239
KIC 2985767,2985767,Kepler-1063,290.52676,38.142979,5821.0,1.547,1.092,343.226
KIC 2304320,2304320,Kepler-1064,291.74164,37.688938,5064.0,0.769,0.806,
KIC 3657758,3657758,Kepler-1065,294.51126,38.790501,5668.0,0.868,0.963,1122.48
KIC 9790806,9790806,Kepler-1066,298.86658,46.502239,5461.0,0.858,0.957,344.251
KIC 6382217,6382217,Kepler-353,296.85663,41.758179,3757.0,0.539,0.552,384.694
KIC 5375194,5375194,Kepler-964,295.30008,40.556591,5338.0,0.816,0.875,454.626
KIC 6468138,6468138,Kepler-965,298.51532,41.891201,5818.0,1.2,0.991,582.828
KIC 10019708,10019708,Kepler-490,295.02567,46.956001,5927.0,1.691,1.161,1523.0
KIC 11875734,11875734,Kepler-966,297.27057,50.121811,5620.0,0.974,0.797,1027.8
KIC 7697568,7697568,,296.52243,43.363369,5381.0,0.826,0.858,
KIC 7046804,7046804,Kepler-492,295.49667,42.537891,5215.0,0.77,0.792,
KIC 7449136,7449136,Kepler-1002,293.0795,43.073711,6180.0,1.603,1.275,408.303
KIC 8680979,8680979,Kepler-330,288.44739,44.801682,4891.0,0.805,0.776,717.527
KIC 9030537,9030537,Kepler-1674,294.8161,45.306122,5662.0,0.84,0.937,1012.48
KIC 6949061,6949061,Kepler-343,291.96069,42.43301,5808.0,1.374,1.054,927.193
KIC 7269493,7269493,Kepler-1027,287.57117,42.813919,5435.0,0.824,0.937,405.104
KIC 5513648,5513648,,284.23398,40.79454,5899.0,1.414,0.995,
KIC 9164836,9164836,,295.71225,45.589771,6003.0,0.872,0.952,
KIC 7887791,7887791,,290.7037,43.607208,5587.0,0.865,0.914,
KIC 11657891,11657891,Kepler-1028,289.59308,49.781158,5662.0,0.84,0.937,607.916
KIC 6305192,6305192,Kepler-494,297.21408,41.66404,6002.0,1.369,1.073,
KIC 9634821,9634821,Kepler-1995,284.34274,46.316551,5029.0,0.93,0.847,595.331
KIC 8950568,8950568,Kepler-85,290.97342,45.290321,5435.0,0.873,0.87,765.025
KIC 3326377,3326377,Kepler-967,286.55807,38.405369,5180.0,0.8,0.825,568.546
KIC 11601584,11601584,Kepler-324,286.47147,49.649021,5191.0,0.826,0.844,501.574
KIC 8689793,8689793,Kepler-1003,292.02045,44.876221,6068.0,0.831,0.931,941.902
KIC 11673802,11673802,Kepler-1004,297.35928,49.79755,4994.0,3.818,1.441,1152.68
KIC 4263293,4263293,Kepler-331,291.83432,39.307362,4347.0,0.524,0.537,580.119
KIC 5695524,5695524,Kepler-1774,288.57443,40.988659,6214.0,1.122,1.101,816.592
KIC 6205897,6205897,Kepler-1029,292.13297,41.547539,4766.0,0.664,0.723,366.656
KIC 7948784,7948784,Kepler-1778,287.36127,43.738781,6310.0,1.095,1.143,1276.29
KIC 9244756,9244756,Kepler-1779,300.41751,45.605518,5730.0,1.056,1.008,908.501
KIC 9650808,9650808,Kepler-344,292.49963,46.324409,5774.0,0.958,0.937,1002.94
KIC 8804845,8804845,Kepler-1067,285.38742,45.049049,5594.0,0.934,0.981,667.693
KIC 10480915,10480915,Kepler-1785,295.79218,47.600101,5618.0,0.996,0.911,745.74
KIC 11709244,11709244,Kepler-325,289.83542,49.82563,5445.0,0.937,0.919,823.242
KIC 11853878,11853878,Kepler-968,285.60254,50.112041,4402.0,0.572,0.575,290.324
KIC 5728139,5728139,Kepler-433,297.59366,40.977268,6332.0,1.905,1.373,1878.31
KIC 7668663,7668663,Kepler-1005,286.28601,43.320461,5727.0,1.104,0.946,567.806
KIC 7047922,7047922,Kepler-1006,295.75412,42.537479,6327.0,1.175,1.064,
KIC 9353314,9353314,Kepler-1007,295.90656,45.80912,4325.0,0.56,0.547,
KIC 3629967,3629967,Kepler-1775,286.40231,38.738541,5818.0,1.647,1.149,657.023
KIC 9347009,9347009,Kepler-1030,293.68192,45.817558,5026.0,0.763,0.875,758.702
KIC 11253711,11253711,Kepler-1031,296.08975,48.955372,5855.0,1.34,0.92,682.882
KIC 4917596,4917596,Kepler-1032,289.93085,40.097752,4484.0,0.594,0.58,673.01
KIC 4743513,4743513,,290.8154,39.819469,6131.0,1.417,0.862,
KIC 11046458,11046458,Kepler-424,298.62488,48.57745,5461.0,0.937,1.012,698.646
KIC 9111849,9111849,,298.75018,45.4664,6234.0,6.354,2.382,
KIC 7132798,7132798,Kepler-119,295.94641,42.65892,5598.0,0.83,0.928,701.996
KIC 3448130,3448130,Kepler-1786,292.5878,38.52203,5808.0,1.397,1.058,863.909
KIC 9656252,9656252,Kepler-1068,294.64816,46.392361,5786.0,0.99,1.044,1473.61
KIC 6026438,6026438,Kepler-354,285.75146,41.33564,4650.0,0.706,0.704,554.064
KIC 9471268,9471268,Kepler-326,294.32553,46.002251,5103.0,0.789,0.82,487.675
KIC 10657406,10657406,Kepler-969,288.3725,47.933559,5201.0,0.834,0.948,390.354
KIC 5526527,5526527,Kepler-970,289.62524,40.708729,4334.0,0.653,0.646,331.545
KIC 5809954,5809954,,296.87683,41.080582,3645.0,0.449,0.46,
KIC 8766650,8766650,Kepler-1008,296.54752,44.941929,4987.0,0.773,0.742,282.565
KIC 10328393,10328393,Kepler-332,286.66296,47.4137,4955.0,0.721,0.774,344.19
KIC 11773328,11773328,,296.62347,49.979172,5416.0,0.809,0.9,
KIC 7094486,7094486,Kepler-1009,282.85992,42.66576,3597.0,0.514,0.522,355.019
KIC 7289577,7289577,Kepler-1780,294.08392,42.809589,5403.0,0.868,0.868,790.516
KIC 8543100,8543100,Kepler-1033,283.84515,44.609089,5895.0,0.94,1.026,1455.5
KIC 2693736,2693736,Kepler-1034,286.11536,37.966999,5094.0,0.87,0.813,654.549
KIC 9412760,9412760,Kepler-345,295.22879,45.97102,4500.0,0.646,0.71,
KIC 10663396,10663396,Kepler-1069,290.97934,47.988998,5511.0,1.93,1.115,695.967
KIC 11457726,11457726,Kepler-1070,293.19537,49.316502,6277.0,1.097,1.148,939.001
KIC 8956206,8956206,Kepler-1071,293.05801,45.248821,5149.0,0.791,0.811,1042.27
KIC 9649706,9649706,Kepler-1072,292.04437,46.329029,5821.0,1.395,1.054,982.716
KIC 5856571,5856571,Kepler-971,284.09457,41.182819,5476.0,1.673,0.819,338.522
KIC 7765528,7765528,Kepler-972,295.8287,43.425491,5846.0,1.24,1.064,1198.03
KIC 11760231,11760231,Kepler-973,290.16525,49.923859,5187.0,0.774,0.858,328.52
KIC 7779077,7779077,Kepler-1770,299.25031,43.410439,5602.0,1.009,0.941,582.942
KIC 6046540,6046540,Kepler-74,293.09253,41.355518,6056.0,1.498,1.268,1177.55
KIC 5706966,5706966,Kepler-333,292.28607,40.913589,4213.0,0.598,0.609,324.413
KIC 3762468,3762468,Kepler-493,295.30753,38.881641,6311.0,1.172,1.253,1745.77
KIC 10130039,10130039,Kepler-334,287.14066,47.115189,5782.0,1.095,0.957,426.59
KIC 9518318,9518318,Kepler-346,288.0119,46.117611,6032.0,1.001,1.065,984.105
KIC 7273277,7273277,Kepler-1035,289.04221,42.882488,5815.0,0.992,1.038,562.116
KIC 11769890,11769890,Kepler-1036,295.18164,49.945782,5413.0,0.861,0.875,489.435
KIC 6862721,6862721,Kepler-1781,291.71146,42.341499,5568.0,0.957,1.053,962.63
KIC 12301181,12301181,Kepler-1076,287.59009,51.06057,4997.0,0.746,0.806,
KIC 9279354,9279354,Kepler-1788,291.22433,45.778091,4786.0,0.704,0.686,560.445
KIC 6774880,6774880,Kepler-1077,291.03363,42.26786,6091.0,0.967,1.045,1101.42
KIC 3937519,3937519,Kepler-495,285.93069,39.098141,5392.0,1.087,0.888,658.924
KIC 7449541,7449541,Kepler-1078,293.20059,43.050041,5667.0,0.781,0.873,2481.71
KIC 5080636,5080636,Kepler-974,285.01309,40.220749,3706.0,0.522,0.555,134.311
KIC 3338885,3338885,Kepler-975,290.54855,38.495281,4883.0,1.667,0.951,426.088
KIC 6776401,6776401,Kepler-977,291.5162,42.248192,5329.0,0.869,0.786,568.751
KIC 8226050,8226050,Kepler-1010,289.19263,44.149319,5083.0,0.872,0.815,579.273
KIC 9965957,9965957,Kepler-1011,297.40155,46.824001,5445.0,0.929,1.017,736.779
KIC 9704384,9704384,Kepler-1012,289.29626,46.457951,5448.0,0.883,0.877,411.077
KIC 8426567,8426567,Kepler-1013,290.24805,44.435242,5015.0,1.643,0.955,422.246
KIC 12508335,12508335,,290.16513,51.467258,5750.0,0.94,0.808,
KIC 10094670,10094670,Kepler-1677,298.49329,47.013039,6232.0,1.09,1.174,735.369
KIC 8142942,8142942,Kepler-1782,280.92612,44.087929,4931.0,0.734,0.794,305.792
KIC 8257205,8257205,Kepler-1038,298.97217,44.132381,5159.0,0.821,0.868,584.136
KIC 9044228,9044228,Kepler-1039,298.3266,45.31551,4777.0,1.795,0.953,306.91
KIC 7265298,7265298,Kepler-355,285.79947,42.811779,5739.0,1.069,1.002,1432.17
KIC 3248501,3248501,,294.69772,38.364159,6343.0,1.14,1.213,
KIC 2307415,2307415,Kepler-356,292.42108,37.682819,6140.0,1.277,1.094,707.559
KIC 7430034,7430034,Kepler-978,286.71072,43.043449,5938.0,1.184,1.097,682.522
KIC 9735426,9735426,Kepler-979,300.37128,46.408279,5269.0,0.874,0.87,576.503
KIC 8826168,8826168,Kepler-980,294.61301,45.060169,5907.0,1.058,1.014,961.468
KIC 10464050,10464050,Kepler-981,289.2489,47.650101,5988.0,0.934,1.021,878.082
KIC 9763348,9763348,Kepler-982,288.41769,46.590431,6283.0,1.531,1.15,801.479
KIC 9101496,9101496,Kepler-335,296.06433,45.428619,5878.0,1.812,1.212,1278.97
KIC 6037581,6037581,Kepler-336,290.23764,41.331379,5865.0,1.272,1.088,768.86
KIC 10723750,10723750,Kepler-117,288.79303,48.04023,6163.0,1.406,1.102,1455.57
KIC 10779233,10779233,Kepler-1040,283.11377,48.13139,5646.0,0.954,0.929,482.119
KIC 11614617,11614617,Kepler-1041,293.88177,49.683151,6106.0,0.966,1.043,1485.82
KIC 11450414,11450414,Kepler-347,289.19958,49.305721,5592.0,1.451,1.0,1298.88
KIC 4736569,4736569,Kepler-1042,288.66891,39.824009,4777.0,0.561,0.561,
KIC 10384798,10384798,Kepler-1043,281.66299,47.568581,5974.0,0.881,0.904,903.332
KIC 3128552,3128552,Kepler-1073,294.15271,38.23304,5509.0,1.116,0.924,809.897
KIC 10134152,10134152,Kepler-1787,289.06433,47.11742,6060.0,0.925,1.008,778.602
KIC 9573685,9573685,Kepler-1074,284.47653,46.252579,3974.0,0.564,0.581,250.817
KIC 10329835,10329835,Kepler-1075,287.50116,47.469269,3746.0,0.51,0.516,291.275
KIC 6849046,6849046,Kepler-491,287.13058,42.350151,5574.0,1.054,1.025,630.785
KIC 8804397,8804397,Kepler-983,285.10406,45.008171,6028.0,1.047,1.149,714.437
KIC 9662811,9662811,Kepler-984,296.95886,46.394131,5550.0,0.911,0.906,460.188
KIC 11570749,11570749,,297.07861,49.502079,5396.0,1.507,0.898,
KIC 11297236,11297236,Kepler-1771,292.0134,49.019119,5661.0,0.934,0.941,565.752
KIC 10074466,10074466,Kepler-1776,291.53439,47.0425,5872.0,1.153,1.041,690.336
KIC 8218379,8218379,Kepler-1014,285.12204,44.1106,5483.0,0.779,0.865,624.8
KIC 7755636,7755636,Kepler-1015,292.75732,43.42691,6384.0,1.904,1.412,739.357
KIC 9411166,9411166,Kepler-1016,294.61365,45.984619,5741.0,1.136,1.01,1402.82
KIC 4989057,4989057,Kepler-1017,283.46936,40.13261,5411.0,0.85,0.879,552.058
KIC 9834040,9834040,Kepler-1044,293.14447,46.666241,6246.0,1.092,1.18,1278.96
KIC 6152974,6152974,Kepler-118,299.21317,41.424831,5064.0,0.864,0.811,574.228
KIC 8802693,8802693,Kepler-1045,284.18329,45.0741,5448.0,0.734,0.815,942.485
KIC 6061773,6061773,Kepler-1783,297.02109,41.377171,5129.0,1.781,0.887,264.078
KIC 10024701,10024701,Kepler-1046,296.75574,46.998291,5931.0,1.053,1.023,721.534
KIC 2579043,2579043,,292.13525,37.889622,6322.0,1.075,1.124,
KIC 3239671,3239671,Kepler-1678,292.59164,38.399658,5578.0,0.95,0.905,847.339
KIC 9304101,9304101,Kepler-1079,299.5495,45.769749,5636.0,1.39,0.988,591.098
KIC 11360571,11360571,Kepler-1080,296.46448,49.182907,6564.0,1.356,1.212,1382.82
KIC 6035124,6035124,Kepler-1081,289.44452,41.31776,5272.0,0.813,0.902,420.215
KIC 8160953,8160953,Kepler-985,290.14432,44.04995,5354.0,0.835,0.868,679.361
KIC 4157325,4157325,Kepler-416,291.55695,39.227291,5670.0,1.022,0.949,690.819
KIC 5108214,5108214,,294.2869,40.21381,5799.0,2.377,1.339,
KIC 9955598,9955598,Kepler-409,293.6792,46.85276,5455.0,0.888,0.902,68.173
KIC 7219761,7219761,,296.98605,42.72998,,,,
KIC 5770074,5770074,Kepler-1675,283.80954,41.041241,5798.0,1.019,0.976,651.117
KIC 10136549,10136549,Kepler-337,290.06049,47.16396,5683.0,1.472,1.014,677.975
KIC 9851271,9851271,,298.83334,46.65453,5910.0,1.078,0.982,
KIC 12154526,12154526,Kepler-1047,288.64627,50.788979,5700.0,1.176,1.071,817.647
KIC 6665512,6665512,Kepler-1048,281.89835,42.165791,4461.0,0.585,0.571,556.006
KIC 10525027,10525027,Kepler-1049,287.34674,47.772961,3758.0,0.496,0.528,162.006
KIC 11069176,11069176,Kepler-1050,282.92499,48.626389,5817.0,2.153,1.276,490.488
KIC 10005758,10005758,Kepler-1662,289.34143,46.988239,5791.0,1.336,0.996,
KIC 10158418,10158418,,297.64606,47.167488,5957.0,1.042,1.034,
KIC 3128793,3128793,,294.207,38.22345,4648.0,5.132,0.95,
KIC 5864975,5864975,Kepler-950,287.95657,41.130329,5808.0,0.786,0.871,2161.6
KIC 2975770,2975770,Kepler-951,287.73755,38.114559,4855.0,0.778,0.769,382.509
KIC 3648437,3648437,,292.16617,38.739052,5815.0,1.329,0.933,
KIC 7877496,7877496,Kepler-412,286.11032,43.680962,5742.0,1.215,1.068,1086.24
KIC 7286173,7286173,Kepler-986,293.09399,42.896431,5534.0,1.001,0.88,548.364
KIC 11126381,11126381,Kepler-1673,285.66711,48.719559,6202.0,1.062,1.122,727.187
KIC 4149450,4149450,Kepler-1772,289.43811,39.270359,5541.0,0.934,0.942,871.564
KIC 5511081,5511081,Kepler-338,282.97897,40.784351,5951.0,1.693,1.086,552.798
KIC 10978763,10978763,Kepler-339,293.35172,48.444641,5353.0,1.023,0.87,616.637
KIC 8098728,8098728,,292.22629,43.995312,6655.0,2.995,1.42,
KIC 2449431,2449431,,292.77399,37.797691,5579.0,0.97,0.901,
KIC 5631630,5631630,Kepler-1051,295.15811,40.898849,6369.0,1.729,1.337,829.343
KIC 6504954,6504954,Kepler-952,285.37195,41.993912,5970.0,1.015,1.089,1304.25
KIC 9410930,9410930,Kepler-41,294.51324,45.98164,5657.0,0.947,0.903,1093.08
KIC 5731623,5731623,,298.31674,40.996101,6131.0,0.945,1.023,
KIC 6153672,6153672,,299.35651,41.414291,5813.0,0.775,0.855,
KIC 10676014,10676014,Kepler-954,295.85938,47.93951,4925.0,0.742,0.778,215.814
KIC 9520838,9520838,Kepler-987,289.41107,46.130852,5534.0,0.875,0.914,914.126
KIC 8167996,8167996,Kepler-327,292.64236,44.087669,3716.0,0.506,0.513,241.987
KIC 6773862,6773862,Kepler-988,290.7084,42.237251,3826.0,0.516,0.54,304.889
KIC 10602291,10602291,,292.78235,47.800629,6126.0,1.109,1.021,
KIC 5202905,5202905,Kepler-340,295.93347,40.300571,6642.0,1.846,1.421,808.762
KIC 9072190,9072190,Kepler-1018,283.59668,45.407879,5393.0,1.11,0.895,1010.01
KIC 5384079,5384079,Kepler-348,297.25504,40.54837,6388.0,1.402,1.259,570.783
KIC 9839821,9839821,Kepler-1052,295.34271,46.602261,5818.0,0.848,0.937,943.444
KIC 4056616,4056616,Kepler-1053,291.41864,39.127419,4507.0,0.724,0.715,151.129
KIC 6707908,6707908,,296.05042,42.113239,5708.0,0.884,0.963,
KIC 8492026,8492026,Kepler-1054,290.60114,44.556381,6108.0,1.03,1.132,1090.51
KIC 6867766,6867766,,293.1962,42.370628,6210.0,1.033,1.093,
KIC 6058614,6058614,,296.30573,41.31712,6045.0,0.955,1.038,
KIC 11017901,11017901,Kepler-447,285.26859,48.560009,5494.0,0.982,0.893,268.041
KIC 5088591,5088591,Kepler-955,288.47144,40.269791,5345.0,0.86,0.802,550.383
KIC 11298298,11298298,Kepler-956,292.53082,49.06171,5807.0,1.012,1.021,544.939
KIC 10187159,10187159,Kepler-989,281.58292,47.233631,5185.0,0.91,0.831,491.978
KIC 9758089,9758089,Kepler-1996,285.25366,46.582191,4580.0,0.675,0.748,440.561
KIC 10619192,10619192,Kepler-17,298.39526,47.81501,5624.0,1.018,1.021,720.753
KIC 9883311,9883311,,288.31332,46.771431,5518.0,0.79,0.885,
KIC 4939346,4939346,Kepler-328,295.8093,40.008511,6194.0,1.069,1.161,2213.19
KIC 4242147,4242147,,284.96967,39.360291,4774.0,0.745,0.77,
KIC 5396122,5396122,,299.6517,40.545681,5895.0,0.991,1.105,
KIC 10190777,10190777,Kepler-1019,283.71753,47.204449,4575.0,0.737,0.726,194.182
KIC 9651234,9651234,Kepler-1020,292.67255,46.377419,5162.0,0.791,0.826,415.358
KIC 7045496,7045496,Kepler-1021,295.2049,42.559681,5395.0,0.734,0.821,810.082
KIC 8750043,8750043,Kepler-1055,290.48676,44.932621,5637.0,0.909,0.914,389.397
KIC 9973109,9973109,Kepler-1056,299.526,46.899261,5657.0,0.911,0.762,982.51
KIC 6226290,6226290,Kepler-1057,297.45215,41.558128,5853.0,0.895,0.99,1201.82
KIC 9595827,9595827,Kepler-71,294.86551,46.285851,5543.0,0.887,0.997,
KIC 9349482,9349482,Kepler-1058,294.59579,45.875031,4441.0,0.546,0.538,491.997
KIC 4349442,4349442,,286.63553,39.488621,4914.0,0.724,0.783,
KIC 4644952,4644952,Kepler-319,288.81195,39.77066,5527.0,0.88,0.875,503.436
KIC 2987027,2987027,Kepler-489,290.83313,38.184349,4941.0,0.738,0.79,369.645
KIC 8978528,8978528,Kepler-329,299.26804,45.227428,4156.0,0.545,0.559,439.719
KIC 9967771,9967771,Kepler-990,297.9382,46.881401,5539.0,1.207,0.932,802.163
KIC 11622600,11622600,Kepler-991,297.09067,49.626572,4316.0,0.58,0.584,389.561
KIC 10454632,10454632,Kepler-992,284.4303,47.641781,4975.0,0.724,0.818,259.639
KIC 10005788,10005788,Kepler-1022,289.35202,46.973728,4302.0,0.586,0.573,420.042
KIC 10656508,10656508,,287.97031,47.972099,5822.0,1.28,1.047,
KIC 5213902,5213902,,298.21765,40.341019,6198.0,0.97,1.024,
KIC 2832589,2832589,Kepler-1978,286.00674,38.009541,5251.0,0.778,0.869,865.512
KIC 2438513,2438513,Kepler-1777,290.32867,37.72311,5771.0,1.068,0.984,619.146
KIC 6356207,6356207,Kepler-1059,289.22021,41.706478,5063.0,0.728,0.813,713.167
KIC 8564674,8564674,Kepler-349,293.67648,44.615582,5741.0,0.956,1.035,940.724
KIC 8578780,8578780,Kepler-1784,297.95416,44.66748,5442.0,0.974,0.887,883.045
KIC 4544907,4544907,Kepler-1060,286.02518,39.630932,5504.0,0.993,0.943,946.565
KIC 7761918,7761918,Kepler-1769,294.74332,43.461208,6071.0,1.295,1.061,438.412
KIC 8240797,8240797,Kepler-321,294.45386,44.145973,5772.0,0.956,1.022,384.542
KIC 8164262,8164262,,291.24683,44.00042,7700.0,2.111,1.692,
KIC 6279974,6279974,,290.12653,41.601082,5872.0,2.022,1.256,
KIC 9455325,9455325,Kepler-958,287.25668,46.066769,5371.0,0.852,0.864,449.773
KIC 3098810,3098810,Kepler-1773,286.22324,38.258171,6183.0,1.3,1.241,681.255
KIC 8367644,8367644,Kepler-993,292.61411,44.394661,3828.0,0.565,0.6,324.423
KIC 10332883,10332883,Kepler-994,289.07224,47.40707,3951.0,0.535,0.561,188.158
KIC 9071386,9071386,,283.16632,45.403061,6365.0,1.47,1.312,
KIC 9305831,9305831,Kepler-44,300.10236,45.762138,5763.0,1.457,1.093,1188.0
KIC 11656918,11656918,Kepler-1023,289.02975,49.769711,5123.0,1.621,0.941,694.175
KIC 10844890,10844890,,283.34427,48.223911,5773.0,0.939,0.967,
KIC 9536692,9536692,,295.849,46.18129,5215.0,0.882,0.808,
KIC 4636578,4636578,Kepler-350,285.41962,39.706108,6188.0,1.465,1.111,956.859
KIC 11923284,11923284,Kepler-1061,296.23001,50.27523,5919.0,1.0,0.994,543.375
KIC 9838975,9838975,,295.03354,46.600151,5190.0,0.66,0.732,
KIC 5621125,5621125,Kepler-959,292.17117,40.811378,6327.0,7.663,2.646,807.729
KIC 9872283,9872283,Kepler-960,281.45718,46.746471,4854.0,1.749,0.97,284.916
KIC 10666242,10666242,,292.09824,47.940819,5671.0,0.955,1.054,
KIC 8624520,8624520,,291.68329,44.75164,5227.0,0.64,0.628,
KIC 7870032,7870032,Kepler-961,282.03549,43.631271,5497.0,0.872,0.901,574.314
KIC 9597058,9597058,Kepler-962,295.31314,46.237492,5365.0,0.834,0.873,411.486
KIC 4035640,4035640,Kepler-995,284.61572,39.131039,5132.0,0.886,0.82,609.638
KIC 6205228,6205228,Kepler-996,291.91281,41.533611,5714.0,1.208,0.999,1216.58
KIC 11758544,11758544,Kepler-997,289.23337,49.938931,6045.0,1.629,1.133,467.568
KIC 4851530,4851530,,295.9024,39.918362,5275.0,0.796,0.739,
KIC 3118797,3118797,Kepler-1024,291.95099,38.251701,5383.0,0.759,0.851,1087.4
KIC 6300348,6300348,,296.1398,41.60318,6106.0,0.94,1.013,
KIC 7102316,7102316,Kepler-351,286.4527,42.657879,5642.0,0.846,0.91,1083.91
KIC 9489524,9489524,Kepler-352,299.89651,46.051971,5208.0,0.772,0.796,252.733
KIC 5940165,5940165,Kepler-1062,283.89941,41.221611,4458.0,0.658,0.645,397.455
KIC 8277797,8277797,Kepler-322,281.34882,44.295238,5390.0,0.876,0.883,400.48
KIC 5124667,5124667,Kepler-1672,297.94016,40.278629,5504.0,1.737,1.099,391.181
KIC 2989404,2989404,Kepler-323,291.38223,38.127468,6015.0,1.081,0.998,454.883
KIC 11413812,11413812,Kepler-998,296.75415,49.20874,5988.0,0.934,1.021,986.364
KIC 9549648,9549648,Kepler-999,299.66046,46.198421,6157.0,1.695,1.173,545.063
KIC 10063802,10063802,Kepler-1000,286.68552,47.098221,6469.0,1.467,1.406,1115.62
KIC 11074178,11074178,Kepler-1001,286.27386,48.61871,5741.0,0.846,0.938,928.978
KIC 11030475,11030475,Kepler-1813,292.23993,48.51157,5167.0,0.787,0.812,
KIC 5942808,5942808,Kepler-1814,285.21667,41.282429,4922.0,0.823,0.79,726.346
KIC 6206214,6206214,Kepler-1158,292.23395,41.575211,6109.0,1.997,1.406,1484.25
KIC 8959839,8959839,Kepler-1159,294.26633,45.204311,6170.0,0.992,1.063,1213.71
KIC 7672097,7672097,Kepler-1160,287.87939,43.364071,5774.0,0.818,0.907,1077.63
KIC 6142862,6142862,,296.97107,41.46701,4275.0,0.533,0.525,
KIC 5599774,5599774,Kepler-1195,284.3511,40.852982,5093.0,0.709,0.707,918.566
KIC 8099138,8099138,Kepler-1196,292.36957,43.910809,5640.0,0.978,0.977,922.333
KIC 7033233,7033233,Kepler-1197,291.66928,42.59071,4670.0,0.682,0.761,486.94
KIC 6383785,6383785,Kepler-501,297.20154,41.730209,5794.0,1.216,1.032,1125.24
KIC 9411412,9411412,Kepler-1096,294.70938,45.969501,4229.0,0.615,0.625,377.976
KIC 7008211,7008211,Kepler-1097,281.59415,42.596409,5303.0,0.753,0.734,719.802
KIC 7620413,7620413,Kepler-1098,295.50269,43.232792,5579.0,1.029,0.945,1049.19
KIC 4545187,4545187,Kepler-121,286.16205,39.678001,5303.0,0.708,0.785,510.523
KIC 10854546,10854546,Kepler-1099,288.74994,48.277168,6153.0,1.109,1.077,1022.8
KIC 11774991,11774991,Kepler-367,297.29242,49.981628,4856.0,0.705,0.79,188.027
KIC 8261920,8261920,Kepler-1802,300.24222,44.141399,4245.0,0.637,0.649,636.694
KIC 9112931,9112931,Kepler-1161,299.07709,45.440639,4175.0,0.544,0.561,547.726
KIC 9071593,9071593,Kepler-1162,283.29214,45.434109,5225.0,0.859,0.861,940.211
KIC 8126558,8126558,Kepler-1815,300.1705,43.98497,5516.0,0.967,0.856,1006.63
KIC 11811193,11811193,Kepler-1163,290.23584,50.03009,6226.0,1.333,1.143,478.647
KIC 3734418,3734418,Kepler-1164,287.52963,38.894508,5143.0,0.778,0.803,431.622
KIC 8681734,8681734,Kepler-1198,288.83401,44.838249,5344.0,0.907,0.884,743.03
KIC 10232693,10232693,,299.84909,47.20256,5975.0,2.399,1.194,
KIC 10212441,10212441,Kepler-1199,293.72586,47.24704,5798.0,1.525,0.899,563.493
KIC 6119141,6119141,,290.37512,41.43375,5799.0,1.042,0.928,
KIC 8247771,8247771,Kepler-1200,296.60342,44.129261,4496.0,0.658,0.725,588.715
KIC 8165946,8165946,Kepler-1100,291.87134,44.087379,5985.0,0.981,1.03,693.618
KIC 12017109,12017109,Kepler-1679,293.90057,50.427052,5806.0,0.899,0.996,909.28
KIC 9225395,9225395,Kepler-1101,294.56937,45.671261,5325.0,0.975,0.852,742.473
KIC 10709622,10709622,Kepler-1102,281.32257,48.066502,6119.0,1.119,1.027,1246.05
KIC 11499228,11499228,Kepler-1103,287.38208,49.452389,6285.0,1.039,1.084,1331.92
KIC 9022166,9022166,Kepler-368,291.88004,45.387932,5508.0,1.988,1.136,770.978
KIC 10965588,10965588,Kepler-1132,286.36746,48.423931,5052.0,0.855,0.805,867.931
KIC 10670119,10670119,Kepler-369,293.67422,47.908459,3825.0,0.524,0.561,
KIC 4043443,4043443,,287.40244,39.190731,4602.0,0.675,0.733,
KIC 8491277,8491277,Kepler-498,290.35815,44.518749,5997.0,1.11,1.037,938.844
KIC 8613535,8613535,Kepler-1165,286.97128,44.708302,6249.0,1.076,1.13,1575.2
KIC 12256520,12256520,Kepler-1166,290.34851,50.902851,5382.0,0.827,0.928,634.906
KIC 3337432,3337432,,290.13821,38.491184,6208.0,2.088,1.256,
KIC 5629538,5629538,Kepler-1201,294.61481,40.833172,6136.0,1.005,0.956,944.241
KIC 8561231,8561231,Kepler-1202,292.29062,44.653252,5726.0,0.838,0.93,1175.38
KIC 8235924,8235924,Kepler-1203,292.77338,44.178131,3814.0,0.57,0.576,317.022
KIC 6941084,6941084,Kepler-1204,289.4415,42.498131,6096.0,1.077,1.054,1175.22
KIC 6200235,6200235,Kepler-1205,290.27969,41.515049,5325.0,0.985,0.857,698.485
KIC 11460462,11460462,Kepler-1104,294.46854,49.33102,6387.0,1.381,1.306,530.658
KIC 8612275,8612275,Kepler-360,286.28473,44.781551,5463.0,0.91,0.937,876.044
KIC 7207061,7207061,Kepler-417,293.82431,42.779701,5376.0,0.806,0.897,973.989
KIC 7286911,7286911,Kepler-1133,293.32242,42.86747,5420.0,0.85,0.945,753.135
KIC 8591173,8591173,Kepler-1804,301.34286,44.672211,5109.0,1.671,0.929,434.456
KIC 6962109,6962109,Kepler-1134,295.56799,42.478298,5477.0,0.794,0.876,944.445
KIC 5706595,5706595,Kepler-370,292.17114,40.916309,5569.0,0.954,0.955,1167.94
KIC 10489345,10489345,Kepler-1167,298.30273,47.694031,4949.0,0.741,0.715,820.905
KIC 11774303,11774303,,297.01965,49.997379,6521.0,1.276,1.334,
KIC 10329469,10329469,Kepler-1168,287.2977,47.455441,5162.0,0.736,0.817,752.666
KIC 9654875,9654875,,294.15366,46.309681,7495.0,2.389,1.754,
KIC 9717943,9717943,Kepler-1169,294.91156,46.491459,6213.0,1.195,1.27,522.823
KIC 8026752,8026752,Kepler-502,291.08014,43.860199,6228.0,1.049,1.107,1591.04
KIC 1872821,1872821,Kepler-1828,292.42758,37.320808,5806.0,0.899,0.996,871.81
KIC 8013439,8013439,Kepler-381,285.1828,43.831078,6197.0,2.188,1.198,267.323
KIC 6921944,6921944,Kepler-1105,281.11176,42.45491,4299.0,0.697,0.713,318.004
KIC 9532052,9532052,Kepler-67,294.15332,46.166439,5332.0,0.755,0.824,1131.19
KIC 8164012,8164012,Kepler-1106,291.1452,44.062538,5907.0,1.705,1.165,1090.7
KIC 4140813,4140813,Kepler-1795,286.47934,39.269958,4500.0,0.688,0.768,
KIC 8611781,8611781,Kepler-1135,286.00296,44.756592,5878.0,1.041,0.912,1314.64
KIC 3097926,3097926,,285.90848,38.212719,5062.0,0.853,0.803,
KIC 10518424,10518424,,283.75385,47.796951,6106.0,0.923,0.974,
KIC 5730445,5730445,,298.07474,40.94899,5009.0,0.799,0.763,
KIC 5601258,5601258,Kepler-1805,285.08655,40.898998,3867.0,0.552,0.581,221.639
KIC 7960980,7960980,Kepler-1170,292.16858,43.779671,5265.0,0.81,0.91,1050.45
KIC 8107225,8107225,Kepler-499,295.10995,43.915211,5216.0,0.804,0.896,556.726
KIC 3458028,3458028,Kepler-1171,294.95892,38.591572,7216.0,2.043,1.462,573.0
KIC 3342794,3342794,Kepler-376,291.60718,38.410389,5845.0,1.314,0.998,923.067
KIC 5716932,5716932,Kepler-1830,295.1391,40.979061,6160.0,2.046,1.443,1056.88
KIC 11288051,11288051,Kepler-124,286.75278,49.064911,4983.0,0.651,0.715,420.046
KIC 7515670,7515670,,287.80408,43.168961,6191.0,0.865,0.961,
KIC 11566256,11566256,Kepler-1831,295.30255,49.589119,6063.0,1.012,1.117,1053.49
KIC 8495415,8495415,Kepler-1208,291.88126,44.555729,5080.0,0.793,0.792,825.176
KIC 4055304,4055304,Kepler-1107,291.04993,39.14167,5132.0,0.886,0.82,428.798
KIC 4857213,4857213,Kepler-1680,297.07465,39.933849,5146.0,0.905,0.832,310.315
KIC 9415108,9415108,Kepler-1108,296.04233,45.985142,5362.0,1.032,0.873,767.701
KIC 4262581,4262581,Kepler-1109,291.64624,39.396629,5443.0,2.652,1.41,685.087
KIC 8591693,8591693,Kepler-1796,301.54297,44.60561,6036.0,0.949,1.018,825.883
KIC 4833421,4833421,Kepler-122,291.11188,39.949108,6038.0,1.191,0.995,1027.45
KIC 8282651,8282651,Kepler-1136,284.10779,44.245811,4478.0,0.651,0.637,491.406
KIC 3548044,3548044,Kepler-371,292.32645,38.657581,5670.0,0.95,0.802,813.192
KIC 11401767,11401767,Kepler-372,291.2562,49.258949,6056.0,1.209,1.147,1493.95
KIC 10909127,10909127,Kepler-1138,285.89923,48.307301,5431.0,0.843,0.945,872.328
KIC 3661886,3661886,Kepler-377,295.422,38.735691,5949.0,1.184,1.027,823.804
KIC 2439243,2439243,Kepler-1172,290.47452,37.766602,5624.0,1.244,0.931,1306.53
KIC 9221517,9221517,Kepler-1173,293.1311,45.663551,5173.0,0.822,0.874,377.06
KIC 6751874,6751874,Kepler-1174,281.83145,42.298908,5862.0,1.463,1.097,1408.75
KIC 10863608,10863608,Kepler-1210,292.83215,48.21936,5766.0,0.853,0.874,1176.53
KIC 5602588,5602588,Kepler-1211,285.72079,40.85696,6075.0,0.969,1.048,1826.53
KIC 5385304,5385304,,297.5582,40.541309,6715.0,2.763,1.581,
KIC 5547480,5547480,,295.6402,40.794842,6032.0,0.973,1.055,
KIC 11462341,11462341,,295.28854,49.379791,4132.0,0.581,0.593,
KIC 9405595,9405595,Kepler-1797,292.46429,45.968288,6244.0,1.009,1.069,1338.49
KIC 3546060,3546060,Kepler-1110,291.80801,38.6227,4818.0,0.618,0.607,726.828
KIC 7019489,7019489,,286.94415,42.580631,5485.0,0.805,0.891,
KIC 2141783,2141783,,286.37,37.552521,6056.0,1.411,1.096,
KIC 4144576,4144576,Kepler-1139,287.94562,39.230572,5237.0,0.887,0.907,495.156
KIC 8494542,8494542,Kepler-1807,291.54941,44.52729,6455.0,1.496,1.087,1299.32
KIC 9992325,9992325,Kepler-1140,281.69397,46.946449,4973.0,0.768,0.741,656.48
KIC 11073656,11073656,,285.96802,48.67905,5751.0,0.958,0.962,
KIC 10206675,10206675,,291.37744,47.21257,4098.0,0.615,0.634,
KIC 9945370,9945370,Kepler-1175,289.1427,46.812889,5861.0,0.865,0.957,1121.89
KIC 3832716,3832716,,285.39404,38.904911,6158.0,1.368,0.969,
KIC 8453211,8453211,,298.80206,44.420349,5544.0,0.875,0.761,
KIC 8973129,8973129,Kepler-1176,297.91974,45.274158,5468.0,0.968,0.913,864.699
KIC 12505654,12505654,Kepler-1829,288.66449,51.498421,5230.0,0.777,0.873,679.921
KIC 7215678,7215678,,296.06625,42.768219,6086.0,0.921,1.003,
KIC 11670125,11670125,Kepler-1206,295.93842,49.791142,4859.0,0.757,0.734,762.019
KIC 11461844,11461844,Kepler-1207,295.06424,49.35899,6102.0,1.026,1.099,1754.19
KIC 7449554,7449554,,293.20377,43.057011,5583.0,1.53,1.017,
KIC 9351920,9351920,Kepler-1111,295.46338,45.81274,6142.0,1.046,1.143,841.536
KIC 2161536,2161536,Kepler-1798,291.7262,37.5289,3967.0,0.587,0.593,395.196
KIC 10549023,10549023,Kepler-1112,296.96881,47.751492,6643.0,1.216,1.235,1671.28
KIC 9661979,9661979,Kepler-1681,296.69727,46.371712,5390.0,1.104,0.893,758.3
KIC 8219268,8219268,Kepler-91,285.67288,44.11673,4604.0,6.221,1.218,1294.69
KIC 10531955,10531955,Kepler-1141,290.54364,47.725887,5821.0,1.132,0.995,393.642
KIC 8168187,8168187,Kepler-1142,292.71445,44.082329,5528.0,1.839,0.962,1273.51
KIC 4142847,4142847,Kepler-1143,287.30283,39.289688,4895.0,0.759,0.817,555.189
KIC 10203349,10203349,Kepler-1144,290.04327,47.25798,5559.0,1.412,0.974,1140.57
KIC 9718066,9718066,Kepler-378,294.94858,46.438641,4657.0,0.67,0.748,152.094
KIC 3440978,3440978,,290.703,38.567032,5250.0,0.771,0.721,
KIC 3867615,3867615,Kepler-379,295.70111,38.945831,6053.0,1.26,1.098,731.274
KIC 12121570,12121570,Kepler-1816,296.85101,50.698929,5051.0,0.706,0.786,437.823
KIC 8410415,8410415,Kepler-1817,282.03329,44.478008,5316.0,0.915,0.878,748.569
KIC 7987866,7987866,Kepler-1832,299.85184,43.732182,5242.0,0.722,0.684,486.174
KIC 9532710,9532710,,294.3847,46.157841,5383.0,1.829,0.813,
KIC 11560897,11560897,Kepler-430,292.80865,49.579441,5883.0,1.529,1.205,917.477
KIC 11342416,11342416,Kepler-1209,287.5849,49.154789,6126.0,1.406,1.212,505.531
KIC 9086251,9086251,Kepler-1833,290.87137,45.410301,6164.0,1.446,1.286,591.602
KIC 4254466,4254466,Kepler-1113,289.40671,39.33884,5852.0,1.129,1.048,1073.88
KIC 5801571,5801571,,294.9133,41.074711,6366.0,1.236,1.257,
KIC 9904006,9904006,Kepler-361,296.80344,46.74115,6178.0,1.267,1.085,930.32
KIC 5288570,5288570,,295.50107,40.410225,6153.0,3.279,1.55,
KIC 9364609,9364609,Kepler-1114,299.23694,45.834702,5311.0,0.8,0.796,418.417
KIC 7457296,7457296,Kepler-1145,295.30817,43.044411,5178.0,0.778,0.732,691.961
KIC 10328458,10328458,Kepler-1146,286.71661,47.425629,4816.0,0.748,0.836,703.038
KIC 7050060,7050060,,296.25507,42.53022,5974.0,1.26,0.953,
KIC 4248120,4248120,Kepler-1808,287.29251,39.383221,5530.0,0.892,0.773,1022.01
KIC 9580992,9580992,,288.64252,46.21566,5329.0,0.819,0.912,
KIC 8321314,8321314,Kepler-1683,298.45013,44.284012,5523.0,0.891,0.972,733.143
KIC 6934986,6934986,,287.1532,42.421612,5765.0,1.242,0.968,
KIC 4049901,4049901,,289.54514,39.164429,5425.0,0.797,0.822,
KIC 11498128,11498128,Kepler-1177,286.67145,49.406288,5679.0,0.972,0.938,1299.97
KIC 8041216,8041216,Kepler-500,295.95135,43.852051,5767.0,1.03,0.963,807.48
KIC 11824786,11824786,Kepler-1212,296.85342,50.03735,6119.0,0.938,1.01,1316.57
KIC 12254909,12254909,Kepler-1213,289.48581,50.94416,6074.0,1.183,1.197,807.812
KIC 10798331,10798331,,292.31467,48.140461,5708.0,1.054,0.939,
KIC 9364290,9364290,Kepler-382,299.13617,45.86993,5587.0,1.309,0.963,935.446
KIC 5022828,5022828,Kepler-1115,294.99176,40.144409,9565.0,2.286,2.335,983.245
KIC 8233702,8233702,Kepler-1116,291.93365,44.115501,5730.0,0.87,0.968,1008.57
KIC 11403339,11403339,Kepler-1117,292.08478,49.23748,5412.0,0.843,0.945,568.487
KIC 8260902,8260902,Kepler-1118,299.96567,44.160889,5432.0,0.913,0.801,888.325
KIC 8381204,8381204,Kepler-1119,297.01913,44.327518,6057.0,1.0,1.024,1757.23
KIC 12058204,12058204,Kepler-373,289.388,50.59705,5588.0,1.1,0.946,1090.45
KIC 5357545,5357545,Kepler-1809,290.26535,40.548649,4901.0,0.716,0.807,409.602
KIC 6871071,6871071,Kepler-374,294.13791,42.370499,5640.0,1.515,1.024,1265.61
KIC 5342473,5342473,Kepler-1818,284.32852,40.568909,6047.0,1.129,1.021,1034.59
KIC 9334893,9334893,Kepler-1178,288.45605,45.80212,4729.0,0.525,0.534,482.287
KIC 9963265,9963265,Kepler-1819,296.56006,46.857479,6090.0,1.071,1.173,1363.19
KIC 10583761,10583761,Kepler-1179,284.09763,47.810638,5266.0,0.829,0.765,415.205
KIC 7542813,7542813,Kepler-1180,295.88751,43.156059,6205.0,0.973,0.906,1596.8
KIC 12058147,12058147,Kepler-1082,289.35867,50.59848,5866.0,1.282,0.95,739.557
KIC 8164257,8164257,Kepler-357,291.2431,44.00872,4954.0,0.828,0.791,688.573
KIC 10593759,10593759,,289.26166,47.815521,6248.0,1.181,1.078,
KIC 6774537,6774537,Kepler-1120,290.91449,42.286579,4983.0,0.807,0.771,615.231
KIC 10404582,10404582,Kepler-362,291.77164,47.5299,5757.0,1.017,1.016,1090.51
KIC 5959753,5959753,Kepler-496,291.6409,41.241039,5022.0,0.849,0.804,605.274
KIC 6021193,6021193,Kepler-363,283.19208,41.305389,5711.0,1.391,1.173,762.596
KIC 6287313,6287313,Kepler-1147,292.54752,41.64296,6082.0,1.014,1.041,1657.36
KIC 9289704,9289704,,295.24734,45.757401,7818.0,5.555,2.607,
KIC 9278725,9278725,Kepler-1148,290.95355,45.719528,5002.0,0.753,0.723,625.692
KIC 4458082,4458082,Kepler-1181,289.74731,39.523453,6688.0,1.347,1.336,938.417
KIC 8042453,8042453,Kepler-1182,296.30795,43.82135,5911.0,0.914,1.006,1545.39
KIC 10874215,10874215,Kepler-1820,296.71274,48.272308,5841.0,0.931,1.047,1425.39
KIC 6666233,6666233,,282.28439,42.15419,3862.0,0.563,0.566,
KIC 7661065,7661065,,282.14923,43.37859,5290.0,0.858,0.887,
KIC 8866137,8866137,Kepler-1083,283.16196,45.198311,5136.0,0.744,0.827,902.633
KIC 10857519,10857519,Kepler-1084,290.10196,48.251141,6084.0,1.358,1.076,405.533
KIC 9517393,9517393,Kepler-1085,287.47763,46.141178,6063.0,1.012,1.117,1364.53
KIC 9351316,9351316,Kepler-1086,295.25116,45.842972,4243.0,0.641,0.651,466.084
KIC 10617017,10617017,Kepler-1121,297.78659,47.88612,6154.0,1.636,1.287,482.047
KIC 3229150,3229150,Kepler-1979,289.84286,38.309601,5942.0,0.938,1.028,1076.27
KIC 7989422,7989422,,300.22519,43.758179,5957.0,1.953,0.983,
KIC 9641481,9641481,Kepler-1122,288.28052,46.3409,5520.0,1.08,0.928,1230.42
KIC 8892157,8892157,Kepler-1149,294.18927,45.151581,5709.0,0.95,1.014,1217.73
KIC 11569782,11569782,Kepler-1150,296.72449,49.532711,4827.0,1.727,0.952,358.518
KIC 11520459,11520459,,297.52542,49.401451,5427.0,0.887,0.896,
KIC 7219825,7219825,Kepler-123,296.99863,42.78196,6086.0,1.216,1.013,1021.66
KIC 3749978,3749978,Kepler-1183,292.23242,38.89222,5712.0,0.87,0.944,1919.19
KIC 10010440,10010440,Kepler-1184,291.28207,46.965988,6319.0,1.032,1.084,1157.84
KIC 11718144,11718144,Kepler-1821,294.52545,49.872471,5475.0,0.884,0.946,799.699
KIC 4247991,4247991,Kepler-1185,287.24118,39.33276,5650.0,0.87,0.971,459.273
KIC 10026544,10026544,,297.28317,46.90453,6146.0,2.251,1.166,
KIC 9473078,9473078,Kepler-1087,294.97882,46.00565,5457.0,1.196,0.903,362.623
KIC 10864531,10864531,Kepler-358,293.23022,48.281368,5910.0,0.94,1.032,1101.1
KIC 2853780,2853780,,291.72916,38.070019,5295.0,3.152,1.501,
KIC 9472000,9472000,Kepler-1790,294.56693,46.075802,5866.0,1.367,1.02,1070.17
KIC 10253547,10253547,Kepler-364,281.56995,47.398689,6103.0,1.383,1.109,891.462
KIC 12505076,12505076,Kepler-1799,288.30869,51.478291,5831.0,0.921,1.016,2254.69
KIC 6185476,6185476,,284.35202,41.519199,3745.0,0.47,0.49,
KIC 12116380,12116380,Kepler-1123,294.51767,50.670399,5330.0,1.013,0.869,704.323
KIC 2556650,2556650,Kepler-1124,286.59427,37.891258,3731.0,0.433,0.463,289.899
KIC 10600955,10600955,Kepler-1151,292.2478,47.878448,5565.0,1.246,1.008,682.436
KIC 10801100,10801100,,293.41794,48.198849,6711.0,1.698,1.32,
KIC 4473226,4473226,Kepler-1682,293.98358,39.57288,5570.0,0.904,0.882,1159.85
KIC 8914779,8914779,,300.77875,45.110222,6258.0,1.896,1.14,
KIC 2854181,2854181,Kepler-1810,291.81302,38.088181,5492.0,1.016,0.921,1009.87
KIC 8963721,8963721,,295.47537,45.239979,5700.0,1.008,0.894,
KIC 10132832,10132832,Kepler-1186,288.47964,47.101768,5957.0,0.971,1.083,1337.25
KIC 3219995,3219995,Kepler-1187,286.892,38.31855,6103.0,0.949,1.028,1020.53
KIC 6062929,6062929,Kepler-1822,297.28549,41.305592,5165.0,0.702,0.782,897.597
KIC 7504778,7504778,Kepler-1188,283.10385,43.148041,6218.0,1.077,1.114,1717.48
KIC 7097965,7097965,Kepler-1791,284.49033,42.648289,5887.0,1.177,0.985,602.218
KIC 4249725,4249725,Kepler-120,287.89163,39.33913,4090.0,0.571,0.591,388.63
KIC 3967326,3967326,Kepler-1792,294.84003,39.085991,5229.0,1.005,0.878,601.029
KIC 6768394,6768394,Kepler-60,288.96124,42.265011,5862.0,1.307,0.973,1025.1
KIC 5211199,5211199,Kepler-1800,297.65143,40.352551,5343.0,2.506,1.33,350.455
KIC 8804455,8804455,,285.13831,45.004539,5716.0,1.091,0.955,
KIC 5546761,5546761,Kepler-1125,295.48123,40.731979,5795.0,1.247,1.042,2011.41
KIC 9205938,9205938,Kepler-1126,285.69199,45.689388,5678.0,0.921,0.794,635.736
KIC 10723367,10723367,Kepler-375,288.61792,48.098412,5500.0,1.238,0.922,1238.81
KIC 5005121,5005121,Kepler-1811,289.97934,40.14283,5561.0,1.19,0.946,1390.56
KIC 8229458,8229458,Kepler-1152,290.43402,44.107651,3810.0,0.513,0.543,215.233
KIC 10684670,10684670,Kepler-1189,298.42633,47.946781,5560.0,1.04,0.943,782.852
KIC 11495458,11495458,Kepler-1190,284.99963,49.47998,4641.0,0.747,0.734,342.509
KIC 9003401,9003401,Kepler-1823,283.75482,45.335178,6000.0,1.126,1.068,724.971
KIC 5978559,5978559,Kepler-1824,296.70724,41.203651,6002.0,1.081,1.135,1040.1
KIC 8872048,8872048,,286.07202,45.136711,,,,
KIC 7746958,7746958,,289.67786,43.458134,5780.0,1.0,1.0,
KIC 6922710,6922710,Kepler-1088,281.56146,42.4505,5865.0,1.066,1.024,280.629
KIC 11348997,11348997,Kepler-1089,291.09274,49.19006,3879.0,0.578,0.619,259.328
KIC 5705819,5705819,Kepler-1793,291.91287,40.953892,5191.0,0.764,0.85,1189.88
KIC 6696580,6696580,Kepler-359,293.29364,42.19635,6228.0,1.049,1.107,1443.21
KIC 11358389,11358389,Kepler-365,295.62659,49.130428,6014.0,1.021,1.037,1038.99
KIC 7204981,7204981,Kepler-1127,293.21738,42.720711,5364.0,0.982,0.872,842.459
KIC 3847907,3847907,Kepler-497,290.76587,38.927959,5646.0,1.08,0.996,1291.98
KIC 4370527,4370527,Kepler-1128,293.06335,39.40345,5480.0,0.931,0.966,1083.41
KIC 6041734,6041734,Kepler-1129,291.60449,41.309361,5596.0,1.466,0.998,1183.88
KIC 5125347,5125347,Kepler-1812,298.08453,40.283249,6174.0,1.103,1.162,1409.19
KIC 9336200,9336200,Kepler-1153,289.14722,45.86618,5569.0,0.829,0.928,1119.49
KIC 4770617,4770617,Kepler-1154,297.47711,39.877239,6172.0,1.471,1.25,1460.1
KIC 4454934,4454934,Kepler-1155,288.82059,39.52282,5912.0,1.094,0.96,1128.72
KIC 9458343,9458343,Kepler-1156,288.92401,46.057629,5649.0,0.992,0.923,691.331
KIC 7120108,7120108,Kepler-1825,292.51398,42.65176,5123.0,0.847,0.828,430.254
KIC 10730703,10730703,Kepler-1191,291.65778,48.009312,5288.0,0.978,0.858,955.536
KIC 8007644,8007644,Kepler-1192,282.14056,43.89658,5831.0,0.921,1.016,1304.19
KIC 11192235,11192235,Kepler-1826,292.76993,48.89962,3821.0,0.486,0.49,336.952
KIC 6525946,6525946,,292.95416,41.934799,5096.0,8.769,0.763,
KIC 8505920,8505920,Kepler-1090,295.66287,44.525841,5330.0,1.013,0.869,858.77
KIC 7918992,7918992,Kepler-1091,299.78546,43.67075,5806.0,1.064,1.037,914.299
KIC 11308499,11308499,Kepler-366,296.85205,49.084438,5859.0,1.162,1.064,1856.28
KIC 9006186,9006186,Kepler-1130,285.20749,45.38435,5450.0,0.842,0.944,249.343
KIC 7802719,7802719,Kepler-1157,283.12103,43.525639,4487.0,0.612,0.601,342.144
KIC 5023956,5023956,,295.24182,40.155209,6190.0,0.793,0.704,
KIC 12401863,12401863,Kepler-1193,288.14478,51.27562,5865.0,1.272,1.088,802.116
KIC 5534941,5534941,Kepler-1827,292.25247,40.792721,5423.0,1.404,0.915,686.461
KIC 11121752,11121752,Kepler-380,282.39462,48.75914,6038.0,1.191,0.995,813.713
KIC 2990873,2990873,Kepler-1194,291.69955,38.145271,5547.0,0.925,0.9,757.382
KIC 9307509,9307509,Kepler-1794,300.61969,45.788921,5052.0,0.816,0.773,561.229
KIC 10158729,10158729,Kepler-1092,297.72314,47.112659,6250.0,1.019,1.038,981.233
KIC 6105462,6105462,Kepler-1093,284.978,41.420158,6429.0,1.262,1.011,1072.88
KIC 3120355,3120355,Kepler-1094,292.30124,38.26704,5779.0,1.284,1.039,1291.01
KIC 6047072,6047072,Kepler-1095,293.26245,41.36512,5984.0,0.906,0.993,792.522
KIC 11410904,11410904,Kepler-1131,295.65149,49.261292,5761.0,0.956,1.035,1030.7
KIC 5021737,5021737,,294.73282,40.150341,6501.0,1.441,1.236,
KIC 3862246,3862246,,294.51746,38.956341,5408.0,0.878,0.842,
KIC 4173026,4173026,Kepler-1801,295.164,39.201408,5738.0,0.981,0.936,839.332
KIC 10471621,10471621,,292.37979,47.644611,4405.0,0.511,0.513,
KIC 5350244,5350244,Kepler-1276,287.85699,40.54718,6084.0,1.169,1.037,538.481
KIC 5374403,5374403,Kepler-1277,295.10242,40.572392,5529.0,0.925,0.893,557.193
KIC 10925113,10925113,,294.1239,48.348999,5096.0,0.689,0.719,
KIC 11769801,11769801,,295.14294,49.993069,6440.0,1.921,1.299,
KIC 11752906,11752906,Kepler-2000,285.57434,49.962269,3757.0,0.576,0.581,320.588
KIC 1995519,1995519,Kepler-1299,286.15015,37.411369,5623.0,0.763,0.853,1404.94
KIC 4914566,4914566,Kepler-1300,289.03302,40.086891,5979.0,2.164,1.219,777.025
KIC 6198182,6198182,Kepler-1864,289.68671,41.588928,5854.0,0.979,1.03,298.894
KIC 10024051,10024051,Kepler-1228,296.55307,46.96629,5255.0,0.716,0.776,515.453
KIC 8676038,8676038,,285.74298,44.85783,,,,
KIC 4349452,4349452,Kepler-25,286.6384,39.487881,6267.0,1.258,1.097,243.249
KIC 8073806,8073806,Kepler-1835,280.31488,43.98571,5903.0,0.961,0.922,1404.38
KIC 10419312,10419312,,297.11157,47.534691,5002.0,4.131,1.375,
KIC 3234598,3234598,Kepler-383,291.34259,38.363129,4513.0,0.722,0.712,
KIC 10453588,10453588,Kepler-1253,283.8851,47.637218,5753.0,1.222,0.863,514.524
KIC 11125613,11125613,Kepler-1254,285.17334,48.770039,4838.0,0.796,0.771,622.818
KIC 8074328,8074328,,280.69046,43.919182,6395.0,1.237,1.048,
KIC 7212184,7212184,Kepler-1255,295.23926,42.726479,5843.0,1.615,1.115,1617.07
KIC 6956014,6956014,,294.0318,42.468845,4094.0,24.488,0.925,
KIC 9757613,9757613,Kepler-26,284.94098,46.56654,3879.0,0.537,0.537,335.307
KIC 5307858,5307858,,299.41333,40.428478,6117.0,1.025,1.095,
KIC 6605493,6605493,Kepler-1686,291.60675,42.035919,5806.0,1.101,0.996,729.823
KIC 4670217,4670217,,295.70517,39.75684,4905.0,0.774,0.75,
KIC 7259298,7259298,Kepler-1278,282.95694,42.825619,6075.0,0.858,0.934,889.426
KIC 9574179,9574179,,284.72894,46.206478,5692.0,1.188,0.997,
KIC 6211812,6211812,Kepler-1865,293.94116,41.5905,5420.0,0.871,0.849,922.255
KIC 11391755,11391755,,285.36517,49.201561,6133.0,1.112,1.049,
KIC 9088780,9088780,,291.80984,45.435478,,,,
KIC 8894646,8894646,,294.99585,45.119579,5839.0,1.082,0.926,
KIC 8611832,8611832,Kepler-384,286.02612,44.782871,5610.0,1.104,0.889,895.678
KIC 5621586,5621586,Kepler-1836,292.31512,40.838821,6123.0,0.987,1.053,1472.62
KIC 9210387,9210387,Kepler-1837,288.20764,45.683479,5966.0,0.961,1.049,1229.18
KIC 11852982,11852982,Kepler-1712,284.9986,50.14679,3732.0,0.509,0.515,156.264
KIC 8559152,8559152,Kepler-1256,291.4743,44.68351,5945.0,1.346,1.039,891.192
KIC 2718778,2718778,Kepler-1844,292.6904,37.93457,5776.0,0.849,0.939,1804.36
KIC 3122913,3122913,Kepler-1845,292.90161,38.297081,4703.0,0.701,0.686,710.724
KIC 9229657,9229657,Kepler-1257,296.07568,45.62706,5806.0,0.899,0.996,1105.95
KIC 10415227,10415227,,295.85266,47.503578,6106.0,0.966,1.043,
KIC 5175024,5175024,Kepler-1279,288.09564,40.365971,6384.0,1.121,1.046,1494.22
KIC 9026749,9026749,Kepler-1280,293.57394,45.384541,5734.0,3.405,1.648,1486.7
KIC 12216278,12216278,,295.5582,50.828388,5884.0,0.944,0.985,
KIC 9159242,9159242,,293.67426,45.517239,5575.0,0.98,0.81,
KIC 12061096,12061096,,291.13638,50.575939,5887.0,0.989,1.102,
KIC 5794240,5794240,Kepler-45,292.87289,41.06427,3793.0,0.568,0.587,381.949
KIC 6933567,6933567,Kepler-1301,286.60416,42.440319,5354.0,0.788,0.884,854.28
KIC 9993529,9993529,,282.40594,46.90448,4791.0,0.767,0.747,
KIC 11303815,11303815,,295.06241,49.049278,5387.0,1.009,0.89,
KIC 6044553,6044553,,292.48703,41.311119,5271.0,0.698,0.773,
KIC 9654468,9654468,Kepler-1684,294.00543,46.310692,4551.0,0.672,0.669,621.996
KIC 10027247,10027247,Kepler-1229,297.48669,46.996712,3576.0,0.463,0.482,265.482
KIC 6343170,6343170,Kepler-1230,283.2645,41.711449,6165.0,1.115,1.048,1364.22
KIC 7107802,7107802,Kepler-1231,288.58835,42.605659,5557.0,1.151,0.936,987.237
KIC 11752632,11752632,Kepler-1258,285.40494,49.99474,5825.0,1.662,1.121,717.555
KIC 10028535,10028535,Kepler-1259,297.84149,46.967682,5172.0,0.767,0.878,805.562
KIC 7047207,7047207,Kepler-1260,295.59125,42.555241,5862.0,1.463,1.097,1734.43
KIC 5212220,5212220,,297.85938,40.326939,5988.0,3.204,1.469,
KIC 9964748,9964748,,297.04852,46.867981,6014.0,0.992,1.029,
KIC 9842937,9842937,,296.44901,46.623589,5695.0,0.961,0.868,
KIC 8247770,8247770,,296.603,44.14082,5640.0,1.175,0.976,
KIC 6867588,6867588,,293.13705,42.350479,5218.0,0.829,0.886,
KIC 7501646,7501646,,281.59235,43.177879,5672.0,0.965,1.08,
KIC 11962284,11962284,Kepler-1302,290.98923,50.30806,5330.0,0.87,0.855,634.58
KIC 2573056,2573056,,290.84714,37.864052,6414.0,1.519,1.256,
KIC 6842682,6842682,Kepler-1303,284.28714,42.35561,5853.0,0.895,0.99,897.783
KIC 8890150,8890150,Kepler-395,293.51108,45.136589,3765.0,0.521,0.526,421.382
KIC 8838950,8838950,,298.41931,45.071442,4671.0,0.528,0.534,
KIC 11360805,11360805,Kepler-1232,296.55005,49.102322,5242.0,0.856,0.869,632.865
KIC 9845898,9845898,Kepler-1233,297.37509,46.662209,6499.0,1.169,1.191,1178.7
KIC 12453581,12453581,Kepler-1234,287.52203,51.375858,5073.0,0.748,0.856,916.749
KIC 11922678,11922678,,295.96283,50.24025,6453.0,1.17,1.053,
KIC 11179076,11179076,Kepler-1261,285.23245,48.806721,4891.0,0.805,0.776,744.294
KIC 5364071,5364071,Kepler-49,292.29459,40.591789,3834.0,0.539,0.541,311.222
KIC 5959719,5959719,Kepler-390,291.62878,41.208599,5168.0,0.769,0.793,435.277
KIC 5544903,5544903,,295.0174,40.728001,6418.0,1.171,1.241,
KIC 5542983,5542983,,294.50977,40.726452,6063.0,1.855,1.058,
KIC 8256453,8256453,,298.77756,44.119942,5316.0,0.685,0.658,
KIC 9474493,9474493,,295.46658,46.012402,5547.0,0.82,0.918,
KIC 4551663,4551663,,288.77112,39.66798,5370.0,0.845,0.771,
KIC 12257999,12257999,,291.28772,50.909149,5988.0,8.841,2.734,
KIC 6922203,6922203,,281.26013,42.40329,5991.0,1.039,0.976,
KIC 11752908,11752908,,285.57492,49.960892,5262.0,0.714,0.786,
KIC 7021681,7021681,Kepler-505,287.85812,42.542629,3780.0,0.511,0.531,283.41
KIC 4346178,4346178,Kepler-1304,285.27643,39.446911,5392.0,1.087,0.888,2176.08
KIC 9664142,9664142,Kepler-1305,297.33945,46.347252,5853.0,0.895,0.99,1575.23
KIC 10018233,10018233,Kepler-1306,294.47833,46.945862,5495.0,0.961,0.932,1107.5
KIC 8081899,8081899,Kepler-1235,284.90302,43.95396,5481.0,0.815,0.914,540.604
KIC 10189557,10189557,,283.02725,47.249882,5485.0,0.788,0.716,
KIC 8478994,8478994,Kepler-37,284.05954,44.518215,5437.0,0.781,0.829,63.9207
KIC 9965184,9965184,,297.18564,46.825298,5328.0,0.883,0.796,
KIC 9911882,9911882,,299.07828,46.78616,5632.0,0.729,0.816,
KIC 8631504,8631504,Kepler-1846,294.39105,44.762959,4825.0,0.732,0.785,374.615
KIC 8110767,8110767,Kepler-1685,296.18829,43.936852,5681.0,0.923,1.038,1141.89
KIC 5471574,5471574,,297.68881,40.643661,6534.0,3.028,1.484,
KIC 6767840,6767840,Kepler-1262,288.77182,42.213219,6117.0,1.027,1.008,1054.87
KIC 8379705,8379705,Kepler-1847,296.60141,44.32526,6122.0,0.964,1.041,1693.86
KIC 9896018,9896018,Kepler-1859,293.98871,46.718021,5887.0,1.235,1.09,1331.25
KIC 11037511,11037511,Kepler-1281,295.35446,48.5154,5591.0,0.86,0.977,
KIC 11818872,11818872,Kepler-1860,294.35092,50.081089,5420.0,0.868,0.874,438.703
KIC 11771430,11771430,Kepler-1861,295.84653,49.936131,5855.0,1.373,1.161,829.985
KIC 5513012,5513012,Kepler-1310,283.92004,40.740131,5440.0,0.913,0.942,569.185
KIC 11761199,11761199,,290.75183,49.972301,5931.0,0.845,0.933,
KIC 8074805,8074805,,281.05594,43.92374,5989.0,1.324,1.063,
KIC 2437505,2437505,,290.23032,37.777481,5780.0,1.0,1.0,
KIC 11253827,11253827,Kepler-396,296.13281,48.977402,5593.0,0.945,0.918,223.757
KIC 3533469,3533469,,288.10608,38.659061,5406.0,0.95,0.893,
KIC 8956706,8956706,,293.24487,45.298279,5062.0,0.735,0.789,
KIC 7047363,7047363,Kepler-1236,295.62469,42.545898,5395.0,0.734,0.821,999.64
KIC 11968463,11968463,Kepler-385,294.33847,50.33654,6325.0,1.112,1.157,1432.61
KIC 8836888,8836888,,297.90738,45.03231,5488.0,0.789,0.877,
KIC 9880190,9880190,Kepler-1263,286.48364,46.752621,5009.0,0.84,0.797,664.83
KIC 5392702,5392702,,299.03641,40.583172,5435.0,0.824,0.937,
KIC 8429566,8429566,,291.35867,44.424252,5762.0,0.867,0.859,
KIC 10387742,10387742,Kepler-1998,283.42911,47.59251,5640.0,0.921,0.962,340.965
KIC 7673841,7673841,Kepler-392,288.66077,43.36808,5767.0,1.135,0.91,681.428
KIC 9827149,9827149,Kepler-1282,290.17618,46.698341,5845.0,1.013,1.102,1103.29
KIC 5546691,5546691,Kepler-1283,295.46234,40.77697,6058.0,0.867,0.95,2921.99
KIC 12156347,12156347,Kepler-1687,289.74277,50.787041,4102.0,0.581,0.599,417.014
KIC 8636539,8636539,,296.00543,44.71851,6392.0,1.072,1.116,
KIC 9283156,9283156,,292.76175,45.727242,5487.0,0.84,0.837,
KIC 8547429,8547429,Kepler-1866,286.22464,44.654469,5791.0,1.083,1.03,976.737
KIC 8803882,8803882,,284.79694,45.099091,5192.0,2.46,1.309,
KIC 9893318,9893318,Kepler-1307,292.86984,46.741859,6245.0,1.065,1.049,1014.62
KIC 6864885,6864885,,292.35745,42.389149,5930.0,0.937,0.988,
KIC 5097868,5097868,,291.37408,40.263371,5836.0,0.816,0.884,
KIC 8570333,8570333,Kepler-1237,295.62927,44.69062,5418.0,0.888,1.005,1064.31
KIC 5036705,5036705,Kepler-1238,297.90579,40.162861,6150.0,1.417,1.23,1632.13
KIC 9574158,9574158,,284.71988,46.25079,5595.0,0.82,0.917,
KIC 9653622,9653622,Kepler-2002,293.66885,46.37925,6347.0,1.036,1.032,
KIC 4391348,4391348,,297.40906,39.490292,6306.0,1.121,1.166,
KIC 7294743,7294743,,295.45367,42.858799,5415.0,2.079,1.164,
KIC 8947520,8947520,Kepler-1264,289.88437,45.211498,5580.0,0.886,0.989,801.993
KIC 10468885,10468885,Kepler-1284,291.27899,47.687649,5178.0,0.797,0.896,882.324
KIC 12016267,12016267,,293.50702,50.450119,6440.0,1.655,1.204,
KIC 6765135,6765135,,287.75229,42.244781,6225.0,1.009,1.07,
KIC 3861595,3861595,Kepler-1658,294.35654,38.94738,6244.0,2.992,1.482,
KIC 5725087,5725087,,296.9679,40.926769,4448.0,31.5,1.789,
KIC 10489206,10489206,Kepler-125,298.25812,47.604939,3808.0,0.508,0.534,183.365
KIC 3426367,3426367,Kepler-1308,285.92889,38.520981,3605.0,0.433,0.47,112.705
KIC 5562090,5562090,Kepler-1309,298.73523,40.76416,5151.0,0.785,0.758,
KIC 11548140,11548140,,285.18512,49.565369,3440.0,0.439,0.465,
KIC 12110786,12110786,,291.5321,50.681599,6046.0,0.972,1.053,
KIC 5342061,5342061,,284.11978,40.524281,5691.0,0.783,0.814,
KIC 3654095,3654095,,293.62442,38.732479,6045.0,0.955,1.038,
KIC 5078939,5078939,,284.14609,40.272331,5402.0,0.816,0.901,
KIC 6867555,6867555,Kepler-1239,293.12738,42.320099,6321.0,1.125,1.207,2140.6
KIC 5339567,5339567,Kepler-1240,282.99973,40.557449,5688.0,1.111,0.969,862.186
KIC 4459924,4459924,,290.23987,39.564529,5138.0,0.756,0.717,
KIC 11080405,11080405,Kepler-386,289.85889,48.693851,5009.0,0.84,0.797,882.462
KIC 5529738,5529738,,290.53607,40.705849,6386.0,1.123,1.161,
KIC 4047631,4047631,,288.9039,39.154209,4359.0,0.676,0.665,
KIC 10059645,10059645,Kepler-1265,284.58578,47.079529,4769.0,0.742,0.724,583.641
KIC 7183745,7183745,Kepler-1266,285.86929,42.728088,4996.0,0.831,0.791,849.312
KIC 8212002,8212002,Kepler-1285,281.83533,44.155918,6175.0,1.307,1.244,422.269
KIC 8004903,8004903,Kepler-1286,280.25839,43.835758,5995.0,1.118,1.022,1354.46
KIC 8883329,8883329,Kepler-393,290.99527,45.192211,6194.0,1.314,1.098,881.404
KIC 3644653,3644653,,291.20081,38.747849,5778.0,0.911,1.028,
KIC 5514383,5514383,Kepler-506,284.63519,40.71983,6139.0,1.193,1.19,228.439
KIC 10747445,10747445,,297.46594,48.089329,5717.0,0.884,0.984,
KIC 8022489,8022489,Kepler-1311,289.65125,43.824421,5616.0,1.674,1.032,866.331
KIC 9209624,9209624,Kepler-387,287.79819,45.656712,5772.0,1.003,0.824,801.052
KIC 3354846,3354846,Kepler-1241,294.57623,38.45697,5569.0,0.829,0.928,968.722
KIC 6516185,6516185,,289.88446,41.906551,5708.0,0.902,0.902,
KIC 3946023,3946023,,289.0787,39.04034,6057.0,1.457,0.95,
KIC 9177629,9177629,Kepler-1848,299.38159,45.592239,4847.0,0.737,0.756,309.696
KIC 7778767,7778767,Kepler-1267,299.16953,43.44109,5514.0,1.071,0.926,1379.43
KIC 7515762,7515762,Kepler-1268,287.83847,43.153229,5842.0,1.41,1.072,1840.77
KIC 5942949,5942949,Kepler-1849,285.29193,41.255692,4806.0,0.729,0.709,631.884
KIC 12120307,12120307,Kepler-394,296.30197,50.672321,6398.0,1.101,1.141,1058.72
KIC 7446631,7446631,,292.32419,43.033451,6049.0,1.008,1.069,
KIC 9777251,9777251,,294.53516,46.506149,5774.0,1.054,0.903,
KIC 6864893,6864893,,292.36026,42.398022,5383.0,0.72,0.769,
KIC 11701407,11701407,Kepler-1214,285.14264,49.800671,5215.0,0.845,0.787,729.227
KIC 5906426,5906426,,299.29227,41.15308,5261.0,0.819,0.817,
KIC 10813132,10813132,Kepler-1215,297.46362,48.181412,5629.0,0.937,0.864,661.022
KIC 5857540,5857540,Kepler-1242,284.6062,41.196381,5052.0,0.855,0.805,687.615
KIC 12208631,12208631,,291.55051,50.825611,5481.0,1.036,0.915,
KIC 7289317,7289317,Kepler-1243,294.00946,42.880772,5518.0,1.008,0.932,758.17
KIC 6500206,6500206,,283.1788,41.989922,5263.0,0.961,0.852,
KIC 5545815,5545815,,295.26068,40.766392,5992.0,0.985,0.852,
KIC 3116302,3116302,,291.39886,38.228611,6154.0,1.053,1.049,
KIC 7879433,7879433,Kepler-1850,287.1427,43.616051,4239.0,0.6,0.611,250.199
KIC 9205907,9205907,Kepler-1851,285.67377,45.639858,5982.0,0.879,0.967,1589.81
KIC 8463346,8463346,Kepler-436,301.72076,44.41206,4652.0,0.697,0.734,588.867
KIC 7531677,7531677,,292.99469,43.180672,5864.0,1.369,1.08,
KIC 10068659,10068659,Kepler-1287,289.13467,47.062988,5550.0,1.032,0.941,1003.26
KIC 2443393,2443393,,291.45755,37.742935,6374.0,1.502,1.284,
KIC 9019191,9019191,,290.82437,45.355019,4915.0,0.702,0.787,
KIC 9718379,9718379,,295.06583,46.466389,6237.0,1.023,0.964,
KIC 3002478,3002478,,294.18561,38.108669,5982.0,0.96,1.047,
KIC 4055774,4055774,,291.17999,39.10508,5616.0,0.822,0.907,
KIC 6670075,6670075,,284.03293,42.168709,8621.0,2.094,2.018,
KIC 9395024,9395024,Kepler-1216,287.40533,45.918011,5657.0,1.182,0.975,1258.36
KIC 8631751,8631751,,294.46848,44.75396,3462.0,0.259,0.247,
KIC 11401822,11401822,,291.28632,49.24308,5482.0,0.813,0.833,
KIC 6507427,6507427,,286.50739,41.922131,6046.0,1.007,1.111,
KIC 5521300,5521300,,287.76083,40.742771,6184.0,1.038,1.1,
KIC 9753154,9753154,Kepler-1244,282.30121,46.516201,6732.0,1.927,1.23,1075.81
KIC 9011825,9011825,Kepler-1269,287.80557,45.340549,5623.0,1.588,1.104,1097.23
KIC 4172746,4172746,,295.10391,39.268749,4807.0,0.742,0.769,
KIC 5174858,5174858,Kepler-1852,288.02969,40.344151,5237.0,0.826,0.927,772.481
KIC 11074835,11074835,Kepler-1270,286.71564,48.645279,4924.0,3.588,1.066,1095.05
KIC 1996180,1996180,Kepler-1271,286.3443,37.411968,6123.0,1.263,1.066,831.991
KIC 10407221,10407221,,292.84448,47.550419,4643.0,0.663,0.652,
KIC 5991936,5991936,,299.54865,41.241371,8828.0,1.828,2.053,
KIC 5095635,5095635,,290.68469,40.255451,5561.0,1.193,0.925,
KIC 6269070,6269070,Kepler-1288,285.7135,41.605885,6381.0,2.232,1.436,814.078
KIC 6705137,6705137,,295.43375,42.16766,5796.0,0.876,0.93,
KIC 12254688,12254688,,289.37381,50.934341,7058.0,3.101,1.562,
KIC 8345172,8345172,,282.0174,44.38578,5262.0,0.783,0.875,
KIC 4172013,4172013,,294.94009,39.232571,6117.0,1.244,1.17,
KIC 12254378,12254378,Kepler-1217,289.18668,50.937561,6156.0,1.05,1.114,1347.71
KIC 4247791,4247791,,287.16486,39.376942,5923.0,1.51,1.09,
KIC 7604328,7604328,Kepler-1245,290.74432,43.26078,5455.0,0.909,0.795,805.936
KIC 11236244,11236244,Kepler-1246,287.65741,48.982159,4563.0,0.642,0.634,436.505
KIC 9837685,9837685,Kepler-1247,294.53354,46.618271,5550.0,0.831,0.923,1045.92
KIC 5042210,5042210,Kepler-1838,298.9917,40.142422,5877.0,1.963,1.187,451.242
KIC 12454461,12454461,Kepler-1248,288.0593,51.35445,6161.0,1.169,1.251,593.026
KIC 9635606,9635606,Kepler-1853,284.74792,46.373619,4821.0,0.788,0.765,562.348
KIC 3728701,3728701,Kepler-1272,285.21985,38.805882,6071.0,1.107,1.005,1206.37
KIC 10861715,10861715,,292.02341,48.226959,5989.0,0.848,0.935,
KIC 1849702,1849702,Kepler-1854,286.28595,37.387058,5026.0,0.759,0.8,423.348
KIC 9390653,9390653,Kepler-504,284.92184,45.972401,3547.0,0.369,0.396,99.0688
KIC 2305866,2305866,,292.09332,37.61348,6585.0,2.517,1.502,
KIC 11187837,11187837,Kepler-1663,290.40149,48.82259,3744.0,0.516,0.529,337.926
KIC 8885673,8885673,,291.85318,45.11092,4897.0,0.764,0.742,
KIC 9712350,9712350,,292.70343,46.415871,5380.0,0.813,0.924,
KIC 8025596,8025596,Kepler-1290,290.68524,43.859638,5999.0,0.959,1.045,1593.7
KIC 5956787,5956787,,290.65125,41.234505,4788.0,0.656,0.639,
KIC 3642741,3642741,Kepler-503,290.63651,38.707668,5638.0,0.92,1.006,
KIC 12071037,12071037,,296.1181,50.51659,5826.0,0.885,0.767,
KIC 8494617,8494617,Kepler-1218,291.57898,44.531712,5897.0,1.081,0.97,840.503
KIC 10289119,10289119,Kepler-1219,297.21579,47.378521,5822.0,2.886,1.464,880.895
KIC 7382313,7382313,Kepler-1220,297.07037,42.977741,5573.0,0.982,0.957,961.907
KIC 9887224,9887224,,290.30295,46.79081,5099.0,0.832,0.781,
KIC 7542369,7542369,,295.78381,43.1824,6319.0,0.93,0.919,
KIC 8544992,8544992,Kepler-388,284.82803,44.60873,4500.0,0.633,0.626,
KIC 11295426,11295426,Kepler-68,291.03232,49.040272,5790.0,1.198,0.997,144.166
KIC 7289162,7289162,,293.96689,42.841888,6204.0,1.065,1.021,
KIC 3001885,3001885,,294.0704,38.181702,4732.0,0.795,0.78,
KIC 12306058,12306058,Kepler-391,290.62183,51.057301,4938.0,3.324,1.136,869.236
KIC 6183511,6183511,Kepler-1855,283.40195,41.516331,3460.0,0.356,0.385,
KIC 12469800,12469800,Kepler-1856,295.90921,51.347939,4948.0,0.816,0.782,848.76
KIC 4915638,4915638,Kepler-1291,289.37704,40.00116,5352.0,0.764,0.857,897.352
KIC 6351097,6351097,,287.13828,41.77771,5753.0,0.911,0.875,
KIC 8081905,8081905,Kepler-1292,284.90573,43.949162,5812.0,0.963,1.079,1493.43
KIC 11465950,11465950,Kepler-1862,296.75339,49.378109,5644.0,0.806,0.9,1232.19
KIC 9996632,9996632,,284.28259,46.991638,6081.0,1.023,1.122,
KIC 4665571,4665571,Kepler-1834,294.6647,39.783829,4821.0,0.788,0.765,500.395
KIC 4829935,4829935,,290.06293,39.922272,6310.0,1.095,1.143,
KIC 9269042,9269042,Kepler-1221,285.82233,45.711891,5195.0,0.69,0.688,913.65
KIC 6199056,6199056,,289.93927,41.502659,5944.0,5.847,2.214,
KIC 11461433,11461433,Kepler-1222,294.88965,49.379768,5083.0,0.872,0.815,415.218
KIC 11818607,11818607,Kepler-1839,294.22446,50.075588,5926.0,0.939,1.03,1136.6
KIC 8380709,8380709,Kepler-1249,296.89484,44.37178,6091.0,0.967,1.045,1904.54
KIC 6149910,6149910,Kepler-1840,298.59482,41.43594,4898.0,0.803,0.774,513.107
KIC 9108085,9108085,,297.78647,45.41748,5749.0,1.15,1.014,
KIC 5436013,5436013,Kepler-1841,287.70688,40.685242,5190.0,0.899,0.823,631.7
KIC 8676148,8676148,Kepler-1273,285.80322,44.873428,5774.0,0.941,1.038,1114.24
KIC 9696358,9696358,Kepler-1274,284.59372,46.44978,6054.0,2.163,1.429,614.648
KIC 5039129,5039129,,298.34653,40.13979,6306.0,1.076,1.126,
KIC 4484336,4484336,Kepler-1857,296.45575,39.598591,6074.0,1.005,0.873,853.275
KIC 9580167,9580167,,288.18198,46.246181,4452.0,11.895,0.984,
KIC 10527135,10527135,,288.41684,47.731091,5430.0,0.847,0.896,
KIC 10916600,10916600,Kepler-1293,290.02591,48.335949,6187.0,1.238,1.23,1028.16
KIC 8429314,8429314,Kepler-1294,291.2681,44.48819,5800.0,1.149,1.021,1855.7
KIC 9153570,9153570,Kepler-1295,291.39786,45.588558,5547.0,0.82,0.918,1174.46
KIC 11768142,11768142,Kepler-1652,294.36609,49.915058,3554.0,0.398,0.426,
KIC 7984574,7984574,,299.06168,43.720329,5870.0,0.834,0.92,
KIC 9592579,9592579,,293.6701,46.29567,6108.0,1.03,1.132,
KIC 10336951,10336951,,290.83627,47.444939,4544.0,0.598,0.592,
KIC 8481129,8481129,Kepler-1223,285.29575,44.55275,4873.0,0.796,0.836,459.957
KIC 2142522,2142522,Kepler-1224,286.62576,37.5373,6113.0,1.218,1.194,559.598
KIC 9395719,9395719,Kepler-1250,287.79385,45.98024,6147.0,1.096,1.193,2126.85
KIC 8753896,8753896,Kepler-389,291.95999,44.900021,5094.0,0.87,0.813,816.559
KIC 8240617,8240617,,294.39749,44.124199,5592.0,0.797,0.804,
KIC 8746295,8746295,,288.88123,44.959209,5734.0,0.883,0.982,
KIC 10090257,10090257,,297.22394,47.025162,4583.0,0.654,0.724,
KIC 10679583,10679583,,296.96017,47.964771,5399.0,0.725,0.805,
KIC 11622985,11622985,,297.24017,49.616859,5955.0,0.91,0.999,
KIC 11361283,11361283,,296.72305,49.106659,4908.0,0.716,0.797,
KIC 8757824,8757824,Kepler-1275,293.50049,44.932461,6078.0,1.271,1.162,1153.98
KIC 9832208,9832208,Kepler-1858,292.30743,46.62664,4939.0,0.819,0.785,833.055
KIC 6124512,6124512,Kepler-1296,292.12521,41.40781,5405.0,2.605,1.365,1551.54
KIC 10070468,10070468,Kepler-1297,289.95651,47.02039,5827.0,1.374,1.068,1439.47
KIC 10031656,10031656,,298.75491,46.941589,5817.0,0.876,0.965,
KIC 7584650,7584650,Kepler-1863,282.23969,43.244049,5871.0,0.983,1.097,865.546
KIC 11337566,11337566,Kepler-1298,284.42273,49.10622,6311.0,1.994,1.443,544.163
KIC 6364215,6364215,,291.87799,41.769581,5815.0,0.918,0.974,
KIC 10202759,10202759,,289.80298,47.259159,7102.0,2.082,1.48,
KIC 5007345,5007345,Kepler-1225,290.6333,40.13699,5814.0,2.476,1.243,1347.52
KIC 12120484,12120484,Kepler-1226,296.37692,50.621471,5936.0,1.299,1.122,1125.72
KIC 6429812,6429812,Kepler-1227,287.06638,41.874908,5632.0,0.904,1.026,623.706
KIC 6846911,6846911,Kepler-1842,286.25165,42.378479,5970.0,1.131,1.057,923.551
KIC 5385439,5385439,,297.58801,40.57798,5428.0,0.94,0.816,
KIC 5963582,5963582,Kepler-1843,292.88528,41.27924,5422.0,1.782,1.02,784.625
KIC 4476423,4476423,,294.78235,39.596519,4553.0,10.472,1.616,
KIC 11403389,11403389,Kepler-1251,292.11517,49.256432,5790.0,0.9,0.998,902.204
KIC 9851662,9851662,Kepler-1252,298.95032,46.692799,5475.0,0.818,0.734,648.979
KIC 6467363,6467363,,298.35361,41.820068,5676.0,0.848,0.781,
KIC 8758204,8758204,Kepler-1881,293.6394,44.982529,5135.0,0.874,0.812,1057.21
KIC 8733898,8733898,Kepler-446,282.25021,44.921108,3464.0,0.328,0.328,96.339
KIC 3228945,3228945,,289.7934,38.385078,6143.0,1.067,1.085,
KIC 7008149,7008149,,281.55936,42.520489,5068.0,0.73,0.698,
KIC 10332213,10332213,Kepler-1885,288.75073,47.490921,5591.0,0.86,0.977,818.482
KIC 7090524,7090524,Kepler-1386,280.82339,42.636051,5511.0,1.176,0.92,835.882
KIC 11133306,11133306,Kepler-509,289.6644,48.706211,5978.0,1.171,1.034,332.443
KIC 6307063,6307063,,297.62936,41.637459,5876.0,1.077,1.001,
KIC 5871985,5871985,Kepler-1318,290.37631,41.150742,4477.0,0.637,0.659,475.248
KIC 8292840,8292840,Kepler-126,289.34732,44.208511,6214.0,1.297,1.059,237.401
KIC 9730163,9730163,Kepler-445,298.73611,46.498634,3157.0,0.18,0.153,127.201
KIC 11453592,11453592,Kepler-1319,290.95615,49.366398,3483.0,0.389,0.415,103.917
KIC 3834322,3834322,,286.0499,38.960201,4784.0,0.708,0.766,
KIC 10073672,10073672,,291.23148,47.033932,4039.0,0.559,0.583,
KIC 11188249,11188249,,290.63736,48.883133,6257.0,1.748,1.291,
KIC 4677282,4677282,,297.11057,39.703911,6622.0,4.315,1.789,
KIC 5097470,5097470,,291.25308,40.216671,5631.0,1.132,0.998,
KIC 4858610,4858610,,297.38028,39.941071,5458.0,0.872,0.938,
KIC 10591855,10591855,Kepler-1367,288.41653,47.878731,4313.0,0.65,0.731,401.484
KIC 4832175,4832175,,290.73154,39.920269,4464.0,0.638,0.654,
KIC 7749773,7749773,Kepler-1882,290.66412,43.49984,5691.0,1.458,1.068,443.371
KIC 9451706,9451706,Kepler-127,285.19,46.027962,6075.0,1.352,1.225,352.794
KIC 10064256,10064256,Kepler-1692,286.92429,47.053741,5452.0,0.9,1.012,591.019
KIC 6842807,6842807,,284.35434,42.388371,5295.0,0.8,0.825,
KIC 4381282,4381282,,295.53534,39.40818,5271.0,0.63,0.624,
KIC 9815053,9815053,,283.39825,46.689789,5279.0,0.769,0.839,
KIC 7609553,7609553,Kepler-1387,292.4404,43.209431,5017.0,0.797,0.76,455.358
KIC 10122538,10122538,Kepler-1388,283.33606,47.174541,3891.0,0.564,0.605,453.795
KIC 9697131,9697131,,285.07767,46.419601,6329.0,1.885,1.374,
KIC 5480640,5480640,Kepler-399,299.50174,40.670799,5467.0,1.152,0.902,740.537
KIC 5175986,5175986,Kepler-1320,288.43359,40.380878,4792.0,0.704,0.793,647.424
KIC 9008737,9008737,Kepler-404,286.39862,45.343529,5653.0,0.857,0.952,812.524
KIC 9692128,9692128,,282.01251,46.4282,5996.0,1.081,0.936,
KIC 10917043,10917043,,290.25385,48.360821,4400.0,0.624,0.646,
KIC 6521045,6521045,Kepler-100,291.38599,41.990269,5788.0,1.474,1.05,304.645
KIC 8167959,8167959,,292.62637,44.02113,5800.0,1.412,0.958,
KIC 4075015,4075015,,295.86008,39.140839,5776.0,0.849,0.939,
KIC 6697605,6697605,Kepler-1985,293.56635,42.13258,5370.0,0.966,0.877,
KIC 6294819,6294819,Kepler-1368,294.76697,41.64468,5966.0,0.961,1.049,1635.82
KIC 12602314,12602314,,290.43323,51.626041,5022.0,0.849,0.804,
KIC 5787131,5787131,,290.54007,41.09304,6197.0,1.035,1.096,
KIC 3230753,3230753,,290.2471,38.33939,5335.0,0.831,0.914,
KIC 8358012,8358012,,288.96942,44.359009,5438.0,0.82,0.92,
KIC 4664046,4664046,,294.30652,39.765282,5366.0,0.715,0.793,
KIC 11401755,11401755,Kepler-36,291.25018,49.231834,5919.0,1.585,1.009,527.956
KIC 4180401,4180401,,296.54736,39.222542,5240.0,0.856,0.958,
KIC 6350476,6350476,,286.86526,41.796021,5227.0,0.867,0.796,
KIC 5272233,5272233,Kepler-400,290.94449,40.480042,5885.0,1.111,1.004,845.97
KIC 11456382,11456382,,292.49802,49.329006,6366.0,1.543,1.273,
KIC 3130548,3130548,,294.57697,38.265518,5727.0,0.937,0.877,
KIC 9593757,9593757,,294.1062,46.210991,5780.0,1.0,1.0,
KIC 6346809,6346809,,285.09872,41.775921,5653.0,0.901,0.819,
KIC 4275117,4275117,,294.63834,39.39798,6089.0,0.889,0.971,
KIC 6545051,6545051,,297.82056,41.96693,5235.0,0.771,0.862,
KIC 5513866,5513866,,284.35446,40.723286,5780.0,1.0,1.0,
KIC 4547603,4547603,,287.19247,39.626148,5487.0,1.072,0.902,
KIC 5688910,5688910,Kepler-1369,285.79724,40.93618,6036.0,1.093,1.048,1236.56
KIC 6345732,6345732,Kepler-1370,284.56567,41.778481,5937.0,1.291,1.084,1004.1
KIC 5716763,5716763,,295.10114,40.986679,5918.0,1.596,0.881,
KIC 8611257,8611257,Kepler-1389,285.71741,44.758419,5010.0,0.715,0.798,497.093
KIC 3861611,3861611,,294.36057,38.948181,5984.0,0.906,0.993,
KIC 12416987,12416987,,295.67798,51.257839,4412.0,0.623,0.65,
KIC 8259713,8259713,,299.6611,44.112381,6434.0,1.055,1.048,
KIC 10880507,10880507,Kepler-1390,298.66235,48.24876,5496.0,0.983,0.92,723.431
KIC 11098013,11098013,,297.74728,48.694309,6408.0,1.337,1.329,
KIC 5443604,5443604,,290.28503,40.689362,4889.0,0.686,0.759,
KIC 12206313,12206313,Kepler-401,290.08276,50.86348,6115.0,1.291,1.077,965.56
KIC 9837661,9837661,Kepler-1321,294.52859,46.640968,3640.0,0.503,0.513,769.146
KIC 7769819,7769819,Kepler-1342,297.02008,43.432549,5417.0,0.901,0.83,890.724
KIC 11874577,11874577,Kepler-1875,296.77283,50.188419,6161.0,0.862,0.95,1660.45
KIC 12164564,12164564,Kepler-1343,294.29453,50.725368,6198.0,1.005,1.072,1756.71
KIC 8190354,8190354,,299.05725,44.074902,5622.0,2.017,0.965,
KIC 3425851,3425851,,285.72879,38.506973,6342.0,1.359,1.175,
KIC 10397751,10397751,Kepler-1371,288.83136,47.551991,5374.0,0.721,0.68,515.334
KIC 7815931,7815931,,289.64764,43.579182,6065.0,1.023,1.018,
KIC 6679295,6679295,,287.94861,42.156139,3678.0,0.512,0.545,
KIC 9642292,9642292,Kepler-1392,288.76697,46.394421,5926.0,0.887,0.978,
KIC 6356692,6356692,Kepler-1888,289.39474,41.782349,5557.0,1.249,0.897,402.947
KIC 6026737,6026737,,285.87579,41.332432,5866.0,1.339,1.016,
KIC 4991208,4991208,Kepler-1393,284.45947,40.142559,5561.0,0.873,0.85,544.456
KIC 8243283,8243283,,295.23151,44.1129,5784.0,0.984,0.921,
KIC 9092504,9092504,Kepler-1322,293.20453,45.435398,5704.0,0.804,0.897,1350.32
KIC 5383248,5383248,Kepler-96,297.06961,40.525131,5683.0,0.993,0.951,122.881
KIC 10001368,10001368,Kepler-1344,287.0863,46.945808,6237.0,1.116,1.069,853.959
KIC 9466429,9466429,Kepler-1345,292.47797,46.022831,6763.0,1.424,1.235,1355.02
KIC 4365442,4365442,,291.68573,39.42886,6340.0,2.498,1.223,
KIC 8885643,8885643,Kepler-1346,291.84131,45.17918,6177.0,0.906,0.982,843.701
KIC 5652893,5652893,Kepler-1347,299.65961,40.843849,5153.0,0.767,0.763,
KIC 3241557,3241557,,293.07806,38.359081,6026.0,0.904,0.949,
KIC 3957082,3957082,,292.23782,39.00507,6115.0,5.544,2.072,
KIC 8681833,8681833,Kepler-1372,288.88663,44.83955,5926.0,0.963,1.072,1303.22
KIC 4138951,4138951,Kepler-1373,285.75204,39.24921,6384.0,1.086,1.129,1699.46
KIC 3102384,3102384,Kepler-454,287.47852,38.22884,5720.0,1.08,1.067,230.869
KIC 10471515,10471515,Kepler-1395,292.33755,47.6642,6017.0,1.206,1.126,492.894
KIC 4935172,4935172,,294.86319,40.007511,6164.0,1.045,1.109,
KIC 8760040,8760040,Kepler-1396,294.33646,44.918289,5951.0,1.262,1.117,1066.46
KIC 10098844,10098844,Kepler-1397,299.67587,47.07584,6007.0,1.126,1.042,1198.25
KIC 9467404,9467404,Kepler-1323,292.87228,46.098881,6039.0,1.413,1.075,465.417
KIC 5308666,5308666,,299.55634,40.460297,3853.0,78.869,1.772,
KIC 5184911,5184911,Kepler-1324,291.18497,40.311211,4827.0,0.823,0.796,481.667
KIC 8176564,8176564,,295.43967,44.039162,6042.0,1.432,1.029,
KIC 6587105,6587105,Kepler-1325,285.01721,42.085381,5533.0,1.072,0.933,973.368
KIC 11662184,11662184,Kepler-1348,292.08746,49.788761,5912.0,1.09,1.079,1213.82
KIC 11127479,11127479,Kepler-1349,286.33835,48.744099,5952.0,1.377,1.168,276.323
KIC 5428668,5428668,,284.4447,40.693508,5955.0,0.91,0.999,
KIC 5041569,5041569,,298.85361,40.131088,6268.0,1.1,1.188,
KIC 10604521,10604521,,293.68356,47.833141,6116.0,1.084,1.181,
KIC 9899181,9899181,,295.15051,46.772305,4947.0,0.714,0.8,
KIC 8884274,8884274,Kepler-1374,291.34998,45.172272,5602.0,0.817,0.913,1078.46
KIC 7767162,7767162,Kepler-1375,296.29355,43.403271,6333.0,1.438,1.279,1430.84
KIC 4861791,4861791,,298.03931,39.901939,5822.0,0.898,0.994,
KIC 4385148,4385148,Kepler-1886,296.26456,39.40596,5745.0,0.837,0.928,1059.51
KIC 9838468,9838468,Kepler-1391,294.83102,46.659592,5746.0,1.133,0.954,1038.35
KIC 6781548,6781548,,293.07834,42.277039,5899.0,0.96,1.06,
KIC 8617363,8617363,Kepler-1887,288.95551,44.7057,5749.0,0.864,0.961,1366.18
KIC 7673192,7673192,Kepler-402,288.37024,43.35461,6052.0,1.202,1.015,625.339
KIC 11807274,11807274,Kepler-50,288.10086,50.033718,6237.0,1.543,1.187,250.11
KIC 7670943,7670943,Kepler-1713,287.34573,43.378391,6477.0,1.459,1.3,295.293
KIC 6697756,6697756,Kepler-1351,293.60873,42.197681,4374.0,0.614,0.6,202.782
KIC 5649833,5649833,,299.07883,40.832291,6543.0,1.159,1.181,
KIC 10518399,10518399,,283.73706,47.797131,5653.0,1.139,0.842,
KIC 5905822,5905822,Kepler-1876,299.16049,41.14373,6057.0,1.467,1.081,259.935
KIC 10793172,10793172,Kepler-1693,290.20163,48.185822,5553.0,1.098,0.941,760.065
KIC 7136729,7136729,,296.88654,42.655079,5369.0,0.784,0.722,
KIC 6364276,6364276,,291.89893,41.744492,4194.0,0.629,0.619,
KIC 4367854,4367854,,292.37903,39.435841,5044.0,0.738,0.708,
KIC 5108946,5108946,,294.47125,40.278759,6246.0,1.092,1.18,
KIC 8801316,8801316,Kepler-1394,283.45319,45.084141,6277.0,2.741,1.465,640.409
KIC 10597693,10597693,,290.9288,47.887249,6341.0,1.033,1.083,
KIC 7466270,7466270,,297.27222,43.098721,4504.0,0.53,0.528,
KIC 10876237,10876237,,297.3176,48.239368,6230.0,2.19,1.229,
KIC 12314973,12314973,Kepler-450,295.48651,51.0135,6206.0,1.573,1.305,455.982
KIC 3346154,3346154,Kepler-1871,292.42749,38.472912,5741.0,0.946,1.02,854.623
KIC 5308387,5308387,,299.50751,40.477428,6559.0,1.602,1.277,
KIC 6233573,6233573,,299.06491,41.508301,5787.0,2.667,1.236,
KIC 10363281,10363281,,299.62952,47.479809,6477.0,2.628,1.519,
KIC 4861527,4861527,,297.98141,39.900162,6326.0,1.001,1.047,
KIC 5775129,5775129,Kepler-1691,286.25443,41.02187,5927.0,1.193,1.094,1267.67
KIC 9898447,9898447,Kepler-1877,294.86688,46.790562,5615.0,0.936,1.022,285.312
KIC 5307568,5307568,,299.35519,40.43306,5884.0,1.07,1.07,
KIC 11135308,11135308,Kepler-1352,290.69373,48.701481,6324.0,1.115,1.017,670.829
KIC 2985587,2985587,,290.48007,38.136688,6310.0,1.282,1.122,
KIC 8077137,8077137,Kepler-128,282.49222,43.980209,6063.0,1.613,1.092,396.379
KIC 7019524,7019524,Kepler-1376,286.95844,42.541382,5914.0,0.955,1.011,868.056
KIC 5106313,5106313,Kepler-1694,293.79358,40.240929,5018.0,0.838,0.795,513.329
KIC 9825174,9825174,Kepler-1377,289.19547,46.651699,5618.0,0.874,0.87,1146.1
KIC 5642620,5642620,,297.59085,40.81496,4474.0,0.614,0.645,
KIC 8429415,8429415,,291.30753,44.457619,6463.0,1.823,1.103,
KIC 5014903,5014903,,292.90903,40.152039,5765.0,0.94,0.946,
KIC 5980783,5980783,Kepler-1889,297.19928,41.226429,5646.0,0.817,0.864,1395.13
KIC 8873090,8873090,,286.58014,45.163822,6133.0,2.71,1.401,
KIC 8560804,8560804,,292.11945,44.657928,6007.0,1.759,1.311,
KIC 12008872,12008872,Kepler-1327,289.06485,50.460972,6143.0,1.116,1.001,678.069
KIC 8415200,8415200,Kepler-1328,284.67538,44.41777,5576.0,1.289,0.963,813.543
KIC 4072333,4072333,,295.33014,39.16254,5645.0,0.865,0.965,
KIC 9886361,9886361,Kepler-403,289.92145,46.74456,6170.0,1.499,1.282,840.269
KIC 3730335,3730335,,285.91943,38.871815,6049.0,1.827,1.209,
KIC 6528464,6528464,Kepler-449,293.73282,41.900829,5587.0,1.423,0.911,241.949
KIC 7428316,7428316,,285.98483,43.090912,6050.0,0.896,0.979,
KIC 10275766,10275766,,292.5448,47.37191,6363.0,1.198,1.273,
KIC 6370120,6370120,,293.72894,41.70121,4414.0,0.689,0.723,
KIC 5209845,5209845,Kepler-1378,297.37332,40.366402,4359.0,0.659,0.648,506.434
KIC 9652649,9652649,,293.25812,46.305729,5615.0,0.833,0.827,
KIC 11100670,11100670,,298.76404,48.64492,5528.0,0.71,0.788,
KIC 6129524,6129524,Kepler-1379,293.67047,41.410252,5268.0,0.776,0.871,971.325
KIC 5794570,5794570,Kepler-1312,292.97125,41.03577,5721.0,0.905,0.983,299.104
KIC 5649325,5649325,,298.98038,40.87204,5970.0,2.229,1.239,
KIC 9958387,9958387,,294.75769,46.83112,5185.0,1.853,1.08,
KIC 6779260,6779260,Kepler-1313,292.38855,42.233261,5397.0,0.831,0.878,174.234
KIC 5953297,5953297,Kepler-1688,289.55301,41.297852,4868.0,0.746,0.814,
KIC 7659389,7659389,Kepler-1872,281.04916,43.322601,5223.0,0.885,0.913,840.182
KIC 9472074,9472074,Kepler-1873,294.59656,46.048302,5151.0,0.792,0.903,820.957
KIC 10842192,10842192,Kepler-1329,281.64774,48.271049,4442.0,0.648,0.637,588.037
KIC 2442448,2442448,Kepler-1354,291.24518,37.75906,6173.0,1.03,0.988,1119.45
KIC 11197853,11197853,,295.34222,48.856152,4676.0,12.558,2.17,
KIC 9665922,9665922,,297.86011,46.386261,5782.0,0.767,0.869,
KIC 11283615,11283615,Kepler-1355,283.74142,49.067982,5467.0,0.808,0.906,911.269
KIC 7605093,7605093,Kepler-1356,290.99536,43.243938,5226.0,0.75,0.84,845.228
KIC 3859363,3859363,,293.81381,38.926201,6248.0,1.002,1.008,
KIC 12023078,12023078,,296.58734,50.490761,5385.0,2.871,1.309,
KIC 6364162,6364162,,291.85898,41.728489,6197.0,1.056,1.032,
KIC 7463685,7463685,Kepler-1884,296.74643,43.045441,5984.0,0.906,0.993,1443.09
KIC 6716021,6716021,,297.84125,42.118252,6525.0,2.668,1.536,
KIC 11231334,11231334,,284.54184,48.961281,6529.0,3.131,1.623,
KIC 8326342,8326342,,299.7915,44.281231,5440.0,0.728,0.814,
KIC 6878240,6878240,Kepler-397,295.8941,42.380451,5307.0,0.757,0.782,
KIC 2436378,2436378,,290.14175,37.741367,5780.0,1.0,1.0,
KIC 6614629,6614629,,294.25339,42.062382,5718.0,1.832,1.131,
KIC 6630943,6630943,,298.03104,42.052479,5204.0,0.786,0.736,
KIC 4831728,4831728,Kepler-1330,290.57672,39.95689,5480.0,1.174,0.915,1720.48
KIC 3336765,3336765,,289.95581,38.463631,6143.0,1.004,0.931,
KIC 4270565,4270565,,293.60394,39.388599,6003.0,0.932,1.019,
KIC 11963206,11963206,Kepler-1357,291.5481,50.35331,5713.0,0.893,1.01,1015.69
KIC 4249611,4249611,,287.84833,39.358429,5648.0,0.917,0.892,
KIC 8263545,8263545,Kepler-1878,300.73239,44.107059,5918.0,0.865,0.956,1494.3
KIC 10068024,10068024,,288.84711,47.022911,6349.0,1.059,1.077,
KIC 9636563,9636563,,285.33636,46.31237,5546.0,0.81,0.907,
KIC 6937402,6937402,Kepler-1380,288.11606,42.440418,5708.0,0.893,0.967,2462.94
KIC 5475641,5475641,,298.55927,40.604858,4999.0,0.786,0.752,
KIC 2853828,2853828,,291.74017,38.014912,6329.0,1.508,1.135,
KIC 7899070,7899070,,294.53934,43.60778,5613.0,0.795,0.888,
KIC 4035667,4035667,,284.6232,39.182411,8173.0,3.169,2.032,
KIC 9612825,9612825,,300.08737,46.200695,3468.0,0.32,0.32,
KIC 7826659,7826659,Kepler-1868,293.29837,43.55587,4658.0,0.686,0.743,274.18
KIC 7202957,7202957,Kepler-1869,292.61511,42.764252,5808.0,0.902,0.987,113.025
KIC 5513893,5513893,,284.36902,40.718491,5996.0,2.128,1.226,
KIC 10514430,10514430,,281.2738,47.774399,5729.0,1.545,0.994,
KIC 8095441,8095441,Kepler-1332,291.02859,43.91367,5523.0,0.88,0.907,528.685
KIC 5881813,5881813,Kepler-1333,293.52756,41.111439,5332.0,1.453,0.932,932.446
KIC 12456601,12456601,Kepler-1334,289.31149,51.320862,5896.0,0.916,1.008,1223.04
KIC 10341917,10341917,,292.77954,47.452099,5402.0,0.815,0.931,
KIC 3241604,3241604,,293.09113,38.3521,5881.0,0.915,1.002,
KIC 9591070,9591070,,293.07663,46.21801,6321.0,1.125,1.207,
KIC 8227661,8227661,,289.84772,44.185783,2661.0,0.116,0.094,
KIC 7428736,7428736,Kepler-1358,286.17053,43.008911,5305.0,0.818,0.753,546.998
KIC 5817986,5817986,,298.55576,41.034061,5783.0,0.88,0.977,
KIC 11129258,11129258,Kepler-1381,287.53577,48.727791,6137.0,0.994,1.067,1197.04
KIC 10586004,10586004,Kepler-129,285.31125,47.848564,5758.0,1.704,1.251,408.845
KIC 4939533,4939533,,295.84747,40.006721,5591.0,0.86,0.977,
KIC 4846856,4846856,,294.8418,39.91888,5204.0,0.769,0.723,
KIC 5790807,5790807,,291.77182,41.098068,6796.0,2.49,1.715,
KIC 8892303,8892303,Kepler-1314,294.23764,45.197105,4137.0,0.591,0.58,
KIC 10265602,10265602,,288.17789,47.36668,5594.0,0.812,0.798,
KIC 5369827,5369827,Kepler-1870,293.93347,40.59074,5508.0,0.84,0.955,407.216
KIC 5302643,5302643,,298.41934,40.440819,7044.0,1.267,1.291,
KIC 6586746,6586746,Kepler-1335,284.83841,42.070431,5032.0,0.817,0.789,621.853
KIC 9962455,9962455,Kepler-1336,296.27771,46.89986,5416.0,1.756,1.004,1126.64
KIC 8687088,8687088,,291.00287,44.899452,6223.0,1.763,1.159,
KIC 6436029,6436029,Kepler-1359,289.53882,41.892818,4817.0,0.833,0.8,614.859
KIC 6197215,6197215,Kepler-1879,289.36441,41.53323,5865.0,1.388,1.023,627.171
KIC 9244508,9244508,Kepler-1360,300.34406,45.623219,6443.0,3.086,1.907,1516.27
KIC 9692557,9692557,,282.31351,46.419399,5827.0,2.286,1.047,
KIC 9366886,9366886,,299.93927,45.83321,4330.0,0.618,0.61,
KIC 3657176,3657176,,294.37619,38.75787,5946.0,1.017,1.046,
KIC 3969687,3969687,Kepler-1382,295.37738,39.048031,6133.0,1.765,1.377,738.261
KIC 9369366,9369366,,300.66025,45.853519,7048.0,2.838,1.84,
KIC 6716545,6716545,Kepler-1383,297.94476,42.191879,6052.0,1.424,1.128,1027.21
KIC 4552729,4552729,,289.10992,39.68539,4735.0,0.686,0.73,
KIC 2989706,2989706,,291.44766,38.149281,5676.0,0.787,0.84,
KIC 5185897,5185897,Kepler-398,291.46866,40.343849,4498.0,0.635,0.698,177.355
KIC 3663173,3663173,,295.66913,38.795841,5974.0,2.232,1.313,
KIC 9881077,9881077,Kepler-1337,287.00909,46.796101,4583.0,0.674,0.669,601.629
KIC 3097346,3097346,,285.68408,38.262817,5929.0,1.651,1.127,
KIC 5717567,5717567,,295.32401,40.902191,6170.0,1.274,1.208,
KIC 6265792,6265792,Kepler-1338,284.04233,41.699139,5874.0,1.297,1.096,753.26
KIC 9995402,9995402,Kepler-1361,283.56531,46.904251,5213.0,0.917,0.832,389.143
KIC 9109857,9109857,,298.21527,45.406891,6002.0,2.139,1.156,
KIC 5609593,5609593,Kepler-1362,288.53854,40.87711,4648.0,0.675,0.711,731.298
KIC 5436338,5436338,Kepler-1880,287.82639,40.696602,4380.0,0.53,0.524,611.041
KIC 11414465,11414465,Kepler-1363,296.99655,49.25642,4901.0,0.758,0.733,541.714
KIC 2708885,2708885,,290.47311,37.9062,5423.0,0.862,0.862,
KIC 6612284,6612284,,293.6076,42.058998,5982.0,0.96,1.047,
KIC 4483138,4483138,Kepler-1384,296.21518,39.52705,5011.0,0.851,0.806,
KIC 9475552,9475552,Kepler-1315,295.82144,46.053028,4818.0,0.856,0.809,480.869
KIC 5196864,5196864,,294.54373,40.313862,5174.0,0.84,0.782,
KIC 11071200,11071200,,284.41592,48.65802,7029.0,2.704,1.704,
KIC 10905911,10905911,Kepler-1339,283.74582,48.373432,5779.0,0.97,0.945,371.049
KIC 3545135,3545135,Kepler-1689,291.57422,38.655949,5827.0,0.933,0.94,294.122
KIC 6964929,6964929,Kepler-1340,296.23282,42.47279,5884.0,1.07,1.07,981.779
KIC 6432345,6432345,Kepler-1690,288.15671,41.877972,5422.0,0.885,0.867,703.789
KIC 8703129,8703129,,296.7236,44.853142,5177.0,5.949,2.122,
KIC 11565924,11565924,Kepler-1364,295.15219,49.587601,6995.0,2.274,1.584,1056.9
KIC 6607357,6607357,Kepler-1365,292.19971,42.046089,5727.0,1.104,0.946,840.128
KIC 6186964,6186964,Kepler-1366,285.06491,41.554871,3941.0,0.554,0.578,465.826
KIC 5471202,5471202,,297.58987,40.60194,6185.0,0.991,1.06,
KIC 9640439,9640439,,287.69272,46.366928,6341.0,1.111,1.154,
KIC 9693006,9693006,Kepler-1385,282.63138,46.48111,5696.0,1.331,1.139,688.795
KIC 6837283,6837283,,281.69159,42.397549,6461.0,2.566,1.443,
KIC 5613821,5613821,,289.91742,40.828606,5637.0,0.911,0.939,
KIC 6627507,6627507,,297.2952,42.011681,5028.0,4.991,1.766,
KIC 5128673,5128673,Kepler-1316,298.83588,40.29314,5837.0,1.159,0.988,800.871
KIC 6690836,6690836,Kepler-1317,291.61188,42.115971,5223.0,0.78,0.889,728.303
KIC 8639908,8639908,,297.00354,44.775089,4297.0,0.533,0.55,
KIC 5481148,5481148,,299.59561,40.622822,5860.0,0.936,0.986,
KIC 11076400,11076400,,287.72565,48.651379,4906.0,0.814,0.783,
KIC 7877978,7877978,Kepler-1874,286.3718,43.691921,4701.0,0.775,0.758,408.007
KIC 7903086,7903086,,295.77368,43.671951,5591.0,0.86,0.977,
KIC 12024120,12024120,Kepler-507,297.01883,50.408981,6007.0,1.334,1.107,391.644
KIC 8210018,8210018,Kepler-1341,280.51175,44.159351,4523.0,0.659,0.687,476.957
KIC 3642289,3642289,Kepler-135,290.49512,38.795479,6204.0,1.36,1.257,621.855
KIC 3662838,3662838,Kepler-516,295.6088,38.735741,6967.0,2.527,1.7,687.094
KIC 5966322,5966322,Kepler-517,293.67532,41.295361,5638.0,1.023,0.871,289.907
KIC 6029239,6029239,Kepler-518,287.08997,41.373878,5767.0,0.881,0.979,337.901
KIC 12106929,12106929,,289.1702,50.627621,5857.0,0.712,0.802,
KIC 12107021,12107021,,289.21481,50.650921,6102.0,1.026,1.099,
KIC 8248939,8248939,,296.93594,44.161045,6283.0,1.091,1.019,
KIC 12404954,12404954,Kepler-537,289.88065,51.277081,5703.0,0.975,1.091,439.4
KIC 1571511,1571511,,290.99692,37.199219,6061.0,1.05,1.012,
KIC 2438070,2438070,,290.27777,37.78933,5657.0,1.428,0.983,
KIC 3747262,3747262,,291.534,38.816261,6543.0,2.507,1.388,
KIC 10190075,10190075,,283.33533,47.208832,5646.0,0.956,0.97,
KIC 9070666,9070666,Kepler-1408,282.69995,45.42577,5888.0,1.645,1.136,535.048
KIC 3642335,3642335,Kepler-1410,290.51019,38.743542,3808.0,0.522,0.539,
KIC 3328052,3328052,,287.19815,38.42897,6208.0,1.024,1.086,
KIC 10749059,10749059,,297.88464,48.00145,5201.0,0.897,0.82,
KIC 9119568,9119568,,300.93738,45.49007,5258.0,0.835,0.831,
KIC 9020114,9020114,Kepler-1901,291.16437,45.318291,5696.0,0.921,1.022,1028.37
KIC 6196457,6196457,Kepler-92,289.08606,41.562958,5862.0,1.67,1.142,477.992
KIC 7668416,7668416,,286.14804,43.369202,5269.0,0.864,0.843,
KIC 6063220,6063220,Kepler-99,297.354,41.300049,4783.0,0.741,0.805,208.369
KIC 6071903,6071903,Kepler-519,299.31955,41.38464,5313.0,0.82,0.913,246.61
KIC 6289257,6289257,Kepler-520,293.18033,41.61776,6023.0,1.031,1.027,623.901
KIC 10905239,10905239,Kepler-101,283.25549,48.355232,5576.0,1.593,1.074,927.981
KIC 11623629,11623629,Kepler-538,297.48691,49.623451,5559.0,0.873,0.882,155.956
KIC 3545478,3545478,,291.66418,38.619255,6201.0,3.354,1.694,
KIC 4815520,4815520,Kepler-1656,284.47217,39.911812,5733.0,0.99,0.987,185.875
KIC 6603043,6603043,,290.85458,42.086922,9244.0,2.025,2.158,
KIC 7175184,7175184,Kepler-144,281.91568,42.775509,6070.0,1.431,1.072,384.917
KIC 7109851,7109851,,289.32925,42.655811,5911.0,2.0,1.06,
KIC 11565544,11565544,,294.96811,49.556511,5743.0,0.853,0.949,
KIC 7347246,7347246,Kepler-1411,286.36157,42.963921,6161.0,1.053,1.15,1660.48
KIC 11403530,11403530,Kepler-1412,292.18011,49.20248,5799.0,1.375,0.999,755.678
KIC 5088536,5088536,Kepler-130,288.45065,40.245327,5903.0,1.137,0.95,316.663
KIC 12072872,12072872,,296.85925,50.560162,5893.0,0.967,0.848,
KIC 6609270,6609270,Kepler-1902,292.73764,42.014832,3729.0,0.514,0.52,344.337
KIC 12406807,12406807,Kepler-1903,290.88831,51.248169,6347.0,0.996,1.053,1775.44
KIC 8046689,8046689,,297.42636,43.816502,6555.0,1.178,1.2,
KIC 5096590,5096590,Kepler-1424,290.99167,40.229321,5812.0,1.122,0.977,661.421
KIC 9650989,9650989,Kepler-1905,292.57336,46.36684,5788.0,1.015,1.038,1051.53
KIC 6291837,6291837,Kepler-1715,293.92972,41.602871,6212.0,1.209,1.082,522.605
KIC 7024222,7024222,,288.82303,42.542728,4579.0,0.684,0.672,
KIC 7024511,7024511,,288.9256,42.531509,4679.0,0.643,0.638,
KIC 7050989,7050989,Kepler-136,296.46732,42.598785,6156.0,1.303,1.193,420.818
KIC 8494142,8494142,Kepler-145,291.38776,44.52911,6143.0,1.763,1.24,566.85
KIC 11554435,11554435,Kepler-63,289.22617,49.548199,5578.0,0.886,0.943,194.033
KIC 5652983,5652983,,299.67615,40.856491,5134.0,3.107,1.438,
KIC 6471021,6471021,Kepler-539,299.12244,41.86676,5819.0,1.111,0.972,307.318
KIC 7906671,7906671,,296.78445,43.619011,5585.0,1.038,0.86,
KIC 8709688,8709688,Kepler-1893,298.40137,44.838181,5633.0,1.162,0.973,1050.72
KIC 8241079,8241079,,294.54041,44.190979,5745.0,1.972,1.234,
KIC 3348285,3348285,,292.97775,38.42078,6242.0,1.047,1.104,
KIC 11618601,11618601,Kepler-1894,295.58649,49.666851,5772.0,0.901,0.999,935.191
KIC 7582689,7582689,Kepler-431,281.11234,43.227791,6006.0,1.082,1.081,486.546
KIC 9959589,9959589,,295.2374,46.81963,6091.0,0.967,1.045,
KIC 9025922,9025922,,293.26605,45.350697,5780.0,1.0,1.0,
KIC 7419318,7419318,Kepler-137,282.13553,43.039101,5188.0,0.795,0.814,302.979
KIC 7603200,7603200,Kepler-138,290.3815,43.292988,3846.0,0.503,0.505,66.8624
KIC 7364176,7364176,Kepler-1718,292.23492,42.909458,5731.0,0.906,0.846,375.522
KIC 8686097,8686097,Kepler-540,290.62524,44.873959,5851.0,1.116,0.91,390.374
KIC 12356617,12356617,Kepler-1704,291.2012,51.144279,5755.0,1.549,1.105,835.455
KIC 12643589,12643589,,288.32147,51.726601,6692.0,1.152,1.176,
KIC 3323887,3323887,Kepler-9,285.57397,38.400902,5779.0,0.956,1.034,628.257
KIC 7732285,7732285,,282.25177,43.493759,6429.0,1.908,1.298,
KIC 9716391,9716391,Kepler-1413,294.34164,46.49876,5382.0,0.827,0.928,1167.49
KIC 6929841,6929841,Kepler-1414,284.92859,42.42231,5094.0,0.901,0.833,570.835
KIC 5124254,5124254,,297.85632,40.218102,4228.0,0.652,0.642,
KIC 11508644,11508644,Kepler-1426,292.54575,49.416969,6140.0,1.027,1.094,1697.81
KIC 12168993,12168993,,296.28064,50.755669,5116.0,0.7,0.698,
KIC 8895758,8895758,Kepler-1427,295.34967,45.114552,5866.0,1.0,1.083,
KIC 10031500,10031500,,298.71362,46.903118,5766.0,0.945,0.827,
KIC 7700622,7700622,Kepler-1716,297.27188,43.333309,4894.0,0.684,0.753,195.439
KIC 8008067,8008067,Kepler-139,282.39194,43.889351,5620.0,1.143,1.025,391.038
KIC 7051180,7051180,,296.51059,42.54744,5302.0,2.426,1.258,
KIC 2449074,2449074,,292.6933,37.705513,6013.0,1.7,1.141,
KIC 2446113,2446113,,292.05676,37.776192,6078.0,1.683,1.285,
KIC 11137180,11137180,Kepler-1895,291.6756,48.762562,5076.0,0.763,0.86,984.187
KIC 9838804,9838804,,294.96246,46.676289,5547.0,0.82,0.918,
KIC 5903749,5903749,,298.75836,41.159882,5300.0,0.986,0.861,
KIC 5524881,5524881,,289.09106,40.751122,6242.0,1.093,1.178,
KIC 3756264,3756264,Kepler-1906,293.82663,38.856621,5868.0,0.894,0.987,1360.63
KIC 11572193,11572193,Kepler-1428,297.64227,49.594978,6460.0,1.434,1.388,1530.32
KIC 11285870,11285870,Kepler-1429,285.36624,49.044868,6217.0,1.051,1.1,1214.09
KIC 8581240,8581240,,298.57687,44.621609,5874.0,1.096,0.954,
KIC 8121310,8121310,Kepler-521,298.81638,43.998039,6336.0,1.403,1.324,830.638
KIC 8156120,8156120,Kepler-522,288.15399,44.068821,6273.0,1.927,1.486,639.239
KIC 8684730,8684730,,290.11752,44.87294,5877.0,1.963,1.187,
KIC 8700558,8700558,,295.94781,44.827831,6499.0,1.103,1.135,
KIC 8753657,8753657,Kepler-406,291.84805,44.96822,5678.0,0.97,1.043,364.03
KIC 8554498,8554498,,289.73972,44.647419,5937.0,1.787,1.197,
KIC 3847708,3847708,,290.70102,38.954681,5206.0,0.767,0.861,
KIC 3849155,3849155,,291.12799,38.914688,5509.0,0.857,0.821,
KIC 3858804,3858804,,293.67245,38.985699,5211.0,2.721,1.401,
KIC 3942670,3942670,Kepler-147,287.97577,39.087181,6007.0,1.42,1.108,1042.02
KIC 6949898,6949898,,292.22739,42.451969,5641.0,0.85,0.944,
KIC 10585738,10585738,Kepler-1415,285.15692,47.873329,5343.0,0.885,0.988,1043.56
KIC 7186665,7186665,,287.12234,42.70694,6115.0,0.919,0.892,
KIC 2973386,2973386,,286.98013,38.165218,3720.0,0.48,0.488,
KIC 6388770,6388770,,298.36188,41.781109,,,,
KIC 7022573,7022573,,288.21072,42.556808,5504.0,0.796,0.892,
KIC 7676423,7676423,Kepler-1430,289.69748,43.372089,4811.0,0.634,0.62,875.523
KIC 9288237,9288237,,294.71677,45.781269,6177.0,1.71,1.051,
KIC 11714231,11714231,Kepler-1431,292.65839,49.865189,6020.0,1.04,1.051,1623.24
KIC 11720424,11720424,Kepler-1432,295.52417,49.829552,6338.0,1.091,1.137,2171.87
KIC 7837302,7837302,,296.55386,43.543179,6095.0,1.94,1.076,
KIC 8948424,8948424,,290.20993,45.251904,5780.0,1.0,1.0,
KIC 9139084,9139084,Kepler-523,284.06113,45.506851,5423.0,0.828,0.872,253.295
KIC 9641041,9641041,,288.02454,46.30587,6280.0,1.551,1.1,
KIC 9724984,9724984,,297.30969,46.449471,5731.0,1.913,1.351,
KIC 2452450,2452450,,293.44879,37.722641,6573.0,1.455,1.23,
KIC 3230578,3230578,,290.20364,38.374931,6581.0,1.536,1.185,
KIC 3231137,3231137,,290.34735,38.377899,6407.0,0.955,1.006,
KIC 3353050,3353050,Kepler-541,294.14966,38.458271,6049.0,2.52,1.359,1060.68
KIC 3446746,3446746,Kepler-542,292.21509,38.548592,5411.0,0.888,0.862,436.016
KIC 5695396,5695396,Kepler-131,288.53082,40.942299,5680.0,1.016,0.978,228.678
KIC 5217891,5217891,,298.97055,40.382729,5514.0,0.826,0.926,
KIC 6593150,6593150,,287.60223,42.075741,5612.0,0.829,0.926,
KIC 8051946,8051946,Kepler-1416,298.66348,43.89407,5635.0,1.452,1.008,949.59
KIC 5445681,5445681,Kepler-1417,290.94989,40.605221,5952.0,1.002,0.942,991.845
KIC 6523351,6523351,,292.1218,41.927029,5569.0,0.892,0.963,
KIC 5551672,5551672,,296.58719,40.722988,3421.0,0.25,0.236,
KIC 11499192,11499192,Kepler-1433,287.36328,49.45689,5886.0,1.152,1.072,
KIC 12416661,12416661,Kepler-1434,295.53839,51.202961,6231.0,2.062,1.466,775.529
KIC 8197793,8197793,,301.04813,44.037689,5836.0,1.186,1.061,
KIC 8258171,8258171,,299.22189,44.180519,8308.0,2.879,2.197,
KIC 9880467,9880467,,286.65604,46.783543,4751.0,11.536,1.606,
KIC 9881662,9881662,Kepler-140,287.36948,46.768219,5945.0,1.089,1.092,583.859
KIC 9895004,9895004,,293.57629,46.775471,5779.0,1.119,0.928,
KIC 3656121,3656121,Kepler-146,294.11075,38.710232,5951.0,1.155,1.015,716.797
KIC 10620329,10620329,,298.70923,47.840019,8491.0,2.622,1.791,
KIC 3733628,3733628,Kepler-543,287.21872,38.862522,4538.0,0.663,0.65,221.802
KIC 3831053,3831053,Kepler-1719,284.70691,38.936821,5687.0,1.775,1.08,905.406
KIC 6357290,6357290,,289.56802,41.771561,5988.0,0.934,1.021,
KIC 4072955,4072955,,295.46259,39.16848,6217.0,1.083,1.011,
KIC 8695311,8695311,,294.16644,44.886311,6075.0,0.969,1.048,
KIC 9834731,9834731,,293.43079,46.692089,6137.0,1.103,1.165,
KIC 5092266,5092266,Kepler-1896,289.67856,40.249641,6122.0,0.996,1.07,1732.91
KIC 4076976,4076976,,296.25168,39.18399,4763.0,0.516,0.53,
KIC 8751796,8751796,Kepler-1435,291.17328,44.921131,6256.0,1.269,1.087,704.211
KIC 7097534,7097534,,284.29959,42.604321,5986.0,0.93,0.912,
KIC 9907129,9907129,Kepler-1436,297.71158,46.768021,5808.0,1.385,1.056,2530.62
KIC 7609674,7609674,,292.47977,43.227024,6035.0,2.559,1.328,
KIC 9527334,9527334,Kepler-461,292.24902,46.164822,5900.0,0.951,1.065,692.158
KIC 10031885,10031885,,298.81821,46.94035,6024.0,0.9,0.985,
KIC 11361646,11361646,Kepler-524,296.85922,49.162048,5973.0,1.081,1.036,1058.24
KIC 10285631,10285631,Kepler-525,296.18344,47.358761,5548.0,1.614,1.038,992.852
KIC 3964109,3964109,Kepler-544,294.02911,39.051849,6156.0,1.18,1.085,963.18
KIC 4159347,4159347,,292.03107,39.24548,6171.0,2.759,1.291,
KIC 3544595,3544595,Kepler-93,291.4183,38.672359,5648.0,0.894,0.866,95.9115
KIC 4165960,4165960,,293.57086,39.25264,6517.0,1.342,1.212,
KIC 4252322,4252322,,288.75781,39.350571,5940.0,1.312,0.993,
KIC 4376644,4376644,,294.5123,39.462139,6075.0,0.969,1.048,
KIC 9301506,9301506,,298.78799,45.77422,5089.0,0.757,0.757,
KIC 9714550,9714550,Kepler-1695,293.61926,46.413342,5595.0,0.796,0.89,791.175
KIC 6263593,6263593,Kepler-1418,282.9975,41.678551,4563.0,0.567,0.592,
KIC 5475042,5475042,,298.44647,40.624882,5520.0,0.818,0.917,
KIC 6964159,6964159,,296.04401,42.454708,5815.0,0.877,0.973,
KIC 10252275,10252275,Kepler-1907,280.70853,47.32806,5159.0,0.8,0.752,292.111
KIC 11455181,11455181,Kepler-1437,291.86493,49.32592,5792.0,0.864,0.959,2101.69
KIC 9541295,9541295,,297.32971,46.136089,6020.0,2.0,1.22,
KIC 10290666,10290666,Kepler-526,297.65094,47.39629,5914.0,1.135,1.172,666.146
KIC 10337258,10337258,Kepler-527,290.95792,47.406281,6534.0,1.9,1.238,750.04
KIC 10383687,10383687,,280.88184,47.564243,6134.0,1.039,0.98,
KIC 10470206,10470206,,291.81857,47.675282,6629.0,1.619,1.302,
KIC 10518725,10518725,,283.91089,47.787048,7004.0,2.556,1.7,
KIC 5450893,5450893,Kepler-1890,292.57779,40.667858,6046.0,1.396,1.024,529.596
KIC 4770174,4770174,,297.39371,39.829041,6313.0,1.467,1.325,
KIC 8949925,8949925,,290.73447,45.297791,5850.0,1.217,1.072,
KIC 5091016,5091016,,289.29266,40.270611,6218.0,1.072,1.057,
KIC 9959492,9959492,,295.19968,46.832321,6089.0,0.889,0.971,
KIC 8827575,8827575,Kepler-1992,295.09027,45.081181,5383.0,0.842,0.874,532.955
KIC 2716801,2716801,Kepler-1419,292.25464,37.97142,5911.0,0.914,1.006,1498.58
KIC 7281454,7281454,,291.60175,42.86388,5000.0,0.549,0.561,
KIC 7216284,7216284,Kepler-1420,296.20383,42.777828,5296.0,0.799,0.901,1054.37
KIC 8703887,8703887,,296.935,44.850269,8347.0,1.715,1.826,
KIC 9899352,9899352,,295.21036,46.749321,5718.0,0.863,0.96,
KIC 6945786,6945786,Kepler-1909,290.88931,42.45966,4935.0,0.685,0.663,763.662
KIC 5978170,5978170,Kepler-1910,296.61725,41.281189,4234.0,0.639,0.636,
KIC 5440317,5440317,Kepler-1438,289.28979,40.681671,5624.0,1.248,1.023,1154.13
KIC 10545066,10545066,Kepler-528,295.68481,47.748081,5747.0,1.099,0.953,784.23
KIC 6056992,6056992,,295.91885,41.332432,5780.0,1.0,1.0,
KIC 10552611,10552611,Kepler-141,297.97089,47.731682,4908.0,0.782,0.824,301.183
KIC 10587105,10587105,Kepler-529,285.88837,47.880379,6078.0,1.189,1.005,799.008
KIC 6948480,6948480,,291.78754,42.469528,6008.0,0.93,0.995,
KIC 6438099,6438099,,290.22067,41.868721,5267.0,0.632,0.701,
KIC 11090556,11090556,Kepler-1398,294.86618,48.638981,5758.0,1.385,1.029,852.204
KIC 10686814,10686814,,299.03448,47.90485,4266.0,0.643,0.638,
KIC 3234843,3234843,Kepler-405,291.40945,38.340019,5815.0,0.877,0.973,1065.08
KIC 6021275,6021275,Kepler-132,283.23581,41.34304,5931.0,1.101,0.929,349.549
KIC 8192911,8192911,,299.72845,44.031811,5318.0,0.667,0.646,
KIC 10554967,10554967,,298.65317,47.713711,5508.0,0.84,0.955,
KIC 3752110,3752110,,292.80722,38.884232,6468.0,1.25,1.313,
KIC 5688790,5688790,Kepler-1439,285.73981,40.980049,3675.0,0.398,0.428,225.393
KIC 1717722,1717722,Kepler-1977,290.61798,37.289089,4805.0,0.688,0.769,592.711
KIC 10908248,10908248,Kepler-1440,285.34695,48.312248,5675.0,1.292,0.984,1115.35
KIC 10616571,10616571,,297.66467,47.801392,5769.0,1.177,1.1,
KIC 10878263,10878263,Kepler-414,297.96155,48.244362,5497.0,0.941,0.884,413.46
KIC 10982872,10982872,Kepler-142,295.1189,48.481281,5794.0,1.225,1.004,548.686
KIC 2720514,2720514,,293.0708,37.98687,6220.0,1.108,1.066,
KIC 4141376,4141376,Kepler-1655,286.68945,39.21191,6147.0,1.04,1.014,213.26
KIC 9468551,9468551,Kepler-1399,293.31168,46.04171,6119.0,0.981,1.039,1385.7
KIC 9076971,9076971,Kepler-1400,286.27167,45.440811,5142.0,0.789,0.745,752.237
KIC 8360640,8360640,Kepler-1891,290.04388,44.370602,5516.0,0.827,0.873,596.24
KIC 11019987,11019987,Kepler-1421,286.5806,48.544189,6296.0,1.444,1.233,783.401
KIC 4857058,4857058,Kepler-1983,297.04208,39.912231,5135.0,0.874,0.812,424.428
KIC 10924562,10924562,Kepler-1422,293.8902,48.336121,6572.0,1.238,1.298,2465.84
KIC 9899505,9899505,,295.26227,46.78138,6091.0,0.967,1.045,
KIC 5040077,5040077,,298.53967,40.183659,5837.0,0.843,0.824,
KIC 7534267,7534267,Kepler-1441,293.71912,43.124592,5430.0,1.902,1.106,1110.48
KIC 9592705,9592705,Kepler-1714,293.71646,46.226654,6150.0,2.086,1.448,409.46
KIC 10611420,10611420,,296.11734,47.879829,6355.0,1.108,1.151,
KIC 10386922,10386922,Kepler-511,282.94565,47.574905,5866.0,1.417,0.958,651.999
KIC 3558981,3558981,,294.97745,38.678352,5231.0,0.821,0.859,
KIC 11015108,11015108,Kepler-530,283.34027,48.549042,5607.0,0.863,0.932,457.709
KIC 11074541,11074541,Kepler-531,286.52481,48.683601,4883.0,0.749,0.725,252.762
KIC 11100383,11100383,Kepler-532,298.66092,48.606369,5103.0,0.768,0.825,312.798
KIC 7918652,7918652,,299.707,43.622601,6231.0,1.356,1.269,
KIC 8847111,8847111,,300.71927,45.09605,6290.0,1.044,1.097,
KIC 4568298,4568298,,293.53629,39.69009,5793.0,0.832,0.921,
KIC 9230021,9230021,Kepler-1497,296.19614,45.634331,5596.0,1.145,0.95,
KIC 4374339,4374339,,293.98346,39.43042,6854.0,2.715,1.728,
KIC 6636320,6636320,Kepler-1892,299.08099,42.018139,5383.0,0.759,0.851,851.595
KIC 4067925,4067925,Kepler-1897,294.29004,39.126869,5165.0,0.761,0.859,983.174
KIC 4847782,4847782,,295.06442,39.960659,4947.0,0.714,0.8,
KIC 3230805,3230805,,290.26028,38.354988,4889.0,0.686,0.759,
KIC 4676964,4676964,,297.03922,39.785259,5741.0,1.097,1.017,
KIC 10488450,10488450,,298.04419,47.627918,6958.0,1.529,1.344,
KIC 10933561,10933561,Kepler-133,297.27798,48.320332,5611.0,1.4,0.995,653.6
KIC 8845026,8845026,,300.15186,45.089611,5843.0,1.073,1.061,
KIC 11075737,11075737,Kepler-97,287.32663,48.673431,5780.0,0.966,0.899,400.907
KIC 11189127,11189127,,291.15738,48.861145,6116.0,1.055,0.876,
KIC 11194032,11194032,Kepler-533,293.68573,48.825142,4687.0,0.69,0.748,302.955
KIC 11394027,11394027,Kepler-1664,286.85266,49.261681,5725.0,1.072,0.944,626.691
KIC 11395587,11395587,,287.86142,49.264462,5787.0,1.027,0.971,
KIC 11442793,11442793,Kepler-90,284.4335,49.305161,5970.0,1.2,1.089,
KIC 5520547,5520547,Kepler-1401,287.46606,40.75845,6038.0,0.898,0.982,1425.43
KIC 4848424,4848424,,295.21753,39.933128,5024.0,0.736,0.845,
KIC 8866102,8866102,Kepler-410 A,283.1507,45.139832,6407.0,1.337,1.208,147.527
KIC 4143755,4143755,Kepler-510,287.655,39.244289,5671.0,1.36,0.839,386.177
KIC 8509442,8509442,,296.73724,44.50148,3952.0,0.553,0.572,
KIC 11244137,11244137,Kepler-1402,291.84781,48.968128,5282.0,1.899,1.075,1493.64
KIC 6072593,6072593,,299.44733,41.398121,5933.0,1.118,0.983,
KIC 5865654,5865654,Kepler-1423,288.24377,41.110081,5011.0,1.781,0.926,
KIC 3219643,3219643,,286.76147,38.34351,5141.0,0.806,0.758,
KIC 8546542,8546542,,285.7485,44.632462,5462.0,0.836,0.926,
KIC 8197560,8197560,,300.97794,44.089069,5337.0,0.764,0.84,
KIC 11200415,11200415,,296.35733,48.86372,6591.0,1.646,1.045,
KIC 11259686,11259686,Kepler-512,298.26895,48.91674,5929.0,1.363,1.185,467.375
KIC 11547513,11547513,Kepler-134,284.73904,49.5984,5923.0,1.054,0.966,334.797
KIC 11802615,11802615,Kepler-513,285.04169,50.075378,5725.0,1.088,0.915,468.258
KIC 2445975,2445975,,292.03091,37.773529,5780.0,1.0,1.0,
KIC 11521793,11521793,Kepler-143,298.06769,49.412601,5857.0,1.305,0.993,809.467
KIC 11566064,11566064,Kepler-1717,295.21268,49.56218,6200.0,1.64,1.158,1008.79
KIC 6531496,6531496,,294.59052,41.94651,5853.0,0.895,0.99,
KIC 3848275,3848275,Kepler-1403,290.86771,38.960121,6415.0,1.224,1.293,2163.9
KIC 12021625,12021625,Kepler-1404,296.00943,50.498379,5380.0,0.721,0.786,962.183
KIC 9777256,9777256,,294.53619,46.50983,5701.0,1.068,0.813,
KIC 4175630,4175630,Kepler-1405,295.68484,39.256142,5858.0,0.849,0.94,1530.3
KIC 7433585,7433585,,288.14764,43.099709,6050.0,0.92,0.997,
KIC 3328080,3328080,Kepler-1898,287.20587,38.498055,5702.0,1.125,0.837,360.921
KIC 8430964,8430964,Kepler-1900,291.88632,44.478981,6173.0,1.041,1.104,1540.43
KIC 3654719,3654719,,293.77737,38.775459,5517.0,0.704,0.788,
KIC 10619142,10619142,,298.38052,47.836048,9206.0,2.157,2.194,
KIC 11905011,11905011,Kepler-514,286.24719,50.242409,6085.0,1.463,1.29,455.336
KIC 12785320,12785320,Kepler-515,290.49426,52.055519,5250.0,0.79,0.79,
KIC 2692377,2692377,Kepler-98,285.66165,37.9645,5533.0,1.089,0.94,350.315
KIC 3742855,3742855,,290.26614,38.837917,5780.0,1.0,1.0,
KIC 3438975,3438975,,290.12018,38.50951,5947.0,1.796,1.023,
KIC 11568987,11568987,Kepler-534,296.41855,49.5401,5936.0,0.965,1.075,570.659
KIC 11621223,11621223,Kepler-535,296.56662,49.696251,6045.0,1.298,1.166,685.599
KIC 11624249,11624249,Kepler-536,297.73639,49.63715,5311.0,1.769,0.834,462.322
KIC 12017140,12017140,,293.91489,50.46933,5926.0,1.351,1.024,
KIC 10000941,10000941,Kepler-1558,286.81937,46.91169,5115.0,0.854,0.798,325.737
KIC 5702939,5702939,,290.97223,40.994678,5605.0,1.015,0.904,
KIC 3852655,3852655,Kepler-1406,292.08185,38.915031,5721.0,1.131,0.945,572.403
KIC 11255231,11255231,,296.61996,48.9058,6065.0,0.962,1.035,
KIC 6103377,6103377,Kepler-1407,283.94244,41.4716,5902.0,1.513,1.12,1396.41
KIC 7106173,7106173,,287.97885,42.679359,5843.0,1.084,1.131,
KIC 3324986,3324986,,286.01587,38.411339,5769.0,0.812,0.9,
KIC 11912932,11912932,,290.9725,50.267948,5706.0,0.886,0.986,
KIC 8037145,8037145,Kepler-176,294.66797,43.85326,4963.0,0.826,0.789,527.321
KIC 8162789,8162789,Kepler-1989,290.73517,44.09132,6032.0,1.06,0.999,1252.13
KIC 8265218,8265218,,301.14789,44.104542,5862.0,0.844,0.935,
KIC 8806123,8806123,Kepler-177,286.04712,45.053211,5768.0,1.015,1.021,1435.44
KIC 8355239,8355239,Kepler-189,287.56473,44.305,4963.0,0.826,0.789,591.534
KIC 9210823,9210823,,288.44153,45.609001,5812.0,3.227,1.504,
KIC 8367113,8367113,Kepler-606,292.4274,44.381271,6242.0,1.047,1.104,1215.11
KIC 8474898,8474898,,281.76578,44.57637,5646.0,1.153,0.918,
KIC 8558011,8558011,Kepler-607,291.05722,44.632381,5244.0,0.888,0.808,519.122
KIC 7429287,7429287,,286.39584,43.075821,5619.0,1.406,0.848,
KIC 9115800,9115800,Kepler-548,299.90591,45.439678,5359.0,0.915,0.812,751.776
KIC 9214713,9214713,,290.38983,45.665329,6230.0,1.047,0.993,
KIC 9478990,9478990,Kepler-39,296.96027,46.034302,6266.0,1.522,1.066,1057.41
KIC 9597411,9597411,,295.43478,46.203129,6202.0,0.858,0.923,
KIC 6850504,6850504,Kepler-20,287.698,42.338718,5465.0,0.925,0.876,282.563
KIC 10934674,10934674,Kepler-567,297.67261,48.302311,5215.0,0.867,0.904,558.81
KIC 10990886,10990886,Kepler-568,298.10571,48.40115,3744.0,0.537,0.551,130.645
KIC 11015323,11015323,Kepler-569,283.50726,48.552601,5515.0,0.925,0.888,638.301
KIC 11134879,11134879,Kepler-570,290.43759,48.791882,5480.0,0.865,0.881,568.148
KIC 11192998,11192998,Kepler-166,293.16016,48.881191,5409.0,0.746,0.835,603.53
KIC 8934495,8934495,Kepler-1721,283.54416,45.225552,5351.0,0.796,0.89,641.374
KIC 9119458,9119458,,300.90778,45.45787,5770.0,1.152,0.942,
KIC 5866724,5866724,Kepler-65,288.68869,41.15118,6181.0,1.424,1.231,303.728
KIC 9157634,9157634,Kepler-586,293.05722,45.551189,5703.0,0.975,1.091,693.766
KIC 9636569,9636569,,285.3385,46.309872,5834.0,0.774,0.862,
KIC 8565266,8565266,Kepler-608,293.88293,44.638088,6026.0,1.108,1.038,946.683
KIC 8616637,8616637,Kepler-190,288.58405,44.733799,5103.0,0.787,0.823,433.387
KIC 8625925,8625925,Kepler-609,292.22031,44.700031,5822.0,0.898,0.994,1065.82
KIC 8822216,8822216,Kepler-610,293.17133,45.065601,5713.0,0.893,1.01,845.824
KIC 4548011,4548011,Kepler-1581,287.37125,39.603569,5888.0,1.227,1.036,493.175
KIC 9967884,9967884,,297.97424,46.804562,5936.0,0.965,1.075,
KIC 10016874,10016874,,294.02298,46.99955,6072.0,1.138,1.004,
KIC 10189546,10189546,Kepler-549,283.0228,47.261131,5312.0,0.986,0.859,635.145
KIC 8823868,8823868,,293.78574,45.01849,9974.0,2.533,2.615,
KIC 11255761,11255761,,296.80893,48.965389,5724.0,0.951,0.887,
KIC 11497977,11497977,Kepler-571,286.55103,49.418739,5631.0,0.847,0.946,723.875
KIC 9941859,9941859,Kepler-178,287.1011,46.896481,5386.0,1.076,0.886,716.025
KIC 10068030,10068030,,288.84903,47.021969,5559.0,0.803,0.899,
KIC 10266615,10266615,Kepler-587,288.67068,47.399139,5749.0,0.864,0.961,787.894
KIC 6444896,6444896,Kepler-1649,292.50378,41.830421,2703.0,0.118,0.096,92.1913
KIC 10395543,10395543,,287.69119,47.546902,4004.0,0.606,0.611,
KIC 9020160,9020160,Kepler-191,291.18338,45.32317,5105.0,0.868,0.81,594.464
KIC 7941200,7941200,Kepler-1709,283.37482,43.788219,5918.0,1.043,1.003,273.946
KIC 10418224,10418224,Kepler-40,296.81369,47.526611,6490.0,2.179,1.516,2305.01
KIC 10616679,10616679,Kepler-550,297.70023,47.86375,5246.0,0.805,0.748,531.944
KIC 10717241,10717241,Kepler-551,285.48505,48.054321,4200.0,0.607,0.622,311.175
KIC 10843590,10843590,Kepler-153,282.46051,48.257118,5402.0,0.865,0.774,459.368
KIC 12061222,12061222,Kepler-572,291.2211,50.581299,5211.0,0.689,0.766,504.667
KIC 12316431,12316431,,296.10959,51.005501,6153.0,0.993,1.065,
KIC 12404305,12404305,Kepler-573,289.52115,51.237309,5565.0,1.03,0.889,771.471
KIC 12834874,12834874,Kepler-574,290.24704,52.149132,5657.0,0.855,0.858,682.896
KIC 2557816,2557816,Kepler-575,286.9639,37.829708,5684.0,0.808,0.741,853.977
KIC 10454313,10454313,Kepler-588,284.2572,47.68895,6123.0,0.987,1.053,1209.4
KIC 10513530,10513530,Kepler-589,280.64136,47.751942,5372.0,0.916,0.832,612.803
KIC 10554999,10554999,Kepler-179,298.66373,47.762039,5299.0,0.766,0.856,605.68
KIC 9076513,9076513,Kepler-611,286.00494,45.480389,5573.0,1.329,0.968,1395.56
KIC 9146018,9146018,Kepler-192,287.91791,45.592869,5475.0,0.982,0.947,651.674
KIC 9279669,9279669,Kepler-612,291.35464,45.747898,5617.0,0.806,0.897,1445.53
KIC 10858832,10858832,Kepler-552,290.74768,48.242008,6099.0,1.028,1.098,843.689
KIC 10937029,10937029,Kepler-553,298.55084,48.332451,5234.0,0.854,0.927,728.525
KIC 11656302,11656302,,288.6925,49.72353,5681.0,0.813,0.888,
KIC 2576197,2576197,,291.54099,37.816559,6521.0,1.276,1.334,
KIC 3239945,3239945,Kepler-167,292.65842,38.34539,4799.0,0.692,0.776,341.908
KIC 10187017,10187017,Kepler-102,281.48273,47.208031,4900.0,0.741,0.806,107.796
KIC 10873260,10873260,Kepler-590,296.38553,48.233452,6050.0,1.013,1.05,1421.81
KIC 10965008,10965008,Kepler-591,286.02402,48.43177,5460.0,1.165,0.907,785.137
KIC 10467815,10467815,,290.81604,47.682892,9030.0,3.218,2.505,
KIC 11073351,11073351,Kepler-592,285.79068,48.683262,5831.0,1.121,1.047,1153.13
KIC 11090765,11090765,Kepler-593,294.95145,48.651192,6191.0,1.007,1.01,973.76
KIC 11246364,11246364,,292.97882,48.99667,,,,
KIC 9570741,9570741,Kepler-613,282.7868,46.244991,5941.0,0.911,1.001,861.494
KIC 9607164,9607164,Kepler-614,298.38483,46.276039,5258.0,0.785,0.731,527.995
KIC 9631762,9631762,Kepler-615,282.45059,46.3214,4646.0,0.778,0.764,
KIC 6462863,6462863,Kepler-89,297.33307,41.891121,6181.0,1.331,1.106,
KIC 9782691,9782691,Kepler-193,296.4986,46.57724,5876.0,1.456,1.093,1009.1
KIC 11709124,11709124,Kepler-154,289.78052,49.89653,5688.0,0.971,0.895,915.212
KIC 11805075,11805075,,286.65689,50.021568,5457.0,0.869,0.974,
KIC 11824222,11824222,,296.61859,50.022011,5119.0,0.702,0.675,
KIC 12302530,12302530,Kepler-155,288.49582,51.08194,3984.0,0.539,0.557,293.499
KIC 11904151,11904151,Kepler-10,285.67938,50.241299,5676.0,1.044,0.884,185.506
KIC 3541800,3541800,,290.62134,38.695499,6191.0,1.025,1.088,
KIC 3559935,3559935,Kepler-576,295.18292,38.654228,5275.0,0.969,0.855,617.55
KIC 3834360,3834360,,286.0705,38.975101,5786.0,0.824,0.895,
KIC 3966801,3966801,Kepler-577,294.71194,39.073761,3787.0,0.477,0.496,524.247
KIC 11521048,11521048,,297.76697,49.446659,5532.0,0.835,0.782,
KIC 11656721,11656721,Kepler-594,288.92157,49.762032,5569.0,0.829,0.928,769.2
KIC 11853905,11853905,Kepler-4,285.61533,50.13575,5795.0,1.545,1.097,487.916
KIC 11669239,11669239,Kepler-180,295.57135,49.774578,5735.0,1.028,0.875,695.65
KIC 10600261,10600261,Kepler-194,291.97144,47.86417,5565.0,1.439,0.989,1097.97
KIC 10656823,10656823,Kepler-195,288.12097,47.966671,5320.0,0.786,0.882,652.051
KIC 10676824,10676824,Kepler-1724,296.12073,47.921478,6092.0,0.943,1.016,1060.77
KIC 10718726,10718726,Kepler-618,286.24982,48.06094,5762.0,1.196,1.001,1221.96
KIC 12470954,12470954,Kepler-554,296.40686,51.35815,5400.0,0.937,0.931,690.525
KIC 2438264,2438264,Kepler-156,290.29651,37.749489,5097.0,0.797,0.829,443.483
KIC 3340312,3340312,,290.96353,38.472542,6284.0,1.138,1.051,
KIC 4049108,4049108,,289.31018,39.132221,5470.0,0.809,0.805,
KIC 4454752,4454752,Kepler-578,288.75494,39.563648,4868.0,1.816,0.959,541.432
KIC 4757437,4757437,Kepler-168,294.71017,39.8251,5946.0,1.223,1.113,1343.6
KIC 11823054,11823054,Kepler-181,296.1514,50.09581,5041.0,0.857,0.807,609.283
KIC 7017274,7017274,,285.92322,42.54985,6337.0,2.335,1.556,
KIC 11913012,11913012,,291.02252,50.259109,6161.0,1.053,1.15,
KIC 11972666,11972666,,296.25949,50.344372,5354.0,0.788,0.884,
KIC 12058931,12058931,Kepler-182,289.83011,50.586239,6246.0,1.092,1.18,1549.09
KIC 9886221,9886221,,289.8533,46.787151,5718.0,0.863,0.96,
KIC 9957627,9957627,Kepler-1723,294.46268,46.821449,6072.0,1.01,0.96,811.278
KIC 9958962,9958962,Kepler-616,294.98914,46.838329,6004.0,0.977,1.061,945.775
KIC 3745690,3745690,Kepler-157,291.09723,38.87561,5767.0,1.014,0.918,773.713
KIC 3833007,3833007,Kepler-555,285.51685,38.9324,5837.0,0.798,0.887,973.121
KIC 3847138,3847138,Kepler-556,290.52942,38.942661,5550.0,0.953,0.894,674.598
KIC 4833135,4833135,,291.02249,39.917629,6250.0,0.986,1.052,
KIC 4847534,4847534,Kepler-579,295.00204,39.95293,5288.0,0.836,0.884,530.765
KIC 4852528,4852528,Kepler-80,296.11258,39.978779,4041.0,0.567,0.584,369.451
KIC 12116489,12116489,Kepler-595,294.5704,50.673019,5121.0,0.888,0.822,643.009
KIC 12600735,12600735,Kepler-596,289.50067,51.68573,6008.0,1.168,1.117,1023.85
KIC 10593626,10593626,Kepler-22,289.2175,47.88446,5516.0,0.886,0.799,194.642
KIC 3437776,3437776,,289.79907,38.555061,5671.0,1.608,1.121,
KIC 10294465,10294465,,298.70157,47.337315,,,,
KIC 10388286,10388286,Kepler-617,283.74069,47.516289,3669.0,0.47,0.494,173.354
KIC 4384675,4384675,,296.18063,39.435452,,,,
KIC 4633570,4633570,Kepler-158,284.03223,39.78133,4621.0,0.668,0.656,315.177
KIC 5021176,5021176,,294.58817,40.165051,5906.0,0.87,0.821,
KIC 5640085,5640085,Kepler-159,297.07016,40.86879,3893.0,0.5,0.521,373.744
KIC 4951877,4951877,,298.47321,40.075871,5770.0,1.141,1.02,
KIC 5282051,5282051,,293.83701,40.41275,5515.0,0.867,0.76,
KIC 5340644,5340644,Kepler-580,283.49982,40.552799,4213.0,0.615,0.626,323.899
KIC 4165473,4165473,Kepler-597,293.47012,39.252811,5627.0,0.945,0.925,663.418
KIC 4270253,4270253,Kepler-183,293.53085,39.315891,5576.0,1.198,0.945,1050.64
KIC 5544450,5544450,,294.89734,40.798168,6615.0,1.574,1.343,
KIC 5122112,5122112,,297.39825,40.229191,6237.0,0.987,0.948,
KIC 10973664,10973664,Kepler-619,290.84906,48.416012,6122.0,0.964,1.041,900.678
KIC 12459913,12459913,Kepler-620,291.15939,51.334862,6253.0,0.997,0.93,1355.28
KIC 5779852,5779852,,288.19809,41.09417,6348.0,1.014,1.016,
KIC 6042214,6042214,,291.75223,41.311241,6332.0,0.915,1.001,
KIC 6200715,6200715,,290.41916,41.525372,6535.0,1.181,1.202,
KIC 6291033,6291033,Kepler-557,293.70847,41.615131,6187.0,1.034,0.997,2097.12
KIC 6889235,6889235,,298.32425,42.38847,9523.0,1.941,2.202,
KIC 6758917,6758917,,285.11969,42.299129,5708.0,0.795,0.883,
KIC 5461440,5461440,Kepler-581,295.4328,40.648239,5538.0,1.027,0.93,703.758
KIC 5689351,5689351,Kepler-169,285.99988,40.919319,5001.0,0.76,0.806,406.529
KIC 5303551,5303551,,298.57642,40.491669,5654.0,1.001,0.908,
KIC 5443837,5443837,,290.35114,40.687,5857.0,1.822,1.135,
KIC 7692093,7692093,,294.90594,43.381889,5552.0,0.836,0.931,
KIC 5709725,5709725,Kepler-598,293.12341,40.934769,5252.0,0.898,0.815,681.086
KIC 7700871,7700871,,297.31979,43.332722,5761.0,0.815,0.857,
KIC 9946525,9946525,Kepler-148,289.78622,46.858791,5227.0,0.838,0.876,791.163
KIC 7289157,7289157,,293.96606,42.837269,5916.0,1.175,0.995,
KIC 2695110,2695110,,286.5242,37.985432,6061.0,0.968,0.939,
KIC 7098355,7098355,Kepler-558,284.65787,42.652679,5295.0,0.801,0.861,661.876
KIC 7101828,7101828,,286.2406,42.670231,4254.0,0.624,0.612,
KIC 7269974,7269974,Kepler-160,287.77356,42.869282,5541.0,1.089,0.929,937.013
KIC 7440748,7440748,Kepler-161,290.51648,43.08382,5076.0,0.799,0.827,434.632
KIC 5780715,5780715,,288.50888,41.09589,6063.0,1.012,1.117,
KIC 5812960,5812960,Kepler-582,297.50369,41.057018,5289.0,0.838,0.769,613.179
KIC 6266741,6266741,Kepler-170,284.52118,41.629601,5674.0,1.032,1.086,738.657
KIC 5738496,5738496,,299.67938,40.965141,5938.0,0.908,0.992,
KIC 5774349,5774349,Kepler-599,285.9115,41.069439,5185.0,0.837,0.779,558.517
KIC 5978361,5978361,Kepler-1722,296.66275,41.261238,5506.0,0.788,0.876,772.283
KIC 6422367,6422367,,283.4711,41.873211,5344.0,0.728,0.686,
KIC 6501635,6501635,Kepler-600,283.83307,41.978649,5309.0,0.781,0.869,619.723
KIC 3217264,3217264,Kepler-149,285.85367,38.384121,5376.0,0.94,0.934,571.034
KIC 3342592,3342592,,291.5563,38.446289,6032.0,0.973,1.055,
KIC 7504328,7504328,,282.88269,43.191952,4959.0,21.449,3.601,
KIC 7977197,7977197,Kepler-162,297.2789,43.724018,5815.0,0.954,0.875,855.641
KIC 7199397,7199397,,291.49722,42.728481,5903.0,2.499,1.301,
KIC 6381846,6381846,Kepler-171,296.77191,41.755539,5456.0,0.943,0.914,863.855
KIC 6422155,6422155,Kepler-172,283.36841,41.821861,5527.0,1.054,0.964,828.592
KIC 6665695,6665695,Kepler-601,282.00461,42.176529,5077.0,0.774,0.806,414.825
KIC 6707833,6707833,Kepler-602,296.03198,42.14196,5763.0,1.374,1.045,1159.31
KIC 9785921,9785921,Kepler-1997,297.4809,46.589142,6215.0,1.052,1.111,1502.34
KIC 6786037,6786037,Kepler-603,294.28098,42.29097,5751.0,1.247,1.018,1539.63
KIC 4247092,4247092,,286.87967,39.378391,6156.0,1.118,1.092,
KIC 4949751,4949751,,298.04453,40.086361,5931.0,0.863,0.953,
KIC 5003117,5003117,,289.36136,40.128819,5600.0,0.896,0.889,
KIC 5035972,5035972,,297.77219,40.15506,5988.0,1.143,1.152,
KIC 5218441,5218441,,299.07513,40.35833,5986.0,0.906,0.942,
KIC 5351250,5351250,Kepler-150,288.2341,40.520901,5559.0,0.914,0.899,891.092
KIC 8043638,8043638,Kepler-559,296.63684,43.802792,5433.0,1.107,0.896,776.708
KIC 8621348,8621348,,290.53214,44.77512,5594.0,0.752,0.841,
KIC 8773869,8773869,,298.42087,44.950802,5087.0,1.666,0.937,
KIC 8845205,8845205,Kepler-560,300.20609,45.018139,3395.0,0.283,0.271,109.308
KIC 8890783,8890783,Kepler-561,293.7471,45.10722,5592.0,0.953,0.973,621.378
KIC 6451936,6451936,Kepler-173,294.6467,41.884109,6032.0,0.935,0.793,833.165
KIC 1723078,1723078,,291.86801,37.269878,6126.0,3.466,1.658,
KIC 8056665,8056665,Kepler-462,299.82117,43.81427,6688.0,1.79,1.353,596.625
KIC 7025846,7025846,,289.35855,42.526192,6056.0,0.981,0.875,
KIC 7119481,7119481,Kepler-604,292.31601,42.626251,6122.0,0.964,1.041,1026.49
KIC 7445445,7445445,Kepler-184,291.9519,43.074711,5788.0,0.848,0.877,610.326
KIC 8397947,8397947,Kepler-1705,301.57855,44.31218,5775.0,0.768,0.838,1633.49
KIC 5444548,5444548,Kepler-545,290.56631,40.692039,5799.0,1.078,0.972,818.001
KIC 8891318,8891318,,293.9285,45.142509,6240.0,1.064,1.025,
KIC 9008220,9008220,,286.15198,45.332561,5944.0,1.498,1.11,
KIC 9583881,9583881,Kepler-562,290.11963,46.273811,5815.0,0.877,0.973,992.769
KIC 9589524,9589524,Kepler-563,292.44626,46.289768,5157.0,0.818,0.771,565.207
KIC 9955262,9955262,,293.54199,46.82214,6711.0,2.909,1.657,
KIC 8019043,8019043,,288.08749,43.876141,,,,
KIC 11775507,11775507,,297.51782,49.917702,6528.0,1.26,1.046,
KIC 6838050,6838050,Kepler-583,282.11133,42.3545,5638.0,1.153,1.029,867.271
KIC 6937692,6937692,Kepler-584,288.23059,42.41362,6520.0,1.215,1.279,1848.84
KIC 7602070,7602070,,290.02872,43.261089,5644.0,0.806,0.9,
KIC 7812179,7812179,,288.02509,43.544579,5485.0,0.805,0.891,
KIC 1868404,1868404,,291.48425,37.397282,5679.0,1.286,0.844,
KIC 7595157,7595157,Kepler-605,287.29544,43.279869,5300.0,0.986,0.861,556.58
KIC 8008206,8008206,Kepler-185,282.46811,43.889912,4979.0,0.803,0.811,466.735
KIC 7906892,7906892,,296.8432,43.697441,6095.0,1.11,1.004,
KIC 5449777,5449777,,292.24802,40.696049,6266.0,1.056,0.974,
KIC 5478055,5478055,,299.00867,40.662231,5903.0,1.005,0.772,
KIC 5683743,5683743,Kepler-546,283.2576,40.990501,5818.0,1.205,0.977,1019.65
KIC 5791986,5791986,Kepler-151,292.16278,41.023239,5456.0,0.812,0.878,649.919
KIC 8320630,8320630,,298.28214,44.27206,5668.0,0.868,0.963,
KIC 9703198,9703198,,288.63785,46.421471,6228.0,1.049,1.107,
KIC 9844088,9844088,Kepler-564,296.83838,46.6264,5776.0,0.95,1.068,863.037
KIC 10019643,10019643,Kepler-163,295.00281,46.987331,5395.0,1.071,0.882,689.814
KIC 10123064,10123064,Kepler-565,283.61795,47.196678,5873.0,0.843,0.93,
KIC 5653126,5653126,,299.702,40.896271,6050.0,2.345,1.332,
KIC 7840044,7840044,,297.27911,43.567871,5891.0,1.015,0.934,
KIC 8015907,8015907,Kepler-585,286.5285,43.873402,5461.0,0.897,0.926,585.187
KIC 8017703,8017703,Kepler-174,287.43918,43.832088,4859.0,0.651,0.636,384.757
KIC 1995712,1995712,,286.21048,37.465591,6079.0,0.974,0.892,
KIC 8106610,8106610,,294.90851,43.986568,6355.0,1.108,1.151,
KIC 8120608,8120608,Kepler-186,298.65271,43.955021,3751.0,0.443,0.452,177.594
KIC 5872150,5872150,,290.42538,41.139149,6081.0,1.077,1.072,
KIC 6289650,6289650,,293.30606,41.606369,5663.0,1.031,0.923,
KIC 6508221,6508221,Kepler-152,286.86548,41.989079,5176.0,0.738,0.826,441.09
KIC 11135694,11135694,,290.90042,48.74614,6118.0,1.023,0.995,
KIC 10155434,10155434,Kepler-1720,296.80865,47.17194,5573.0,0.839,0.939,629.445
KIC 10460984,10460984,Kepler-164,287.78085,47.62991,5888.0,1.097,0.966,890.758
KIC 6436505,6436505,,289.70703,41.84354,5481.0,0.778,0.871,
KIC 8022244,8022244,Kepler-175,289.55328,43.876179,6063.0,1.001,1.079,1312.34
KIC 2571238,2571238,Kepler-19,290.42081,37.851799,5546.0,0.81,0.907,218.562
KIC 2140389,2140389,,285.91641,37.59428,5066.0,0.709,0.784,
KIC 8193178,8193178,Kepler-187,299.79645,44.08931,6112.0,1.233,1.057,1143.0
KIC 8344004,8344004,Kepler-188,281.27972,44.315529,5622.0,1.089,0.958,968.544
KIC 8216763,8216763,,284.26859,44.19754,4352.0,0.613,0.64,
KIC 6879865,6879865,,296.24954,42.33548,5883.0,0.892,0.985,
KIC 7975727,7975727,,296.89938,43.707218,5324.0,0.813,0.746,
KIC 8219673,8219673,,285.89124,44.181728,6003.0,0.932,1.019,
KIC 8352537,8352537,Kepler-547,286.11868,44.34528,4882.0,0.738,0.718,378.972
KIC 3758499,3758499,,294.36734,38.846889,5934.0,1.885,1.141,
KIC 3248033,3248033,,294.59955,38.366772,6178.0,1.58,1.16,
KIC 9552608,9552608,,300.53757,46.10434,8133.0,3.294,2.053,
KIC 10577994,10577994,Kepler-165,280.69101,47.809738,5081.0,0.77,0.864,560.885
KIC 10599206,10599206,Kepler-566,291.5545,47.81448,4768.0,0.779,0.759,564.277
KIC 6768616,6768616,,289.04434,42.280022,6078.0,0.994,0.978,
KIC 10068383,10068383,,289.0058,47.040421,5247.0,0.744,0.833,
KIC 10157573,10157573,,297.43201,47.128551,6398.0,1.101,1.141,
KIC 10191070,10191070,,283.8757,47.231918,4820.0,0.661,0.644,
KIC 10221013,10221013,,296.6423,47.230331,6214.0,1.076,1.169,
KIC 10225800,10225800,,298.00024,47.243649,5962.0,1.019,1.102,
KIC 2299738,2299738,,290.71725,37.64901,5094.0,0.7,0.743,
KIC 10227020,10227020,Kepler-223,298.31836,47.279491,5814.0,1.248,1.055,1859.71
KIC 4563268,4563268,Kepler-625,292.15045,39.637581,5604.0,0.912,1.004,760.708
KIC 4644604,4644604,Kepler-626,288.69864,39.70829,5784.0,1.085,0.966,635.643
KIC 4656049,4656049,Kepler-627,292.10428,39.76791,6419.0,1.362,1.012,984.307
KIC 4659405,4659405,,293.08734,39.799122,5575.0,1.173,0.951,
KIC 7941635,7941635,,283.5701,43.736118,5313.0,0.976,0.854,
KIC 4742414,4742414,Kepler-628,290.44928,39.854801,5868.0,1.407,1.066,
KIC 7619236,7619236,,295.198,43.269508,5589.0,1.289,1.026,
KIC 7630229,7630229,,297.82431,43.258381,5799.0,1.05,1.028,
KIC 7730747,7730747,,281.29028,43.413342,5548.0,1.793,1.079,
KIC 7764367,7764367,Kepler-644,295.47574,43.493141,6432.0,1.584,1.337,1318.05
KIC 9024857,9024857,,292.87848,45.344372,5546.0,0.81,0.907,
KIC 7906882,7906882,,296.84076,43.647121,5589.0,0.98,0.925,
KIC 7976520,7976520,,297.11713,43.71143,5746.0,1.687,1.136,
KIC 6678383,6678383,Kepler-104,287.60461,42.166779,5979.0,1.005,0.913,400.785
KIC 2302997,2302997,,291.4549,37.67712,3905.0,0.521,0.538,
KIC 10259031,10259031,,284.67569,47.339211,5795.0,0.848,0.938,
KIC 8505215,8505215,,295.43433,44.53112,4965.0,0.736,0.709,
KIC 4827723,4827723,Kepler-629,289.41782,39.945011,5411.0,0.831,0.917,372.05
KIC 4841374,4841374,Kepler-630,293.42703,39.942429,5761.0,1.044,0.96,839.784
KIC 4861736,4861736,,298.02615,39.918331,6077.0,0.891,0.974,
KIC 5020319,5020319,Kepler-1725,294.37354,40.19463,6020.0,1.085,1.049,558.652
KIC 5090690,5090690,,289.19144,40.263184,6753.0,2.396,1.701,
KIC 8161561,8161561,Kepler-645,290.32278,44.035809,6185.0,1.972,1.46,1173.57
KIC 8361905,8361905,Kepler-646,290.47134,44.387081,5656.0,0.737,0.801,451.794
KIC 8409588,8409588,,281.50342,44.409458,6215.0,0.872,0.968,
KIC 11250587,11250587,Kepler-464,294.83517,48.982361,5858.0,1.549,1.133,667.604
KIC 8480285,8480285,Kepler-647,284.7883,44.591679,5956.0,1.098,0.922,1087.87
KIC 10265898,10265898,Kepler-656,288.32791,47.381592,5550.0,0.954,1.05,890.352
KIC 2302758,2302758,,291.40289,37.676689,5875.0,0.998,1.088,
KIC 10271806,10271806,Kepler-224,290.9343,47.357601,5016.0,0.679,0.743,782.088
KIC 5098444,5098444,,291.56332,40.26778,4723.0,0.512,0.526,
KIC 5113822,5113822,Kepler-199,295.55942,40.236271,5750.0,0.882,0.98,521.054
KIC 5120087,5120087,Kepler-631,296.88577,40.22823,6141.0,1.352,1.247,761.966
KIC 5121511,5121511,Kepler-632,297.25262,40.288601,5324.0,0.853,0.928,
KIC 8557374,8557374,Kepler-213,290.82419,44.647179,5736.0,1.008,1.087,634.939
KIC 8738735,8738735,Kepler-214,284.75485,44.956032,6000.0,1.044,1.122,1208.44
KIC 8802165,8802165,Kepler-648,283.89966,45.016891,5679.0,0.972,1.058,636.03
KIC 10272442,10272442,Kepler-657,291.1973,47.3078,5955.0,0.91,0.999,1691.88
KIC 4055765,4055765,,291.17792,39.19949,6638.0,3.079,1.595,
KIC 5131180,5131180,,299.29947,40.235069,4129.0,0.652,0.671,
KIC 5181817,5181817,,290.2316,40.356571,5978.0,0.876,0.958,
KIC 5309353,5309353,,299.6813,40.428425,5278.0,0.746,0.791,
KIC 5356593,5356593,,289.96674,40.532661,5761.0,1.096,0.885,
KIC 8805348,8805348,Kepler-649,285.65594,45.079559,5739.0,0.896,0.875,513.748
KIC 8869680,8869680,,284.88037,45.134621,6122.0,1.934,1.427,
KIC 10843431,10843431,Kepler-1999,282.37042,48.259289,4406.0,0.628,0.632,701.255
KIC 8878187,8878187,Kepler-650,289.00089,45.15427,5827.0,1.447,1.081,884.378
KIC 4914423,4914423,Kepler-103,288.98456,40.064529,5880.0,1.433,1.068,494.832
KIC 8891278,8891278,,293.91364,45.189793,6120.0,1.596,1.009,
KIC 10287242,10287242,,296.69336,47.392151,5237.0,0.707,0.674,
KIC 10340423,10340423,Kepler-225,292.19397,47.457088,4126.0,0.602,0.616,561.101
KIC 10345478,10345478,,294.121,47.408791,5268.0,0.735,0.789,
KIC 10358759,10358759,Kepler-29,298.34833,47.49123,5730.0,0.87,0.968,832.532
KIC 5374854,5374854,Kepler-633,295.21744,40.592251,5877.0,1.265,0.997,680.54
KIC 5384802,5384802,,297.44904,40.510899,6431.0,1.295,1.199,
KIC 5531694,5531694,Kepler-634,291.19507,40.702702,6011.0,1.409,0.963,888.027
KIC 5596440,5596440,,282.72067,40.899181,6526.0,3.232,1.573,
KIC 8908102,8908102,,298.83603,45.11652,6033.0,2.943,1.5,
KIC 8962094,8962094,Kepler-215,294.97351,45.213692,5677.0,0.828,0.92,485.997
KIC 10386984,10386984,Kepler-658,282.9838,47.57859,3736.0,0.525,0.533,388.384
KIC 9588822,9588822,,292.13428,46.202419,5529.0,2.817,1.402,
KIC 10395381,10395381,Kepler-659,287.60818,47.509682,4869.0,0.687,0.767,722.64
KIC 10418797,10418797,,296.95724,47.55381,5754.0,0.905,1.021,
KIC 5613330,5613330,Kepler-635,289.77325,40.80072,6188.0,1.524,1.33,1141.08
KIC 8456679,8456679,Kepler-1990,299.70474,44.435749,5751.0,1.071,1.028,392.739
KIC 5786676,5786676,Kepler-1665,290.39618,41.040081,5059.0,1.657,0.947,335.515
KIC 5796186,5796186,,293.45612,41.048222,6032.0,0.924,0.96,
KIC 5796675,5796675,Kepler-636,293.59189,41.095161,5303.0,0.817,0.86,310.301
KIC 9002278,9002278,Kepler-62,283.21274,45.349861,4926.0,0.662,0.727,300.874
KIC 12306808,12306808,,291.11057,51.058929,5985.0,0.758,0.846,
KIC 9053112,9053112,,300.72702,45.305538,5365.0,2.872,1.403,
KIC 9162741,9162741,,294.91202,45.566685,6561.0,1.584,1.272,
KIC 5893123,5893123,,296.43567,41.134602,6225.0,1.116,1.011,
KIC 5941160,5941160,Kepler-200,284.40991,41.237461,5675.0,0.915,0.878,665.912
KIC 5966154,5966154,Kepler-201,293.62604,41.27282,6034.0,1.179,1.164,636.445
KIC 3749508,3749508,,292.1059,38.83622,6244.0,10.105,2.936,
KIC 9266431,9266431,Kepler-1726,284.38617,45.719711,5316.0,0.804,0.876,390.552
KIC 9300285,9300285,,298.45319,45.746101,6663.0,1.338,1.235,
KIC 9426071,9426071,,299.28305,45.964439,6706.0,1.417,1.24,
KIC 9458613,9458613,Kepler-33,289.07755,46.005219,5900.0,1.694,1.1,1209.16
KIC 10729472,10729472,,291.16476,48.052429,5838.0,0.897,0.992,
KIC 5966660,5966660,,293.7756,41.228489,6736.0,1.243,1.224,
KIC 6020753,6020753,Kepler-202,282.97342,41.32201,4671.0,0.68,0.75,285.111
KIC 6062088,6062088,Kepler-203,297.09,41.388031,5821.0,1.085,0.972,703.302
KIC 9530945,9530945,Kepler-216,293.72806,46.12915,6086.0,1.216,1.013,1187.47
KIC 10610039,10610039,,295.6709,47.830399,6068.0,0.831,0.931,
KIC 4752451,4752451,,293.45428,39.803928,6170.0,1.183,0.927,
KIC 6125481,6125481,Kepler-637,292.41721,41.41687,5460.0,3.231,1.609,786.091
KIC 6267535,6267535,Kepler-638,284.91943,41.617191,5460.0,1.346,0.911,991.214
KIC 1025986,1025986,,291.03369,36.771042,5604.0,1.187,0.864,
KIC 6347299,6347299,Kepler-204,285.3472,41.761921,5815.0,1.198,0.976,686.723
KIC 9578686,9578686,Kepler-651,287.33279,46.20351,5376.0,0.825,0.814,509.408
KIC 9590976,9590976,Kepler-217,293.03775,46.277519,6167.0,1.689,1.135,1104.64
KIC 11284772,11284772,Kepler-441,284.56689,49.01255,4339.0,0.553,0.573,268.003
KIC 2441151,2441151,,290.93726,37.703972,5499.0,1.125,0.878,
KIC 3970233,3970233,,295.48187,39.017288,5366.0,0.835,0.805,
KIC 4832837,4832837,Kepler-621,290.92731,39.91415,3939.0,0.557,0.575,
KIC 5014753,5014753,,292.87039,40.105331,6068.0,1.034,1.042,
KIC 5441980,5441980,,289.80908,40.615841,5713.0,0.893,1.01,
KIC 6365156,6365156,Kepler-639,292.18689,41.727051,5843.0,1.332,1.151,850.242
KIC 6425957,6425957,Kepler-205,285.28711,41.861172,4121.0,0.553,0.57,159.72
KIC 1293046,1293046,,291.02655,36.91637,4264.0,0.62,0.607,
KIC 2444412,2444412,Kepler-1710,291.68335,37.751591,5650.0,0.899,0.932,305.193
KIC 9597345,9597345,Kepler-218,295.41281,46.266472,5497.0,1.046,0.988,656.38
KIC 10972902,10972902,,290.44476,48.462891,5972.0,0.807,0.884,
KIC 9640976,9640976,,287.99124,46.35688,5691.0,0.836,0.928,
KIC 9640985,9640985,,287.99609,46.32943,6820.0,1.254,1.227,
KIC 5562784,5562784,,298.86972,40.71991,4469.0,0.635,0.621,
KIC 5608566,5608566,,288.16071,40.878891,5949.0,1.156,0.998,
KIC 5686174,5686174,Kepler-622,284.47849,40.933102,4102.0,0.595,0.612,284.761
KIC 6309763,6309763,,298.29404,41.6838,6367.0,1.087,1.131,
KIC 5903312,5903312,,298.66101,41.13789,5842.0,0.985,0.959,
KIC 6442340,6442340,Kepler-206,291.63467,41.833858,5762.0,1.143,0.982,594.447
KIC 1434395,1434395,,291.85648,37.065651,4996.0,20.848,3.584,
KIC 6685609,6685609,Kepler-207,290.03052,42.16605,5918.0,1.555,1.181,875.519
KIC 9450647,9450647,Kepler-465,284.55573,46.063831,6215.0,1.259,1.17,553.077
KIC 9702072,9702072,Kepler-652,288.00812,46.47356,5328.0,0.865,0.971,394.55
KIC 9413156,9413156,,295.36145,45.914841,5515.0,0.775,0.868,
KIC 9834719,9834719,,293.42636,46.68792,6106.0,0.966,1.043,
KIC 9846348,9846348,,297.49216,46.694519,6096.0,0.908,0.975,
KIC 9873254,9873254,Kepler-653,282.21292,46.717819,5676.0,1.28,1.056,595.634
KIC 6587002,6587002,Kepler-196,284.96851,42.079201,5132.0,0.77,0.805,451.312
KIC 6960456,6960456,,295.19717,42.416939,5448.0,0.857,0.977,
KIC 7368664,7368664,Kepler-434,293.58636,42.928909,5963.0,1.424,1.22,1222.54
KIC 8374580,8374580,,295.0256,44.330189,5559.0,1.231,0.895,
KIC 6707835,6707835,Kepler-640,296.0322,42.131672,5629.0,0.943,1.033,557.787
KIC 2696205,2696205,,286.89841,37.93745,5269.0,0.836,0.819,
KIC 6752502,6752502,,282.15491,42.234547,5780.0,1.0,1.0,
KIC 6805146,6805146,,298.59164,42.206429,6444.0,2.947,1.393,
KIC 10318874,10318874,Kepler-94,281.19473,47.497131,4780.0,0.761,0.835,191.904
KIC 6960445,6960445,,295.19562,42.417068,5661.0,0.919,0.929,
KIC 9884104,9884104,Kepler-219,288.73898,46.762562,5788.0,1.495,1.179,787.07
KIC 9950612,9950612,Kepler-220,291.50616,46.895741,4499.0,0.639,0.643,171.109
KIC 9714696,9714696,,293.68912,46.41288,6077.0,0.999,1.077,
KIC 9846086,9846086,,297.41867,46.64426,5858.0,0.963,1.056,
KIC 10353968,10353968,Kepler-623,296.98672,47.47739,5672.0,0.929,1.008,737.702
KIC 10384962,10384962,,281.77554,47.59325,5941.0,0.885,0.975,
KIC 11773022,11773022,Kepler-51,296.47977,49.937679,6046.0,0.972,1.053,783.831
KIC 7033671,7033671,Kepler-641,291.82349,42.516209,5672.0,1.204,1.005,969.918
KIC 7040629,7040629,Kepler-208,293.8902,42.527966,5966.0,1.499,1.213,775.328
KIC 2711131,2711131,,291.01727,37.975368,4973.0,0.754,0.848,
KIC 2308411,2308411,,292.63766,37.64188,6363.0,1.198,1.273,
KIC 9963524,9963524,Kepler-221,296.65475,46.83527,5244.0,0.81,0.826,385.231
KIC 5780885,5780885,Kepler-7,288.58151,41.089809,6036.0,1.909,1.236,922.562
KIC 12251650,12251650,,287.46097,50.975071,5088.0,0.669,0.667,
KIC 12417486,12417486,,295.88028,51.26379,4994.0,3.322,1.3,
KIC 12068975,12068975,Kepler-197,295.22644,50.558979,6003.0,1.109,0.902,330.575
KIC 7115785,7115785,Kepler-209,291.16953,42.640808,5506.0,0.914,0.904,576.946
KIC 2834805,2834805,,286.70145,38.042191,6148.0,1.685,1.176,
KIC 7124613,7124613,Kepler-642,293.83456,42.624962,6570.0,2.297,1.396,781.582
KIC 8711794,8711794,Kepler-463,298.93704,44.85791,5666.0,0.967,0.785,394.804
KIC 7277317,7277317,Kepler-643,290.32733,42.898281,4877.0,2.595,1.085,1063.58
KIC 2446134,2446134,,292.06082,37.770191,6295.0,1.08,1.065,
KIC 9964801,9964801,Kepler-654,297.06842,46.834278,5817.0,1.171,0.982,974.124
KIC 9965439,9965439,Kepler-655,297.25909,46.843189,6086.0,1.227,1.037,752.562
KIC 2569995,2569995,,290.22925,37.840961,5511.0,1.597,1.089,
KIC 3541946,3541946,Kepler-198,290.67313,38.69101,5569.0,0.927,0.935,495.358
KIC 10264660,10264660,Kepler-14,287.70883,47.33305,6372.0,2.001,1.313,
KIC 7385509,7385509,,297.74799,42.995205,4583.0,0.695,0.701,
KIC 7447200,7447200,Kepler-210,292.50339,43.083149,3912.0,0.533,0.556,232.75
KIC 7466863,7466863,,297.40097,43.042782,6312.0,1.464,1.048,
KIC 7509886,7509886,Kepler-211,285.43915,43.16848,5297.0,0.825,0.938,309.353
KIC 10002866,10002866,Kepler-222,287.9061,46.937771,5431.0,0.843,0.945,758.854
KIC 2577353,2577353,,291.78079,37.811508,5865.0,1.181,1.008,
KIC 10005020,10005020,,288.98038,46.95406,5871.0,0.983,1.097,
KIC 4449034,4449034,,286.56378,39.53447,6481.0,2.343,1.456,
KIC 4478168,4478168,Kepler-624,295.19339,39.539669,6063.0,1.191,1.009,748.188
KIC 2854839,2854839,,291.95761,38.070049,4955.0,0.751,0.748,
KIC 7515212,7515212,Kepler-212,287.62082,43.141647,5867.0,1.356,1.153,687.194
KIC 7529266,7529266,Kepler-435,292.28732,43.197281,6093.0,3.913,1.667,1418.77
KIC 11553706,11553706,,288.80377,49.530788,6284.0,2.348,1.309,
KIC 2449053,2449053,,292.68985,37.774361,5271.0,0.935,0.869,
KIC 10489525,10489525,,298.35434,47.672081,6732.0,2.569,1.495,
KIC 7598128,7598128,,288.54199,43.255421,6544.0,2.326,1.364,
KIC 11858979,11858979,,288.90887,50.16283,6238.0,1.116,0.986,
KIC 5900390,5900390,,298.04318,41.195,9653.0,1.996,2.256,
KIC 5444334,5444334,,290.50125,40.6945,5520.0,0.818,0.917,
KIC 10139620,10139620,,291.26672,47.114769,6109.0,1.029,1.099,
KIC 8686373,8686373,Kepler-1936,290.73001,44.836121,6501.0,1.854,1.419,871.096
KIC 5386264,5386264,,297.77292,40.589088,4756.0,0.62,0.667,
KIC 3218844,3218844,,286.46753,38.385971,6018.0,0.975,1.058,
KIC 7256914,7256914,,281.82318,42.811169,5575.0,1.308,0.965,
KIC 3542222,3542222,,290.74918,38.659111,6043.0,0.901,0.837,
KIC 5530112,5530112,Kepler-1937,290.65839,40.778542,6457.0,1.196,1.19,905.069
KIC 6226908,6226908,Kepler-1546,297.58392,41.541229,5569.0,1.019,0.883,931.956
KIC 5906694,5906694,Kepler-1938,299.3519,41.19574,4522.0,0.655,0.646,421.152
KIC 10186945,10186945,,281.44067,47.246471,5077.0,0.825,0.849,
KIC 4636565,4636565,,285.41519,39.776009,5541.0,1.967,1.046,
KIC 9956082,9956082,Kepler-1557,293.88141,46.838879,6260.0,1.063,1.118,1380.16
KIC 3241647,3241647,,293.10153,38.340618,5403.0,1.029,0.945,
KIC 7761585,7761585,,294.64081,43.45393,6045.0,0.955,1.038,
KIC 3241248,3241248,,292.99329,38.319489,5100.0,4.569,1.778,
KIC 9716302,9716302,,294.30887,46.413052,5134.0,0.752,0.825,
KIC 2708286,2708286,,290.31827,37.91098,5706.0,1.12,0.824,
KIC 6755944,6755944,Kepler-1547,283.76407,42.222172,6105.0,2.304,1.235,674.695
KIC 10419797,10419797,,297.25598,47.550491,,,,
KIC 6515335,6515335,,289.61908,41.927189,5817.0,0.87,0.965,
KIC 7777471,7777471,,298.86102,43.417679,5904.0,0.867,0.958,
KIC 10294509,10294509,,298.71082,47.369911,5341.0,0.743,0.826,
KIC 3112129,3112129,,290.33719,38.205009,5957.0,0.937,1.026,
KIC 3003019,3003019,,294.29196,38.138771,6029.0,1.098,1.065,
KIC 3103212,3103212,,287.75903,38.281551,5692.0,1.004,0.968,
KIC 9455677,9455677,Kepler-1548,287.47122,46.080662,5349.0,1.032,0.875,872.279
KIC 7690855,7690855,,294.53149,43.398659,4223.0,0.557,0.544,
KIC 5649837,5649837,,299.07944,40.825642,6052.0,0.863,0.94,
KIC 10141938,10141938,,292.16028,47.166649,5513.0,0.724,0.791,
KIC 8029197,8029197,,291.9632,43.88166,5851.0,1.555,0.821,
KIC 12257886,12257886,,291.22729,50.921791,6131.0,0.945,1.023,
KIC 10875007,10875007,,296.9621,48.25639,6274.0,1.232,1.261,
KIC 11465651,11465651,Kepler-1941,296.62704,49.353901,6404.0,1.142,1.175,1494.39
KIC 5036480,5036480,,297.86734,40.10257,5767.0,0.881,0.979,
KIC 10275077,10275077,,292.27005,47.307362,5086.0,1.783,0.901,
KIC 6592832,6592832,,287.47369,42.00375,6135.0,0.974,0.987,
KIC 8524346,8524346,,300.61877,44.594391,6102.0,1.125,0.955,
KIC 3937814,3937814,Kepler-1549,286.05243,39.09605,5323.0,0.995,0.862,803.052
KIC 5551228,5551228,,296.49731,40.765629,5692.0,0.866,0.965,
KIC 5471271,5471271,,297.60681,40.656479,6231.0,1.084,1.14,
KIC 5881120,5881120,Kepler-1943,293.31827,41.116669,6032.0,0.973,1.055,1004.55
KIC 3248696,3248696,,294.74246,38.301811,5576.0,0.729,0.823,
KIC 4548098,4548098,Kepler-1982,287.41006,39.65868,6202.0,1.122,1.213,558.855
KIC 5306383,5306383,,299.12286,40.489071,5765.0,0.998,0.943,
KIC 5041847,5041847,,298.91278,40.110851,5762.0,0.989,0.927,
KIC 3836558,3836558,,286.99091,38.916222,5649.0,0.884,0.751,
KIC 6106282,6106282,Kepler-440,285.34995,41.452209,4133.0,0.561,0.578,301.03
KIC 4946584,4946584,,297.36047,40.056141,6434.0,1.166,1.119,
KIC 6463499,6463499,,297.49054,41.8326,5780.0,2.478,1.201,
KIC 8254882,8254882,,298.38754,44.151962,6058.0,1.612,1.296,
KIC 6042031,6042031,,291.69067,41.332878,5395.0,2.537,1.288,
KIC 4078311,4078311,Kepler-1944,296.5105,39.173321,5585.0,0.972,1.064,1076.48
KIC 5475735,5475735,,298.57779,40.681438,5269.0,0.727,0.812,
KIC 10075409,10075409,,291.90503,47.094929,5054.0,0.74,0.81,
KIC 7038096,7038096,,293.18408,42.528019,6147.0,1.096,1.193,
KIC 3345973,3345973,,292.38293,38.40057,6771.0,2.259,1.597,
KIC 11967788,11967788,,294.03436,50.371651,6422.0,1.421,1.22,
KIC 11972872,11972872,,296.34622,50.390789,4978.0,0.762,0.732,
KIC 9899233,9899233,,295.16696,46.754341,6077.0,0.999,1.077,
KIC 3103227,3103227,Kepler-1550,287.76456,38.294701,5929.0,1.363,1.185,1179.01
KIC 4850961,4850961,Kepler-1551,295.78552,39.907921,6392.0,1.162,1.232,1463.72
KIC 3102309,3102309,,287.45532,38.23959,5596.0,1.015,0.829,
KIC 8521059,8521059,,299.75021,44.561981,6610.0,1.313,1.16,
KIC 5217574,5217574,,298.90012,40.303589,5764.0,0.863,0.959,
KIC 7199060,7199060,,291.38602,42.709129,6951.0,2.758,1.618,
KIC 8439323,8439323,Kepler-1942,294.98059,44.425301,5834.0,0.797,0.852,842.492
KIC 3230095,3230095,,290.0831,38.398472,5496.0,0.776,0.869,
KIC 7733731,7733731,,283.12854,43.45686,6109.0,2.326,1.188,
KIC 6862332,6862332,,291.58517,42.367229,5754.0,0.905,1.021,
KIC 10714072,10714072,Kepler-1541,283.78702,48.02956,5365.0,1.533,0.899,416.692
KIC 3110177,3110177,,289.84286,38.237049,5766.0,0.929,0.876,
KIC 10992011,10992011,,298.53549,48.419479,5043.0,0.819,0.776,
KIC 8128247,8128247,,300.60422,43.902946,3812.0,69.001,1.479,
KIC 6276994,6276994,,289.17761,41.695171,6241.0,1.031,1.088,
KIC 9674564,9674564,,300.4068,46.378941,5668.0,0.912,0.943,
KIC 3232249,3232249,,290.6864,38.355598,4832.0,0.746,0.791,
KIC 5688683,5688683,Kepler-1939,285.69,40.99453,4353.0,0.603,0.648,189.833
KIC 6607644,6607644,Kepler-1559,292.28659,42.07246,5196.0,0.889,0.828,614.827
KIC 7610663,7610663,Kepler-1560,292.78461,43.215981,5755.0,0.993,0.909,502.497
KIC 5565707,5565707,,299.42017,40.73838,6635.0,7.146,2.303,
KIC 1293031,1293031,,291.02097,36.903648,6341.0,5.302,2.05,
KIC 2859299,2859299,,292.88342,38.074951,6161.0,1.114,1.038,
KIC 4067110,4067110,,294.08896,39.128101,6611.0,7.435,2.61,
KIC 8694309,8694309,,293.8067,44.867352,5609.0,1.31,0.867,
KIC 7818447,7818447,,290.47928,43.505268,2661.0,0.116,0.094,
KIC 11569475,11569475,,296.61078,49.567039,6740.0,12.08,3.479,
KIC 8222627,8222627,,287.50375,44.167259,5023.0,2.571,1.157,
KIC 8951205,8951205,Kepler-1940,291.20419,45.238392,5431.0,0.717,0.802,798.595
KIC 5700900,5700900,,290.31039,40.98143,5982.0,0.96,1.047,
KIC 7026477,7026477,,289.55566,42.572048,6705.0,1.524,1.232,
KIC 9402583,9402583,,291.24924,45.92149,5041.0,0.728,0.766,
KIC 7838675,7838675,Kepler-1561,296.92361,43.566471,5718.0,0.863,0.96,839.076
KIC 8700537,8700537,,295.93921,44.837379,6109.0,0.941,0.872,
KIC 10858785,10858785,,290.72519,48.210411,6086.0,0.921,1.003,
KIC 9640907,9640907,,287.95279,46.33176,6194.0,1.069,1.161,
KIC 9551430,9551430,,300.18863,46.185768,5607.0,0.766,0.74,
KIC 3228986,3228986,,289.80322,38.366692,6238.0,1.191,1.204,
KIC 7100673,7100673,Kepler-1542,285.72849,42.65453,5574.0,1.065,0.933,399.114
KIC 4138557,4138557,,285.5921,39.206268,5908.0,1.862,0.977,
KIC 2708278,2708278,,290.31589,37.977779,5285.0,0.927,0.933,
KIC 2984990,2984990,,290.32401,38.111111,5455.0,1.507,0.877,
KIC 3747817,3747817,Kepler-1552,291.67682,38.874908,5273.0,0.801,0.861,769.096
KIC 8483366,8483366,,286.58932,44.5247,5737.0,0.872,0.969,
KIC 7758018,7758018,,293.53253,43.406151,6025.0,0.999,1.08,
KIC 10089911,10089911,Kepler-1543,297.1243,47.037022,6303.0,3.53,1.786,921.784
KIC 3247404,3247404,,294.46231,38.381912,5780.0,1.0,1.0,
KIC 11415243,11415243,Kepler-1544,297.285,49.21246,4798.0,0.707,0.771,335.09
KIC 8264402,8264402,,300.94568,44.164688,6163.0,1.313,1.174,
KIC 7773179,7773179,,297.81674,43.440411,6084.0,0.983,0.991,
KIC 11017094,11017094,,284.74942,48.558128,5271.0,0.648,0.718,
KIC 3129238,3129238,,294.3035,38.203011,5341.0,0.759,0.705,
KIC 5956633,5956633,,290.60129,41.26902,5713.0,0.893,1.01,
KIC 9899065,9899065,,295.10251,46.732922,5157.0,0.62,0.614,
KIC 7907808,7907808,,297.08301,43.679951,4968.0,1.755,0.944,
KIC 5471792,5471792,,297.75125,40.647388,5611.0,1.632,0.832,
KIC 11145831,11145831,,295.64212,48.773071,6273.0,1.044,1.099,
KIC 11444952,11444952,,285.81662,49.352699,5569.0,0.829,0.928,
KIC 8647295,8647295,,298.84119,44.749889,5445.0,0.855,0.762,
KIC 3444098,3444098,,291.55807,38.546219,8855.0,2.858,1.964,
KIC 5112567,5112567,,295.31842,40.208961,6770.0,1.623,1.365,
KIC 2708343,2708343,,290.33362,37.911171,4476.0,0.633,0.618,
KIC 3235282,3235282,,291.51395,38.365471,6392.0,1.162,1.232,
KIC 3348090,3348090,,292.92432,38.44228,6501.0,3.247,1.579,
KIC 9282762,9282762,,292.6069,45.701408,6099.0,1.028,1.098,
KIC 3117046,3117046,,291.56772,38.267109,6373.0,1.047,1.094,
KIC 6311520,6311520,,298.67731,41.640282,6419.0,1.142,1.013,
KIC 5201115,5201115,,295.5571,40.321209,5872.0,1.157,0.934,
KIC 2708203,2708203,,290.29932,37.908932,6569.0,0.927,0.805,
KIC 4150496,4150496,,289.71487,39.283871,5880.0,0.893,0.974,
KIC 9655005,9655005,,294.20068,46.327221,7872.0,3.367,2.228,
KIC 3851194,3851194,,291.71054,38.96273,5837.0,2.338,1.232,
KIC 5092655,5092655,,289.79135,40.299431,5067.0,0.715,0.686,
KIC 3955817,3955817,Kepler-1553,291.91916,39.02227,5072.0,0.825,0.822,692.594
KIC 10661778,10661778,,290.29623,47.990364,5780.0,1.0,1.0,
KIC 5513857,5513857,,284.34839,40.72826,5465.0,0.819,0.84,
KIC 10272389,10272389,,291.1781,47.322941,5270.0,0.77,0.863,
KIC 4679687,4679687,,297.58023,39.702702,5432.0,0.872,0.775,
KIC 7968683,7968683,,294.78763,43.739021,4723.0,0.696,0.722,
KIC 10360722,10360722,Kepler-1545,298.89877,47.463089,4999.0,0.843,0.8,729.964
KIC 9091755,9091755,,292.93121,45.40427,5932.0,0.798,0.899,
KIC 3852476,3852476,,292.03525,38.945911,5267.0,4.525,1.628,
KIC 9700449,9700449,,287.03952,46.481701,6321.0,1.058,1.108,
KIC 6349881,6349881,Kepler-1554,286.57617,41.741459,5275.0,0.969,0.855,946.847
KIC 9851970,9851970,,299.0473,46.68557,4965.0,0.736,0.709,
KIC 6140059,6140059,,296.3566,41.455391,6198.0,1.239,0.998,
KIC 5726910,5726910,,297.35278,40.958141,5750.0,0.965,0.785,
KIC 1718958,1718958,Kepler-1934,290.91934,37.28717,5925.0,1.035,0.968,428.514
KIC 6428794,6428794,Kepler-1701,286.60889,41.889339,5171.0,0.801,0.82,584.142
KIC 3228825,3228825,,289.76492,38.38345,6454.0,1.587,1.336,
KIC 4673628,4673628,Kepler-1935,296.40375,39.722649,5570.0,0.899,0.845,904.702
KIC 3852872,3852872,,292.13876,38.94154,4965.0,1.708,0.973,
KIC 9099950,9099950,,295.60934,45.484451,6486.0,2.308,1.446,
KIC 9272070,9272070,Kepler-1555,287.63547,45.716061,6201.0,0.989,1.058,2013.27
KIC 5088400,5088400,Kepler-1556,288.397,40.213188,5550.0,0.878,0.972,944.54
KIC 4669402,4669402,,295.53394,39.762249,6007.0,1.06,0.882,
KIC 3757407,3757407,,294.09555,38.885059,6729.0,4.099,1.907,
KIC 4769931,4769931,,297.34418,39.88501,5448.0,0.734,0.815,
KIC 9220612,9220612,,292.79333,45.628262,5390.0,0.78,0.875,
KIC 9086154,9086154,,290.83389,45.43565,5799.0,1.191,0.977,
KIC 6806695,6806695,,298.90161,42.212799,5437.0,0.759,0.727,
KIC 3858943,3858943,,293.70847,38.958012,6370.0,1.106,1.148,
KIC 11970988,11970988,,295.52948,50.370399,5240.0,0.923,0.833,
KIC 10858803,10858803,,290.73364,48.207378,4754.0,0.821,0.791,
KIC 6129694,6129694,,293.71811,41.430939,7843.0,2.909,2.081,
KIC 5957181,5957181,,290.79037,41.26461,3994.0,0.554,0.583,
KIC 7601918,7601918,,289.98096,43.299492,6234.0,1.66,1.116,
KIC 6119877,6119877,,290.6102,41.470402,,,,
KIC 6792908,6792908,,295.96259,42.200256,6726.0,1.258,1.054,
KIC 7211879,7211879,,295.16098,42.799129,5931.0,0.845,0.933,
KIC 8087812,8087812,Kepler-1952,288.07648,43.958488,5973.0,1.305,0.922,852.062
KIC 4863956,4863956,,298.51794,39.924438,5519.0,4.368,1.397,
KIC 10534155,10534155,,291.50122,47.74773,5776.0,1.455,0.804,
KIC 5308537,5308537,Kepler-1955,299.53479,40.477779,5825.0,1.291,1.049,449.351
KIC 6350882,6350882,,287.04236,41.752209,6039.0,0.951,1.027,
KIC 5281113,5281113,Kepler-1602,293.58087,40.427471,6292.0,1.873,1.324,629.804
KIC 7847104,7847104,,298.94785,43.539711,6060.0,2.106,1.151,
KIC 3450040,3450040,,293.05408,38.54179,5632.0,0.904,1.026,
KIC 3347807,3347807,,292.85916,38.431931,5792.0,2.183,1.19,
KIC 8487805,8487805,,288.94131,44.593922,5325.0,0.75,0.84,
KIC 9456281,9456281,,287.80502,46.00116,4236.0,0.539,0.528,
KIC 5129453,5129453,,298.98502,40.203709,4483.0,0.731,0.723,
KIC 7918478,7918478,,299.66617,43.619469,5396.0,0.702,0.784,
KIC 3336845,3336845,,289.97617,38.450489,5418.0,0.782,0.746,
KIC 3645282,3645282,,291.3591,38.71891,5645.0,0.951,0.936,
KIC 6026924,6026924,Kepler-1580,285.96872,41.363564,6237.0,2.295,1.399,1002.02
KIC 6525280,6525280,,292.74493,41.93486,5774.0,0.825,0.831,
KIC 4861784,4861784,,298.03653,39.90601,5497.0,0.839,0.952,
KIC 5876360,5876360,,291.81998,41.112476,5780.0,1.0,1.0,
KIC 9509343,9509343,,282.76062,46.177841,5248.0,0.943,0.844,
KIC 3732972,3732972,,286.97745,38.898762,4971.0,14.678,1.854,
KIC 3244792,3244792,Kepler-1592,293.85065,38.397751,6021.0,0.819,0.922,1639.47
KIC 8743082,8743082,,287.25095,44.946308,5993.0,1.042,1.031,
KIC 9142742,9142742,,286.05939,45.516804,6148.0,1.615,1.334,
KIC 6891513,6891513,,298.79892,42.35339,5798.0,0.941,1.038,
KIC 4579598,4579598,,296.11276,39.611599,6241.0,1.131,1.079,
KIC 7777522,7777522,,298.87418,43.440891,5792.0,0.864,0.959,
KIC 9305012,9305012,,299.83664,45.780731,9189.0,2.692,1.933,
KIC 9597729,9597729,,295.54755,46.287682,6032.0,0.929,1.014,
KIC 11390109,11390109,,284.22879,49.294189,6251.0,1.119,1.089,
KIC 5078025,5078025,,283.72379,40.23756,5904.0,0.867,0.958,
KIC 1724719,1724719,Kepler-1569,292.20471,37.221218,6174.0,1.318,1.109,945.454
KIC 5026326,5026326,,295.67188,40.18037,6006.0,1.114,1.084,
KIC 5512580,5512580,,283.72955,40.789028,5750.0,0.882,0.98,
KIC 11670599,11670599,,296.12457,49.726669,6335.0,1.072,1.12,
KIC 6359820,6359820,,290.35706,41.76162,6029.0,0.956,1.04,
KIC 11872139,11872139,,295.77768,50.149025,6619.0,3.05,1.771,
KIC 5436161,5436161,,287.75916,40.65704,5136.0,0.612,0.608,
KIC 2708221,2708221,,290.30371,37.924191,4883.0,0.794,0.767,
KIC 4571844,4571844,,294.42126,39.628471,6194.0,0.981,0.988,
KIC 5040223,5040223,,298.56668,40.128239,6110.0,1.077,1.029,
KIC 4571004,4571004,,294.20786,39.680115,5780.0,1.0,1.0,
KIC 2859893,2859893,,293.01489,38.012402,5743.0,0.903,1.018,
KIC 7582691,7582691,,281.11646,43.28244,3939.0,0.526,0.55,
KIC 7031942,7031942,,291.25778,42.580139,5642.0,1.056,0.886,
KIC 9836563,9836563,,294.12488,46.67289,5950.0,1.196,1.1,
KIC 5632701,5632701,,295.42047,40.842659,5968.0,0.881,0.97,
KIC 10549924,10549924,,297.22046,47.748249,5640.0,0.909,0.924,
KIC 9366617,9366617,Kepler-1570,299.86182,45.827351,5456.0,2.154,1.074,918.995
KIC 6187341,6187341,,285.25616,41.595589,4971.0,0.718,0.693,
KIC 3353454,3353454,,294.25079,38.404236,5780.0,1.0,1.0,
KIC 10156055,10156055,,296.99017,47.130661,6609.0,0.974,1.073,
KIC 8418018,8418018,,286.22708,44.430328,5763.0,0.827,0.903,
KIC 5024177,5024177,,295.2811,40.132858,6112.0,0.787,0.684,
KIC 11081504,11081504,,290.45831,48.661369,6134.0,1.665,1.173,
KIC 8459663,8459663,Kepler-1593,300.48816,44.46067,4367.0,0.452,0.496,638.249
KIC 3550372,3550372,,292.90771,38.68309,4939.0,2.377,0.889,
KIC 10155321,10155321,,296.77271,47.158539,7454.0,1.853,1.602,
KIC 3866536,3866536,,295.50211,38.98354,6328.0,0.963,1.026,
KIC 7046035,7046035,Kepler-1603,295.32983,42.534962,6274.0,1.062,1.115,2712.58
KIC 4679314,4679314,,297.50562,39.756802,5709.0,0.798,0.863,
KIC 8240790,8240790,,294.45038,44.166779,6282.0,1.449,1.084,
KIC 5702637,5702637,,290.86606,40.901581,7043.0,1.45,1.406,
KIC 8309169,8309169,,295.15546,44.294861,6074.0,0.847,0.871,
KIC 4678919,4678919,,297.42743,39.781139,5851.0,0.863,0.93,
KIC 5563080,5563080,,298.92361,40.749538,5356.0,0.871,0.81,
KIC 6364067,6364067,,291.8269,41.7099,5804.0,0.927,0.932,
KIC 5983532,5983532,,297.78012,41.209229,4437.0,0.635,0.627,
KIC 3439126,3439126,,290.15723,38.52438,4236.0,0.664,0.657,
KIC 5868793,5868793,Kepler-1582,289.37668,41.158672,3187.0,0.2,0.18,78.8906
KIC 8483021,8483021,,286.40723,44.527355,6247.0,1.147,0.978,
KIC 10063208,10063208,Kepler-1583,286.38693,47.016628,5525.0,0.888,0.939,403.933
KIC 7191646,7191646,,289.08313,42.70414,6075.0,0.969,1.048,
KIC 1575873,1575873,,291.92636,37.101292,6739.0,2.059,1.375,
KIC 10669994,10669994,Kepler-1594,293.62308,47.96191,6011.0,1.041,1.119,976.868
KIC 7801070,7801070,,282.16364,43.510132,5579.0,0.972,0.893,
KIC 11449918,11449918,,288.93597,49.360142,5497.0,0.827,0.806,
KIC 4172805,4172805,,295.11722,39.27409,3788.0,0.49,0.52,
KIC 5126182,5126182,,298.2934,40.239632,5796.0,0.8,0.882,
KIC 3750350,3750350,,292.33884,38.84491,6095.0,1.014,1.08,
KIC 4584865,4584865,,297.16086,39.63007,6660.0,2.074,1.23,
KIC 9642018,9642018,,288.59683,46.326038,5262.0,0.783,0.875,
KIC 9183378,9183378,Kepler-1571,300.93539,45.596539,5718.0,1.48,0.936,675.303
KIC 11188254,11188254,,290.64301,48.887501,6419.0,1.188,1.073,
KIC 1724513,1724513,,292.16486,37.275742,6401.0,1.744,1.185,
KIC 9535876,9535876,,295.55756,46.172241,5708.0,1.129,1.112,
KIC 5817533,5817533,,298.47058,41.06625,5480.0,0.802,0.78,
KIC 7681230,7681230,,291.36423,43.385921,6274.0,1.062,1.115,
KIC 7596240,7596240,Kepler-1584,287.7627,43.274429,6401.0,1.15,1.183,1416.31
KIC 7661893,7661893,,282.63617,43.3661,5615.0,0.85,0.79,
KIC 3448456,3448456,,292.67294,38.58997,5861.0,0.865,0.957,
KIC 12107008,12107008,,289.20834,50.61599,5428.0,0.799,0.727,
KIC 9776794,9776794,,294.36514,46.501759,5162.0,0.958,0.862,
KIC 7427764,7427764,Kepler-1595,285.72272,43.00948,5408.0,0.861,0.848,845.022
KIC 4754831,4754831,,294.05481,39.845249,6297.0,1.506,1.18,
KIC 9899630,9899630,,295.3027,46.772018,6039.0,0.951,1.027,
KIC 4367528,4367528,,292.27774,39.461071,5841.0,1.226,1.148,
KIC 8416523,8416523,Kepler-1604,285.41061,44.412209,5016.0,0.747,0.817,541.189
KIC 11124436,11124436,,284.35312,48.740211,5529.0,2.346,1.291,
KIC 5780855,5780855,,288.56729,41.09013,6681.0,1.438,1.294,
KIC 3751231,3751231,,292.58865,38.80143,6238.0,1.145,1.193,
KIC 9491832,9491832,,300.56241,46.037819,5907.0,1.442,1.234,
KIC 7816665,7816665,,289.91635,43.507671,6137.0,0.963,1.038,
KIC 9535881,9535881,,295.5596,46.17804,7381.0,1.597,1.429,
KIC 11616596,11616596,,294.74988,49.663441,,,,
KIC 9872831,9872831,Kepler-1572,281.89731,46.722664,6157.0,1.392,1.02,946.602
KIC 2852941,2852941,,291.54343,38.048759,7087.0,1.684,1.418,
KIC 8508126,8508126,,296.34799,44.501961,5794.0,1.059,0.963,
KIC 8507475,8507475,Kepler-1585,296.159,44.56311,5448.0,0.872,0.912,944.465
KIC 8773015,8773015,Kepler-1586,298.20261,44.925831,6254.0,1.706,1.11,552.55
KIC 10647452,10647452,,282.91397,47.970299,5385.0,0.731,0.797,
KIC 3531231,3531231,,287.24524,38.68808,5526.0,0.784,0.85,
KIC 4773392,4773392,,298.03305,39.883179,6127.0,1.983,1.405,
KIC 5471489,5471489,,297.66504,40.681992,6156.0,2.557,1.202,
KIC 9011874,9011874,,287.82489,45.34808,,,,
KIC 9936080,9936080,,283.72427,46.879112,6180.0,1.235,1.09,
KIC 8611344,8611344,,285.75586,44.724998,5471.0,0.898,1.002,
KIC 9518651,9518651,,288.19992,46.149422,6052.0,0.969,0.905,
KIC 2305311,2305311,,291.97629,37.668652,4716.0,0.609,0.603,
KIC 6383595,6383595,,297.16177,41.775822,6596.0,1.757,1.227,
KIC 11509504,11509504,Kepler-1573,292.98834,49.48497,6088.0,0.958,0.934,1455.36
KIC 6599949,6599949,,289.90698,42.0462,5910.0,0.911,0.886,
KIC 11611275,11611275,Kepler-1574,292.15866,49.63776,6108.0,1.03,1.132,1384.16
KIC 6290935,6290935,,293.68127,41.611969,6170.0,1.425,1.047,
KIC 12734396,12734396,,288.90952,51.930561,5566.0,1.17,0.94,
KIC 11612280,11612280,Kepler-1587,292.67773,49.66391,5855.0,1.268,1.02,1026.48
KIC 5536715,5536715,,292.77893,40.795631,6762.0,1.348,1.276,
KIC 8149484,8149484,,284.69278,44.010208,6316.0,2.087,1.285,
KIC 12407623,12407623,,291.34879,51.256119,5203.0,0.747,0.779,
KIC 11444514,11444514,Kepler-1596,285.5575,49.33007,6143.0,0.976,1.027,2146.23
KIC 9702006,9702006,Kepler-1953,287.96814,46.470612,4858.0,0.707,0.786,605.631
KIC 6778008,6778008,,292.01379,42.28875,5959.0,0.859,0.948,
KIC 8278685,8278685,,281.95569,44.261532,6339.0,1.017,1.069,
KIC 8308260,8308260,,294.86813,44.283199,6108.0,1.03,1.132,
KIC 8492101,8492101,,290.63043,44.565601,5051.0,1.655,0.949,
KIC 3660581,3660581,,295.1442,38.799831,6655.0,3.831,1.653,
KIC 6343576,6343576,,283.47574,41.775318,5178.0,4.856,1.66,
KIC 10794974,10794974,,290.9227,48.180328,5751.0,1.164,1.079,
KIC 2449101,2449101,,292.69855,37.778481,3417.0,0.35,0.354,
KIC 7259249,7259249,,282.92773,42.80608,6039.0,1.005,1.108,
KIC 8678691,8678691,,287.22513,44.899841,4806.0,0.839,0.801,
KIC 9640924,9640924,,287.96655,46.33849,6258.0,1.098,1.139,
KIC 3558849,3558849,,294.94983,38.60519,5999.0,1.507,1.225,
KIC 11151677,11151677,,297.72214,48.710258,6304.0,1.058,1.11,
KIC 11037128,11037128,,295.19568,48.567421,5883.0,0.793,0.881,
KIC 10991114,10991114,,298.18341,48.44381,5496.0,0.776,0.869,
KIC 11969092,11969092,,294.63989,50.33419,5073.0,0.824,0.922,
KIC 2570773,2570773,,290.33072,37.882092,4700.0,0.707,0.734,
KIC 4945764,4945764,,297.16089,40.042858,6918.0,2.004,1.536,
KIC 6356885,6356885,,289.44867,41.731411,6115.0,0.967,0.999,
KIC 3542542,3542542,,290.84921,38.63184,5297.0,0.716,0.8,
KIC 11718389,11718389,Kepler-1956,294.62097,49.89415,4391.0,0.682,0.671,360.468
KIC 11124703,11124703,,284.53635,48.749611,5166.0,0.771,0.853,
KIC 10329196,10329196,Kepler-1605,287.13489,47.488621,5037.0,2.213,1.083,546.23
KIC 10604592,10604592,Kepler-1957,293.71136,47.887539,4904.0,0.772,0.745,460.899
KIC 9593773,9593773,,294.11237,46.252708,6137.0,1.018,1.086,
KIC 9285568,9285568,Kepler-1575,293.74326,45.761589,5970.0,0.908,0.996,1246.92
KIC 9514372,9514372,,285.66006,46.143471,5578.0,0.95,0.905,
KIC 9777757,9777757,,294.71292,46.576221,6613.0,2.237,1.355,
KIC 7103919,7103919,Kepler-1950,287.08749,42.668671,5455.0,0.852,0.759,697.253
KIC 3762750,3762750,,295.37204,38.897739,6278.0,1.081,1.132,
KIC 8645191,8645191,,298.29953,44.78899,5655.0,0.833,0.926,
KIC 10722485,10722485,Kepler-1588,288.2327,48.002178,5678.0,0.99,0.828,924.141
KIC 9717958,9717958,,294.91577,46.485321,6309.0,0.847,0.86,
KIC 8128067,8128067,,300.56305,43.980068,5492.0,0.752,0.841,
KIC 7703910,7703910,,298.01016,43.37159,5921.0,1.015,0.984,
KIC 7777818,7777818,,298.94901,43.441715,6443.0,1.884,1.371,
KIC 9851360,9851360,,298.85892,46.697208,5555.0,0.737,0.709,
KIC 6937529,6937529,Kepler-1597,288.16397,42.481079,6481.0,1.171,1.194,1221.05
KIC 9490653,9490653,,300.23093,46.0452,5746.0,0.931,0.861,
KIC 3328027,3328027,,287.18967,38.42382,5952.0,0.971,1.057,
KIC 3644631,3644631,,291.19559,38.788078,5743.0,0.904,1.003,
KIC 9640931,9640931,,287.96875,46.301659,5357.0,0.7,0.775,
KIC 5125196,5125196,,298.05338,40.210739,6425.0,1.164,1.168,
KIC 9640962,9640962,,287.98569,46.3484,5118.0,0.83,0.883,
KIC 5097454,5097454,,291.24866,40.221352,5233.0,0.639,0.627,
KIC 12737015,12737015,,290.48007,51.965012,6059.0,1.554,1.249,
KIC 3663141,3663141,,295.66324,38.718243,5780.0,1.0,1.0,
KIC 5177859,5177859,Kepler-1576,289.07397,40.366009,5839.0,1.227,1.044,460.91
KIC 8482059,8482059,,285.85315,44.57222,5878.0,0.945,1.058,
KIC 4568117,4568117,,293.48825,39.696331,6577.0,1.145,1.154,
KIC 10342248,10342248,,292.91196,47.47504,5335.0,0.804,0.891,
KIC 9777290,9777290,,294.54642,46.50787,5926.0,1.058,0.982,
KIC 8548427,8548427,,286.7937,44.638561,5897.0,0.992,1.106,
KIC 9286088,9286088,,293.93832,45.719021,6356.0,1.325,1.191,
KIC 6289344,6289344,,293.20773,41.698582,5269.0,0.727,0.812,
KIC 9883606,9883606,Kepler-1598,288.46909,46.78368,6164.0,1.09,1.032,619.862
KIC 5860968,5860968,Kepler-1599,286.22089,41.151249,5998.0,1.139,0.998,1328.2
KIC 3645438,3645438,Kepler-1600,291.39938,38.78775,5119.0,0.834,0.818,1030.81
KIC 8480582,8480582,Kepler-1702,284.9725,44.567551,5242.0,0.734,0.815,857.14
KIC 5197233,5197233,,294.63516,40.322128,6642.0,1.136,1.157,
KIC 10936786,10936786,,298.46341,48.32185,5814.0,1.549,1.019,
KIC 6938264,6938264,,288.44305,42.45676,4518.0,0.72,0.735,
KIC 9899315,9899315,,295.19983,46.731731,6089.0,0.95,1.031,
KIC 9541089,9541089,,297.27448,46.117908,5819.0,0.881,0.884,
KIC 3650049,3650049,,292.58087,38.70911,5313.0,0.768,0.714,
KIC 9641076,9641076,,288.0498,46.35833,5584.0,0.932,0.849,
KIC 8741470,8741470,,286.35339,44.961182,5751.0,1.143,0.956,
KIC 10525049,10525049,Kepler-1948,287.36404,47.78521,3872.0,0.557,0.585,193.903
KIC 5095082,5095082,Kepler-1951,290.49988,40.287689,5468.0,1.306,0.923,1277.32
KIC 12418891,12418891,,296.47104,51.215221,5629.0,0.87,0.987,
KIC 3839294,3839294,,288.05292,38.93792,4832.0,6.897,1.553,
KIC 7698701,7698701,,296.82007,43.38802,5835.0,0.847,0.935,
KIC 2830919,2830919,,285.47534,38.099361,5974.0,0.989,0.944,
KIC 2997459,2997459,,293.13098,38.159679,5410.0,0.859,0.834,
KIC 8330207,8330207,,300.92484,44.24968,5234.0,3.739,1.39,
KIC 10858737,10858737,,290.70651,48.226559,6963.0,1.375,1.233,
KIC 6752002,6752002,Kepler-1945,281.89813,42.28587,4991.0,0.804,0.767,
KIC 7257966,7257966,Kepler-1946,282.33563,42.84544,5505.0,0.873,0.887,1002.12
KIC 3644738,3644738,,291.2276,38.771351,6117.0,0.947,1.025,
KIC 9406892,9406892,,292.96982,45.905579,5921.0,0.83,0.733,
KIC 9202434,9202434,,283.72552,45.676849,6392.0,1.162,1.232,
KIC 8487645,8487645,,288.85028,44.596939,8473.0,2.052,2.036,
KIC 10407482,10407482,Kepler-1577,292.95526,47.573101,4934.0,1.756,0.952,510.029
KIC 5817613,5817613,,298.48425,41.06921,5590.0,0.839,0.934,
KIC 7901016,7901016,,295.1333,43.631432,5745.0,1.763,1.027,
KIC 5385410,5385410,,297.58194,40.5313,6290.0,1.506,1.123,
KIC 9910942,9910942,,298.82495,46.713531,6245.0,2.179,1.16,
KIC 7749002,7749002,,290.39172,43.440338,5936.0,0.965,1.075,
KIC 10924340,10924340,,293.80884,48.36562,6187.0,0.937,1.011,
KIC 5371777,5371777,Kepler-1589,294.4418,40.571678,6117.0,1.244,1.17,1513.14
KIC 3848083,3848083,,290.81589,38.970921,5841.0,0.931,1.047,
KIC 6359926,6359926,,290.39505,41.78157,5952.0,0.928,0.94,
KIC 6629993,6629993,,297.83713,42.079369,5017.0,0.792,0.776,
KIC 8324518,8324518,,299.27658,44.291981,5398.0,0.811,0.896,
KIC 10427700,10427700,,299.41986,47.562832,5665.0,3.266,1.478,
KIC 3103473,3103473,,287.84,38.255489,5266.0,0.741,0.83,
KIC 11296045,11296045,,291.36188,49.02198,,,,
KIC 3124598,3124598,,293.29227,38.2118,6313.0,1.259,1.005,
KIC 6879171,6879171,Kepler-1947,296.10406,42.34259,6040.0,1.686,0.984,468.771
KIC 9897364,9897364,Kepler-1562,294.45569,46.743561,6341.0,1.299,1.165,2060.72
KIC 12505503,12505503,Kepler-1563,288.57358,51.472752,5757.0,0.881,0.974,616.697
KIC 3548639,3548639,,292.47888,38.657921,6845.0,2.324,1.529,
KIC 4390912,4390912,,297.33377,39.44759,4643.0,7.906,0.898,
KIC 7115925,7115925,,291.21338,42.625599,6287.0,1.693,1.211,
KIC 5785279,5785279,,290.01245,41.089989,5486.0,0.996,0.885,
KIC 10526887,10526887,Kepler-1578,288.302,47.775551,6046.0,1.023,1.011,1064.05
KIC 3545583,3545583,,291.69104,38.61499,6198.0,0.974,0.872,
KIC 12456063,12456063,,289.01178,51.376019,6240.0,1.252,1.214,
KIC 8374741,8374741,,295.07507,44.382992,5786.0,0.856,0.898,
KIC 5096053,5096053,,290.81366,40.254875,6694.0,1.732,1.333,
KIC 3247503,3247503,,294.48499,38.352859,5901.0,0.848,0.938,
KIC 5802637,5802637,,295.21127,41.086971,5573.0,0.839,0.939,
KIC 9828127,9828127,Kepler-1564,290.58612,46.642689,5505.0,0.909,0.955,908.805
KIC 4281068,4281068,,295.88568,39.31599,6428.0,1.44,1.273,
KIC 9092496,9092496,,293.20139,45.454399,6997.0,1.0,1.155,
KIC 5644412,5644412,Kepler-1565,297.95297,40.806808,5107.0,0.723,0.794,629.93
KIC 9959545,9959545,,295.22089,46.823879,5687.0,0.79,0.882,
KIC 9641144,9641144,,288.09009,46.322948,6444.0,1.079,1.107,
KIC 8572168,8572168,,296.20578,44.660446,6028.0,2.244,1.276,
KIC 4472143,4472143,,293.72528,39.511971,6186.0,1.253,1.305,
KIC 12509829,12509829,,291.06168,51.404781,5553.0,0.806,0.903,
KIC 7368137,7368137,,293.42361,42.917641,5808.0,0.786,0.871,
KIC 9027841,9027841,,293.95221,45.31826,4898.0,0.568,0.57,
KIC 8953414,8953414,,291.98572,45.211441,4965.0,0.771,0.744,
KIC 2576962,2576962,,291.7005,37.843731,6060.0,1.057,1.067,
KIC 10140274,10140274,,291.51819,47.139301,4849.0,0.738,0.723,
KIC 10730070,10730070,Kepler-1590,291.40781,48.017891,6202.0,1.072,1.05,771.152
KIC 4458109,4458109,,289.75626,39.57645,6935.0,1.918,1.197,
KIC 8345384,8345384,,282.12888,44.303162,5595.0,0.82,0.917,
KIC 2831055,2831055,Kepler-1601,285.51294,38.079739,5991.0,1.092,1.032,644.456
KIC 11044826,11044826,,298.00357,48.56424,6412.0,1.04,1.084,
KIC 6681687,6681687,,288.79703,42.1689,6050.0,0.896,0.979,
KIC 7703882,7703882,Kepler-1954,298.00293,43.35461,5840.0,0.849,0.942,1373.83
KIC 8179190,8179190,,296.2478,44.07679,6425.0,2.16,1.237,
KIC 9777724,9777724,,294.7005,46.573132,6384.0,1.086,1.129,
KIC 9072639,9072639,,283.85291,45.48526,6017.0,2.639,1.269,
KIC 5340878,5340878,Kepler-1566,283.58762,40.574928,5102.0,0.837,0.811,466.586
KIC 10273903,10273903,,291.79666,47.385929,5561.0,0.836,0.919,
KIC 7450747,7450747,Kepler-1949,293.5423,43.0261,6028.0,1.454,1.194,2617.35
KIC 7826620,7826620,Kepler-1579,293.28802,43.514992,4296.0,0.505,0.503,
KIC 8890924,8890924,Kepler-1993,293.79684,45.160728,5159.0,3.062,1.373,1031.91
KIC 8483241,8483241,,286.53278,44.554569,6004.0,1.008,1.043,
KIC 8573193,8573193,Kepler-1591,296.51666,44.608608,5984.0,0.906,0.993,1419.58
KIC 9240664,9240664,,299.20667,45.64547,5575.0,3.515,1.48,
KIC 7281411,7281411,,291.58682,42.827621,5277.0,0.64,0.628,
KIC 6528141,6528141,,293.6228,41.966492,6091.0,0.967,1.045,
KIC 8106112,8106112,,294.73132,43.989361,5822.0,0.898,0.994,
KIC 4054784,4054784,,290.88486,39.115921,5487.0,0.815,0.899,
KIC 10745365,10745365,,296.896,48.04726,6210.0,0.986,1.035,
KIC 5563937,5563937,,299.08536,40.774529,6181.0,1.006,1.074,
KIC 8396660,8396660,,301.15656,44.379532,6355.0,1.319,1.269,
KIC 10736179,10736179,,293.82782,48.054241,5296.0,0.752,0.835,
KIC 6119921,6119921,,290.62659,41.490959,6167.0,1.01,1.046,
KIC 5084171,5084171,Kepler-1567,286.69522,40.291809,5858.0,0.903,0.944,1206.11
KIC 4141587,4141587,,286.77161,39.266941,4673.0,16.823,2.666,
KIC 3834317,3834317,,286.04739,38.979851,6911.0,3.339,1.865,
KIC 10593535,10593535,Kepler-1568,289.18265,47.873379,5821.0,1.21,1.025,916.313
KIC 5992210,5992210,,299.60825,41.268341,6077.0,0.961,0.953,
KIC 4284980,4284980,,296.63315,39.327141,5897.0,0.891,0.983,
KIC 9302543,9302543,,299.08658,45.776821,6732.0,3.276,1.676,
KIC 9716028,9716028,,294.20984,46.479969,6180.0,1.54,1.237,
KIC 6223324,6223324,,296.81158,41.51569,6065.0,0.947,1.022,
KIC 9701962,9701962,Kepler-1617,287.93719,46.418491,5432.0,1.707,1.046,898.31
KIC 6685646,6685646,,290.04114,42.10574,5821.0,0.848,0.937,
KIC 4574319,4574319,,294.99649,39.629921,5513.0,0.862,0.948,
KIC 7741837,7741837,,287.39777,43.414341,6749.0,1.9,1.419,
KIC 11137065,11137065,,291.61646,48.775639,5496.0,0.927,0.798,
KIC 11093335,11093335,,296.04196,48.681351,7217.0,2.343,1.562,
KIC 9394768,9394768,,287.25299,45.90934,6065.0,1.061,1.163,
KIC 9773980,9773980,,293.28015,46.560089,5702.0,1.245,0.997,
KIC 12004971,12004971,,286.62854,50.471272,6380.0,1.46,1.351,
KIC 3644602,3644602,,291.18927,38.731159,6256.0,0.932,0.986,
KIC 10467714,10467714,,290.77655,47.64843,5574.0,0.805,0.756,
KIC 11912941,11912941,,290.97906,50.258148,6122.0,0.996,1.07,
KIC 4141593,4141593,,286.77313,39.277531,5999.0,1.177,0.926,
KIC 7778427,7778427,,299.09537,43.439098,6256.0,1.293,1.135,
KIC 6525106,6525106,,292.68515,41.905918,5910.0,0.855,0.945,
KIC 6523058,6523058,,292.02621,41.984119,5799.0,0.86,0.955,
KIC 5977470,5977470,Kepler-1653,296.45776,41.266022,4821.0,0.788,0.765,
KIC 11769689,11769689,,295.09201,49.940079,6102.0,1.018,1.058,
KIC 4355503,4355503,,288.86853,39.496132,3585.0,0.388,0.406,
KIC 6119923,6119923,,290.62686,41.4604,4891.0,0.791,0.764,
KIC 6126076,6126076,,292.61426,41.437229,6508.0,1.447,1.111,
KIC 9209183,9209183,,287.56268,45.679008,6187.0,1.006,1.026,
KIC 6153407,6153407,Kepler-1911,299.3028,41.441017,5721.0,0.972,0.954,269.912
KIC 5955621,5955621,,290.27658,41.269341,5984.0,1.089,1.142,
KIC 11519187,11519187,Kepler-1964,297.05902,49.4785,4803.0,0.698,0.752,
KIC 8417078,8417078,Kepler-1619,285.70346,44.422001,6144.0,1.393,0.999,734.85
KIC 9457948,9457948,,288.70859,46.018188,6258.0,1.046,1.102,
KIC 4852297,4852297,,296.06665,39.938011,6335.0,1.072,1.12,
KIC 9851845,9851845,,299.0098,46.684738,5233.0,0.824,0.764,
KIC 9474483,9474483,,295.46341,46.01123,6077.0,0.999,1.077,
KIC 4072271,4072271,,295.31512,39.141048,6990.0,1.785,1.515,
KIC 9898017,9898017,Kepler-1960,294.69696,46.720188,6371.0,1.072,1.117,1527.56
KIC 8613218,8613218,,286.78354,44.73737,6122.0,0.964,1.041,
KIC 8548069,8548069,,286.58829,44.640411,6343.0,1.137,1.213,
KIC 6278762,6278762,Kepler-444,289.75229,41.634605,5051.0,0.721,0.692,36.4396
KIC 8098212,8098212,,292.02829,43.946362,5252.0,0.783,0.896,
KIC 3127911,3127911,,294.01822,38.226292,8711.0,2.954,1.987,
KIC 6369131,6369131,,293.43478,41.716881,5684.0,2.032,1.239,
KIC 7820699,7820699,,291.22043,43.574268,5376.0,0.727,0.769,
KIC 10399321,10399321,,289.61856,47.557968,5601.0,1.342,0.915,
KIC 10257229,10257229,,283.70471,47.385288,6208.0,1.024,1.086,
KIC 3539231,3539231,,289.90417,38.651371,5854.0,1.528,1.107,
KIC 6311891,6311891,,298.75836,41.631031,5525.0,0.923,0.957,
KIC 7837733,7837733,,296.66855,43.540569,6418.0,1.171,1.241,
KIC 2578017,2578017,,291.91415,37.807819,5728.0,0.804,0.896,
KIC 7834045,7834045,,295.59735,43.596401,5929.0,1.518,1.116,
KIC 10663738,10663738,,291.12744,47.938801,6469.0,1.193,1.26,
KIC 7891294,7891294,,291.88797,43.649811,6108.0,1.336,1.162,
KIC 8625732,8625732,,292.14804,44.70414,5632.0,0.853,0.952,
KIC 2831251,2831251,,285.56747,38.040691,6175.0,1.041,1.013,
KIC 6721380,6721380,,298.91083,42.18504,6088.0,1.339,1.097,
KIC 7694615,7694615,,295.66672,43.37035,5400.0,0.898,0.816,
KIC 6201203,6201203,,290.57632,41.546188,5957.0,0.937,1.026,
KIC 4556468,4556468,Kepler-1609,290.14655,39.665821,5802.0,1.316,1.044,1826.04
KIC 9222516,9222516,,293.52997,45.66433,6607.0,1.204,1.224,
KIC 5431027,5431027,,285.59543,40.679722,5602.0,1.121,0.852,
KIC 7285673,7285673,,292.93552,42.824871,6106.0,0.982,0.893,
KIC 5282437,5282437,,293.94012,40.447189,6217.0,0.989,1.056,
KIC 7747457,7747457,Kepler-1613,289.87506,43.420959,6302.0,1.269,1.063,1508.33
KIC 8652360,8652360,,300.23587,44.76952,5367.0,0.687,0.757,
KIC 9602421,9602421,,297.09583,46.211021,6018.0,1.458,0.934,
KIC 6070337,6070337,,299.01312,41.329311,5485.0,0.762,0.796,
KIC 5954001,5954001,,289.77954,41.214409,6049.0,1.354,1.189,
KIC 4373195,4373195,,293.72,39.446449,9005.0,2.773,1.941,
KIC 5090937,5090937,,289.26575,40.255482,8092.0,3.267,2.068,
KIC 8196226,8196226,,300.6496,44.05574,6174.0,1.041,0.987,
KIC 9002538,9002538,,283.35046,45.339111,6117.0,1.298,1.079,
KIC 6359175,6359175,,290.16418,41.782631,5583.0,0.824,0.899,
KIC 8104207,8104207,,294.12762,43.975128,5822.0,0.898,0.994,
KIC 5642688,5642688,,297.60236,40.803219,5751.0,0.921,0.834,
KIC 10026502,10026502,Kepler-1620,297.27087,46.928421,6210.0,1.054,1.028,895.069
KIC 3953173,3953173,,291.20007,39.053982,4623.0,0.534,0.545,
KIC 8037926,8037926,,294.91486,43.862431,6225.0,1.031,1.091,
KIC 5552562,5552562,,296.77414,40.793282,5843.0,0.977,1.036,
KIC 6186182,6186182,,284.68292,41.592411,5919.0,1.0,1.114,
KIC 4073017,4073017,,295.47382,39.124561,5352.0,0.805,0.919,
KIC 10585749,10585749,,285.15942,47.88274,5500.0,1.221,0.92,
KIC 9579208,9579208,,287.6376,46.204411,6263.0,1.726,1.147,
KIC 6437617,6437617,,290.0632,41.81522,6167.0,1.064,1.149,
KIC 8453851,8453851,,298.96481,44.45277,7523.0,2.206,1.719,
KIC 11650401,11650401,Kepler-1614,284.87134,49.775909,5376.0,0.806,0.897,1191.19
KIC 9873759,9873759,,282.61804,46.787521,5406.0,0.819,0.907,
KIC 9773270,9773270,,292.98517,46.506569,5619.0,0.976,1.069,
KIC 9457728,9457728,,288.59967,46.031712,6311.0,1.918,1.324,
KIC 9516728,9516728,,287.08252,46.104069,6140.0,1.096,0.989,
KIC 4825872,4825872,,288.84711,39.934311,6382.0,1.961,1.222,
KIC 4680772,4680772,,297.77899,39.776001,6434.0,1.441,1.224,
KIC 8110733,8110733,,296.17621,43.931751,6967.0,1.565,1.403,
KIC 2303903,2303903,,291.64294,37.632408,5420.0,0.771,0.864,
KIC 9278216,9278216,,290.7377,45.725368,5973.0,0.857,0.945,
KIC 8355131,8355131,,287.50766,44.31424,5623.0,0.763,0.853,
KIC 12645057,12645057,,289.26697,51.751221,5807.0,0.8,0.886,
KIC 4844367,4844367,,294.22134,39.989521,5729.0,0.939,1.037,
KIC 10937749,10937749,,298.78278,48.312809,6058.0,0.867,0.95,
KIC 9100953,9100953,Kepler-1610,295.90503,45.40543,5295.0,0.8,0.825,864.331
KIC 8332521,8332521,,301.56284,44.240391,6146.0,0.987,1.006,
KIC 10407086,10407086,,292.79254,47.576721,5574.0,2.174,1.134,
KIC 4073089,4073089,,295.49011,39.105862,7078.0,1.568,1.401,
KIC 6065351,6065351,,297.85822,41.330231,6526.0,2.238,1.398,
KIC 4060229,4060229,,292.35605,39.11945,5944.0,1.123,0.905,
KIC 6761777,6761777,Kepler-1615,286.35922,42.227482,5749.0,1.876,1.288,1393.83
KIC 9412623,9412623,Kepler-1618,295.17538,45.930908,6720.0,1.289,1.261,1229.25
KIC 3644505,3644505,,291.16129,38.710602,5963.0,1.176,1.056,
KIC 4664743,4664743,,294.46487,39.725391,7758.0,1.918,1.713,
KIC 4735826,4735826,Kepler-1972,288.39529,39.872627,5788.0,1.376,1.039,287.339
KIC 6593734,6593734,,287.82877,42.061642,5942.0,0.938,1.028,
KIC 8443527,8443527,,296.29056,44.42326,6335.0,1.087,1.017,
KIC 9711297,9711297,,292.26291,46.430641,6343.0,1.137,1.213,
KIC 8395860,8395860,,300.9288,44.356293,5780.0,1.0,1.0,
KIC 7778621,7778621,Kepler-1967,299.13779,43.498638,4970.0,1.806,0.996,249.102
KIC 5956354,5956354,,290.51785,41.238762,6018.0,0.975,1.058,
KIC 8109107,8109107,,295.7023,43.900928,5949.0,1.041,0.968,
KIC 6200529,6200529,,290.35947,41.552052,4407.0,0.69,0.681,
KIC 10907132,10907132,,284.6134,48.37347,5869.0,0.942,1.054,
KIC 6520753,6520753,,291.2941,41.91283,5490.0,0.81,0.864,
KIC 6929285,6929285,,284.65338,42.48835,5529.0,0.775,0.839,
KIC 4848321,4848321,,295.19534,39.92725,5964.0,0.987,1.049,
KIC 12255382,12255382,,289.74673,50.99371,5570.0,0.855,0.971,
KIC 6522745,6522745,,291.9281,41.968441,6260.0,1.063,1.118,
KIC 9893468,9893468,,292.93643,46.753021,6120.0,1.699,1.306,
KIC 11655826,11655826,,288.44839,49.714031,5874.0,0.933,1.001,
KIC 1721157,1721157,,291.45734,37.206841,5119.0,0.781,0.879,
KIC 11076276,11076276,,287.64566,48.638821,6077.0,0.999,1.077,
KIC 12012439,12012439,,291.21246,50.45356,5547.0,0.865,0.932,
KIC 9947653,9947653,,290.25931,46.885109,5303.0,1.964,1.042,
KIC 4374610,4374610,,294.04175,39.457371,6667.0,1.213,1.233,
KIC 5253802,5253802,,283.83884,40.421974,5780.0,1.0,1.0,
KIC 12554634,12554634,,289.18149,51.562538,5356.0,0.78,0.872,
KIC 6264750,6264750,,283.57269,41.695728,6015.0,1.057,0.806,
KIC 11290515,11290515,,288.34488,49.021938,5929.0,1.145,1.087,
KIC 8493354,8493354,,291.09943,44.545689,6173.0,1.167,1.023,
KIC 4545570,4545570,Kepler-1961,286.33011,39.683182,5401.0,0.777,0.871,1042.45
KIC 7598111,7598111,,288.53769,43.258904,5780.0,1.0,1.0,
KIC 5457326,5457326,,294.3735,40.65144,4705.0,0.72,0.707,
KIC 8240746,8240746,,294.43747,44.180901,5680.0,0.75,0.807,
KIC 9652655,9652655,,293.26266,46.30888,6246.0,1.092,1.18,
KIC 10140843,10140843,,291.73361,47.109161,6054.0,0.889,0.966,
KIC 8628761,8628761,,293.37381,44.727982,6728.0,1.836,1.192,
KIC 10473272,10473272,,293.05508,47.606739,5910.0,0.94,1.032,
KIC 4750669,4750669,,292.96661,39.899639,5613.0,0.795,0.888,
KIC 9824928,9824928,,289.05286,46.67593,4289.0,0.554,0.541,
KIC 6717252,6717252,,298.08716,42.164349,5600.0,1.013,0.837,
KIC 5817685,5817685,,298.4985,41.08337,5960.0,1.163,0.964,
KIC 4902202,4902202,,283.69351,40.018021,5645.0,1.155,0.969,
KIC 7282042,7282042,,291.78796,42.834099,6473.0,1.182,1.087,
KIC 7523542,7523542,,290.51251,43.10128,5610.0,0.815,0.887,
KIC 3109937,3109937,,289.77826,38.262741,5595.0,0.82,0.917,
KIC 9386171,9386171,,282.24762,45.930779,4977.0,0.734,0.799,
KIC 11350118,11350118,,291.69516,49.187859,4328.0,0.594,0.58,
KIC 11671579,11671579,Kepler-1611,296.51205,49.72776,5578.0,1.497,1.001,908.444
KIC 11553598,11553598,,288.74072,49.543018,6432.0,1.136,1.131,
KIC 12069414,12069414,,295.45059,50.54211,5286.0,0.776,0.722,
KIC 9216775,9216775,Kepler-1612,291.25027,45.655071,5500.0,0.87,0.974,764.726
KIC 2572029,2572029,,290.60806,37.801891,6103.0,1.16,1.05,
KIC 7905106,7905106,,296.33688,43.60009,5735.0,0.883,0.903,
KIC 9007151,9007151,,285.66843,45.374771,5461.0,0.769,0.838,
KIC 4450844,4450844,,287.31485,39.538181,5843.0,1.471,0.963,
KIC 8443265,8443265,,296.20569,44.498989,4954.0,0.724,0.699,
KIC 3240406,3240406,,292.77634,38.39397,7624.0,2.152,1.803,
KIC 11181260,11181260,,286.56033,48.893051,6392.0,1.162,1.232,
KIC 5090803,5090803,,289.2247,40.260818,6471.0,1.302,0.855,
KIC 2558163,2558163,,287.06534,37.899479,5957.0,0.791,0.865,
KIC 8107611,8107611,,295.24191,43.972599,6738.0,1.692,1.351,
KIC 8377197,8377197,,295.85498,44.301601,6717.0,1.365,1.266,
KIC 6137779,6137779,,295.85782,41.415691,6737.0,1.41,1.232,
KIC 11913072,11913072,,291.06143,50.22694,6341.0,1.111,1.154,
KIC 8752940,8752940,,291.58875,44.907509,5086.0,1.611,0.951,
KIC 9083470,9083470,,289.72168,45.439758,5288.0,0.74,0.828,
KIC 5783732,5783732,,289.5531,41.056931,6146.0,1.141,0.954,
KIC 7900100,7900100,,294.85272,43.686459,6194.0,1.02,1.086,
KIC 9849884,9849884,,298.45123,46.620861,6123.0,1.86,1.208,
KIC 11243547,11243547,,291.54214,48.991192,3754.0,0.43,0.443,
KIC 4384909,4384909,,296.22168,39.405762,5383.0,0.933,0.972,
KIC 9009036,9009036,Kepler-1616,286.54364,45.304871,6547.0,1.63,1.289,1137.81
KIC 11506654,11506654,,291.51758,49.43462,5818.0,1.5,1.2,
KIC 5687700,5687700,,285.22415,40.958931,5955.0,0.883,0.972,
KIC 8806985,8806985,,286.51355,45.038044,6483.0,1.436,1.212,
KIC 10491525,10491525,,298.90598,47.611359,6403.0,2.391,1.233,
KIC 3859042,3859042,,293.73605,38.940041,5348.0,0.748,0.838,
KIC 6527078,6527078,,293.29279,41.997589,5361.0,0.774,0.848,
KIC 4946049,4946049,,297.23672,40.034039,8046.0,3.339,2.06,
KIC 2857607,2857607,Kepler-1965,292.51468,38.02206,5852.0,0.837,0.928,521.791
KIC 5559651,5559651,,298.22543,40.783989,5730.0,0.87,0.968,
KIC 5962262,5962262,Kepler-1966,292.46387,41.299068,5009.0,0.84,0.797,484.601
KIC 5437348,5437348,,288.23523,40.612839,6578.0,1.744,1.36,
KIC 8429668,8429668,,291.39969,44.473099,5242.0,2.243,0.808,
KIC 7429240,7429240,Kepler-1606,286.37827,43.07325,5462.0,0.946,0.924,831.287
KIC 10120548,10120548,,282.19565,47.105679,5051.0,0.706,0.786,
KIC 4474462,4474462,,294.30099,39.519058,5860.0,1.156,0.922,
KIC 7032001,7032001,,291.27859,42.53738,5776.0,0.758,0.832,
KIC 10003058,10003058,,288.01013,46.978519,5814.0,2.985,1.556,
KIC 9031703,9031703,,295.21426,45.324509,5354.0,1.863,1.071,
KIC 6199864,6199864,,290.16943,41.54974,4227.0,0.62,0.614,
KIC 9577855,9577855,,286.83643,46.288509,6355.0,1.09,1.134,
KIC 12204137,12204137,,288.87082,50.815559,5271.0,0.831,0.839,
KIC 4386607,4386607,,296.52655,39.49091,5853.0,0.868,0.961,
KIC 5389956,5389956,,298.54257,40.51479,5897.0,0.891,0.983,
KIC 12108364,12108364,,289.97791,50.668259,5838.0,0.897,0.992,
KIC 8295671,8295671,,290.3602,44.273361,6038.0,0.898,0.982,
KIC 10407210,10407210,,292.83698,47.55394,6652.0,1.863,1.378,
KIC 7457278,7457278,,295.30386,43.059681,6047.0,1.002,1.081,
KIC 3934657,3934657,,284.73474,39.045361,5753.0,0.869,0.951,
KIC 7515336,7515336,,287.67059,43.197239,5687.0,1.32,0.986,
KIC 8984755,8984755,,300.94925,45.247952,5602.0,1.051,0.851,
KIC 7366895,7366895,,293.06857,42.957211,5914.0,0.971,0.973,
KIC 6200612,6200612,,290.38583,41.552311,6360.0,0.999,1.044,
KIC 9777200,9777200,,294.51309,46.500759,6858.0,3.096,1.88,
KIC 3557560,3557560,,294.67126,38.698971,5635.0,1.252,0.972,
KIC 12109267,12109267,,290.51242,50.649288,6384.0,1.15,1.027,
KIC 8700895,8700895,,296.04425,44.80529,5753.0,1.157,1.016,
KIC 5003670,5003670,Kepler-1962,289.5484,40.1642,5700.0,1.006,1.003,866.826
KIC 5200084,5200084,,295.33606,40.392132,7846.0,3.05,2.29,
KIC 4144873,4144873,,288.03705,39.208988,4687.0,8.123,0.988,
KIC 9171886,9171886,,297.81274,45.508678,5680.0,0.757,0.797,
KIC 3337061,3337061,,290.03314,38.426861,5780.0,1.0,1.0,
KIC 5696918,5696918,,289.07382,40.977531,3925.0,0.421,0.432,
KIC 12265786,12265786,,295.41479,50.979012,4985.0,0.63,0.688,
KIC 8487838,8487838,,288.95825,44.577999,5893.0,0.941,1.033,
KIC 10873178,10873178,,296.3609,48.213001,6035.0,0.777,0.864,
KIC 11337012,11337012,,284.04172,49.138199,5555.0,0.832,0.824,
KIC 8359569,8359569,,289.63535,44.379711,6452.0,1.137,1.167,
KIC 8937762,8937762,,285.21283,45.2514,5521.0,0.771,0.864,
KIC 2720828,2720828,,293.14069,37.994469,6192.0,0.987,1.037,
KIC 9837828,9837828,,294.58066,46.610592,4992.0,0.854,0.81,
KIC 8652577,8652577,,300.29211,44.731041,6056.0,0.918,0.908,
KIC 8804937,8804937,,285.43997,45.011559,5900.0,0.951,1.065,
KIC 9947389,9947389,,290.14725,46.802872,5497.0,1.08,0.913,
KIC 11912987,11912987,,291.00818,50.255589,5957.0,0.971,1.083,
KIC 3765917,3765917,,295.96893,38.867168,5803.0,1.328,1.046,
KIC 4136659,4136659,,284.91156,39.298618,5923.0,1.049,1.013,
KIC 3438976,3438976,,290.12021,38.534821,6202.0,1.055,1.003,
KIC 7833305,7833305,,295.37476,43.500431,5421.0,0.816,0.739,
KIC 6610064,6610064,,292.97867,42.056492,5427.0,1.031,0.861,
KIC 12647577,12647577,,290.73434,51.770962,5772.0,0.992,1.028,
KIC 5476671,5476671,,298.75528,40.665218,5977.0,0.883,0.929,
KIC 7335972,7335972,,281.04361,42.975761,5561.0,0.854,0.968,
KIC 4252671,4252671,,288.86908,39.30986,5758.0,3.775,1.487,
KIC 2694632,2694632,,286.37338,37.919003,5631.0,1.485,1.046,
KIC 11153476,11153476,,298.43478,48.706139,6278.0,1.081,1.132,
KIC 6144039,6144039,,297.23273,41.433411,5441.0,0.964,0.881,
KIC 5428471,5428471,,284.34848,40.690659,5743.0,0.946,0.953,
KIC 7283710,7283710,,292.32425,42.88496,4957.0,0.763,0.772,
KIC 5985713,5985713,,298.26816,41.251663,6047.0,1.207,0.98,
KIC 10794509,10794509,,290.73431,48.16341,6745.0,2.144,1.336,
KIC 6839010,6839010,,282.58282,42.346352,5762.0,1.056,0.906,
KIC 9775385,9775385,,293.85294,46.590809,7675.0,2.015,1.665,
KIC 6197344,6197344,,289.41428,41.51004,5305.0,0.823,0.789,
KIC 11357664,11357664,,295.30652,49.179668,4362.0,0.64,0.627,
KIC 2576224,2576224,,291.54626,37.817749,7524.0,2.092,1.863,
KIC 3967501,3967501,,294.88538,39.084202,4766.0,5.915,1.059,
KIC 7272132,7272132,,288.63861,42.857288,6338.0,1.002,1.023,
KIC 6437226,6437226,,289.94693,41.802818,6014.0,0.993,1.101,
KIC 2710623,2710623,,290.89783,37.972778,5750.0,1.106,0.968,
KIC 3330684,3330684,,288.11703,38.437733,2900.0,0.132,0.107,
KIC 2696703,2696703,,287.0574,37.991367,6785.0,1.666,1.47,
KIC 7699298,7699298,,296.97321,43.394669,5412.0,1.629,0.845,
KIC 8430053,8430053,,291.53922,44.44706,6451.0,1.168,1.181,
KIC 7115661,7115661,,291.12354,42.663353,5780.0,1.0,1.0,
KIC 2853889,2853889,,291.75128,38.034431,6437.0,1.31,1.175,
KIC 12458605,12458605,,290.42307,51.388729,6045.0,0.954,0.994,
KIC 4845862,4845862,,294.60608,39.920361,4840.0,0.749,0.727,
KIC 10130057,10130057,,287.14621,47.183529,5426.0,0.805,0.903,
KIC 4953173,4953173,,298.74335,40.07214,5947.0,2.407,1.378,
KIC 9838608,9838608,,294.88477,46.646591,6063.0,0.918,0.994,
KIC 4247811,4247811,,287.17123,39.388329,5568.0,0.854,0.752,
KIC 6543645,6543645,,297.53574,41.940571,6088.0,1.463,1.103,
KIC 5352640,5352640,,288.72598,40.531631,5436.0,0.819,0.919,
KIC 8738244,8738244,,284.49561,44.988121,8247.0,7.762,3.253,
KIC 4157052,4157052,,291.48654,39.211723,6218.0,3.07,1.639,
KIC 10006641,10006641,,289.75653,46.952888,4982.0,0.736,0.771,
KIC 10815916,10815916,,298.23792,48.175758,6495.0,1.311,0.972,
KIC 3547760,3547760,,292.25284,38.60899,5289.0,0.748,0.717,
KIC 7281484,7281484,,291.61011,42.810459,6476.0,1.353,1.202,
KIC 4848115,4848115,,295.14267,39.93071,4856.0,0.66,0.701,
KIC 4048898,4048898,,289.24884,39.106541,5919.0,1.288,1.048,
KIC 5991765,5991765,,299.51422,41.220589,6200.0,1.834,1.162,
KIC 3962872,3962872,,293.72696,39.0368,6058.0,1.038,1.004,
KIC 11912911,11912911,,290.96017,50.284679,5340.0,0.777,0.871,
KIC 7045435,7045435,,295.18976,42.523319,6018.0,1.053,0.864,
KIC 2972800,2972800,,286.78522,38.151642,6028.0,0.938,0.802,
KIC 8573168,8573168,,296.50925,44.625912,5561.0,0.818,0.915,
KIC 10801249,10801249,,293.4678,48.12608,6323.0,1.263,1.15,
KIC 4587135,4587135,,297.59964,39.626339,5757.0,0.762,0.865,
KIC 3857860,3857860,,293.44537,38.929588,6148.0,1.741,1.016,
KIC 5024252,5024252,,295.29333,40.183308,5780.0,1.0,1.0,
KIC 7430876,7430876,,287.07892,43.068771,5780.0,1.0,1.0,
KIC 4843592,4843592,,294.02347,39.92408,5755.0,1.022,0.96,
KIC 9602775,9602775,,297.19739,46.22826,5404.0,0.694,0.789,
KIC 8955709,8955709,,292.8598,45.205791,4499.0,0.693,0.681,
KIC 7031430,7031430,,291.08929,42.590969,3453.0,0.358,0.364,
KIC 7133294,7133294,Kepler-1607,296.05984,42.65604,5771.0,1.382,0.89,1286.1
KIC 4381429,4381429,Kepler-1608,295.56357,39.417599,5364.0,0.754,0.702,
KIC 11912916,11912916,,290.96243,50.272629,5514.0,0.826,0.926,
KIC 12108293,12108293,,289.94019,50.652771,5383.0,0.736,0.824,
KIC 5301093,5301093,,298.12234,40.462349,5218.0,0.772,0.867,
KIC 5511659,5511659,,283.25119,40.72311,5543.0,1.111,0.937,
KIC 9640946,9640946,,287.97504,46.35326,5087.0,0.881,0.822,
KIC 9776186,9776186,,294.15503,46.575706,5780.0,1.0,1.0,
KIC 9752973,9752973,,282.19479,46.522888,6109.0,1.173,0.85,
KIC 8044600,8044600,,296.90204,43.839821,5730.0,0.87,0.968,
KIC 10220837,10220837,Kepler-1963,296.58755,47.207161,5726.0,0.979,0.915,492.847
KIC 10991239,10991239,,298.23517,48.49789,4136.0,44.448,1.777,
KIC 7583650,7583650,,281.73087,43.282341,6474.0,1.362,1.185,
KIC 9345819,9345819,,293.21414,45.82597,6249.0,1.076,1.13,
KIC 9180566,9180566,,300.1965,45.513931,,,,
KIC 3867794,3867794,,295.73773,38.903912,5763.0,0.998,1.107,
KIC 5819801,5819801,,298.90576,41.04261,5747.0,2.431,1.365,
KIC 11092040,11092040,,295.53461,48.677391,6047.0,0.988,0.962,
KIC 4851145,4851145,,295.82114,39.975479,5999.0,0.959,1.045,
KIC 10292540,10292540,,298.15717,47.331268,5713.0,0.851,0.948,
KIC 3732894,3732894,,286.94647,38.885189,5812.0,0.914,0.781,
KIC 6276791,6276791,Kepler-1958,289.10422,41.69014,5749.0,0.864,0.961,1320.38
KIC 8636600,8636600,Kepler-1959,296.02225,44.732658,5071.0,0.811,0.768,479.263
KIC 10220950,10220950,,296.62296,47.291142,6521.0,1.276,1.334,
KIC 10140122,10140122,,291.45813,47.15863,4973.0,0.788,0.891,
KIC 5033823,5033823,,297.27325,40.136761,5897.0,3.147,1.566,
KIC 10342316,10342316,,292.93661,47.499931,6056.0,0.975,0.973,
KIC 5305399,5305399,,298.93066,40.419102,5968.0,0.881,0.97,
KIC 3223433,3223433,,288.12555,38.347431,5803.0,1.015,1.044,
KIC 8803757,8803757,,284.72797,45.064968,5523.0,1.046,0.922,
KIC 12021811,12021811,,296.09058,50.408772,4205.0,0.624,0.614,
KIC 9479306,9479306,,297.05664,46.08353,5541.0,0.757,0.839,
KIC 5437762,5437762,,288.39761,40.6269,6358.0,1.141,1.082,
KIC 3962684,3962684,,293.68207,39.01112,5109.0,1.922,1.006,
KIC 4730442,4730442,,286.112,39.80323,5925.0,1.589,0.898,
KIC 9447166,9447166,Kepler-1459,282.42303,46.014019,4762.0,0.781,0.762,455.479
KIC 9643043,9643043,,289.15082,46.344151,5735.0,0.853,0.889,
KIC 8151055,8151055,Kepler-1460,285.5578,44.010792,4463.0,0.638,0.624,553.218
KIC 7177555,7177555,,283.01282,42.723679,4438.0,0.666,0.653,
KIC 4996057,4996057,,286.69318,40.170109,5086.0,2.247,0.877,
KIC 8349399,8349399,,284.38248,44.308231,5995.0,1.117,0.988,
KIC 6043562,6043562,,292.18646,41.328041,5269.0,0.748,0.822,
KIC 10615440,10615440,Kepler-1622,297.32889,47.815472,6025.0,1.196,1.119,796.477
KIC 4919550,4919550,,290.46756,40.056438,5032.0,0.859,0.81,
KIC 5802292,5802292,,295.10959,41.07579,6072.0,0.923,1.005,
KIC 5126932,5126932,,298.46381,40.216812,5780.0,1.0,1.0,
KIC 10034146,10034146,,299.52527,46.917549,5470.0,0.777,0.71,
KIC 4175105,4175105,,295.58548,39.299259,5981.0,1.043,0.933,
KIC 5645170,5645170,,298.12167,40.81358,5516.0,0.656,0.74,
KIC 9110610,9110610,,298.40958,45.461639,6194.0,2.241,1.189,
KIC 2437897,2437897,,290.26178,37.787189,4544.0,0.661,0.647,
KIC 9307966,9307966,,300.75897,45.71788,6181.0,1.006,1.074,
KIC 5556726,5556726,,297.62054,40.76302,4898.0,4.928,1.443,
KIC 2554853,2554853,,286.0275,37.89447,6908.0,1.614,1.155,
KIC 5208962,5208962,,297.19199,40.387951,6102.0,1.756,1.32,
KIC 7889486,7889486,,291.28296,43.608238,5763.0,0.904,1.002,
KIC 4742188,4742188,,290.38721,39.829941,6031.0,0.992,1.012,
KIC 8301878,8301878,,292.62964,44.283119,5631.0,0.901,0.89,
KIC 8233802,8233802,,291.97253,44.12999,5806.0,0.874,0.943,
KIC 7510820,7510820,Kepler-1461,285.83047,43.198391,4987.0,0.722,0.784,679.106
KIC 10221505,10221505,,296.78934,47.234531,5201.0,0.651,0.638,
KIC 6116035,6116035,,289.43906,41.492977,5691.0,2.079,1.096,
KIC 8958359,8958359,,293.81812,45.20153,6036.0,1.265,0.781,
KIC 11658036,11658036,,289.68073,49.745831,6701.0,1.289,1.292,
KIC 6665860,6665860,,282.09314,42.160271,5812.0,1.574,1.095,
KIC 7983117,7983117,Kepler-1988,298.67377,43.795479,6033.0,1.788,1.127,513.426
KIC 5480884,5480884,,299.54672,40.681911,4607.0,0.515,0.522,
KIC 12506417,12506417,,289.08319,51.47406,6496.0,1.257,1.153,
KIC 10187563,10187563,,281.86789,47.256649,6184.0,1.038,1.1,
KIC 5769810,5769810,,283.6788,41.096882,6537.0,2.829,1.677,
KIC 12071754,12071754,,296.40094,50.558338,5611.0,1.312,0.972,
KIC 10384298,10384298,,281.32745,47.584869,5383.0,1.401,0.926,
KIC 3109550,3109550,,289.67175,38.297871,5513.0,1.286,0.911,
KIC 9307105,9307105,,300.49106,45.796909,5463.0,0.794,0.883,
KIC 6880517,6880517,Kepler-1462,296.39752,42.396919,5436.0,0.819,0.919,1017.82
KIC 6615511,6615511,Kepler-1463,294.4873,42.00692,5973.0,0.935,1.024,1687.47
KIC 6131130,6131130,,294.13626,41.456692,5290.0,0.865,0.788,
KIC 3632089,3632089,Kepler-1464,287.23569,38.754162,5638.0,0.928,0.773,1151.73
KIC 4742452,4742452,,290.46088,39.837212,6108.0,1.08,1.147,
KIC 9959494,9959494,,295.19992,46.814621,6620.0,1.081,1.097,
KIC 4277304,4277304,,295.12238,39.391033,5285.0,0.876,0.821,
KIC 8626325,8626325,,292.40323,44.782009,5334.0,2.789,1.464,
KIC 3098605,3098605,,286.14777,38.241798,5285.0,0.775,0.805,
KIC 11456405,11456405,,292.50577,49.331959,5537.0,0.886,0.989,
KIC 4544684,4544684,,285.92587,39.669209,6077.0,0.891,0.974,
KIC 9005321,9005321,,284.76764,45.341228,4228.0,0.623,0.618,
KIC 8975368,8975368,,298.40298,45.29723,6033.0,1.316,0.948,
KIC 9291039,9291039,,295.71942,45.747559,6017.0,1.21,1.064,
KIC 5168498,5168498,,285.28674,40.342339,5127.0,2.38,0.825,
KIC 10489539,10489539,,298.35858,47.638592,6195.0,1.617,1.127,
KIC 9569711,9569711,Kepler-1912,282.11783,46.22393,5734.0,0.962,0.977,297.017
KIC 5563300,5563300,,298.96829,40.797352,5290.0,0.865,0.788,
KIC 12253769,12253769,,288.80457,50.99062,5401.0,0.918,0.894,
KIC 12735830,12735830,Kepler-1465,289.81934,51.90485,4774.0,1.954,0.959,359.497
KIC 8054719,8054719,,299.34955,43.8503,5934.0,0.871,0.767,
KIC 6592335,6592335,Kepler-1971,287.26215,42.03231,3396.0,0.28,0.28,
KIC 5651829,5651829,,299.46524,40.89109,5951.0,2.08,0.967,
KIC 4762283,4762283,,295.79251,39.89257,4281.0,0.48,0.485,
KIC 9094763,9094763,,293.98932,45.48415,5942.0,0.938,1.028,
KIC 3849187,3849187,,291.13574,38.90543,5591.0,0.86,0.977,
KIC 2976017,2976017,,287.81729,38.194809,5483.0,0.702,0.779,
KIC 6786224,6786224,,294.33328,42.26413,5802.0,0.857,0.922,
KIC 10338279,10338279,,291.37064,47.435509,5615.0,0.842,0.778,
KIC 4851239,4851239,,295.84006,39.931221,5798.0,0.941,1.038,
KIC 5009688,5009688,,291.38626,40.18026,5861.0,1.131,1.13,
KIC 11072016,11072016,,284.94226,48.666512,5942.0,1.05,1.104,
KIC 10057494,10057494,Kepler-1443,283.43576,47.06686,6258.0,1.239,1.135,593.646
KIC 7902003,7902003,,295.43915,43.676311,6312.0,2.074,1.443,
KIC 6587796,6587796,Kepler-1444,285.33063,42.040428,5731.0,1.066,0.977,319.675
KIC 9489953,9489953,,300.02124,46.090778,5896.0,3.006,1.472,
KIC 5305240,5305240,,298.89642,40.477009,5717.0,1.433,0.964,
KIC 11905409,11905409,,286.50211,50.246189,5904.0,0.867,0.958,
KIC 9571186,9571186,,283.04764,46.265331,4921.0,0.779,0.864,
KIC 9838060,9838060,,294.66592,46.665852,5561.0,0.818,0.915,
KIC 8554701,8554701,Kepler-1466,289.83121,44.609859,6086.0,0.921,1.003,631.949
KIC 5389632,5389632,,298.48325,40.585949,5799.0,0.878,0.975,
KIC 9031209,9031209,Kepler-1467,295.04855,45.342682,5288.0,0.74,0.828,852.888
KIC 5951416,5951416,,288.97574,41.279121,6225.0,0.931,0.958,
KIC 5612697,5612697,,289.57462,40.807594,5780.0,1.0,1.0,
KIC 8973285,8973285,,297.9487,45.255039,6032.0,0.973,1.055,
KIC 4645833,4645833,,289.07837,39.70882,5345.0,0.686,0.747,
KIC 8940918,8940918,,286.7695,45.234131,4440.0,0.653,0.646,
KIC 3758922,3758922,,294.47876,38.883659,5817.0,0.956,1.032,
KIC 8360041,8360041,,289.80804,44.362518,5215.0,0.864,0.854,
KIC 9827596,9827596,,290.36142,46.661331,6063.0,1.012,1.117,
KIC 9782748,9782748,,296.52145,46.540539,6046.0,1.007,1.111,
KIC 2860656,2860656,,293.17578,38.042019,6011.0,0.927,1.006,
KIC 6206559,6206559,,292.34503,41.585289,6106.0,2.477,1.352,
KIC 5024429,5024429,,295.31754,40.190639,6184.0,1.038,1.1,
KIC 9532117,9532117,,294.17792,46.191711,6277.0,1.869,1.138,
KIC 6928906,6928906,,284.45609,42.439831,7382.0,2.804,1.976,
KIC 9821151,9821151,,286.85983,46.625511,6353.0,1.132,1.104,
KIC 8073705,8073705,Kepler-1445,280.24945,43.915058,6035.0,1.303,1.009,506.357
KIC 4271474,4271474,Kepler-1469,293.82135,39.39135,5383.0,0.789,0.885,1159.3
KIC 5130983,5130983,,299.26376,40.263741,6208.0,1.024,1.086,
KIC 11093538,11093538,,296.11771,48.664108,6258.0,1.046,1.102,
KIC 11044779,11044779,,297.983,48.555649,5569.0,0.829,0.928,
KIC 6438379,6438379,,290.30505,41.838459,6043.0,0.894,0.933,
KIC 9145415,9145415,,287.58789,45.598492,5407.0,0.752,0.794,
KIC 4545926,4545926,,286.46796,39.652321,6356.0,1.225,1.068,
KIC 9396760,9396760,,288.43149,45.918869,6039.0,0.921,0.992,
KIC 5119619,5119619,,296.78345,40.229111,6098.0,0.932,0.976,
KIC 9582496,9582496,,289.4585,46.276379,5489.0,0.798,0.872,
KIC 7094944,7094944,,283.06223,42.629002,4807.0,0.758,0.737,
KIC 3343281,3343281,,291.73026,38.411461,6309.0,1.077,1.062,
KIC 2573108,2573108,,290.86154,37.885422,6700.0,4.146,1.893,
KIC 6425597,6425597,,285.09976,41.874378,5671.0,0.788,0.872,
KIC 9885417,9885417,Kepler-1446,289.42395,46.72617,4872.0,0.726,0.814,152.075
KIC 3336476,3336476,,289.87814,38.427269,8482.0,2.106,1.987,
KIC 10917433,10917433,,290.46509,48.332249,5761.0,1.044,0.96,
KIC 5091479,5091479,,289.44324,40.253529,6067.0,0.884,0.954,
KIC 9083564,9083564,,289.7605,45.455608,6210.0,1.434,1.098,
KIC 7335713,7335713,,280.90244,42.935719,5261.0,5.769,1.639,
KIC 8331612,8331612,Kepler-1915,301.27869,44.25053,6020.0,1.057,1.03,1514.66
KIC 5185765,5185765,,291.43582,40.35881,6253.0,1.55,1.107,
KIC 5965819,5965819,Kepler-1468,293.51984,41.277409,5794.0,1.496,1.072,1899.24
KIC 8328916,8328916,,300.58502,44.2131,6119.0,1.114,1.003,
KIC 11294883,11294883,,290.73477,49.086639,5325.0,1.565,0.9,
KIC 10155029,10155029,,296.67984,47.173313,5849.0,0.997,0.967,
KIC 11618569,11618569,,295.57159,49.607479,6247.0,1.066,1.122,
KIC 11973517,11973517,,296.59799,50.356651,4430.0,0.651,0.638,
KIC 5471566,5471566,,297.68759,40.670361,5559.0,0.838,0.917,
KIC 7345248,7345248,,285.45886,42.931049,5888.0,1.13,0.865,
KIC 5814013,5814013,,297.70941,41.028149,5300.0,0.66,0.731,
KIC 7117355,7117355,,291.65839,42.632439,5864.0,1.04,1.014,
KIC 5653072,5653072,,299.69125,40.855957,3857.0,34.674,0.954,
KIC 2707985,2707985,,290.25375,37.92691,7919.0,3.46,2.01,
KIC 9899141,9899141,,295.13477,46.76965,5655.0,0.998,0.979,
KIC 8183288,8183288,Kepler-437,297.34738,44.026939,4550.0,0.679,0.713,
KIC 11305996,11305996,,295.95798,49.041012,4267.0,0.67,0.662,
KIC 6690171,6690171,,291.42685,42.164082,5223.0,0.875,0.923,
KIC 6859801,6859801,,290.80301,42.34441,4946.0,0.715,0.694,
KIC 7767733,7767733,,296.4621,43.459728,5955.0,0.883,0.972,
KIC 5193659,5193659,,293.73444,40.307201,5562.0,1.373,0.973,
KIC 5201593,5201593,,295.66525,40.363739,5970.0,1.143,1.195,
KIC 6220312,6220312,,296.12253,41.561138,5851.0,0.918,1.007,
KIC 6358937,6358937,,290.09427,41.742779,5250.0,0.962,0.854,
KIC 9007609,9007609,,285.88486,45.380138,5088.0,0.806,0.763,
KIC 11038580,11038580,,295.77237,48.53656,5248.0,1.869,0.98,
KIC 7771181,7771181,,297.34842,43.421219,4810.0,0.696,0.677,
KIC 9509223,9509223,,282.67715,46.152851,6332.0,1.065,1.048,
KIC 6720773,6720773,,298.80429,42.164162,6143.0,1.121,1.025,
KIC 8056651,8056651,,299.81876,43.825741,6517.0,1.375,1.203,
KIC 4665991,4665991,,294.76459,39.762718,5941.0,0.911,1.001,
KIC 10191036,10191036,,283.85147,47.24366,6238.0,1.049,1.022,
KIC 10420301,10420301,,297.38513,47.543411,4371.0,0.559,0.587,
KIC 4366323,4366323,,291.93756,39.419941,5665.0,0.82,0.916,
KIC 2853029,2853029,,291.56476,38.074589,5316.0,0.902,0.875,
KIC 12156174,12156174,Kepler-1447,289.64343,50.727089,5541.0,1.295,0.945,890.296
KIC 4634135,4634135,,284.30792,39.70039,5204.0,0.634,0.624,
KIC 6955671,6955671,,293.94241,42.4259,6258.0,1.046,1.102,
KIC 5097856,5097856,,291.37067,40.216061,5700.0,0.718,0.806,
KIC 4736644,4736644,Kepler-1470,288.69501,39.883202,4915.0,0.812,0.781,590.601
KIC 5876805,5876805,,291.96497,41.122162,5799.0,0.86,0.955,
KIC 5818068,5818068,,298.56927,41.00351,5656.0,0.784,0.873,
KIC 10139390,10139390,,291.17566,47.10561,5375.0,0.752,0.7,
KIC 8278073,8278073,,281.55267,44.228531,5436.0,1.707,1.046,
KIC 5273713,5273713,,291.41714,40.48592,6406.0,1.715,1.219,
KIC 3526331,3526331,,285.31628,38.686619,6026.0,0.924,0.995,
KIC 10810859,10810859,,296.82895,48.173279,5886.0,1.0,1.083,
KIC 6767227,6767227,,288.52902,42.27626,6538.0,1.156,1.061,
KIC 11496490,11496490,,285.66937,49.439911,6332.0,1.205,1.08,
KIC 1430305,1430305,,290.9288,37.085251,6570.0,2.27,1.5,
KIC 7117549,7117549,,291.72806,42.680408,6403.0,1.086,1.127,
KIC 2986833,2986833,,290.78214,38.18779,3880.0,0.555,0.591,
KIC 12055539,12055539,Kepler-1448,287.8674,50.595581,6075.0,0.969,1.048,768.903
KIC 12056139,12056139,Kepler-1449,288.23175,50.567879,6269.0,1.155,1.237,2006.48
KIC 11853130,11853130,,285.09586,50.10096,3638.0,0.436,0.467,
KIC 4774646,4774646,,298.27521,39.850971,6462.0,1.309,1.153,
KIC 9345933,9345933,,293.25903,45.837448,4794.0,0.643,0.632,
KIC 10030778,10030778,,298.50607,46.948029,5838.0,0.897,0.992,
KIC 7870282,7870282,,282.17203,43.69651,5471.0,0.841,0.874,
KIC 11153259,11153259,,298.34344,48.702381,7894.0,3.521,1.995,
KIC 9021075,9021075,Kepler-1968,291.50812,45.370159,5008.0,0.788,0.844,750.93
KIC 5783938,5783938,,289.61075,41.019489,6011.0,0.902,0.988,
KIC 11338056,11338056,,284.76093,49.141979,4951.0,0.806,0.79,
KIC 3445812,3445812,,291.9837,38.595409,6123.0,0.846,0.941,
KIC 4473613,4473613,Kepler-1623,294.0827,39.556099,5520.0,0.873,0.972,837.481
KIC 10676750,10676750,,296.09842,47.992699,6084.0,0.863,0.944,
KIC 8960918,8960918,,294.59283,45.28772,5158.0,0.888,0.836,
KIC 4647662,4647662,,289.64139,39.788029,6445.0,1.087,1.125,
KIC 9822284,9822284,,287.55508,46.68224,5780.0,1.0,1.0,
KIC 8940700,8940700,,286.66867,45.208302,6200.0,1.287,0.99,
KIC 9581589,9581589,,288.97183,46.265202,6322.0,1.075,1.124,
KIC 11804437,11804437,,286.22812,50.01358,6031.0,1.068,0.972,
KIC 9850966,9850966,,298.75122,46.636261,4895.0,0.696,0.775,
KIC 8747009,8747009,,289.23987,44.99358,5587.0,0.965,0.801,
KIC 8826007,8826007,Kepler-1450,294.55383,45.08139,4406.0,0.603,0.621,505.829
KIC 8620402,8620402,Kepler-1913,290.21667,44.779678,6214.0,1.076,1.169,876.3
KIC 8379021,8379021,,296.40448,44.367458,5592.0,0.892,0.862,
KIC 8104030,8104030,,294.06802,43.936871,6006.0,1.055,0.867,
KIC 4813793,4813793,,283.69885,39.936642,5466.0,2.224,0.979,
KIC 5282477,5282477,,293.94794,40.455818,6055.0,1.098,1.126,
KIC 7266212,7266212,,286.21729,42.86092,6156.0,1.05,1.114,
KIC 6681546,6681546,,288.74893,42.191738,6040.0,0.999,1.07,
KIC 6421137,6421137,,282.87473,41.836727,6486.0,1.64,1.213,
KIC 9893278,9893278,,292.85391,46.77375,5503.0,0.742,0.69,
KIC 9419020,9419020,,297.2905,45.955029,3606.0,0.399,0.415,
KIC 4548162,4548162,,287.43542,39.692989,4214.0,0.601,0.588,
KIC 4270799,4270799,,293.65369,39.31641,5589.0,1.037,0.948,
KIC 8811490,8811490,,288.85754,45.097691,5767.0,1.497,0.987,
KIC 7293937,7293937,,295.25244,42.896114,5780.0,1.0,1.0,
KIC 8043721,8043721,,296.66177,43.811432,5699.0,0.853,0.95,
KIC 7985733,7985733,,299.33368,43.717815,3715.0,80.529,1.678,
KIC 8094120,8094120,,290.55087,43.994362,6514.0,1.585,1.127,
KIC 6522824,6522824,,291.95251,41.959911,4927.0,3.04,0.881,
KIC 6802536,6802536,,298.03253,42.20034,,,,
KIC 4750341,4750341,,292.8699,39.844429,5571.0,1.145,0.976,
KIC 9935642,9935642,,283.45764,46.819538,5516.0,1.101,0.898,
KIC 6612327,6612327,,293.6203,42.081871,5205.0,0.747,0.827,
KIC 7285757,7285757,Kepler-1986,292.95819,42.854889,5549.0,0.732,0.776,912.085
KIC 5211922,5211922,,297.79987,40.349281,5216.0,0.639,0.704,
KIC 5280587,5280587,Kepler-1451,293.44644,40.409889,5799.0,0.878,0.975,1058.72
KIC 8129005,8129005,,300.78387,43.962059,6354.0,1.016,1.067,
KIC 4840156,4840156,,293.09384,39.974579,5823.0,1.187,0.986,
KIC 4138008,4138008,Kepler-442,285.36658,39.280079,4401.0,0.595,0.613,365.965
KIC 4262040,4262040,,291.5072,39.323662,5132.0,2.648,1.211,
KIC 6468904,6468904,,298.68402,41.83149,5683.0,0.747,0.835,
KIC 5709906,5709906,,293.17435,40.950809,5896.0,0.914,1.0,
KIC 4840672,4840672,,293.24039,39.949444,4781.0,0.596,0.618,
KIC 9777556,9777556,,294.64285,46.549412,4894.0,13.777,1.928,
KIC 7287677,7287677,,293.54733,42.828442,5937.0,0.83,0.908,
KIC 10753922,10753922,,299.13177,48.06171,5440.0,0.98,0.972,
KIC 5980061,5980061,,297.04388,41.284012,5458.0,0.894,0.884,
KIC 7692248,7692248,,294.95074,43.324341,5999.0,0.959,1.045,
KIC 4059887,4059887,,292.26559,39.129841,5858.0,2.638,1.358,
KIC 8288741,8288741,,287.36786,44.27322,5791.0,0.852,0.885,
KIC 6852354,6852354,,288.42035,42.309509,,,,
KIC 6691169,6691169,,291.72189,42.117298,6622.0,1.325,1.372,
KIC 5303346,5303346,,298.54089,40.471642,5306.0,0.79,0.81,
KIC 3858879,3858879,,293.69415,38.995628,5889.0,1.046,1.152,
KIC 3120904,3120904,Kepler-1452,292.42282,38.266331,6049.0,2.483,1.419,996.32
KIC 3342467,3342467,,291.52487,38.455849,5497.0,0.839,0.952,
KIC 11757451,11757451,Kepler-443,288.61053,49.968632,4721.0,0.701,0.74,802.271
KIC 2711597,2711597,,291.12454,37.986511,4861.0,0.722,0.71,
KIC 8047428,8047428,Kepler-1621,297.5885,43.841221,6084.0,1.283,1.167,1631.66
KIC 11513486,11513486,Kepler-1969,294.78433,49.4921,6046.0,1.007,1.111,1204.54
KIC 4851283,4851283,,295.85056,39.947193,5780.0,1.0,1.0,
KIC 6520519,6520519,,291.21164,41.9856,5792.0,0.923,1.015,
KIC 9459162,9459162,,289.3483,46.05468,6831.0,2.106,1.511,
KIC 5024138,5024138,,295.27487,40.19508,6150.0,0.781,0.701,
KIC 9969287,9969287,,298.38007,46.8894,5999.0,0.959,1.045,
KIC 9086001,9086001,,290.77032,45.498051,6348.0,1.18,1.064,
KIC 4927734,4927734,,292.91702,40.09243,8431.0,2.485,2.1,
KIC 11189311,11189311,Kepler-1442,291.25562,48.846924,6352.0,1.401,1.323,608.68
KIC 10747501,10747501,,297.48297,48.022499,5941.0,0.911,1.001,
KIC 10586744,10586744,,285.70697,47.869968,5984.0,1.052,0.846,
KIC 11970050,11970050,,295.08194,50.344601,6014.0,0.993,1.101,
KIC 10031918,10031918,,298.82587,46.956669,4914.0,0.707,0.684,
KIC 5276332,5276332,,292.20465,40.48563,6131.0,1.312,1.109,
KIC 3544640,3544640,Kepler-1914,291.43143,38.654388,5982.0,0.96,1.047,1621.56
KIC 10653179,10653179,Kepler-1453,286.12555,47.947609,5936.0,0.965,1.075,1196.04
KIC 12066569,12066569,Kepler-1455,294.08307,50.502769,3899.0,0.529,0.528,357.621
KIC 6497146,6497146,Kepler-438,281.64581,41.951092,3749.0,0.524,0.554,
KIC 8625813,8625813,,292.17496,44.783989,4266.0,0.643,0.638,
KIC 4651399,4651399,,290.70056,39.799679,4893.0,8.811,0.805,
KIC 5308296,5308296,,299.49188,40.472481,5662.0,0.84,0.937,
KIC 9953575,9953575,,292.78592,46.808411,5288.0,1.719,0.854,
KIC 7887890,7887890,,290.74271,43.604431,6117.0,1.025,1.097,
KIC 3122872,3122872,,292.89218,38.270512,6404.0,2.467,1.38,
KIC 4544628,4544628,,285.90179,39.654411,6084.0,1.03,1.03,
KIC 9702945,9702945,,288.50702,46.406712,6201.0,0.989,1.058,
KIC 11401253,11401253,,290.99005,49.233131,5339.0,2.011,0.982,
KIC 7052511,7052511,,296.82028,42.514198,4889.0,0.836,0.811,
KIC 4764774,4764774,,296.28137,39.874969,5693.0,0.842,0.938,
KIC 10549902,10549902,,297.21347,47.775429,5438.0,1.989,1.19,
KIC 12416597,12416597,,295.51495,51.203739,5435.0,0.933,0.901,
KIC 9910828,9910828,,298.79605,46.722858,5415.0,0.728,0.695,
KIC 10065053,10065053,,287.34897,47.060982,6167.0,1.064,1.149,
KIC 11867608,11867608,,293.71948,50.18203,6240.0,1.549,1.111,
KIC 8016691,8016691,Kepler-1456,286.94531,43.822769,4257.0,0.602,0.589,370.312
KIC 6584273,6584273,Kepler-1457,283.7706,42.027241,5968.0,0.881,0.97,889.885
KIC 5768816,5768816,Kepler-1458,283.21161,41.038059,5641.0,0.981,0.899,544.45
KIC 5360974,5360974,,291.35443,40.588879,5223.0,0.827,0.767,
KIC 10291589,10291589,,297.90527,47.33683,6060.0,0.925,1.008,
KIC 10118266,10118266,,280.66519,47.114059,5207.0,0.851,0.866,
KIC 5695615,5695615,,288.61057,40.92474,6355.0,1.108,1.151,
KIC 4670267,4670267,,295.7168,39.777142,5775.0,0.844,0.856,
KIC 7435780,7435780,,288.97589,43.099178,6499.0,1.169,1.191,
KIC 8938937,8938937,,285.80185,45.216831,5591.0,0.86,0.977,
KIC 5651846,5651846,,299.46869,40.82999,5675.0,0.777,0.789,
KIC 10556180,10556180,,298.98892,47.761429,6444.0,1.2,1.248,
KIC 12401132,12401132,,287.70197,51.229729,6407.0,1.179,1.155,
KIC 8308070,8308070,,294.81012,44.25597,6170.0,0.939,0.976,
KIC 6424561,6424561,,284.57806,41.890259,6086.0,1.021,1.031,
KIC 6956136,6956136,,294.06641,42.486839,6085.0,2.02,1.228,
KIC 10661917,10661917,,290.34805,47.965191,6011.0,1.73,1.021,
KIC 10000162,10000162,,286.33545,46.917831,4955.0,0.799,0.766,
KIC 7799701,7799701,,281.28546,43.51548,6384.0,1.615,1.216,
KIC 6233483,6233483,,299.05002,41.537449,6161.0,1.054,0.763,
KIC 5392871,5392871,,299.06454,40.515579,6133.0,1.121,1.071,
KIC 3858851,3858851,,293.68362,38.994869,6363.0,1.035,1.083,
KIC 3858917,3858917,,293.70248,38.975449,5659.0,0.904,1.005,
KIC 4466356,4466356,,292.18237,39.560211,6072.0,0.988,1.05,
KIC 7949593,7949593,,287.77301,43.73391,5724.0,0.946,1.022,
KIC 9474232,9474232,,295.37604,46.047588,5906.0,0.931,0.857,
KIC 3859151,3859151,,293.76151,38.99921,6139.0,0.881,0.959,
KIC 7098255,7098255,,284.61008,42.687431,4597.0,0.691,0.678,
KIC 11456279,11456279,,292.44135,49.316414,7338.0,1.593,1.553,
KIC 4670361,4670361,,295.73697,39.740452,6382.0,1.059,1.104,
KIC 5398002,5398002,,300.01501,40.52702,8753.0,3.746,2.385,
KIC 6680911,6680911,,288.52698,42.178909,5731.0,1.033,0.889,
KIC 10356124,10356124,,297.63947,47.445869,5165.0,3.598,1.462,
KIC 10584140,10584140,,284.31693,47.887112,5992.0,1.31,0.979,
KIC 8233326,8233326,,291.79465,44.193531,5110.0,3.231,1.554,
KIC 4940203,4940203,,295.98404,40.043621,5734.0,0.797,0.865,
KIC 6286161,6286161,,292.17099,41.621288,5997.0,1.148,0.968,
KIC 5385471,5385471,,297.59494,40.594139,5713.0,0.851,0.948,
KIC 6368175,6368175,Kepler-1703,293.15085,41.729252,6355.0,0.849,0.925,
KIC 5471158,5471158,,297.5798,40.603001,5713.0,0.893,1.01,
KIC 4847843,4847843,,295.07965,39.962528,5367.0,3.558,0.758,
KIC 5120225,5120225,,296.9136,40.258263,5838.0,0.991,0.848,
KIC 9656543,9656543,,294.76862,46.37421,5503.0,1.616,1.026,
KIC 10751515,10751515,,298.52206,48.032921,5011.0,0.647,0.632,
KIC 3348093,3348093,,292.92532,38.480991,4478.0,0.715,0.706,
KIC 6182846,6182846,,283.0733,41.53867,6233.0,0.988,1.054,
KIC 6442602,6442602,,291.72198,41.842468,4796.0,0.749,0.742,
KIC 9851126,9851126,,298.79532,46.670448,5385.0,0.787,0.832,
KIC 11455428,11455428,Kepler-1480,291.99976,49.301811,5312.0,1.445,0.963,500.892
KIC 10484409,10484409,,296.9025,47.628281,5459.0,0.797,0.893,
KIC 10935993,10935993,,298.19162,48.396259,6195.0,0.966,0.998,
KIC 5257082,5257082,,285.41266,40.42577,5947.0,0.945,1.0,
KIC 5796185,5796185,,293.45609,41.045849,5764.0,0.863,0.959,
KIC 8628665,8628665,,293.34521,44.700642,5841.0,1.06,1.053,
KIC 3945802,3945802,,289.00632,39.093342,5659.0,0.885,0.849,
KIC 6265665,6265665,Kepler-1499,283.98633,41.65041,5002.0,0.753,0.723,309.869
KIC 5881307,5881307,,293.38049,41.151901,6217.0,0.989,1.056,
KIC 4645174,4645174,Kepler-1500,288.88333,39.74456,5849.0,1.601,1.114,1217.82
KIC 8719419,8719419,,301.14603,44.869659,6878.0,1.844,1.278,
KIC 9028474,9028474,,294.15952,45.375919,5887.0,0.941,0.97,
KIC 6124137,6124137,,292.0105,41.467098,6004.0,2.193,1.143,
KIC 3644542,3644542,,291.17059,38.765209,8275.0,3.251,2.053,
KIC 6182849,6182849,,283.07404,41.540878,6133.0,0.935,0.868,
KIC 9851142,9851142,,298.8002,46.665539,7059.0,2.21,1.571,
KIC 3442054,3442054,,291.0188,38.569859,6429.0,2.079,1.25,
KIC 4079530,4079530,,296.7345,39.186111,6021.0,0.895,0.967,
KIC 6445531,6445531,,292.7066,41.894218,6418.0,1.171,1.241,
KIC 10677186,10677186,,296.22293,47.92392,5903.0,1.1,0.995,
KIC 9025914,9025914,,293.26328,45.349419,6153.0,1.127,0.928,
KIC 9366988,9366988,,299.97156,45.811932,5914.0,1.271,0.972,
KIC 11657614,11657614,Kepler-1481,289.43896,49.73122,4891.0,0.805,0.776,459.076
KIC 5687986,5687986,,285.36993,40.907429,5993.0,2.59,1.323,
KIC 11125797,11125797,Kepler-1482,285.31381,48.72525,5413.0,0.82,0.931,567.556
KIC 3102000,3102000,,287.34946,38.286041,5931.0,0.863,0.953,
KIC 6599975,6599975,Kepler-1501,289.91852,42.001431,6065.0,1.061,1.163,749.06
KIC 5887316,5887316,,295.04559,41.10421,6353.0,1.134,1.174,
KIC 4282191,4282191,Kepler-1502,296.10791,39.319908,6434.0,1.138,1.169,1514.02
KIC 3559860,3559860,Kepler-1980,295.16721,38.637081,5819.0,0.99,1.049,1709.4
KIC 10651945,10651945,,285.43805,47.90345,6208.0,1.024,1.086,
KIC 7117003,7117003,,291.54391,42.638988,5662.0,0.806,0.808,
KIC 3240159,3240159,,292.71317,38.369659,6395.0,2.012,1.183,
KIC 6147851,6147851,,298.13965,41.417229,5878.0,1.01,0.993,
KIC 9658118,9658118,,295.36603,46.377232,6461.0,1.138,1.027,
KIC 7132542,7132542,,295.88522,42.62188,5583.0,0.857,0.778,
KIC 8589754,8589754,,300.79001,44.6534,6461.0,2.225,1.266,
KIC 3757590,3757590,,294.14371,38.877392,6401.0,1.301,1.304,
KIC 2437149,2437149,,290.20575,37.769138,5334.0,0.796,0.893,
KIC 9715925,9715925,,294.16446,46.423988,5069.0,0.78,0.742,
KIC 9529733,9529733,,293.2088,46.173061,6462.0,1.166,1.166,
KIC 9613070,9613070,,300.15649,46.20332,6384.0,1.094,0.97,
KIC 10845188,10845188,,283.55252,48.222939,5940.0,1.02,0.853,
KIC 5709103,5709103,,292.93295,40.986401,6143.0,1.116,1.001,
KIC 6705026,6705026,Kepler-1483,295.40979,42.150829,6144.0,1.668,1.296,1273.78
KIC 6779726,6779726,Kepler-1918,292.53055,42.214649,5889.0,0.924,0.967,1030.11
KIC 3098843,3098843,,286.23264,38.202888,,,,
KIC 5553959,5553959,,297.05066,40.717419,4338.0,0.508,0.507,
KIC 7288306,7288306,Kepler-1503,293.72717,42.806759,5340.0,0.702,0.783,1225.57
KIC 5887393,5887393,,295.06284,41.124611,7612.0,2.968,1.969,
KIC 5384713,5384713,,297.4292,40.561909,3705.0,0.529,0.536,
KIC 11860395,11860395,Kepler-1504,289.71201,50.128208,5602.0,1.425,0.997,2435.94
KIC 5456023,5456023,,294.03622,40.659191,4916.0,2.182,0.905,
KIC 6187888,6187888,,285.51688,41.534321,4776.0,0.811,0.788,
KIC 9529744,9529744,Kepler-320,293.21356,46.175129,6426.0,1.775,1.182,826.613
KIC 12021387,12021387,,295.91083,50.40976,9414.0,2.777,2.148,
KIC 8044608,8044608,,296.90405,43.823891,6038.0,1.141,0.852,
KIC 8760135,8760135,,294.37128,44.924759,5713.0,1.023,0.99,
KIC 4073707,4073707,,295.61261,39.195709,6074.0,0.976,0.979,
KIC 5730394,5730394,,298.06189,40.957291,5324.0,0.897,0.805,
KIC 6451368,6451368,,294.48404,41.869171,6742.0,2.032,1.267,
KIC 6956216,6956216,,294.08777,42.489666,6313.0,1.935,1.179,
KIC 6137704,6137704,,295.83835,41.427319,5126.0,0.696,0.668,
KIC 10275074,10275074,,292.2677,47.394798,6584.0,1.246,1.218,
KIC 9110346,9110346,,298.34192,45.407669,5242.0,2.55,1.015,
KIC 10259301,10259301,,284.81525,47.392632,6105.0,0.993,0.997,
KIC 2995392,2995392,Kepler-1484,292.68427,38.126282,6283.0,0.984,1.047,2879.83
KIC 3120308,3120308,,292.28778,38.27425,5774.0,0.98,1.006,
KIC 9991621,9991621,,281.18024,46.929901,5455.0,0.909,0.795,
KIC 8078502,8078502,Kepler-1919,283.1319,43.955971,5513.0,0.818,0.868,1177.53
KIC 8644365,8644365,Kepler-1485,298.09543,44.737061,6047.0,1.092,1.059,615.66
KIC 5888187,5888187,,295.27301,41.168282,5202.0,0.918,0.834,
KIC 2852528,2852528,,291.46149,38.001808,6142.0,1.046,1.143,
KIC 3348216,3348216,,292.96008,38.431431,6074.0,1.358,1.183,
KIC 10798838,10798838,,292.52029,48.123531,5344.0,0.807,0.74,
KIC 8560940,8560940,,292.17368,44.662861,5811.0,0.811,0.898,
KIC 10793576,10793576,,290.34442,48.147308,6414.0,1.147,1.141,
KIC 10292238,10292238,,298.07739,47.346581,5713.0,0.851,0.948,
KIC 8733497,8733497,,282.00089,44.96077,5654.0,0.774,0.865,
KIC 4255422,4255422,,289.69705,39.371639,6061.0,2.185,0.999,
KIC 9837544,9837544,,294.48639,46.676151,5075.0,0.824,0.777,
KIC 7877824,7877824,,286.28845,43.614342,5754.0,0.905,1.021,
KIC 6469946,6469946,,298.9068,41.835629,5239.0,0.757,0.841,
KIC 6947164,6947164,,291.35696,42.493641,5973.0,0.904,0.98,
KIC 6233903,6233903,,299.13101,41.589901,5949.0,1.94,1.07,
KIC 7212066,7212066,,295.21167,42.786289,5731.0,0.823,0.841,
KIC 6675060,6675060,,286.2449,42.146431,6137.0,1.005,0.972,
KIC 5716508,5716508,,295.03052,40.958149,3486.0,180.013,3.735,
KIC 10518735,10518735,,283.91565,47.784569,5349.0,0.851,0.897,
KIC 9489947,9489947,,300.01813,46.026272,5786.0,1.112,0.937,
KIC 6960487,6960487,,295.20386,42.43045,6123.0,1.049,0.999,
KIC 5894182,5894182,,296.67538,41.164768,6303.0,2.553,1.414,
KIC 6309264,6309264,,298.1897,41.679192,5374.0,0.726,0.744,
KIC 7021177,7021177,,287.63705,42.530819,5931.0,0.845,0.933,
KIC 7122259,7122259,,293.14578,42.624161,6335.0,1.072,1.12,
KIC 6947668,6947668,,291.50708,42.429878,5783.0,0.88,0.977,
KIC 6364582,6364582,Kepler-1505,292.00204,41.786961,5627.0,0.833,0.902,495.148
KIC 6190535,6190535,,286.73605,41.590279,5213.0,0.831,0.777,
KIC 9834257,9834257,,293.23318,46.600151,6552.0,3.289,1.521,
KIC 10748621,10748621,,297.77277,48.09811,5904.0,0.946,0.966,
KIC 4824268,4824268,,288.28284,39.992222,6217.0,0.989,1.056,
KIC 6527016,6527016,,293.27213,41.95142,5277.0,1.633,0.888,
KIC 6431670,6431670,,287.88483,41.879349,5303.0,0.704,0.785,
KIC 7376500,7376500,,295.68814,42.970581,5702.0,1.821,0.774,
KIC 9636559,9636559,,285.33444,46.309879,6781.0,1.345,1.097,
KIC 8095110,8095110,,290.91254,43.92989,5546.0,0.786,0.88,
KIC 11499263,11499263,,287.40515,49.456291,5772.0,0.756,0.687,
KIC 9775253,9775253,,293.79739,46.56179,3695.0,0.483,0.504,
KIC 3858988,3858988,,293.72311,38.96983,5753.0,1.078,0.918,
KIC 3848966,3848966,,291.06937,38.914909,5640.0,2.916,1.479,
KIC 10798605,10798605,,292.42444,48.159592,5222.0,0.78,0.73,
KIC 5895083,5895083,,296.88562,41.19978,9464.0,2.184,2.272,
KIC 9452897,9452897,,285.84387,46.015911,4342.0,0.54,0.531,
KIC 9714123,9714123,,293.44366,46.471512,5936.0,0.965,1.075,
KIC 6118370,6118370,Kepler-1506,290.1499,41.4646,6063.0,1.001,1.079,2366.02
KIC 2717158,2717158,Kepler-1922,292.33035,37.997059,5931.0,0.863,0.953,1344.29
KIC 6198256,6198256,,289.71146,41.529713,6573.0,1.987,1.475,
KIC 9664276,9664276,,297.37912,46.367069,5934.0,1.509,1.237,
KIC 2437112,2437112,,290.20361,37.774342,4808.0,0.715,0.723,
KIC 7987086,7987086,,299.66415,43.762989,6002.0,1.084,0.969,
KIC 7374746,7374746,,295.25287,42.900028,5353.0,0.757,0.704,
KIC 8668810,8668810,,281.7179,44.873989,5067.0,0.673,0.651,
KIC 6519865,6519865,,291.01138,41.906979,6106.0,0.966,1.043,
KIC 8868907,8868907,,284.51367,45.1203,6109.0,0.989,1.056,
KIC 3865298,3865298,,295.23196,38.925919,5501.0,0.912,0.833,
KIC 10091110,10091110,,297.46631,47.023232,6185.0,0.991,1.06,
KIC 3542574,3542574,,290.85931,38.636593,,,,
KIC 3544694,3544694,,291.44626,38.639778,6408.0,1.303,1.087,
KIC 9085563,9085563,Kepler-1486,290.59039,45.439709,5751.0,1.282,1.028,1769.14
KIC 7748487,7748487,,290.23602,43.47065,6214.0,1.076,1.169,
KIC 3219037,3219037,,286.54041,38.3326,5912.0,0.924,0.884,
KIC 5952448,5952448,,289.297,41.285488,5730.0,0.903,0.981,
KIC 5710069,5710069,,293.2244,40.931931,5818.0,0.848,0.937,
KIC 9967009,9967009,,297.70197,46.823318,5480.0,1.229,0.914,
KIC 11874338,11874338,,296.672,50.150108,5220.0,3.456,1.443,
KIC 9763612,9763612,Kepler-1507,288.56152,46.536049,5428.0,0.853,0.971,320.478
KIC 6199716,6199716,,290.13007,41.5998,6268.0,1.1,1.188,
KIC 9468384,9468384,,293.25281,46.051628,5831.0,0.922,0.988,
KIC 8868364,8868364,,284.2572,45.118668,6235.0,1.708,1.152,
KIC 10092312,10092312,,297.78775,47.098331,5869.0,0.942,1.054,
KIC 3964545,3964545,,294.14001,39.08987,6015.0,1.088,0.92,
KIC 9656397,9656397,,294.70926,46.38472,6517.0,1.44,1.234,
KIC 5444491,5444491,,290.55255,40.688759,6046.0,1.007,1.111,
KIC 3735629,3735629,,287.98795,38.89175,5062.0,3.579,1.53,
KIC 8244173,8244173,,295.5061,44.110538,4556.0,0.576,0.566,
KIC 6546508,6546508,,298.13141,41.950989,5414.0,0.714,0.792,
KIC 9886224,9886224,,289.8569,46.789928,4927.0,1.837,0.94,
KIC 3735634,3735634,,287.98959,38.890381,5699.0,1.215,0.838,
KIC 5730380,5730380,,298.05832,40.943069,6092.0,1.363,0.881,
KIC 6058875,6058875,,296.37036,41.390469,4748.0,0.534,0.556,
KIC 10735564,10735564,,293.57437,48.007439,8285.0,2.451,2.05,
KIC 6200810,6200810,,290.44928,41.535789,6559.0,1.218,1.235,
KIC 3561464,3561464,Kepler-1487,295.49811,38.644501,5745.0,3.955,1.801,1014.62
KIC 5962509,5962509,,292.53809,41.206612,5427.0,0.808,0.807,
KIC 6359802,6359802,,290.35443,41.76918,4352.0,0.661,0.65,
KIC 7121885,7121885,,293.03067,42.63522,6220.0,1.066,1.07,
KIC 5213404,5213404,Kepler-1508,298.11887,40.37505,5668.0,2.437,1.338,1260.28
KIC 4844470,4844470,,294.25037,39.943939,5631.0,0.847,0.946,
KIC 6205566,6205566,,292.01721,41.562809,6046.0,0.927,1.011,
KIC 9995771,9995771,Kepler-1509,283.79782,46.931,5806.0,1.158,1.024,2002.96
KIC 7287391,7287391,,293.46356,42.88406,4206.0,0.591,0.587,
KIC 6756202,6756202,,283.89862,42.299992,5207.0,0.734,0.756,
KIC 10215869,10215869,,294.92371,47.249989,6519.0,1.079,1.091,
KIC 5456319,5456319,,294.11649,40.681061,5398.0,0.805,0.902,
KIC 2307206,2307206,,292.37616,37.657459,5553.0,0.806,0.903,
KIC 7025540,7025540,,289.25281,42.562611,4694.0,0.672,0.657,
KIC 7620844,7620844,,295.61038,43.260422,5232.0,0.725,0.686,
KIC 6677267,6677267,,287.15167,42.110378,6137.0,2.852,1.505,
KIC 7732791,7732791,,282.55338,43.417358,4387.0,0.711,0.712,
KIC 5736801,5736801,,299.33994,40.925362,5774.0,0.818,0.907,
KIC 8177798,8177798,,295.81686,44.00568,7564.0,1.893,1.621,
KIC 10489521,10489521,,298.35327,47.66888,6389.0,1.16,1.046,
KIC 12643582,12643582,,288.31876,51.725361,5876.0,0.896,0.91,
KIC 9328641,9328641,,284.85162,45.86351,5192.0,0.555,0.572,
KIC 9966219,9966219,,297.47839,46.81575,5641.0,1.195,0.944,
KIC 5991070,5991070,,299.37268,41.236671,5766.0,2.409,1.283,
KIC 3757778,3757778,,294.19629,38.83712,5811.0,1.0,1.066,
KIC 11754430,11754430,Kepler-1488,286.64642,49.937778,5710.0,1.524,1.003,905.825
KIC 11875511,11875511,,297.16977,50.147369,4847.0,2.191,0.93,
KIC 6231721,6231721,,298.68607,41.521069,5355.0,0.863,0.88,
KIC 9536108,9536108,,295.63855,46.132549,6277.0,1.031,1.085,
KIC 8905246,8905246,,298.0759,45.18903,5214.0,2.427,1.254,
KIC 5213230,5213230,Kepler-1923,298.0834,40.34621,5881.0,1.294,1.109,990.838
KIC 6233466,6233466,,299.04727,41.538078,5622.0,1.895,1.056,
KIC 5460434,5460434,,295.19501,40.670841,6759.0,2.022,1.552,
KIC 11249624,11249624,,294.43863,48.985241,5516.0,0.666,0.721,
KIC 6426592,6426592,,285.60162,41.817532,5780.0,0.83,0.803,
KIC 8491745,8491745,,290.51163,44.556019,5022.0,2.58,0.887,
KIC 3970117,3970117,,295.46201,39.084389,5753.0,0.895,0.931,
KIC 11147814,11147814,,296.33862,48.75758,4523.0,0.653,0.641,
KIC 10922659,10922659,Kepler-1916,293.07062,48.387741,6246.0,1.092,1.18,2055.82
KIC 8892720,8892720,,294.35663,45.195011,5830.0,0.876,0.97,
KIC 6032920,6032920,,288.65695,41.399529,5862.0,0.785,0.865,
KIC 8409295,8409295,Kepler-1489,281.29581,44.465401,5626.0,0.957,0.977,1283.05
KIC 7131760,7131760,Kepler-1490,295.69357,42.609509,5595.0,0.741,0.808,862.92
KIC 11922778,11922778,,296.0069,50.281811,6014.0,0.926,0.998,
KIC 9468382,9468382,,293.25259,46.04903,5125.0,2.196,0.831,
KIC 6145201,6145201,,297.49515,41.4147,6517.0,1.159,1.181,
KIC 5986209,5986209,,298.37177,41.291759,5559.0,1.0,0.903,
KIC 9226339,9226339,,294.91699,45.680679,5806.0,1.213,1.028,
KIC 6525209,6525209,,292.72137,41.904919,5365.0,0.729,0.747,
KIC 5534965,5534965,,292.26044,40.703678,6370.0,1.316,1.064,
KIC 5512513,5512513,,283.69891,40.76804,,,,
KIC 9965206,9965206,,297.19037,46.826481,5297.0,0.795,0.905,
KIC 4247023,4247023,,286.84851,39.304939,5458.0,0.972,0.828,
KIC 4848423,4848423,,295.21747,39.910042,6327.0,1.29,1.257,
KIC 11403216,11403216,,292.02689,49.20718,6022.0,1.039,1.116,
KIC 5774375,5774375,,285.9259,41.09082,5408.0,2.058,0.925,
KIC 8263752,8263752,,300.78394,44.192558,6553.0,1.157,1.136,
KIC 7772914,7772914,,297.75192,43.447578,5712.0,0.932,0.763,
KIC 3529290,3529290,,286.51019,38.618309,6168.0,0.947,0.925,
KIC 9285265,9285265,Kepler-1491,293.62976,45.74065,5626.0,1.389,0.991,2065.59
KIC 6025124,6025124,,285.1478,41.388908,6194.0,1.069,1.161,
KIC 5780930,5780930,Kepler-1492,288.59711,41.03643,4807.0,1.802,0.955,331.553
KIC 4164393,4164393,,293.21729,39.207809,6241.0,1.031,1.088,
KIC 6277410,6277410,,289.33551,41.683449,5749.0,0.818,0.907,
KIC 9843517,9843517,,296.65256,46.618809,5469.0,0.738,0.826,
KIC 8812045,8812045,,289.09845,45.02309,5527.0,3.192,1.574,
KIC 7288444,7288444,Kepler-1924,293.7674,42.829208,5726.0,1.285,1.018,1910.77
KIC 3101923,3101923,,287.32269,38.279709,5997.0,1.242,1.135,
KIC 10881457,10881457,Kepler-1510,298.95914,48.25782,6085.0,1.634,1.271,1696.25
KIC 5513861,5513861,,284.35217,40.71471,6592.0,1.19,1.211,
KIC 9948002,9948002,,290.42529,46.889938,6309.0,1.062,1.058,
KIC 5264304,5264304,,288.45081,40.432449,5294.0,0.673,0.744,
KIC 10960995,10960995,,283.31787,48.404598,4868.0,0.708,0.7,
KIC 9592575,9592575,,293.66934,46.297459,5639.0,0.953,1.071,
KIC 7898576,7898576,,294.38858,43.69054,6444.0,1.134,1.128,
KIC 5806800,5806800,,296.17761,41.014118,5881.0,0.973,1.044,
KIC 11671429,11671429,,296.45337,49.786549,7426.0,2.463,1.769,
KIC 5621333,5621333,,292.22977,40.808949,5775.0,1.352,1.038,
KIC 5392897,5392897,,299.06943,40.515659,6153.0,0.962,1.036,
KIC 3236705,3236705,,291.85522,38.393131,5538.0,1.18,0.937,
KIC 11810124,11810124,Kepler-1471,289.66489,50.020039,5533.0,1.166,0.934,978.678
KIC 6023859,6023859,,284.49628,41.32589,3900.0,0.534,0.555,
KIC 3433668,3433668,Kepler-1493,288.54913,38.565231,5831.0,1.382,1.011,555.051
KIC 2849140,2849140,,290.73328,38.00721,5559.0,0.803,0.899,
KIC 7503885,7503885,Kepler-1494,282.65741,43.162521,5915.0,1.008,1.014,1285.48
KIC 3629330,3629330,Kepler-1495,286.13077,38.779629,5922.0,1.057,0.911,1355.54
KIC 5471289,5471289,,297.61118,40.650799,5952.0,0.971,1.057,
KIC 8121328,8121328,,298.82062,43.909859,5418.0,0.889,0.788,
KIC 9783760,9783760,,296.86246,46.54549,5777.0,0.747,0.832,
KIC 9528430,9528430,,292.66357,46.114941,6523.0,2.343,1.371,
KIC 5529552,5529552,,290.48871,40.725182,5481.0,0.815,0.914,
KIC 8882847,8882847,,290.80344,45.169785,6200.0,1.449,1.043,
KIC 9773869,9773869,,293.23383,46.598251,6137.0,1.103,1.165,
KIC 6707942,6707942,,296.05759,42.110931,4842.0,0.73,0.729,
KIC 5023948,5023948,,295.24097,40.1576,6413.0,0.941,0.76,
KIC 5113053,5113053,,295.39136,40.21677,6516.0,1.279,1.055,
KIC 5817957,5817957,,298.55057,41.040771,5800.0,0.894,0.951,
KIC 4743508,4743508,,290.81393,39.819061,6124.0,1.119,0.839,
KIC 11303322,11303322,Kepler-1472,294.85263,49.057468,6370.0,1.106,1.148,1479.14
KIC 11241912,11241912,Kepler-1473,290.63657,48.996078,5929.0,1.04,1.0,652.253
KIC 6043538,6043538,,292.18057,41.31554,6263.0,1.726,1.147,
KIC 8824737,8824737,Kepler-1917,294.10391,45.001419,5530.0,0.788,0.882,909.037
KIC 9349757,9349757,Kepler-1474,294.69406,45.86684,5566.0,1.099,0.938,1180.9
KIC 11519134,11519134,,297.03964,49.469139,6379.0,1.994,1.222,
KIC 7289338,7289338,,294.01529,42.824371,5821.0,1.492,1.088,
KIC 5004909,5004909,,289.91971,40.16853,6297.0,1.369,1.247,
KIC 6278670,6278670,,289.72791,41.612289,5115.0,1.924,0.891,
KIC 5898983,5898983,,297.71487,41.104279,7852.0,7.162,2.697,
KIC 8552719,8552719,Kepler-953,288.97165,44.624531,5611.0,1.073,1.026,258.893
KIC 12164634,12164634,,294.32257,50.741692,6860.0,1.467,1.35,
KIC 5193077,5193077,,293.57211,40.3578,5915.0,1.392,1.183,
KIC 5617259,5617259,,290.96094,40.896198,7673.0,3.214,1.799,
KIC 8880123,8880123,Kepler-1925,289.8288,45.10276,5856.0,1.092,1.057,1771.31
KIC 9474756,9474756,,295.55374,46.02911,5808.0,1.159,1.038,
KIC 10068919,10068919,,289.26416,47.005989,6411.0,1.216,1.091,
KIC 7353970,7353970,,289.02493,42.935928,5420.0,0.868,0.874,
KIC 12316447,12316447,,296.11542,51.007111,6173.0,1.041,1.104,
KIC 5823557,5823557,,299.63028,41.03569,6398.0,1.249,1.07,
KIC 10491554,10491554,,298.91333,47.657871,6049.0,1.557,1.032,
KIC 9785454,9785454,,297.34164,46.543362,5341.0,0.776,0.718,
KIC 8636333,8636333,Kepler-1475,295.94827,44.75312,6247.0,0.954,1.022,1568.38
KIC 7136958,7136958,,296.93976,42.691921,5783.0,0.941,0.841,
KIC 1995732,1995732,,286.216,37.42524,5359.0,0.79,0.848,
KIC 6069674,6069674,,298.88452,41.300442,6054.0,1.953,1.135,
KIC 8081239,8081239,Kepler-1476,284.5321,43.98996,5893.0,1.02,1.005,1002.74
KIC 3745559,3745559,Kepler-1920,291.06204,38.863312,6277.0,1.161,1.239,885.913
KIC 8356054,8356054,,287.9726,44.333611,5431.0,0.708,0.769,
KIC 9117416,9117416,Kepler-1921,300.31619,45.49538,6120.0,2.0,1.251,928.989
KIC 6356400,6356400,,289.28772,41.799938,4378.0,0.614,0.601,
KIC 5900235,5900235,,298.00089,41.196991,6158.0,1.013,0.934,
KIC 7517261,7517261,Kepler-1511,288.4212,43.179794,6602.0,1.685,1.333,1475.6
KIC 5653795,5653795,,299.8363,40.88673,6190.0,4.763,1.811,
KIC 8424002,8424002,Kepler-1512,289.27451,44.470322,3419.0,0.344,0.346,
KIC 8635938,8635938,,295.82376,44.79591,5611.0,2.227,1.259,
KIC 10464666,10464666,,289.53009,47.626221,5102.0,1.669,0.932,
KIC 5024292,5024292,,295.30023,40.18335,6386.0,1.548,1.408,
KIC 4659255,4659255,,293.04837,39.725349,5359.0,0.708,0.673,
KIC 8263746,8263746,,300.78192,44.19405,4856.0,0.743,0.721,
KIC 5877292,5877292,,292.13049,41.165749,6193.0,1.067,1.127,
KIC 3428468,3428468,,286.72336,38.595661,4412.0,0.737,0.729,
KIC 7091432,7091432,Kepler-1477,281.29855,42.685749,5149.0,0.803,0.755,680.828
KIC 9845909,9845909,,297.37747,46.661652,5718.0,0.9,0.89,
KIC 9221528,9221528,,293.13409,45.626869,6187.0,1.013,1.007,
KIC 6106046,6106046,,285.23715,41.497532,5914.0,0.955,1.011,
KIC 6368230,6368230,Kepler-1478,293.1651,41.746231,6083.0,0.835,0.933,1845.58
KIC 7115291,7115291,,291.00095,42.622231,5835.0,0.901,0.918,
KIC 9907505,9907505,,297.81793,46.76421,5945.0,0.861,0.95,
KIC 9027909,9027909,Kepler-1496,293.97394,45.3507,5821.0,1.395,1.054,1307.66
KIC 6369845,6369845,,293.64758,41.730679,5123.0,3.224,1.051,
KIC 5471688,5471688,,297.72504,40.64431,5940.0,0.729,0.819,
KIC 6058816,6058816,Kepler-1927,296.35461,41.33556,6056.0,2.481,1.408,1091.0
KIC 5130740,5130740,,299.21945,40.212311,7591.0,2.017,1.665,
KIC 9892471,9892471,,292.53125,46.728699,5749.0,0.922,0.987,
KIC 2019076,2019076,,292.46249,37.442619,5891.0,0.892,0.818,
KIC 5879448,5879448,,292.82809,41.139351,6077.0,1.759,0.964,
KIC 7376490,7376490,,295.68607,42.970619,5778.0,1.043,0.839,
KIC 11968513,11968513,,294.3616,50.30526,4884.0,8.747,1.522,
KIC 4263529,4263529,,291.88907,39.361771,5530.0,0.831,0.876,
KIC 7866921,7866921,,279.85608,43.6679,5263.0,0.774,0.816,
KIC 6619815,6619815,Kepler-1696,295.57608,42.023361,5982.0,0.96,1.047,1506.36
KIC 6113752,6113752,,288.62289,41.44548,6217.0,1.141,1.095,
KIC 3098197,3098197,,286.00461,38.28471,5913.0,0.787,0.874,
KIC 11651712,11651712,Kepler-1479,285.71191,49.706661,6003.0,0.932,1.019,728.668
KIC 7697103,7697103,,296.38269,43.386589,5271.0,0.648,0.718,
KIC 9267996,9267996,,285.22256,45.70874,6003.0,0.932,1.019,
KIC 7045605,7045605,,295.23029,42.516079,7196.0,1.923,1.562,
KIC 8738775,8738775,Kepler-1498,284.77811,44.916779,5332.0,1.453,0.932,
KIC 7093401,7093401,,282.34613,42.60891,5252.0,0.922,0.83,
KIC 7877818,7877818,,286.28629,43.615978,5092.0,2.664,1.265,
KIC 5636642,5636642,,296.33084,40.896259,5758.0,1.084,0.869,
KIC 6515722,6515722,,289.73917,41.965271,9174.0,2.471,2.294,
KIC 6679504,6679504,,288.00983,42.14996,5575.0,0.733,0.706,
KIC 5560831,5560831,,298.49457,40.731586,5510.0,1.276,0.911,
KIC 5305404,5305404,,298.93143,40.404911,5985.0,0.811,0.91,
KIC 3728432,3728432,Kepler-1526,285.11969,38.866421,4518.0,0.653,0.639,555.574
KIC 5473535,5473535,,298.14502,40.69809,6444.0,1.053,1.094,
KIC 12106934,12106934,,289.17267,50.630558,5780.0,1.0,1.0,
KIC 6222898,6222898,,296.71689,41.504978,5646.0,0.896,0.825,
KIC 3955866,3955866,,291.92963,39.067108,5575.0,0.972,1.08,
KIC 11200767,11200767,,296.4747,48.85371,6184.0,1.406,0.991,
KIC 8589731,8589731,,300.78256,44.65501,5758.0,2.318,1.258,
KIC 4356766,4356766,,289.25427,39.409729,5761.0,1.029,1.031,
KIC 2167890,2167890,,293.09363,37.514511,4839.0,9.278,1.808,
KIC 4935914,4935914,,295.05191,40.012619,5780.0,1.0,1.0,
KIC 11303811,11303811,,295.06152,49.046558,4970.0,0.591,0.589,
KIC 2437783,2437783,,290.25198,37.763203,5780.0,1.0,1.0,
KIC 12062660,12062660,,292.07089,50.546799,5780.0,1.0,1.0,
KIC 9777087,9777087,,294.47,46.589581,5188.0,0.624,0.689,
KIC 5956776,5956776,,290.64828,41.23407,7174.0,1.705,1.43,
KIC 8883727,8883727,,291.13748,45.11092,5465.0,0.766,0.857,
KIC 4820550,4820550,,286.77145,39.983822,5536.0,0.917,0.964,
KIC 6516874,6516874,,290.09695,41.97068,6046.0,0.972,1.053,
KIC 9161118,9161118,,294.32037,45.501282,4651.0,0.657,0.644,
KIC 3556229,3556229,,294.35196,38.604702,5780.0,1.0,1.0,
KIC 11911580,11911580,,290.15457,50.259689,6355.0,1.108,1.151,
KIC 9480535,9480535,Kepler-1527,297.41443,46.060822,6092.0,1.759,1.283,1842.13
KIC 10583225,10583225,,283.78958,47.806431,5418.0,1.051,0.871,
KIC 5215251,5215251,,298.45837,40.39193,5993.0,0.986,1.093,
KIC 10383696,10383696,,280.8858,47.565632,5553.0,0.855,0.964,
KIC 9777090,9777090,,294.47156,46.58923,5051.0,0.644,0.696,
KIC 11455484,11455484,,292.02893,49.387688,5780.0,1.0,1.0,
KIC 2446623,2446623,,292.16528,37.794048,6021.0,0.819,0.922,
KIC 9596089,9596089,,294.96225,46.225609,5378.0,0.812,0.741,
KIC 5738506,5738506,,299.68124,40.967922,5780.0,1.0,1.0,
KIC 4247807,4247807,,287.16849,39.379581,5440.0,0.825,0.779,
KIC 11547869,11547869,,285.00772,49.503979,3324.0,0.268,0.267,
KIC 7700590,7700590,,297.26233,43.30434,5884.0,0.876,0.794,
KIC 9053086,9053086,,300.72165,45.306702,6211.0,1.281,1.055,
KIC 5467113,5467113,,296.67532,40.650009,5641.0,1.776,1.021,
KIC 8240123,8240123,,294.22784,44.134739,5641.0,0.85,0.944,
KIC 5114623,5114623,,295.73285,40.26078,6029.0,0.998,1.025,
KIC 10031907,10031907,,298.82263,46.939129,5697.0,0.892,1.004,
KIC 5480736,5480736,,299.52237,40.611252,6212.0,1.054,1.06,
KIC 8487748,8487748,,288.90912,44.591831,4304.0,0.566,0.552,
KIC 9892856,9892856,,292.69342,46.793892,6167.0,1.107,1.2,
KIC 7137213,7137213,,296.9978,42.65332,6507.0,1.767,1.145,
KIC 6795089,6795089,,296.44431,42.28735,4895.0,9.529,1.563,
KIC 3340313,3340313,,290.96396,38.469501,6441.0,1.165,1.152,
KIC 4150804,4150804,Kepler-1513,289.7916,39.285328,5650.0,1.044,0.818,349.247
KIC 5021174,5021174,,294.58798,40.167068,5780.0,1.0,1.0,
KIC 9025971,9025971,Kepler-1657,293.28156,45.309669,5705.0,1.017,0.941,
KIC 2581316,2581316,Kepler-1514,292.62747,37.860142,6259.0,1.167,1.21,397.292
KIC 6314185,6314185,,299.24219,41.62323,5977.0,1.068,0.864,
KIC 8620561,8620561,,290.26721,44.711441,4768.0,0.591,0.584,
KIC 8937019,8937019,,284.79047,45.230106,5780.0,1.0,1.0,
KIC 9896435,9896435,,294.12576,46.797779,4848.0,0.764,0.755,
KIC 10352938,10352938,,296.69699,47.407627,6318.0,1.685,1.242,
KIC 10676927,10676927,,296.14957,47.937832,5666.0,0.752,0.841,
KIC 5649836,5649836,,299.07919,40.828976,5780.0,1.0,1.0,
KIC 7620660,7620660,,295.56024,43.203178,5858.0,0.849,0.94,
KIC 3836399,3836399,,286.93588,38.924469,4911.0,0.724,0.7,
KIC 2581554,2581554,Kepler-1521,292.69028,37.83498,4975.0,0.734,0.746,206.983
KIC 10363115,10363115,Kepler-1929,299.58337,47.448078,5786.0,1.471,1.006,508.201
KIC 5966810,5966810,,293.8183,41.21146,6121.0,1.536,1.257,
KIC 10491062,10491062,,298.78415,47.655548,5310.0,0.791,0.838,
KIC 9761615,9761615,Kepler-1528,287.40295,46.573978,6040.0,0.999,1.07,817.534
KIC 4058881,4058881,,292.02042,39.16156,6014.0,0.993,1.101,
KIC 6863158,6863158,,291.85205,42.343361,3799.0,0.51,0.518,
KIC 8621353,8621353,,290.53476,44.774345,5780.0,1.0,1.0,
KIC 10795103,10795103,Kepler-1515,290.97394,48.178162,6471.0,1.357,1.303,539.321
KIC 9394601,9394601,,287.15314,45.983829,6344.0,0.962,1.024,
KIC 8494410,8494410,Kepler-1516,291.4946,44.523499,5914.0,0.987,0.938,1358.95
KIC 6863161,6863161,,291.85333,42.30669,9191.0,2.619,2.349,
KIC 7840035,7840035,,297.27789,43.56955,5496.0,0.927,0.798,
KIC 8543279,8543279,,283.95078,44.669022,5402.0,0.815,0.931,
KIC 8047283,8047283,,297.55621,43.854988,5861.0,0.865,0.957,
KIC 8308347,8308347,,294.89749,44.21579,5001.0,0.664,0.645,
KIC 7090867,7090867,,280.99176,42.610538,4852.0,7.797,1.742,
KIC 7612691,7612691,,293.40939,43.225201,4969.0,0.543,0.556,
KIC 9761573,9761573,,287.3717,46.564838,6540.0,1.183,1.066,
KIC 8042789,8042789,,296.39835,43.803532,5452.0,0.815,0.91,
KIC 10095484,10095484,,298.71072,47.037449,5699.0,0.853,0.95,
KIC 5467102,5467102,,296.67294,40.650982,5982.0,0.96,1.047,
KIC 6780367,6780367,,292.72238,42.242031,5109.0,2.02,0.85,
KIC 10281221,10281221,,294.61252,47.343262,6263.0,1.009,1.068,
KIC 5471496,5471496,,297.66675,40.65416,4624.0,0.684,0.71,
KIC 4544620,4544620,,285.89816,39.672218,5401.0,0.777,0.871,
KIC 5784777,5784777,Kepler-1529,289.8707,41.04073,5057.0,0.704,0.676,661.014
KIC 6863187,6863187,,291.85974,42.348701,5957.0,0.971,1.083,
KIC 9719636,9719636,,295.52621,46.457142,5984.0,1.033,0.995,
KIC 2452440,2452440,,293.44687,37.72121,5753.0,0.894,0.771,
KIC 5020034,5020034,,294.30389,40.192558,6381.0,1.423,1.055,
KIC 7017372,7017372,,285.9718,42.545712,6452.0,1.305,1.079,
KIC 6974867,6974867,,298.33722,42.432911,5500.0,2.491,1.348,
KIC 11518142,11518142,Kepler-1519,296.66791,49.461861,5758.0,1.385,1.029,1441.63
KIC 3114667,3114667,,290.99725,38.282616,4324.0,0.616,0.604,
KIC 12109845,12109845,,290.91916,50.696388,4561.0,0.469,0.492,
KIC 3954227,3954227,,291.49286,39.050152,4756.0,0.667,0.65,
KIC 8651551,8651551,,300.00583,44.718781,4273.0,0.595,0.581,
KIC 7115550,7115550,,291.08887,42.613899,5724.0,0.827,0.845,
KIC 9532637,9532637,,294.35965,46.125389,4509.0,0.663,0.656,
KIC 5305451,5305451,,298.94003,40.419441,5570.0,0.803,0.88,
KIC 7174349,7174349,,281.43701,42.727314,5780.0,1.0,1.0,
KIC 11824218,11824218,,296.61591,50.021709,4993.0,19.695,3.546,
KIC 10788461,10788461,Kepler-1530,288.16251,48.16515,5678.0,1.303,1.015,489.876
KIC 11667548,11667548,,294.75632,49.792091,6343.0,1.14,1.213,
KIC 8868649,8868649,,284.39655,45.13604,5472.0,0.981,0.846,
KIC 9715939,9715939,,294.16989,46.425289,6387.0,1.408,1.086,
KIC 6887030,6887030,,297.8728,42.303291,5519.0,0.762,0.827,
KIC 4751083,4751083,,293.08649,39.801788,6306.0,1.281,1.148,
KIC 5903301,5903301,,298.65833,41.138882,6200.0,1.382,1.009,
KIC 7695087,7695087,,295.80582,43.304451,4969.0,9.433,2.572,
KIC 6200709,6200709,,290.41669,41.52578,6063.0,0.89,0.934,
KIC 8323764,8323764,,299.08057,44.29501,5159.0,0.8,0.752,
KIC 7013923,7013923,,284.31454,42.589321,4922.0,0.823,0.79,
KIC 5360082,5360082,,291.08334,40.566639,4594.0,0.567,0.56,
KIC 6543683,6543683,,297.54337,41.947979,6040.0,1.155,0.909,
KIC 5008245,5008245,,290.93671,40.12492,6366.0,1.236,1.257,
KIC 10555365,10555365,,298.77109,47.785412,5687.0,0.921,0.826,
KIC 5481426,5481426,,299.64487,40.690601,5780.0,1.0,1.0,
KIC 7983756,7983756,,298.84415,43.725361,6192.0,0.917,0.976,
KIC 7289165,7289165,,293.96725,42.833279,6338.0,1.602,1.142,
KIC 12784167,12784167,Kepler-1522,289.84323,52.07016,5763.0,0.842,0.937,814.125
KIC 8949316,8949316,,290.51895,45.235371,3569.0,0.427,0.439,
KIC 8912730,8912730,,300.19409,45.145741,6943.0,1.66,1.459,
KIC 9784230,9784230,,296.99054,46.598999,5780.0,1.0,1.0,
KIC 11466960,11466960,,297.13989,49.381618,6737.0,1.425,1.303,
KIC 3124420,3124420,,293.24536,38.272182,5780.0,1.0,1.0,
KIC 4649440,4649440,,290.1377,39.765202,5321.0,4.335,1.783,
KIC 2437488,2437488,,290.22916,37.76141,4735.0,9.043,1.549,
KIC 10083623,10083623,,295.08237,47.08625,5636.0,0.827,0.899,
KIC 8043052,8043052,,296.4682,43.80146,5256.0,0.802,0.745,
KIC 5435816,5435816,,287.62381,40.605469,6063.0,1.012,1.117,
KIC 8559589,8559589,,291.63467,44.647598,6211.0,1.056,0.993,
KIC 4372765,4372765,,293.61035,39.415089,6517.0,1.374,1.313,
KIC 10268903,10268903,,289.71304,47.343498,,,,
KIC 7017437,7017437,,285.99533,42.534199,4893.0,10.363,1.725,
KIC 7220320,7220320,,297.10815,42.752918,5770.0,2.221,1.255,
KIC 9291378,9291378,,295.83008,45.789822,6137.0,1.018,1.086,
KIC 4075067,4075067,,295.86945,39.15881,8992.0,4.832,2.922,
KIC 4949524,4949524,,298.00113,40.047878,5602.0,0.817,0.913,
KIC 2697935,2697935,,287.46786,37.96664,5088.0,3.318,1.294,
KIC 6531143,6531143,,294.504,41.968159,6278.0,1.081,1.132,
KIC 3550434,3550434,,292.922,38.670292,5089.0,0.693,0.666,
KIC 2558370,2558370,,287.13596,37.838306,5780.0,1.0,1.0,
KIC 5397166,5397166,,299.85965,40.56395,5904.0,3.348,1.635,
KIC 7024530,7024530,,288.92923,42.529202,6077.0,0.999,1.077,
KIC 5015459,5015459,,293.07538,40.122139,4340.0,0.572,0.557,
KIC 1433980,1433980,,291.76633,37.097191,6574.0,1.768,1.317,
KIC 2438490,2438490,,290.32596,37.76152,5528.0,0.849,0.864,
KIC 3838496,3838496,,287.75238,38.929794,5780.0,1.0,1.0,
KIC 6470521,6470521,,299.02432,41.823719,6377.0,1.119,1.147,
KIC 2449090,2449090,,292.69629,37.707237,5780.0,1.0,1.0,
KIC 5652260,5652260,,299.54694,40.861271,5743.0,0.853,0.949,
KIC 2569494,2569494,,290.17883,37.848949,5311.0,0.866,0.804,
KIC 12405950,12405950,,290.43008,51.271549,7021.0,2.629,1.447,
KIC 5206233,5206233,,296.63696,40.366982,5608.0,0.813,0.909,
KIC 7031066,7031066,,290.96289,42.570709,5115.0,0.917,0.842,
KIC 6775985,6775985,,291.38675,42.260509,6770.0,1.361,1.204,
KIC 11357192,11357192,,295.08725,49.169899,5018.0,2.99,1.421,
KIC 9533489,9533489,,294.67377,46.122673,7214.0,1.935,1.69,
KIC 11825057,11825057,,296.96957,50.067093,5780.0,1.0,1.0,
KIC 12306699,12306699,,291.04214,51.026321,5139.0,0.741,0.825,
KIC 9692336,9692336,,282.1741,46.45676,5780.0,1.0,1.0,
KIC 9641008,9641008,,288.00998,46.306061,5515.0,0.712,0.785,
KIC 8588377,8588377,,300.439,44.663319,5750.0,1.021,0.816,
KIC 3644601,3644601,,291.18866,38.751259,5715.0,0.834,0.873,
KIC 4242692,4242692,Kepler-1531,285.14658,39.370789,6520.0,1.713,1.094,666.334
KIC 8781480,8781480,,300.4682,44.981426,3942.0,60.688,1.696,
KIC 6783732,6783732,,293.66803,42.223511,6328.0,0.948,1.012,
KIC 11607176,11607176,,289.86264,49.637299,5741.0,0.82,0.837,
KIC 10661718,10661718,,290.27328,47.986469,6095.0,1.016,0.9,
KIC 6470516,6470516,,299.02353,41.82198,8344.0,2.115,1.79,
KIC 6891124,6891124,,298.72821,42.372631,6269.0,1.085,1.106,
KIC 7770471,7770471,,297.18048,43.477112,6510.0,1.425,1.228,
KIC 5130380,5130380,,299.15503,40.288132,5907.0,1.126,0.915,
KIC 6314173,6314173,,299.24063,41.621681,7311.0,1.959,1.442,
KIC 5688997,5688997,,285.8418,40.925449,6022.0,1.166,1.007,
KIC 7031340,7031340,,291.0571,42.583359,5496.0,1.533,0.853,
KIC 4073730,4073730,,295.61594,39.196709,6635.0,3.798,1.705,
KIC 2854948,2854948,,291.98416,38.088371,5688.0,0.786,0.87,
KIC 7813039,7813039,,288.43912,43.505249,5606.0,0.918,0.924,
KIC 8459354,8459354,,300.40677,44.414188,7643.0,3.618,2.082,
KIC 6531617,6531617,,294.62714,41.933182,5232.0,0.777,0.727,
KIC 4164922,4164922,Kepler-1698,293.34497,39.257809,5014.0,0.756,0.756,222.345
KIC 12061969,12061969,Kepler-2001,291.65952,50.583881,5081.0,0.77,0.864,776.55
KIC 10259029,10259029,,284.67484,47.340809,5585.0,0.798,0.852,
KIC 8299947,8299947,,291.88657,44.224564,5780.0,1.0,1.0,
KIC 3335813,3335813,,289.69757,38.408852,6141.0,1.117,1.051,
KIC 11858741,11858741,,288.76028,50.176834,5780.0,1.0,1.0,
KIC 6363494,6363494,,291.63495,41.76569,9954.0,2.408,2.485,
KIC 2576107,2576107,,291.52313,37.887642,6328.0,0.915,1.0,
KIC 9532421,9532421,,294.29193,46.161968,4897.0,0.789,0.761,
KIC 6936966,6936966,,287.94504,42.413551,5853.0,0.895,0.99,
KIC 5653849,5653849,,299.84598,40.84531,5470.0,0.777,0.71,
KIC 2437060,2437060,,290.19952,37.776989,4599.0,23.673,2.799,
KIC 8127648,8127648,,300.45883,43.936024,5780.0,1.0,1.0,
KIC 11564013,11564013,,294.31912,49.532131,5821.0,0.898,0.742,
KIC 9405541,9405541,,292.4393,45.952358,3306.0,116.965,0.935,
KIC 8906045,8906045,,298.28323,45.130939,5891.0,1.138,0.953,
KIC 7031638,7031638,,291.15805,42.576279,6318.0,1.121,1.046,
KIC 7296094,7296094,,295.78812,42.846355,5780.0,1.0,1.0,
KIC 5437945,5437945,Kepler-460,288.47485,40.65136,6340.0,1.393,1.031,
KIC 12009347,12009347,,289.34863,50.482861,4416.0,0.733,0.728,
KIC 4037163,4037163,,285.08014,39.183899,5780.0,1.0,1.0,
KIC 5535890,5535890,,292.52734,40.745201,5807.0,1.256,0.977,
KIC 5215980,5215980,,298.57938,40.365108,5325.0,0.75,0.84,
KIC 9353742,9353742,Kepler-1523,296.05405,45.827049,5497.0,0.886,0.964,865.596
KIC 9178185,9178185,,299.55338,45.522049,5908.0,3.915,1.755,
KIC 6290382,6290382,,293.5192,41.671791,7245.0,1.667,1.46,
KIC 3327992,3327992,,287.17935,38.433701,4188.0,0.661,0.656,
KIC 5649206,5649206,,298.95847,40.863552,5780.0,1.0,1.0,
KIC 5193384,5193384,,293.65988,40.361942,4905.0,3.484,0.883,
KIC 5181804,5181804,,290.22836,40.355389,6585.0,1.416,1.185,
KIC 10491544,10491544,,298.91165,47.658298,5073.0,4.61,0.812,
KIC 4937143,4937143,,295.33884,40.037289,6938.0,1.31,1.198,
KIC 8719324,8719324,,301.11429,44.825802,,,,
KIC 11241814,11241814,,290.58289,48.960411,6124.0,1.007,0.959,
KIC 5036537,5036537,,297.87793,40.10471,5080.0,0.947,0.855,
KIC 9837083,9837083,,294.31943,46.619598,4330.0,0.639,0.632,
KIC 12557548,12557548,Kepler-1520,290.96622,51.504719,4550.0,0.66,0.666,607.917
KIC 7031726,7031726,,291.18686,42.591022,3420.0,138.056,1.291,
KIC 3338660,3338660,,290.47421,38.427368,5992.0,1.171,0.96,
KIC 3338674,3338674,,290.47714,38.42691,4740.0,5.721,0.949,
KIC 5546277,5546277,,295.36914,40.787121,5849.0,0.919,1.014,
KIC 8258160,8258160,,299.21881,44.181862,5305.0,0.857,0.805,
KIC 9752982,9752982,,282.19843,46.52029,5173.0,2.742,0.811,
KIC 4666008,4666008,,294.77063,39.751202,6325.0,1.112,1.157,
KIC 8430105,8430105,,291.55862,44.48819,4919.0,5.198,0.938,
KIC 8052474,8052474,,298.7836,43.854832,5637.0,0.99,0.866,
KIC 3534118,3534118,,288.32785,38.627621,6078.0,1.148,1.064,
KIC 2441161,2441161,,290.93845,37.701172,5306.0,0.687,0.765,
KIC 3231120,3231120,,290.34445,38.377071,5791.0,0.969,0.91,
KIC 12216706,12216706,,295.74377,50.830921,8749.0,2.911,1.979,
KIC 10735331,10735331,,293.49066,48.095371,6960.0,1.83,1.435,
KIC 7763269,7763269,,295.15491,43.444321,6261.0,1.194,1.017,
KIC 8365739,8365739,,291.88754,44.345619,,,,
KIC 5471606,5471606,,297.69974,40.641468,3982.0,32.244,1.104,
KIC 11200405,11200405,,296.35413,48.863621,6078.0,1.194,0.868,
KIC 5475736,5475736,,298.57819,40.67548,5750.0,0.839,0.747,
KIC 9049673,9049673,,299.81671,45.332821,5232.0,0.777,0.727,
KIC 7031898,7031898,,291.24664,42.562382,6277.0,1.121,0.961,
KIC 9593759,9593759,,294.10733,46.209469,4770.0,9.67,1.373,
KIC 8827930,8827930,,295.20694,45.09819,5672.0,1.22,0.969,
KIC 5020044,5020044,,294.30585,40.193779,6292.0,1.078,1.129,
KIC 11560037,11560037,,292.35748,49.514511,5888.0,1.02,0.924,
KIC 11911561,11911561,,290.14914,50.239178,6022.0,1.514,0.888,
KIC 6547322,6547322,,298.30786,41.965389,6014.0,2.429,1.303,
KIC 3440118,3440118,Kepler-1928,290.44067,38.52356,5620.0,0.884,0.971,326.362
KIC 9159265,9159265,,293.68225,45.511398,5627.0,0.818,0.91,
KIC 4472818,4472818,Kepler-1524,293.88541,39.51981,5818.0,0.986,1.032,381.773
KIC 5816806,5816806,,298.33798,41.075291,5780.0,1.0,1.0,
KIC 9661869,9661869,,296.65707,46.38052,6167.0,1.121,1.032,
KIC 6790592,6790592,,295.43973,42.209061,3287.0,152.969,1.11,
KIC 3097352,3097352,,285.68704,38.26115,6024.0,1.078,1.028,
KIC 6066379,6066379,,298.13248,41.33427,6282.0,1.343,1.057,
KIC 6952971,6952971,,293.17212,42.483238,6450.0,1.155,1.183,
KIC 3459199,3459199,,295.20288,38.51955,5314.0,11.82,3.083,
KIC 6973796,6973796,,298.12396,42.403172,4530.0,0.735,0.725,
KIC 12023089,12023089,,296.59149,50.490028,5319.0,0.654,0.638,
KIC 6286155,6286155,,292.16907,41.619759,5032.0,5.922,1.41,
KIC 7831363,7831363,,294.77493,43.592918,6313.0,1.098,0.929,
KIC 4663185,4663185,,294.07938,39.729641,4727.0,13.547,2.1,
KIC 5305471,5305471,,298.94366,40.40519,5555.0,0.811,0.762,
KIC 5560830,5560830,,298.49451,40.733608,6220.0,1.056,1.013,
KIC 4147444,4147444,,288.86737,39.264961,6438.0,1.166,1.054,
KIC 8211824,8211824,,281.7446,44.16964,5048.0,0.707,0.679,
KIC 5980800,5980800,,297.20352,41.228909,5400.0,0.978,0.842,
KIC 9592850,9592850,,293.76782,46.237591,5455.0,0.897,0.844,
KIC 6227560,6227560,,297.75845,41.513641,4577.0,0.557,0.552,
KIC 5866104,5866104,,288.44485,41.172604,5780.0,1.0,1.0,
KIC 8256044,8256044,,298.67557,44.175732,5642.0,1.415,0.95,
KIC 8780968,8780968,,300.33557,44.986271,5510.0,2.649,1.119,
KIC 6960446,6960446,,295.19583,42.418911,6366.0,1.296,1.059,
KIC 8264097,8264097,,300.87231,44.144318,5780.0,1.0,1.0,
KIC 7515679,7515679,Kepler-1517,287.80722,43.188782,7358.0,4.037,2.054,847.299
KIC 9674592,9674592,,300.41293,46.380669,5662.0,0.805,0.899,
KIC 10879213,10879213,,298.25992,48.218964,5780.0,1.0,1.0,
KIC 5650314,5650314,,299.17062,40.871059,4628.0,0.653,0.723,
KIC 6962901,6962901,,295.74759,42.40163,5596.0,3.938,1.707,
KIC 8302302,8302302,,292.80579,44.23605,6247.0,0.954,1.022,
KIC 10581918,10581918,,283.0437,47.80463,7479.0,2.324,1.634,
KIC 3851949,3851949,,291.90335,38.925861,5145.0,3.866,1.594,
KIC 9097892,9097892,,294.95724,45.405151,6397.0,1.157,1.042,
KIC 5769943,5769943,,283.7504,41.08601,3644.0,0.389,0.412,
KIC 4638237,4638237,,286.15311,39.714901,5631.0,1.263,0.947,
KIC 4579313,4579313,,296.05884,39.613579,5562.0,0.756,0.845,
KIC 11614528,11614528,,293.84235,49.66206,6384.0,1.086,1.129,
KIC 8848288,8848288,,301.0473,45.087631,4694.0,12.701,2.156,
KIC 6590307,6590307,,286.43134,42.098339,5520.0,0.818,0.917,
KIC 5308419,5308419,,299.51083,40.474548,6140.0,1.053,1.001,
KIC 6312521,6312521,,298.88235,41.66333,5299.0,2.761,1.306,
KIC 4579321,4579321,,296.06036,39.615211,5780.0,1.0,1.0,
KIC 1575690,1575690,,291.8819,37.18911,3979.0,0.544,0.539,
KIC 4386047,4386047,,296.43033,39.443489,5977.0,0.931,0.94,
KIC 5103998,5103998,,293.15765,40.262711,5704.0,0.804,0.897,
KIC 9655858,9655858,,294.48807,46.334099,5780.0,1.0,1.0,
KIC 10275880,10275880,,292.58875,47.393799,6327.0,2.433,1.495,
KIC 2166200,2166200,,292.7337,37.559311,6572.0,1.418,1.19,
KIC 3547315,3547315,,292.13733,38.602348,5441.0,0.791,0.814,
KIC 6933781,6933781,,286.69733,42.45116,5770.0,1.685,0.915,
KIC 6148271,6148271,,298.22964,41.459839,6505.0,1.228,1.211,
KIC 5386904,5386904,,297.94922,40.530708,6586.0,1.207,1.226,
KIC 2997178,2997178,,293.0748,38.16972,5122.0,9.828,2.707,
KIC 6507433,6507433,,286.50876,41.922741,6161.0,1.053,1.15,
KIC 8260198,8260198,,299.78207,44.19981,5319.0,0.734,0.694,
KIC 10733174,10733174,,292.61954,48.081478,5869.0,0.892,0.98,
KIC 8564976,8564976,,293.77213,44.63847,4991.0,7.506,1.761,
KIC 8765560,8765560,,296.15601,44.92009,5258.0,2.78,1.115,
KIC 11760860,11760860,Kepler-1525,290.55951,49.943008,5705.0,1.026,1.069,382.989
KIC 7910148,7910148,,297.64441,43.632172,5802.0,0.794,0.714,
KIC 12459731,12459731,,291.05017,51.321751,6289.0,1.142,1.015,
KIC 12735740,12735740,Kepler-86,289.76361,51.962601,5725.0,0.913,0.974,
KIC 4678875,4678875,,297.42035,39.775108,6569.0,1.235,1.06,
KIC 7812175,7812175,,288.02426,43.545841,5780.0,1.0,1.0,
KIC 7708193,7708193,,298.99731,43.398861,5516.0,2.178,1.007,
KIC 5478083,5478083,,299.01227,40.660034,5780.0,1.0,1.0,
KIC 10857342,10857342,,290.01151,48.244202,8796.0,3.278,2.014,
KIC 5215700,5215700,,298.5304,40.39846,6025.0,0.999,1.08,
KIC 8780959,8780959,Kepler-1518,300.33237,44.986141,6432.0,1.345,1.06,903.51
KIC 5565486,5565486,,299.37808,40.757359,6690.0,1.174,1.198,
KIC 8453214,8453214,,298.80362,44.4174,4401.0,0.645,0.634,
KIC 8556077,8556077,,290.33813,44.60387,6422.0,1.295,1.082,
KIC 7757698,7757698,,293.43799,43.476501,5959.0,0.859,0.948,
KIC 8625821,8625821,,292.17706,44.786598,5649.0,0.705,0.786,
KIC 8652999,8652999,,300.39197,44.780041,5940.0,1.191,1.03,
KIC 12164770,12164770,,294.39557,50.719589,6338.0,1.091,1.137,
KIC 9541322,9541322,,297.33582,46.15099,6347.0,0.996,1.053,
KIC 10470616,10470616,,291.96689,47.698456,6470.0,1.324,1.281,
KIC 10362031,10362031,,299.26431,47.491791,6184.0,1.579,1.289,
KIC 6373680,6373680,,294.74448,41.749962,5910.0,0.796,0.875,
KIC 9957351,9957351,,294.3541,46.840851,4769.0,0.578,0.574,
KIC 5385575,5385575,,297.61902,40.568062,4594.0,0.743,0.765,
KIC 3732035,3732035,Kepler-1535,286.61371,38.891972,6014.0,1.115,1.044,897.733
KIC 5385697,5385697,,297.64737,40.536461,5645.0,0.817,0.908,
KIC 8823833,8823833,,293.7749,45.087639,5607.0,0.948,0.788,
KIC 5008501,5008501,,291.01971,40.177589,6469.0,1.193,1.26,
KIC 5015913,5015913,,293.20209,40.170921,5500.0,3.899,1.719,
KIC 5103942,5103942,,293.1416,40.262299,6058.0,0.867,0.95,
KIC 5184709,5184709,,291.12006,40.333988,6323.0,1.093,1.14,
KIC 5195172,5195172,Kepler-1763,294.11307,40.362968,5897.0,1.259,1.026,756.486
KIC 8678664,8678664,,287.2106,44.849129,5468.0,0.88,0.903,
KIC 8832512,8832512,Kepler-963,296.75296,45.0411,5500.0,0.928,0.821,771.494
KIC 8892721,8892721,,294.35666,45.192959,4796.0,0.598,0.59,
KIC 7778664,7778664,,299.14664,43.459831,5783.0,0.962,0.885,
KIC 9042357,9042357,,297.91864,45.347061,5283.0,0.695,0.691,
KIC 9115681,9115681,,299.87238,45.499592,6689.0,3.381,1.639,
KIC 10481045,10481045,,295.841,47.681889,5751.0,0.774,0.826,
KIC 8107034,8107034,,295.03903,43.95454,6372.0,1.112,1.063,
KIC 3962751,3962751,,293.69742,39.036388,,,,
KIC 8582291,8582291,,298.84979,44.615009,5516.0,0.872,0.811,
KIC 5110683,5110683,,294.90765,40.278831,,,,
KIC 7967861,7967861,,294.53214,43.75441,5914.0,0.828,0.913,
KIC 8179325,8179325,,296.28696,44.022671,5058.0,0.739,0.827,
KIC 5475494,5475494,,298.52603,40.612091,6355.0,1.09,1.134,
KIC 9412445,9412445,,295.11502,45.96648,3995.0,0.555,0.556,
KIC 7866914,7866914,,279.85272,43.664459,6074.0,0.965,0.992,
KIC 6057684,6057684,,296.0878,41.316841,5997.0,0.993,1.093,
KIC 5271608,5271608,,290.73367,40.43116,6067.0,0.997,0.981,
KIC 5357470,5357470,,290.2442,40.559269,6038.0,0.971,0.753,
KIC 5443775,5443775,,290.33612,40.653061,5959.0,2.382,1.395,
KIC 5527172,5527172,,289.81805,40.723919,5716.0,1.76,1.039,
KIC 7386391,7386391,,297.92322,42.938789,6031.0,0.966,1.013,
KIC 5529643,5529643,,290.51105,40.708569,6174.0,1.026,1.09,
KIC 9366989,9366989,,299.97183,45.809738,5833.0,1.192,1.115,
KIC 9468717,9468717,,293.38184,46.098701,6484.0,1.093,0.998,
KIC 9528420,9528420,,292.65988,46.159538,6214.0,1.061,1.006,
KIC 7834712,7834712,,295.79788,43.570389,5828.0,1.028,1.116,
KIC 9574614,9574614,,284.9671,46.27626,5472.0,0.742,0.75,
KIC 9674608,9674608,,300.41727,46.335991,4491.0,0.711,0.702,
KIC 10341905,10341905,,292.77484,47.451099,5553.0,0.806,0.903,
KIC 10336927,10336927,,290.82733,47.446861,,,,
KIC 12115188,12115188,,293.97278,50.645142,5529.0,0.936,0.945,
KIC 9850957,9850957,,298.74857,46.68047,6541.0,2.43,1.291,
KIC 8189801,8189801,,298.92639,44.00219,3993.0,0.554,0.556,
KIC 11568224,11568224,,296.11182,49.561951,6168.0,0.911,0.919,
KIC 7938883,7938883,,282.19308,43.733219,3898.0,0.53,0.556,
KIC 9280239,9280239,Kepler-1536,291.58517,45.71579,4386.0,0.63,0.616,387.248
KIC 4544571,4544571,,285.87671,39.685951,5681.0,0.859,0.957,
KIC 3245661,3245661,,294.04828,38.364109,5989.0,0.908,0.95,
KIC 5618071,5618071,,291.21811,40.839329,5081.0,3.365,1.258,
KIC 6312534,6312534,,298.88397,41.662079,5069.0,0.818,0.826,
KIC 6470917,6470917,,299.10248,41.887459,6065.0,0.896,0.833,
KIC 7431709,7431709,,287.39417,43.080681,5171.0,0.76,0.793,
KIC 6611330,6611330,,293.33807,42.016312,5437.0,0.783,0.801,
KIC 6699368,6699368,,294.01492,42.139191,6120.0,1.054,1.003,
KIC 9886255,9886255,Kepler-976,289.86963,46.72971,5327.0,0.8,0.891,1012.41
KIC 9973855,9973855,,299.77972,46.890469,5668.0,0.916,0.908,
KIC 10019399,10019399,,294.91611,46.944977,6065.0,1.891,1.006,
KIC 7841368,7841368,,297.58942,43.516178,6029.0,1.494,1.091,
KIC 10028352,10028352,,297.79224,46.935829,6823.0,2.037,1.66,
KIC 10031707,10031707,,298.77295,46.921246,3837.0,80.307,1.585,
KIC 10407054,10407054,,292.77899,47.552216,6443.0,1.457,1.083,
KIC 10880007,10880007,,298.50989,48.240139,,,,
KIC 8418129,8418129,,286.2872,44.49371,,,,
KIC 6525185,6525185,,292.71548,41.943562,5790.0,0.9,0.998,
KIC 10812504,10812504,,297.29269,48.11438,3812.0,0.476,0.484,
KIC 8107115,8107115,,295.06677,43.98209,5662.0,0.789,0.859,
KIC 10663411,10663411,,290.98767,47.976639,6082.0,1.147,1.054,
KIC 10090219,10090219,,297.21194,47.027802,6063.0,1.012,1.117,
KIC 9899217,9899217,,295.16199,46.76273,6150.0,1.004,0.946,
KIC 6750902,6750902,,281.24307,42.254929,5888.0,1.008,0.918,
KIC 5895588,5895588,,296.99405,41.129471,5743.0,0.853,0.949,
KIC 6803855,6803855,Kepler-930,298.31445,42.24744,6148.0,1.488,1.094,848.396
KIC 6891366,6891366,,298.77509,42.39323,6221.0,1.18,1.09,
KIC 7448023,7448023,,292.75653,43.036888,4665.0,0.704,0.695,
KIC 6891637,6891637,,298.8222,42.394642,4408.0,0.529,0.528,
KIC 6975615,6975615,,298.49808,42.466412,5266.0,0.749,0.702,
KIC 7137725,7137725,,297.12173,42.673321,6526.0,1.426,1.226,
KIC 10153855,10153855,Kepler-1037,296.34103,47.17086,5265.0,1.002,0.919,446.914
KIC 10230571,10230571,,299.2529,47.278999,,,,
KIC 10294613,10294613,,298.73807,47.381741,5431.0,0.843,0.945,
KIC 7879648,7879648,,287.24149,43.679661,5815.0,0.87,0.913,
KIC 10491044,10491044,,298.77988,47.66095,5003.0,0.707,0.681,
KIC 10614012,10614012,,296.92874,47.88295,5067.0,8.121,1.812,
KIC 10616415,10616415,,297.61398,47.811401,4972.0,4.034,1.668,
KIC 6525193,6525193,,292.71729,41.901218,5834.0,1.023,1.132,
KIC 6866251,6866251,,292.74707,42.379929,5254.0,3.761,1.653,
KIC 7117710,7117710,,291.77136,42.671249,5403.0,0.888,0.998,
KIC 7762723,7762723,Kepler-1867,294.99725,43.435921,5693.0,0.816,0.911,680.583
KIC 4178606,4178606,Kepler-1326,296.22214,39.268959,6864.0,2.632,1.535,698.326
KIC 5980208,5980208,Kepler-1331,297.07379,41.22448,4258.0,0.622,0.61,319.197
KIC 5303557,5303557,,298.57697,40.490395,5780.0,1.0,1.0,
KIC 10227863,10227863,,298.55258,47.247318,5751.0,1.035,0.956,
KIC 7281668,7281668,,291.67123,42.812359,5629.0,0.87,0.987,
KIC 8036287,8036287,Kepler-1537,294.38538,43.82547,5305.0,1.449,0.939,517.292
KIC 9602562,9602562,,297.1322,46.256489,5950.0,1.114,1.126,
KIC 10668665,10668665,,293.09589,47.996578,6377.0,1.158,1.225,
KIC 10407020,10407020,,292.76535,47.512272,6985.0,2.187,1.502,
KIC 7380829,7380829,,296.74991,42.952358,5999.0,0.996,0.945,
KIC 7470491,7470491,,298.14603,43.075199,3705.0,89.806,1.847,
KIC 7768952,7768952,,296.80951,43.450851,5461.0,3.301,1.463,
KIC 8162790,8162790,,290.73578,44.090488,5636.0,0.913,0.881,
KIC 9655129,9655129,,294.24811,46.374008,5334.0,0.81,0.743,
KIC 9899483,9899483,,295.25388,46.76136,6468.0,1.602,1.195,
KIC 10917681,10917681,,290.60745,48.357182,6072.0,0.923,1.005,
KIC 7882360,7882360,,288.59802,43.681469,6039.0,0.951,1.027,
KIC 10965740,10965740,,286.46616,48.495918,5627.0,3.05,1.456,
KIC 11187436,11187436,Kepler-957,290.15634,48.818989,4963.0,0.69,0.667,824.688
KIC 11285136,11285136,,284.86145,49.026989,5944.0,0.991,0.886,
KIC 11298815,11298815,,292.8053,49.040459,3841.0,0.509,0.538,
KIC 11342573,11342573,,287.66364,49.141499,6142.0,1.046,1.143,
KIC 7134626,7134626,,296.40149,42.651058,6461.0,2.225,1.266,
KIC 9823519,9823519,Kepler-1350,288.25058,46.679611,3698.0,0.444,0.464,340.691
KIC 11246161,11246161,,292.87418,48.936569,5749.0,0.988,1.02,
KIC 7047824,7047824,Kepler-1353,295.73535,42.576248,4852.0,0.804,0.778,593.384
KIC 4479633,4479633,,295.51825,39.593391,6045.0,0.955,1.038,
KIC 4952341,4952341,,298.5798,40.072182,7592.0,1.714,1.545,
KIC 8176019,8176019,,295.26447,44.09856,,,,
KIC 5385491,5385491,,297.59946,40.55901,5478.0,1.017,0.845,
KIC 5551504,5551504,,296.55164,40.71278,5340.0,1.504,0.917,
KIC 6421503,6421503,,283.0527,41.859711,5272.0,0.662,0.732,
KIC 10352333,10352333,,296.50354,47.486919,5519.0,0.921,0.837,
KIC 7538434,7538434,,294.80182,43.13324,5988.0,0.836,0.885,
KIC 10487119,10487119,,297.66129,47.62394,5754.0,0.943,1.061,
KIC 10621666,10621666,,299.06693,47.895191,5912.0,0.82,0.908,
KIC 10747439,10747439,,297.46457,48.088001,6075.0,0.969,1.048,
KIC 10813841,10813841,,297.66211,48.115898,6137.0,0.963,1.038,
KIC 10879656,10879656,,298.39774,48.212318,5220.0,0.642,0.63,
KIC 12253474,12253474,,288.63483,50.912231,6102.0,1.016,1.049,
KIC 12691412,12691412,,290.28619,51.834026,6596.0,1.721,1.474,
KIC 5024482,5024482,,295.32501,40.187576,6640.0,2.099,1.231,
KIC 8175131,8175131,,295.00293,44.09203,4702.0,0.67,0.654,
KIC 3764879,3764879,,295.77194,38.820042,6102.0,1.026,1.099,
KIC 7177766,7177766,,283.11136,42.76107,5267.0,2.935,1.42,
KIC 5513897,5513897,,284.37183,40.712971,5452.0,0.815,0.91,
KIC 10664416,10664416,,291.40079,47.924629,5128.0,0.668,0.647,
KIC 9602613,9602613,Kepler-1994,297.14883,46.296951,5495.0,0.961,0.932,241.991
KIC 5807769,5807769,Kepler-1289,296.38882,41.040569,5689.0,1.542,1.007,1053.57
KIC 11495766,11495766,,285.22531,49.424179,5910.0,0.94,1.032,
KIC 7282154,7282154,,291.82501,42.866508,5341.0,0.808,0.747,
KIC 3228988,3228988,,289.80423,38.370708,5767.0,0.837,0.927,
KIC 2970804,2970804,,286.10696,38.107628,5780.0,1.0,1.0,
KIC 7552701,7552701,,298.0513,43.164909,6557.0,1.406,1.287,
KIC 7418173,7418173,,281.57571,43.068111,5354.0,2.18,0.985,
KIC 3228804,3228804,,289.76114,38.353519,5514.0,0.826,0.926,
KIC 11045383,11045383,,298.21094,48.559158,5193.0,0.805,0.753,
KIC 11391667,11391667,,285.30206,49.263451,5591.0,5.618,1.942,
KIC 11392017,11392017,,285.53549,49.298439,5148.0,2.314,0.822,
KIC 3446451,3446451,,292.13745,38.599419,7089.0,2.584,1.693,
KIC 6603756,6603756,,291.09161,42.058479,5332.0,0.86,0.798,
KIC 8460600,8460600,,300.77478,44.487751,5089.0,0.693,0.666,
KIC 12121470,12121470,,296.80524,50.611061,6382.0,1.059,1.104,
KIC 3327993,3327993,,287.18005,38.414131,5900.0,0.951,1.065,
KIC 5467124,5467124,,296.67761,40.65369,5557.0,2.372,1.271,
KIC 7906739,7906739,,296.8017,43.654259,5912.0,0.87,0.875,
KIC 2860114,2860114,,293.06598,38.042011,5237.0,0.837,0.774,
KIC 8501062,8501062,,294.06879,44.574772,,,,
KIC 7199644,7199644,,291.5705,42.73772,6147.0,0.954,0.932,
KIC 11966253,11966253,,293.31952,50.364262,5670.0,0.843,0.732,
KIC 10275805,10275805,,292.55612,47.329079,5895.0,0.991,1.105,
KIC 5709889,5709889,,293.17096,40.99559,3945.0,0.519,0.515,
KIC 3119256,3119256,,292.05014,38.261002,6785.0,2.124,1.113,
KIC 9943435,9943435,,288.03152,46.827549,5769.0,0.812,0.9,
KIC 2442359,2442359,,291.22318,37.781551,5132.0,2.648,1.211,
KIC 7707742,7707742,,298.89954,43.395641,7131.0,1.83,1.483,
KIC 2010191,2010191,,290.38721,37.47818,5854.0,1.742,1.143,
KIC 5471675,5471675,,297.72037,40.6502,6552.0,3.44,1.694,
KIC 7601665,7601665,,289.88666,43.233879,6450.0,1.273,1.169,
KIC 8845574,8845574,,300.31107,45.02494,5075.0,0.67,0.649,
KIC 2021440,2021440,,292.96844,37.488689,5150.0,0.71,0.792,
KIC 3122985,3122985,,292.91891,38.206692,5811.0,0.998,0.772,
KIC 3248019,3248019,,294.59683,38.37014,6319.0,1.083,1.007,
KIC 3328026,3328026,,287.18961,38.43166,5917.0,1.0,1.088,
KIC 7116024,7116024,,291.24313,42.630169,6134.0,1.496,1.131,
KIC 2014991,2014991,,291.54935,37.40358,6418.0,3.049,1.541,
KIC 12885212,12885212,,290.17502,52.220341,4620.0,0.736,0.723,
KIC 5894073,5894073,,296.64755,41.177021,6246.0,1.092,1.18,
KIC 4245933,4245933,,286.40198,39.338799,4257.0,0.586,0.623,
KIC 7199724,7199724,,291.59357,42.719299,6108.0,0.997,1.072,
KIC 12935144,12935144,,290.233,52.33601,4878.0,0.843,0.82,
KIC 6185496,6185496,,284.36203,41.577549,4904.0,0.786,0.758,
KIC 6606438,6606438,Kepler-1883,291.92255,42.00256,6208.0,1.024,1.086,1377.61
KIC 9149789,9149789,,289.85889,45.503841,5465.0,0.766,0.857,
KIC 12170648,12170648,,296.96381,50.74538,5180.0,0.782,0.787,
KIC 7051984,7051984,,296.7019,42.508652,5653.0,2.183,1.216,
KIC 7282168,7282168,,291.83051,42.867729,5481.0,0.708,0.806,
KIC 9851943,9851943,,299.04044,46.670368,4938.0,0.718,0.697,
KIC 5773121,5773121,Kepler-1932,285.33154,41.063911,5278.0,0.815,0.911,713.733
KIC 2708420,2708420,,290.35153,37.94857,5806.0,0.893,0.935,
KIC 4814502,4814502,Kepler-1933,283.99509,39.917,5661.0,1.008,0.964,328.007
KIC 8142787,8142787,Kepler-439,280.80157,44.033989,5431.0,0.879,0.881,757.048
KIC 7613620,7613620,,293.67114,43.217609,5395.0,0.891,0.995,
KIC 3345675,3345675,,292.30069,38.402142,4315.0,0.668,0.688,
KIC 3654950,3654950,,293.83289,38.73634,5385.0,0.75,0.698,
KIC 3836453,3836453,,286.95236,38.918331,4955.0,0.735,0.771,
KIC 3952651,3952651,,291.04391,39.023685,5780.0,1.0,1.0,
KIC 3966262,3966262,,294.57605,39.03928,5541.0,0.777,0.852,
KIC 4144231,4144231,,287.83228,39.225552,5451.0,0.6,0.604,
KIC 9964670,9964670,,297.02771,46.874519,5150.0,0.784,0.878,
KIC 6209798,6209798,,293.33835,41.59024,6292.0,1.122,0.959,
KIC 6525249,6525249,,292.73456,41.90477,6147.0,1.096,1.193,
KIC 11075429,11075429,Kepler-1137,287.13028,48.665371,7121.0,1.972,1.521,921.778
KIC 11705004,11705004,Kepler-1806,287.53503,49.801659,5311.0,0.788,0.884,978.066
KIC 6137681,6137681,,295.83484,41.426971,5385.0,0.75,0.698,
KIC 11244682,11244682,Kepler-1699,292.13733,48.917191,5496.0,0.725,0.81,818.759
KIC 9655419,9655419,,294.34845,46.390755,6831.0,2.247,1.675,
KIC 5895158,5895158,Kepler-1532,296.9028,41.198189,5845.0,0.874,0.968,798.246
KIC 4947556,4947556,Kepler-1930,297.57712,40.02771,5083.0,0.844,0.844,275.694
KIC 7287028,7287028,,293.35861,42.80666,6032.0,0.929,1.014,
KIC 5471690,5471690,,297.72531,40.640789,6632.0,2.193,1.27,
KIC 8376848,8376848,,295.74899,44.37476,6198.0,1.005,1.072,
KIC 5350447,5350447,,287.92313,40.517269,5771.0,0.936,0.802,
KIC 8934103,8934103,Kepler-1538,283.3457,45.27446,5497.0,1.241,0.981,1125.3
KIC 7618364,7618364,,294.96756,43.277409,7757.0,2.783,1.941,
KIC 4150390,4150390,,289.68658,39.297199,5793.0,0.832,0.921,
KIC 4851464,4851464,,295.88867,39.911301,6124.0,1.028,1.097,
KIC 4913000,4913000,,288.4743,40.085678,6496.0,1.33,1.209,
KIC 4945877,4945877,,297.19012,40.027969,8867.0,2.245,1.789,
KIC 5110423,5110423,,294.83679,40.265598,5552.0,0.719,0.786,
KIC 2581191,2581191,,292.60025,37.832069,6198.0,1.005,1.072,
KIC 7379385,7379385,,296.4201,42.936989,6157.0,1.016,0.985,
KIC 6199702,6199702,,290.12604,41.59943,6257.0,1.022,1.079,
KIC 6307083,6307083,,297.63519,41.641869,5061.0,0.841,0.793,
KIC 6780158,6780158,,292.6597,42.272831,5238.0,1.883,0.894,
KIC 7199756,7199756,,291.60602,42.70372,3725.0,0.46,0.473,
KIC 7362696,7362696,,291.76056,42.92392,5457.0,0.779,0.712,
KIC 3865595,3865595,,295.29874,38.930496,3915.0,58.325,1.846,
KIC 9593528,9593528,,294.0282,46.201771,6296.0,1.249,1.005,
KIC 5195945,5195945,,294.31287,40.319721,4946.0,5.855,0.824,
KIC 7300182,7300182,,296.78555,42.880291,6174.0,0.939,1.014,
KIC 5288577,5288577,,295.50217,40.409943,6701.0,2.237,1.392,
KIC 11969988,11969988,,295.05322,50.34774,6208.0,1.975,1.337,
KIC 8483258,8483258,,286.54303,44.509621,6194.0,1.129,1.208,
KIC 4832225,4832225,,290.74661,39.91103,9464.0,2.184,2.272,
KIC 9009953,9009953,Kepler-1700,286.94971,45.353828,5814.0,1.248,1.055,717.597
KIC 7664272,7664272,,283.92191,43.37075,5327.0,0.896,0.836,
KIC 5302006,5302006,,298.29898,40.470329,6726.0,1.31,1.354,
KIC 5306720,5306720,,299.18491,40.484371,6167.0,1.107,1.2,
KIC 5389540,5389540,,298.46799,40.516678,4316.0,0.54,0.543,
KIC 5444384,5444384,,290.51465,40.693001,6033.0,1.046,1.153,
KIC 5450814,5450814,,292.55685,40.638191,4481.0,0.485,0.498,
KIC 7116519,7116519,,291.39743,42.61702,6039.0,1.005,1.108,
KIC 9635510,9635510,,284.6947,46.372589,6147.0,1.003,1.064,
KIC 8076630,8076630,,282.21646,43.93359,5506.0,0.688,0.682,
KIC 4077901,4077901,,296.42896,39.133759,5437.0,0.739,0.701,
KIC 10271691,10271691,,290.88684,47.326679,5227.0,0.643,0.701,
KIC 10544677,10544677,,295.54919,47.72657,6329.0,1.045,1.095,
KIC 7199883,7199883,,291.64459,42.722351,6063.0,1.004,1.035,
KIC 8552587,8552587,,288.90982,44.60836,6274.0,1.062,1.115,
KIC 6019872,6019872,,282.54819,41.334431,5088.0,0.727,0.699,
KIC 7679812,7679812,Kepler-1931,290.87228,43.333,6167.0,1.221,1.174,620.091
KIC 4864734,4864734,,298.69202,39.984039,5974.0,2.978,1.408,
KIC 7366501,7366501,,292.94757,42.904308,6072.0,0.923,1.005,
KIC 8282846,8282846,Kepler-1539,284.21942,44.268539,5064.0,0.864,0.811,748.326
KIC 5938970,5938970,Kepler-1540,283.34448,41.20174,4641.0,0.747,0.734,244.96
KIC 8381693,8381693,,297.13824,44.378078,6070.0,1.628,0.93,
KIC 4929299,4929299,,293.35101,40.059711,5761.0,1.046,0.855,
KIC 7375348,7375348,Kepler-508,295.40433,42.981422,5949.0,1.292,1.14,324.618
KIC 10223615,10223615,,297.39066,47.223869,,,,
KIC 3342463,3342463,,291.52365,38.40519,,,,
KIC 6680177,6680177,,288.24796,42.10746,,,,
KIC 5565497,5565497,,299.38208,40.758141,8468.0,1.91,1.728,
KIC 5730389,5730389,,298.0607,40.960732,5640.0,0.863,0.901,
KIC 5802478,5802478,,295.15802,41.047871,6171.0,0.91,0.944,
KIC 5942093,5942093,,284.87454,41.203651,5830.0,0.859,0.811,
KIC 5992270,5992270,,299.62198,41.212509,4338.0,0.609,0.594,
KIC 7117126,7117126,,291.58408,42.622181,5544.0,0.957,0.914,
KIC 4761060,4761060,,295.54712,39.861759,6739.0,2.702,1.371,
KIC 5479802,5479802,,299.34885,40.621319,5973.0,0.935,1.024,
KIC 5607631,5607631,,287.80338,40.890228,6098.0,0.838,0.938,
KIC 4951249,4951249,,298.35513,40.049938,6211.0,1.058,1.117,
KIC 9156585,9156585,,292.63052,45.574219,5648.0,0.912,0.934,
KIC 3121340,3121340,,292.52948,38.282848,5160.0,2.897,0.812,
KIC 8636434,8636434,Kepler-1533,295.97556,44.713451,6325.0,1.349,1.252,966.801
KIC 5952366,5952366,,289.27658,41.259754,5780.0,1.0,1.0,
KIC 6045250,6045250,,292.69489,41.336418,6370.0,1.106,1.148,
KIC 5598595,5598595,,283.75253,40.842369,5026.0,0.729,0.701,
KIC 6681233,6681233,,288.63629,42.138191,,,,
KIC 7296438,7296438,,295.87231,42.881149,,,,
KIC 7351237,7351237,,287.99161,42.933769,,,,
KIC 7436215,7436215,,289.11868,43.077389,,,,
KIC 9763754,9763754,,288.6496,46.597752,6116.0,0.782,0.845,
KIC 10216045,10216045,,294.98788,47.21986,,,,
KIC 8846163,8846163,,300.46063,45.01384,,,,
KIC 12366681,12366681,,296.08609,51.127041,,,,
KIC 1996399,1996399,,286.40833,37.426762,,,,
KIC 2697169,2697169,,287.20215,37.94825,,,,
KIC 8435247,8435247,,293.539,44.494919,5245.0,0.674,0.652,
KIC 8332986,8332986,,301.70923,44.281792,5328.0,0.857,0.845,
KIC 9425139,9425139,,298.99509,45.909512,5716.0,1.155,1.083,
KIC 6364327,6364327,,291.91602,41.74741,5772.0,0.867,0.777,
KIC 6762829,6762829,,286.83035,42.279202,5623.0,1.841,1.038,
KIC 7369865,7369865,,293.93689,42.961559,5432.0,3.581,1.658,
KIC 7593110,7593110,,286.42599,43.264278,5759.0,0.892,0.908,
KIC 7810483,7810483,Kepler-1676,287.23676,43.567211,6127.0,1.637,1.109,
KIC 7117147,7117147,,291.5907,42.669891,6194.0,1.718,1.008,
KIC 6634133,6634133,,298.64505,42.089851,5213.0,0.917,0.832,
KIC 7021534,7021534,,287.79138,42.574108,6075.0,0.916,0.991,
KIC 9277210,9277210,,290.30646,45.750931,6701.0,2.236,1.472,
KIC 9728465,9728465,,298.26663,46.412991,6385.0,2.327,1.458,
KIC 7124026,7124026,,293.67361,42.666458,6089.0,0.95,1.031,
KIC 7200485,7200485,,291.82965,42.737679,5858.0,0.849,0.94,
KIC 4544572,4544572,,285.87708,39.690689,6106.0,0.966,1.043,
KIC 5738634,5738634,,299.70813,40.921909,6103.0,3.358,1.522,
KIC 10152836,10152836,,296.03668,47.180119,5893.0,0.941,0.981,
KIC 10651816,10651816,,285.37082,47.946499,5532.0,0.896,0.904,
KIC 7367164,7367164,,293.13828,42.965141,5815.0,0.877,0.973,
KIC 6964043,6964043,,296.01447,42.422279,5582.0,0.905,0.832,
KIC 3644523,3644523,,291.16675,38.78019,6075.0,0.969,1.048,
KIC 11909686,11909686,,289.1524,50.253159,5813.0,1.164,1.057,
KIC 12644769,12644769,,289.07571,51.757439,4451.0,0.62,0.633,
KIC 6233890,6233890,,299.12851,41.58754,6106.0,3.09,1.495,
KIC 7671950,7671950,,287.81284,43.362549,6194.0,1.069,1.161,
KIC 7918172,7918172,,299.59305,43.693089,5209.0,1.595,0.927,
KIC 8009496,8009496,,283.19598,43.890968,6079.0,2.163,1.164,
KIC 8081187,8081187,Kepler-1025,284.51019,43.961658,4907.0,19.53,3.573,803.776
KIC 8111919,8111919,,296.52682,43.960232,5792.0,1.567,1.024,
KIC 8127586,8127586,,300.43979,43.930729,6047.0,1.05,0.998,
KIC 7117485,7117485,,291.70721,42.61335,5894.0,0.784,0.863,
KIC 2860793,2860793,,293.20831,38.003319,6712.0,1.846,1.411,
KIC 3851130,3851130,,291.69385,38.964069,5609.0,1.348,0.862,
KIC 7257363,7257363,,282.04895,42.871109,5266.0,0.741,0.83,
KIC 11922722,11922722,,295.98465,50.248199,5523.0,0.981,0.871,
KIC 7203326,7203326,,292.73621,42.75972,6078.0,1.119,0.905,
KIC 8030339,8030339,Kepler-1534,292.39539,43.869068,5638.0,0.883,0.875,
KIC 9899414,9899414,,295.2269,46.772869,6046.0,0.972,1.053,
KIC 5471059,5471059,,297.55859,40.63467,5524.0,0.847,0.908,
KIC 7458309,7458309,,295.5495,43.047722,6024.0,0.849,0.934,
KIC 7777372,7777372,,298.83673,43.44302,5979.0,0.998,0.999,
KIC 7377200,7377200,,295.87747,42.983631,6061.0,1.653,1.056,
KIC 6312314,6312314,,298.84198,41.631531,5874.0,0.997,0.867,
KIC 6387969,6387969,,298.20071,41.72921,,,,
KIC 6468337,6468337,,298.55786,41.82563,6061.0,1.653,1.056,
KIC 9084778,9084778,,290.28094,45.46426,4920.0,0.591,0.588,
KIC 10357040,10357040,,297.89221,47.498089,6045.0,0.955,1.038,
KIC 10514429,10514429,,281.27295,47.774399,5837.0,1.366,0.946,
KIC 7747103,7747103,,289.7308,43.497368,6098.0,1.618,1.119,
KIC 8127607,8127607,,300.4472,43.929539,5238.0,0.752,0.836,
KIC 8129042,8129042,,300.79263,43.96748,6988.0,1.67,1.459,
KIC 8180020,8180020,,296.49356,44.052319,5533.0,0.795,0.876,
KIC 8223328,8223328,,287.8569,44.102798,5514.0,0.871,0.883,
KIC 8444552,8444552,,296.60672,44.472919,5592.0,0.771,0.703,
KIC 6342333,6342333,Kepler-1789,282.86319,41.79668,5436.0,0.888,0.92,611.461
KIC 10674871,10674871,,295.46463,47.90807,5952.0,0.907,0.989,
KIC 6032517,6032517,,288.51645,41.381962,6092.0,1.028,1.091,
KIC 4768846,4768846,,297.13702,39.891842,6168.0,2.572,1.358,
KIC 8260234,8260234,,299.78946,44.171001,5193.0,0.755,0.713,
KIC 7210749,7210749,,294.85565,42.790672,5780.0,1.0,1.0,
KIC 9282769,9282769,,292.60968,45.708881,6388.0,1.223,1.045,
KIC 7777416,7777416,,298.8461,43.403519,5718.0,0.863,0.96,
KIC 7597005,7597005,,288.08798,43.208172,6063.0,1.012,1.117,
KIC 5479717,5479717,,299.33234,40.69503,5176.0,0.695,0.768,
KIC 3764714,3764714,,295.73996,38.862282,6487.0,2.817,1.439,
KIC 11392618,11392618,,285.90607,49.287521,5725.0,1.384,0.981,
KIC 4474645,4474645,,294.34216,39.562359,5798.0,0.767,0.833,
KIC 4570949,4570949,Kepler-76,294.19211,39.618999,6309.0,1.412,1.15,822.96
KIC 4927315,4927315,,292.79404,40.074581,6215.0,1.052,1.111,
KIC 4928119,4928119,,293.02615,40.073051,6197.0,1.035,1.096,
KIC 11518201,11518201,,296.68945,49.44677,5621.0,0.879,0.921,
KIC 10861608,10861608,,291.97382,48.26231,,,,
KIC 10934313,10934313,,297.53055,48.38747,6268.0,1.1,1.188,
KIC 7516809,7516809,,288.24615,43.135841,5834.0,0.797,0.875,
KIC 6115516,6115516,,289.25012,41.484871,6249.0,1.076,1.13,
KIC 9758032,9758032,,285.20944,46.540909,5376.0,0.73,0.811,
KIC 5640511,5640511,,297.15662,40.898788,,,,
KIC 7336093,7336093,,281.11948,42.9944,,,,
KIC 10196493,10196493,,286.65024,47.242329,,,,
KIC 7812455,7812455,,288.17081,43.501202,6455.0,1.101,1.136,
KIC 9520443,9520443,,289.20413,46.133911,5072.0,0.747,0.837,
KIC 10601465,10601465,,292.44772,47.858952,,,,
KIC 7461307,7461307,,296.23697,43.014149,5747.0,0.907,0.968,
KIC 7269881,7269881,,287.73572,42.823421,5088.0,0.741,0.762,
KIC 6974658,6974658,,298.29819,42.434368,5552.0,1.03,0.863,
KIC 10964265,10964265,,285.5463,48.410851,6173.0,1.083,1.045,
KIC 9823564,9823564,,288.28134,46.637909,,,,
KIC 9532424,9532424,,294.29269,46.159409,5754.0,1.097,0.976,
KIC 9950316,9950316,,291.38715,46.88168,5637.0,0.821,0.902,
KIC 6028860,6028860,,286.92056,41.371151,5614.0,0.777,0.858,
KIC 6778019,6778019,,292.01581,42.286572,6116.0,1.084,1.181,
KIC 4571536,4571536,,294.34518,39.683929,5334.0,0.733,0.712,
KIC 10904004,10904004,,282.34305,48.340778,4786.0,0.77,0.751,
KIC 3336283,3336283,,289.82767,38.442619,6459.0,1.038,1.042,
KIC 5695904,5695904,,288.71979,40.986141,3553.0,0.368,0.383,
KIC 1725415,1725415,,292.3407,37.279861,,,,
KIC 11304987,11304987,,295.56525,49.073139,5907.0,0.964,1.048,
KIC 11709423,11709423,,289.92453,49.882469,5390.0,0.777,0.755,
KIC 8758136,8758136,,293.61337,44.975422,6072.0,0.988,1.05,
KIC 12405333,12405333,Kepler-1409,290.08478,51.208599,5231.0,0.86,0.808,694.89
KIC 10617638,10617638,,297.94925,47.816399,5862.0,1.049,1.064,
KIC 12833566,12833566,,289.46765,52.19809,6456.0,3.03,1.53,
KIC 9153554,9153554,,291.38965,45.527168,5970.0,0.908,0.996,
KIC 8161830,8161830,,290.41016,44.063541,,,,
KIC 6461850,6461850,,297.10153,41.876862,5257.0,0.639,0.713,
KIC 7613246,7613246,,293.57123,43.28648,6024.0,0.831,0.916,
KIC 11551715,11551715,,287.62094,49.584629,,,,
KIC 2715695,2715695,Kepler-1899,292.03348,37.974548,4791.0,0.742,0.759,711.509
KIC 6312171,6312171,,298.81332,41.627468,,,,
KIC 10665043,10665043,,291.63528,47.932018,,,,
KIC 12352520,12352520,Kepler-1904,288.87436,51.154121,3805.0,0.497,0.526,270.854
KIC 7455981,7455981,Kepler-1425,294.95102,43.012428,5559.0,0.79,0.714,863.873
KIC 7107561,7107561,,288.49313,42.692478,6143.0,1.877,1.312,
KIC 9605552,9605552,,297.96048,46.227921,3773.0,0.35,0.376,
KIC 11237332,11237332,,288.27991,48.950523,6131.0,2.142,0.997,
KIC 8669092,8669092,,281.89307,44.827461,6287.0,3.177,1.328,
KIC 7885494,7885494,,289.94556,43.665932,5910.0,0.94,1.032,
KIC 5281714,5281714,,293.74628,40.41774,6429.0,1.177,1.189,
KIC 5283728,5283728,,294.27399,40.462078,5726.0,0.829,0.923,
KIC 5289857,5289857,,295.78586,40.479771,4995.0,1.703,0.95,
KIC 5303185,5303185,,298.51175,40.459469,6091.0,0.967,1.045,
KIC 5308777,5308777,,299.5773,40.498508,4877.0,9.214,2.138,
KIC 5364090,5364090,,292.29816,40.52459,4206.0,0.535,0.525,
KIC 5370944,5370944,,294.22009,40.592232,,,,
KIC 5374838,5374838,,295.21255,40.516911,6313.0,1.246,1.31,
KIC 6364143,6364143,,291.85382,41.764042,6011.0,0.902,0.988,
KIC 6364307,6364307,,291.91058,41.75098,5558.0,0.722,0.822,
KIC 6366559,6366559,,292.633,41.749222,5413.0,1.403,0.918,
KIC 6367663,6367663,,292.99493,41.712749,6318.0,1.216,0.951,
KIC 6368905,6368905,,293.36475,41.788891,5150.0,0.696,0.77,
KIC 6369548,6369548,,293.56754,41.763981,5048.0,8.611,2.571,
KIC 6372194,6372194,,294.33594,41.747532,5330.0,0.713,0.797,
KIC 6387557,6387557,,298.11356,41.712749,5784.0,1.143,1.019,
KIC 3958301,3958301,,292.55002,39.023811,6289.0,1.02,1.075,
KIC 5353137,5353137,,288.89194,40.563141,3554.0,0.37,0.386,
KIC 4932689,4932689,,294.23987,40.012131,6434.0,1.138,1.169,
KIC 5294945,5294945,,296.87976,40.45536,6068.0,1.061,0.995,
KIC 7742408,7742408,Kepler-1697,287.66339,43.471451,4928.0,1.688,0.962,247.771
KIC 3968809,3968809,,295.18872,39.01865,6362.0,1.144,1.221,
KIC 3970397,3970397,,295.51279,39.08849,,,,
KIC 3973549,3973549,,296.10361,39.056221,5999.0,0.95,0.952,
KIC 3974928,3974928,,296.35797,39.078579,4985.0,2.633,0.865,
KIC 4058169,4058169,,291.8476,39.143566,6401.0,1.41,1.084,
KIC 4063943,4063943,,293.29913,39.188389,,,,
KIC 4068391,4068391,,294.40005,39.171589,5978.0,1.032,0.995,
KIC 4071638,4071638,,295.16342,39.180187,3860.0,74.32,1.792,
KIC 5390913,5390913,,298.7175,40.541969,6423.0,1.246,0.747,
KIC 5391911,5391911,,298.89673,40.578529,4475.0,20.237,1.939,
KIC 5394585,5394585,,299.38071,40.535671,6768.0,2.302,1.349,
KIC 5397106,5397106,,299.84723,40.507771,,,,
KIC 5425643,5425643,,282.9101,40.646519,,,,
KIC 5425908,5425908,,283.03632,40.644989,,,,
KIC 5428199,5428199,,284.19696,40.641251,3697.0,0.423,0.441,
KIC 5436415,5436415,,287.8595,40.687962,5079.0,3.792,1.442,
KIC 6387887,6387887,,298.18536,41.733952,10921.0,3.701,3.235,
KIC 6425377,6425377,,284.98364,41.881351,5094.0,6.247,1.902,
KIC 6428602,6428602,,286.52179,41.822239,5059.0,7.322,1.454,
KIC 6442735,6442735,,291.76413,41.86013,5919.0,0.94,0.991,
KIC 6443093,6443093,,291.89035,41.816818,5731.0,0.958,0.921,
KIC 6447372,6447372,,293.28232,41.854622,4694.0,0.574,0.575,
KIC 6461675,6461675,,297.05902,41.84322,4994.0,5.205,0.821,
KIC 6509282,6509282,,287.33041,41.974899,4998.0,16.187,3.192,
KIC 8231667,8231667,Kepler-1926,291.19882,44.166241,5256.0,0.832,0.768,667.405
KIC 6697817,6697817,,293.62357,42.129639,5993.0,0.986,1.093,
KIC 3439096,3439096,,290.1488,38.513279,5140.0,7.746,1.975,
KIC 3324644,3324644,,285.88864,38.486858,4705.0,8.058,1.101,
KIC 1161949,1161949,,291.17801,36.87458,6513.0,1.81,1.252,
KIC 4077252,4077252,,296.30716,39.117119,10747.0,2.432,2.718,
KIC 4077767,4077767,,296.40408,39.169811,4936.0,0.719,0.746,
KIC 4135912,4135912,,284.66583,39.252041,6079.0,1.783,1.329,
KIC 4144238,4144238,,287.83432,39.214298,6154.0,1.334,1.032,
KIC 4147171,4147171,,288.78134,39.28825,6148.0,1.015,1.083,
KIC 4149060,4149060,,289.31668,39.235088,5755.0,0.923,0.939,
KIC 4150972,4150972,,289.8313,39.278,6033.0,1.358,1.111,
KIC 4160006,4160006,,292.1795,39.238621,6160.0,1.463,1.087,
KIC 5436455,5436455,,287.87424,40.630409,6437.0,1.042,1.085,
KIC 5439000,5439000,,288.85123,40.692589,6283.0,0.999,1.025,
KIC 5440435,5440435,,289.32834,40.6791,,,,
KIC 5440472,5440472,,289.33835,40.62534,6495.0,1.168,1.19,
KIC 5440651,5440651,,289.39078,40.654781,5109.0,0.715,0.684,
KIC 5443320,5443320,,290.20547,40.66993,5204.0,0.786,0.736,
KIC 5446961,5446961,,291.36411,40.626881,3978.0,0.628,0.631,
KIC 5467126,5467126,,296.6781,40.649029,4878.0,10.154,2.093,
KIC 6511182,6511182,,288.12735,41.952801,5595.0,0.828,0.913,
KIC 6517064,6517064,,290.15829,41.98978,6060.0,0.925,1.008,
KIC 6517200,6517200,,290.20068,41.946289,5750.0,0.882,0.98,
KIC 6517255,6517255,,290.21606,41.954571,4954.0,3.796,1.343,
KIC 6522124,6522124,,291.71484,41.932499,,,,
KIC 6525196,6525196,,292.71802,41.922459,6082.0,1.006,0.896,
KIC 6525398,6525398,,292.79022,41.948639,4514.0,0.664,0.673,
KIC 6526377,6526377,,293.0798,41.94772,,,,
KIC 1164301,1164301,,291.69196,36.881409,5040.0,13.056,2.981,
KIC 1297263,1297263,,291.94852,36.95208,6233.0,1.921,1.2,
KIC 1429589,1429589,,290.75626,37.089809,6164.0,1.465,1.026,
KIC 1572948,1572948,,291.32748,37.126701,6606.0,1.768,1.349,
KIC 1725193,1725193,,292.29431,37.26173,6095.0,1.158,1.154,
KIC 1865864,1865864,,290.87305,37.362179,4848.0,0.698,0.679,
KIC 1870398,1870398,,291.91556,37.322578,6198.0,1.769,1.338,
KIC 1873513,1873513,Kepler-1624,292.57986,37.376411,3386.0,0.427,0.43,258.979
KIC 4164511,4164511,,293.24701,39.236691,6705.0,1.174,1.068,
KIC 4179201,4179201,,296.32437,39.292881,6036.0,0.998,0.789,
KIC 4241238,4241238,,284.63876,39.355179,4948.0,2.547,0.916,
KIC 4242806,4242806,,285.18643,39.357288,4256.0,0.624,0.614,
KIC 4245861,4245861,,286.37234,39.3423,5242.0,0.722,0.684,
KIC 4246343,4246343,,286.5657,39.38969,,,,
KIC 4253860,4253860,,289.23367,39.38652,6513.0,12.613,3.511,
KIC 4274816,4274816,,294.57065,39.331402,5925.0,1.033,0.898,
KIC 5470851,5470851,,297.51108,40.61908,5869.0,0.942,1.054,
KIC 5471108,5471108,,297.56931,40.619637,5841.0,1.193,0.985,
KIC 5524229,5524229,,288.87198,40.767059,5186.0,4.98,1.699,
KIC 5525484,5525484,,289.29504,40.71674,4970.0,7.752,2.137,
KIC 5529385,5529385,,290.43491,40.777241,5790.0,0.856,0.804,
KIC 5547424,5547424,,295.62753,40.706249,,,,
KIC 5551240,5551240,Kepler-1626,296.50043,40.72123,6535.0,1.181,1.202,1368.83
KIC 6527229,6527229,,293.33401,41.937321,5896.0,0.916,1.008,
KIC 6543192,6543192,,297.42578,41.932991,5374.0,0.902,0.928,
KIC 6543674,6543674,,297.54156,41.950901,6047.0,2.264,1.15,
KIC 6548429,6548429,,298.53922,41.986961,5838.0,0.897,0.992,
KIC 6594945,6594945,,288.28122,42.072079,6392.0,1.899,1.219,
KIC 6599305,6599305,,289.72461,42.00605,6158.0,1.016,1.013,
KIC 6600515,6600515,,290.08987,42.076111,6173.0,1.041,1.104,
KIC 6608090,6608090,,292.41116,42.039478,5324.0,0.755,0.739,
KIC 2010607,2010607,,290.50565,37.459011,6235.0,2.471,1.407,
KIC 2015013,2015013,,291.55548,37.44516,5873.0,1.78,1.055,
KIC 2019199,2019199,,292.48621,37.404339,5822.0,0.969,0.962,
KIC 2158460,2158460,,291.06418,37.535751,,,,
KIC 2163226,2163226,,292.10245,37.56691,6276.0,0.956,0.953,
KIC 2165352,2165352,,292.54315,37.555759,4994.0,0.72,0.803,
KIC 2305255,2305255,,291.96451,37.60878,5977.0,0.956,0.967,
KIC 2305543,2305543,,292.02686,37.600651,5872.0,0.864,0.811,
KIC 4276114,4276114,,294.85513,39.30534,5747.0,0.799,0.811,
KIC 4281023,4281023,,295.87695,39.336391,5024.0,4.331,1.193,
KIC 4281700,4281700,,296.01428,39.35688,,,,
KIC 4346339,4346339,,285.34329,39.413849,5015.0,3.243,1.031,
KIC 4365461,4365461,,291.69095,39.425442,6351.0,1.613,1.27,
KIC 4366923,4366923,,292.11526,39.49855,6582.0,1.777,1.357,
KIC 4449752,4449752,,286.85861,39.592579,5392.0,0.775,0.79,
KIC 4455763,4455763,,289.07651,39.570438,6267.0,0.996,0.976,
KIC 5563057,5563057,,298.91757,40.716961,7479.0,1.667,1.469,
KIC 5565261,5565261,,299.33298,40.714352,5088.0,3.293,1.257,
KIC 5602409,5602409,,285.63928,40.84763,5096.0,8.038,2.394,
KIC 5603270,5603270,,286.04263,40.860291,6185.0,2.101,1.216,
KIC 5612111,5612111,,289.39359,40.896339,6210.0,1.033,1.093,
KIC 5616628,5616628,,290.76614,40.881691,6137.0,1.016,1.079,
KIC 5623137,5623137,,292.76889,40.816181,5953.0,1.068,0.857,
KIC 6611779,6611779,,293.47052,42.0965,6028.0,1.267,1.02,
KIC 6612411,6612411,,293.64468,42.033489,7663.0,1.913,1.63,
KIC 6612973,6612973,,293.80481,42.026001,6295.0,1.435,0.927,
KIC 6615600,6615600,,294.51157,42.090149,5799.0,0.878,0.975,
KIC 6634112,6634112,,298.64252,42.092831,5268.0,0.843,0.775,
KIC 6635813,6635813,,298.98239,42.082619,,,,
KIC 6675757,6675757,,286.52942,42.167511,5597.0,1.0,0.956,
KIC 6677415,6677415,,287.21124,42.107719,5040.0,0.658,0.71,
KIC 2309910,2309910,,292.97159,37.65733,6032.0,1.114,1.033,
KIC 2310993,2310993,,293.22018,37.610699,6306.0,1.076,1.126,
KIC 2437209,2437209,,290.20993,37.725979,4818.0,5.303,1.366,
KIC 2437653,2437653,,290.24103,37.785221,4386.0,0.63,0.616,
KIC 2438406,2438406,,290.31512,37.742451,5398.0,0.99,0.847,
KIC 2452289,2452289,,293.41391,37.799492,7377.0,2.552,1.784,
KIC 2555080,2555080,,286.0947,37.846722,3984.0,41.367,1.803,
KIC 2569488,2569488,,290.17807,37.852039,4477.0,7.912,0.981,
KIC 4459503,4459503,,290.14111,39.532299,,,,
KIC 4464689,4464689,,291.68643,39.510571,6749.0,1.905,1.062,
KIC 4469825,4469825,,293.1196,39.562302,6553.0,1.086,1.105,
KIC 4470888,4470888,,293.40259,39.567131,6397.0,0.913,0.978,
KIC 4471313,4471313,,293.51175,39.528271,5465.0,0.75,0.817,
KIC 4478142,4478142,,295.1868,39.575691,5557.0,0.912,0.958,
KIC 4484179,4484179,,296.4227,39.579391,6440.0,1.053,0.916,
KIC 5623839,5623839,,292.98447,40.813019,6188.0,1.049,1.052,
KIC 5650420,5650420,,299.19092,40.822639,4745.0,13.417,1.747,
KIC 5650930,5650930,,299.28336,40.834389,6478.0,1.209,1.035,
KIC 5653152,5653152,,299.70837,40.864239,4608.0,0.746,0.734,
KIC 5653163,5653163,,299.71024,40.87804,5780.0,1.0,1.0,
KIC 5685113,5685113,,283.92465,40.968391,5120.0,0.65,0.655,
KIC 5697395,5697395,,289.22729,40.94949,4895.0,0.687,0.698,
KIC 5698524,5698524,,289.59616,40.92783,6425.0,1.138,1.01,
KIC 6784887,6784887,,293.99109,42.26086,6185.0,0.941,0.999,
KIC 6805414,6805414,,298.64493,42.285831,6108.0,0.997,1.072,
KIC 6864891,6864891,,292.36017,42.38184,3746.0,0.469,0.48,
KIC 6869373,6869373,,293.66772,42.320541,5269.0,0.823,0.91,
KIC 6875342,6875342,,295.23825,42.322361,6192.0,1.055,1.097,
KIC 6879183,6879183,,296.10648,42.354279,5922.0,1.057,1.095,
KIC 7891264,7891264,,291.875,43.626709,5013.0,0.704,0.678,
KIC 6880123,6880123,,296.30859,42.390179,6002.0,1.302,1.146,
KIC 6891512,6891512,,298.79889,42.390888,5853.0,1.795,1.101,
KIC 2569516,2569516,,290.1824,37.81876,7266.0,2.715,1.807,
KIC 2570432,2570432,,290.28079,37.882172,5504.0,0.952,0.968,
KIC 2574543,2574543,,291.18762,37.8535,4799.0,13.652,2.031,
KIC 2578811,2578811,,292.08344,37.814678,3861.0,46.169,0.893,
KIC 7897936,7897936,,294.19467,43.677078,10134.0,4.842,3.246,
KIC 2582800,2582800,,292.95239,37.857128,7937.0,2.711,2.043,
KIC 2707916,2707916,,290.23746,37.910721,4615.0,0.589,0.579,
KIC 2708270,2708270,,290.31427,37.948009,4449.0,14.894,0.87,
KIC 4540508,4540508,,283.98965,39.631908,3734.0,0.513,0.528,
KIC 4565943,4565943,,292.91196,39.651348,8892.0,4.35,2.697,
KIC 4566848,4566848,,293.16476,39.631561,6032.0,0.973,1.055,
KIC 4570555,4570555,,294.09631,39.647079,5161.0,5.753,1.88,
KIC 4586482,4586482,,297.48386,39.63649,5689.0,1.207,1.058,
KIC 4647949,4647949,,289.72604,39.716808,,,,
KIC 4678873,4678873,,297.42007,39.77375,7542.0,1.999,1.582,
KIC 4732015,4732015,,286.8252,39.802509,4217.0,27.676,1.264,
KIC 5709014,5709014,,292.91092,40.954361,,,,
KIC 5732636,5732636,,298.51501,40.903992,6197.0,1.208,0.93,
KIC 5734702,5734702,,298.92667,40.970451,6626.0,2.704,1.426,
KIC 5779606,5779606,,288.10455,41.07925,,,,
KIC 5780194,5780194,,288.32599,41.027618,5492.0,0.812,0.911,
KIC 5781991,5781991,,288.9754,41.082241,5796.0,0.906,0.876,
KIC 5784803,5784803,,289.88107,41.069221,5523.0,0.981,0.871,
KIC 5791713,5791713,,292.0715,41.099899,6163.0,1.022,1.09,
KIC 6681473,6681473,,288.72742,42.121441,5327.0,2.882,1.332,
KIC 6688318,6688318,,290.84195,42.183128,5188.0,9.343,2.707,
KIC 6690523,6690523,,291.5249,42.169941,5155.0,3.87,1.585,
KIC 6692742,6692742,,292.2085,42.158611,5766.0,1.04,1.032,
KIC 6695801,6695801,,293.0849,42.150551,6237.0,1.165,1.211,
KIC 6699562,6699562,,294.0647,42.112869,6357.0,1.072,1.061,
KIC 6707260,6707260,,295.89999,42.132999,6686.0,1.332,1.249,
KIC 6718474,6718474,,298.34109,42.114891,6782.0,1.417,1.291,
KIC 2710101,2710101,,290.76639,37.916828,,,,
KIC 2711123,2711123,,291.01529,37.96777,4893.0,16.274,3.063,
KIC 2833632,2833632,,286.31915,38.086399,5962.0,0.989,0.994,
KIC 2836076,2836076,,287.11649,38.003052,,,,
KIC 2850321,2850321,,290.99982,38.000259,,,,
KIC 2861126,2861126,,293.2811,38.082241,,,,
KIC 2861298,2861298,,293.31863,38.005466,5765.0,2.005,1.007,
KIC 2987433,2987433,,290.93896,38.119572,6461.0,1.197,1.086,
KIC 4732137,4732137,,286.88327,39.816689,4888.0,4.622,1.179,
KIC 4736439,4736439,,288.61954,39.85696,5269.0,3.706,0.78,
KIC 4737848,4737848,,289.09619,39.827278,6116.0,1.332,0.974,
KIC 4740375,4740375,,289.87711,39.836239,,,,
KIC 4741777,4741777,,290.2706,39.851849,5489.0,1.11,0.981,
KIC 4750406,4750406,,292.89105,39.88398,4847.0,0.527,0.575,
KIC 4750962,4750962,,293.05536,39.840069,5207.0,5.183,1.946,
KIC 4760478,4760478,Kepler-1625,295.42935,39.886539,5548.0,1.793,1.079,2310.11
KIC 5793275,5793275,,292.55951,41.090012,6014.0,0.958,1.043,
KIC 5794687,5794687,,293.00101,41.02478,4869.0,0.657,0.703,
KIC 5817712,5817712,,298.50342,41.080181,5514.0,0.79,0.75,
KIC 5857656,5857656,,284.66022,41.10894,6218.0,1.185,1.072,
KIC 5858519,5858519,,285.10342,41.112469,6188.0,1.166,1.02,
KIC 5859725,5859725,,285.68912,41.18961,5962.0,1.035,1.083,
KIC 5869272,5869272,,289.53439,41.157532,6163.0,1.013,1.079,
KIC 5905728,5905728,,299.14111,41.185001,5428.0,0.94,0.816,
KIC 6719052,6719052,,298.45322,42.1101,7610.0,1.862,1.693,
KIC 6721603,6721603,,298.95654,42.156315,6163.0,1.568,1.03,
KIC 6756369,6756369,,283.97293,42.276588,5029.0,5.127,1.653,
KIC 6762188,6762188,,286.55112,42.234798,4992.0,8.052,2.096,
KIC 6765563,6765563,,287.90686,42.208721,5203.0,3.055,1.051,
KIC 6766583,6766583,,288.30215,42.237282,5691.0,0.887,1.003,
KIC 6767337,6767337,,288.57758,42.296021,6035.0,1.283,0.903,
KIC 6776555,6776555,,291.55667,42.214169,3694.0,0.566,0.567,
KIC 2992634,2992634,,292.07803,38.153831,,,,
KIC 3001955,3001955,,294.0845,38.156319,4823.0,0.792,0.837,
KIC 3003673,3003673,,294.42056,38.190529,6136.0,1.106,1.062,
KIC 3101178,3101178,,287.04688,38.231617,6373.0,1.209,0.961,
KIC 3117115,3117115,,291.58234,38.29966,5957.0,0.937,1.026,
KIC 3120397,3120397,,292.30801,38.2906,5398.0,0.805,0.902,
KIC 3222680,3222680,,287.8613,38.372292,4883.0,18.427,3.402,
KIC 3239171,3239171,,292.47034,38.394341,6225.0,1.031,1.091,
KIC 4761427,4761427,,295.62579,39.824638,5750.0,0.882,0.98,
KIC 4769799,4769799,,297.31741,39.877972,5001.0,3.028,0.985,
KIC 4770798,4770798,,297.50919,39.88802,5696.0,1.261,0.959,
KIC 4813750,4813750,,283.67819,39.964279,5674.0,0.839,0.764,
KIC 4814168,4814168,,283.8624,39.9454,6432.0,1.476,1.107,
KIC 4815612,4815612,,284.52118,39.950661,6615.0,1.326,1.165,
KIC 4819158,4819158,,286.18781,39.993919,5382.0,0.724,0.765,
KIC 4833409,4833409,,291.10825,39.955681,6484.0,1.32,1.151,
KIC 5942112,5942112,,284.88382,41.248539,,,,
KIC 5946568,5946568,,287.00836,41.289101,5435.0,0.824,0.937,
KIC 5949765,5949765,,288.37491,41.27457,6395.0,1.394,1.047,
KIC 5954894,5954894,,290.0495,41.250359,5441.0,0.827,0.756,
KIC 5956038,5956038,,290.40628,41.22184,5208.0,4.329,1.429,
KIC 5963591,5963591,,292.88855,41.223728,6237.0,1.135,1.02,
KIC 5965629,5965629,,293.46365,41.290939,5897.0,0.891,0.983,
KIC 6934045,6934045,,286.79755,42.42091,6537.0,1.859,1.397,
KIC 6939913,6939913,,289.04572,42.446758,6039.0,0.951,1.027,
KIC 6947062,6947062,,291.32291,42.42207,5504.0,0.819,0.918,
KIC 6948815,6948815,,291.88705,42.430149,7631.0,1.937,1.564,
KIC 6952570,6952570,,293.06,42.402779,6244.0,1.009,1.069,
KIC 7009548,7009548,,282.29132,42.545509,6311.0,1.339,1.05,
KIC 7011044,7011044,,282.99341,42.547058,,,,
KIC 7013635,7013635,,284.18527,42.563271,5195.0,2.409,1.151,
KIC 3240049,3240049,,292.68399,38.36573,4403.0,12.927,0.917,
KIC 3242039,3242039,,293.20349,38.341801,,,,
KIC 3245638,3245638,,294.04364,38.36454,6106.0,0.966,1.043,
KIC 3329985,3329985,,287.88785,38.49255,3401.0,0.29,0.282,
KIC 3340165,3340165,,290.9241,38.438339,6346.0,1.214,1.241,
KIC 3341760,3341760,,291.34595,38.464378,6122.0,2.455,1.357,
KIC 3341982,3341982,,291.39856,38.446381,5524.0,0.78,0.842,
KIC 3355104,3355104,,294.63104,38.404549,5838.0,0.897,0.992,
KIC 4840327,4840327,,293.13907,39.925739,5794.0,1.155,1.009,
KIC 4843751,4843751,,294.06229,39.902229,6063.0,1.001,1.079,
KIC 4856592,4856592,,296.93536,39.924927,5071.0,3.698,0.832,
KIC 4863260,4863260,,298.34821,39.97628,6602.0,1.223,1.24,
KIC 4902673,4902673,,283.89719,40.071369,5576.0,0.758,0.76,
KIC 4912650,4912650,,288.34174,40.09639,5180.0,0.8,0.825,
KIC 4914221,4914221,,288.9306,40.057339,5806.0,1.281,0.881,
KIC 4914399,4914399,,288.97766,40.010529,6556.0,1.324,1.121,
KIC 5967194,5967194,,293.91647,41.24197,4949.0,6.334,2.0,
KIC 5980354,5980354,,297.10431,41.219921,6770.0,1.449,1.313,
KIC 5981058,5981058,,297.26181,41.255508,5897.0,0.999,1.088,
KIC 5986270,5986270,,298.38043,41.296391,4965.0,8.834,2.079,
KIC 5989391,5989391,,299.04315,41.233978,6637.0,1.662,1.04,
KIC 6021840,6021840,,283.51559,41.335819,6140.0,1.048,1.142,
KIC 6023571,6023571,,284.3486,41.319389,4842.0,3.035,1.227,
KIC 6025174,6025174,,285.17563,41.342499,6123.0,1.252,1.229,
KIC 3356156,3356156,,294.86414,38.480183,7089.0,1.729,1.532,
KIC 3425363,3425363,,285.5293,38.548141,4445.0,0.635,0.629,
KIC 3428127,3428127,,286.59076,38.5583,5544.0,0.966,0.859,
KIC 3428359,3428359,,286.68253,38.54882,,,,
KIC 3439031,3439031,,290.13269,38.51368,6572.0,1.08,1.088,
KIC 3441795,3441795,,290.94846,38.56591,5310.0,0.796,0.886,
KIC 3449540,3449540,,292.93695,38.593071,5297.0,5.059,0.757,
KIC 3449870,3449870,,293.0076,38.50367,5080.0,8.527,2.458,
KIC 4915582,4915582,,289.35559,40.068352,6499.0,1.497,0.993,
KIC 4917357,4917357,,289.86099,40.055641,5485.0,0.867,0.986,
KIC 4917658,4917658,,289.95306,40.011101,,,,
KIC 4918303,4918303,,290.12497,40.098381,6063.0,1.012,1.117,
KIC 4927738,4927738,,292.91852,40.052898,6273.0,1.16,1.002,
KIC 4937140,4937140,,295.33859,40.00787,5651.0,1.02,0.898,
KIC 4940376,4940376,,296.01852,40.087151,5106.0,7.052,1.839,
KIC 4945035,4945035,,296.99066,40.075298,5974.0,1.143,1.022,
KIC 6033602,6033602,,288.90735,41.35582,6217.0,0.989,1.056,
KIC 6034379,6034379,,289.18372,41.343376,5780.0,1.0,1.0,
KIC 6034834,6034834,,289.34515,41.36478,5735.0,0.972,0.773,
KIC 6036286,6036286,,289.81567,41.396439,3434.0,0.36,0.368,
KIC 6038152,6038152,,290.39862,41.351559,6446.0,1.155,1.17,
KIC 6043490,6043490,,292.16544,41.329342,5458.0,2.453,1.248,
KIC 6045404,6045404,,292.74023,41.37896,6046.0,0.927,1.011,
KIC 6047853,6047853,,293.48605,41.320229,6300.0,1.064,1.034,
KIC 3459529,3459529,,295.27454,38.564781,4691.0,0.604,0.627,
KIC 3532510,3532510,,287.72379,38.624229,7158.0,1.494,1.323,
KIC 3540873,3540873,,290.3548,38.672531,5776.0,0.726,0.807,
KIC 3542117,3542117,,290.72061,38.697578,3552.0,0.387,0.406,
KIC 3542928,3542928,,290.96146,38.673439,5858.0,1.04,1.126,
KIC 3545749,3545749,,291.7262,38.6866,4949.0,0.73,0.708,
KIC 3546821,3546821,,292.00742,38.617329,6014.0,1.258,1.06,
KIC 3548645,3548645,,292.4809,38.654121,5941.0,0.911,1.001,
KIC 4946581,4946581,,297.36008,40.031841,5562.0,1.987,1.213,
KIC 4953262,4953262,,298.76041,40.052792,4869.0,4.383,1.094,
KIC 4996558,4996558,,286.91632,40.166668,5893.0,1.302,0.926,
KIC 5006817,5006817,,290.45596,40.145741,,,,
KIC 5008775,5008775,,291.1084,40.182991,6184.0,1.038,1.1,
KIC 5015027,5015027,,292.94348,40.117939,5629.0,0.886,0.878,
KIC 5016163,5016163,,293.27817,40.157082,6233.0,0.988,1.054,
KIC 5024476,5024476,,295.32401,40.1544,5221.0,12.042,3.083,
KIC 6058896,6058896,,296.37366,41.39183,5808.0,0.898,0.743,
KIC 6062298,6062298,,297.13892,41.300774,5780.0,1.0,1.0,
KIC 6065010,6065010,,297.76724,41.366531,6365.0,1.033,1.002,
KIC 6067545,6067545,,298.39798,41.314892,5912.0,1.115,1.056,
KIC 6115356,6115356,,289.20016,41.430752,5772.0,0.745,0.823,
KIC 6116605,6116605,,289.62195,41.456196,5780.0,1.0,1.0,
KIC 6118840,6118840,,290.29688,41.483501,5473.0,0.816,0.837,
KIC 6129632,6129632,,293.69916,41.402222,5189.0,6.491,2.026,
KIC 3553900,3553900,,293.77448,38.654381,5654.0,0.774,0.865,
KIC 3554819,3554819,,293.99844,38.617439,,,,
KIC 3555178,3555178,,294.08191,38.630859,5618.0,0.811,0.884,
KIC 3632330,3632330,,287.32892,38.707802,,,,
KIC 3641216,3641216,,290.19086,38.77953,,,,
KIC 3644399,3644399,,291.12909,38.740528,6382.0,1.059,1.104,
KIC 3644649,3644649,,291.19971,38.71133,5216.0,0.735,0.819,
KIC 5027859,5027859,,296.01883,40.108009,5504.0,0.796,0.892,
KIC 5032842,5032842,,297.03891,40.116482,,,,
KIC 5036052,5036052,,297.78833,40.130909,5145.0,7.653,2.394,
KIC 5037742,5037742,,298.0976,40.14069,5377.0,0.814,0.921,
KIC 5039053,5039053,,298.32886,40.147171,5858.0,1.498,1.08,
KIC 5080565,5080565,,284.97217,40.208111,4541.0,0.666,0.657,
KIC 5091808,5091808,,289.53738,40.21331,5786.0,0.827,0.724,
KIC 6139220,6139220,,296.1803,41.413071,6033.0,1.65,1.17,
KIC 6143819,6143819,,297.17383,41.471107,5780.0,1.0,1.0,
KIC 6145939,6145939,,297.67651,41.428589,6337.0,2.216,1.2,
KIC 6149980,6149980,,298.60699,41.446011,6446.0,1.125,1.134,
KIC 6184894,6184894,Kepler-1627,284.05667,41.576729,5388.0,0.717,0.681,317.437
KIC 6195792,6195792,,288.85443,41.574451,4910.0,0.755,0.73,
KIC 6197658,6197658,,289.5257,41.500488,6343.0,1.137,1.213,
KIC 6198670,6198670,,289.82709,41.524811,5692.0,0.82,0.77,
KIC 3646449,3646449,,291.65906,38.712158,5816.0,1.03,1.047,
KIC 3646515,3646515,,291.67603,38.79491,,,,
KIC 3647097,3647097,,291.82471,38.779911,5729.0,1.105,1.048,
KIC 3730176,3730176,,285.8573,38.820068,6224.0,1.177,1.056,
KIC 3748239,3748239,,291.78705,38.863152,5215.0,6.428,1.782,
KIC 3751118,3751118,,292.5578,38.8503,5762.0,1.022,1.103,
KIC 3755522,3755522,,293.65378,38.8339,5870.0,0.985,0.994,
KIC 5094412,5094412,,290.2984,40.287842,5324.0,0.966,0.846,
KIC 5105886,5105886,,293.66641,40.203629,5075.0,6.918,1.875,
KIC 5110453,5110453,,294.84802,40.240879,5110.0,5.469,1.668,
KIC 5113146,5113146,,295.40698,40.242409,6477.0,0.884,0.784,
KIC 5130563,5130563,,299.18686,40.205929,6318.0,1.333,1.168,
KIC 5131276,5131276,,299.32156,40.265339,3711.0,150.091,3.686,
KIC 5166811,5166811,,284.46585,40.314941,5228.0,0.751,0.806,
KIC 5174677,5174677,,287.96375,40.310322,6669.0,1.427,1.251,
KIC 6203955,6203955,,291.50589,41.550388,6372.0,1.015,1.066,
KIC 6205384,6205384,,291.96027,41.578609,5898.0,0.819,0.904,
KIC 6205405,6205405,,291.96683,41.549751,3724.0,0.48,0.492,
KIC 6206470,6206470,,292.31476,41.582321,6006.0,1.019,0.975,
KIC 6263468,6263468,,282.92862,41.606091,5182.0,0.666,0.646,
KIC 6266866,6266866,,284.59164,41.639271,5807.0,1.496,1.046,
KIC 6277594,6277594,,289.39316,41.696701,6356.0,1.308,1.085,
KIC 3757521,3757521,,294.12369,38.81583,,,,
KIC 3763724,3763724,,295.55817,38.846802,,,,
KIC 3834728,3834728,,286.23233,38.991749,5171.0,0.677,0.706,
KIC 3836450,3836450,,286.95206,38.960941,5160.0,0.784,0.738,
KIC 3836509,3836509,,286.9718,38.936481,4964.0,15.155,3.055,
KIC 3836522,3836522,,286.97745,38.913261,5466.0,0.946,0.813,
KIC 3846515,3846515,,290.33026,38.917721,6316.0,2.087,1.285,
KIC 5179609,5179609,,289.61139,40.335838,4888.0,5.132,1.734,
KIC 5181086,5181086,,290.0405,40.337379,4302.0,0.604,0.589,
KIC 5181299,5181299,,290.09991,40.386581,5172.0,3.264,1.33,
KIC 5184144,5184144,,290.93436,40.358158,5228.0,0.755,0.836,
KIC 5192660,5192660,,293.44922,40.326302,,,,
KIC 5193813,5193813,,293.7785,40.3092,,,,
KIC 5199426,5199426,,295.18088,40.339882,5938.0,0.985,0.947,
KIC 5211631,5211631,,297.74051,40.347881,6897.0,1.635,1.291,
KIC 6281127,6281127,,290.47375,41.627548,6214.0,0.965,0.972,
KIC 6285906,6285906,,292.08868,41.602459,5510.0,0.762,0.833,
KIC 6287131,6287131,,292.48141,41.634289,5396.0,0.766,0.859,
KIC 6289459,6289459,,293.24936,41.659611,6046.0,0.972,1.053,
KIC 6289897,6289897,,293.37396,41.624859,6475.0,1.9,1.097,
KIC 6290467,6290467,,293.54422,41.652641,6351.0,0.921,1.008,
KIC 6309307,6309307,,298.19696,41.650452,5053.0,11.706,2.939,
KIC 6342980,6342980,,283.16446,41.778519,5880.0,1.65,1.077,
KIC 4150611,4150611,,289.74249,39.267059,6911.0,1.501,0.897,
KIC 4909707,4909707,,287.20685,40.003002,5948.0,1.229,1.025,
KIC 7919516,7919516,,299.90427,43.69495,6215.0,2.396,1.327,
KIC 6850665,6850665,,287.76627,42.32272,5022.0,5.826,1.421,
KIC 4948730,4948730,,297.82544,40.08799,5877.0,0.959,0.936,
KIC 3848665,3848665,,290.97659,38.996101,4596.0,0.696,0.688,
KIC 3848919,3848919,,291.05634,38.974411,5407.0,0.745,0.694,
KIC 3848948,3848948,,291.06427,38.970661,8277.0,3.518,2.225,
KIC 3852865,3852865,,292.13519,38.926491,5755.0,0.936,0.961,
KIC 3854101,3854101,,292.4649,38.907421,5455.0,1.006,0.887,
KIC 3858926,3858926,,293.70566,38.95528,7351.0,1.679,1.517,
KIC 3859890,3859890,,293.93387,38.944839,5967.0,0.976,0.936,
KIC 3863877,3863877,,294.90323,38.95647,5825.0,0.965,1.083,
KIC 5213005,5213005,,298.03879,40.324478,,,,
KIC 5213811,5213811,,298.20096,40.392319,6171.0,1.127,1.004,
KIC 5255259,5255259,,284.54691,40.468529,5184.0,0.808,0.756,
KIC 5260419,5260419,,286.89532,40.46011,,,,
KIC 5262539,5262539,,287.77182,40.448051,5931.0,0.997,0.904,
KIC 5263802,5263802,,288.27094,40.400421,6657.0,1.501,1.255,
KIC 5265982,5265982,,289.02536,40.422009,5058.0,3.117,1.114,
KIC 5271637,5271637,,290.74387,40.479488,5831.0,1.305,1.071,
KIC 6346894,6346894,,285.14172,41.711552,,,,
KIC 6347434,6347434,,285.4115,41.715858,3803.0,0.492,0.502,
KIC 6347890,6347890,,285.62076,41.73806,,,,
KIC 6350031,6350031,,286.65286,41.756142,5921.0,2.589,1.427,
KIC 6359881,6359881,,290.38223,41.757408,5818.0,0.925,1.039,
KIC 6359929,6359929,,290.39795,41.75079,5696.0,0.924,0.965,
KIC 6363560,6363560,,291.6535,41.741772,,,,
KIC 6364064,6364064,,291.82629,41.7173,5430.0,0.735,0.823,
KIC 11177676,11177676,Kepler-1454,284.22333,48.831772,5370.0,1.055,0.881,780.566
KIC 4936990,4936990,,295.30209,40.069801,6335.0,0.837,0.728,
KIC 7130418,7130418,,295.36752,42.65678,5750.0,0.882,0.98,
KIC 12208887,12208887,,291.70251,50.863491,5436.0,0.748,0.79,
KIC 10711551,10711551,,282.38327,48.042782,6022.0,0.941,0.997,
KIC 7919867,7919867,,299.98813,43.663319,5818.0,1.116,0.891,
KIC 11081512,11081512,,290.46207,48.699551,4733.0,0.723,0.706,
KIC 3865815,3865815,,295.35132,38.92704,,,,
KIC 3867593,3867593,,295.69751,38.902,7276.0,1.321,1.342,
KIC 3941219,3941219,,287.40594,39.020889,6677.0,2.108,1.351,
KIC 3953106,3953106,,291.17975,39.099651,5619.0,1.406,0.848,
KIC 3953212,3953212,,291.21167,39.093189,6067.0,1.116,0.922,
KIC 3955444,3955444,,291.82446,39.00618,4999.0,5.615,2.012,
KIC 3962728,3962728,,293.6925,39.022141,4835.0,0.526,0.578,
KIC 3965326,3965326,,294.33981,39.07333,6098.0,1.245,1.09,
KIC 9265521,9265521,,283.8996,45.724232,6085.0,1.033,1.006,
KIC 9268456,9268456,,285.50418,45.713482,5229.0,15.517,2.688,
KIC 9271739,9271739,,287.4462,45.794739,5398.0,0.854,0.857,
KIC 9274092,9274092,,288.78986,45.727459,5126.0,0.669,0.685,
KIC 9274431,9274431,,288.9707,45.732079,5317.0,0.769,0.859,
KIC 9282853,9282853,,292.64258,45.732342,5141.0,0.773,0.731,
KIC 9292100,9292100,,296.05667,45.76976,5040.0,0.626,0.616,
KIC 9300066,9300066,,298.3862,45.764229,4788.0,0.672,0.655,
KIC 10186761,10186761,,281.32047,47.214809,6072.0,0.994,1.054,
KIC 10189542,10189542,,283.02139,47.259651,5654.0,0.849,0.904,
KIC 10191056,10191056,,283.8663,47.228271,6791.0,1.619,1.32,
KIC 10191449,10191449,,284.0925,47.251381,5609.0,0.854,0.937,
KIC 10199984,10199984,,288.47318,47.247921,5357.0,2.522,1.014,
KIC 10201891,10201891,,289.41861,47.291889,5966.0,0.904,0.987,
KIC 10208477,10208477,,292.12549,47.221966,6446.0,1.874,1.103,
KIC 10222603,10222603,,297.09702,47.223492,6089.0,0.95,1.031,
KIC 7581535,7581535,,280.35217,43.293671,,,,
KIC 7592339,7592339,,286.03711,43.20401,6225.0,0.861,0.931,
KIC 7598326,7598326,,288.63306,43.205311,,,,
KIC 7599004,7599004,,288.91037,43.21846,6363.0,1.332,1.072,
KIC 7618231,7618231,,294.93484,43.21283,,,,
KIC 7619667,7619667,,295.30634,43.24958,,,,
KIC 7625138,7625138,,296.65967,43.27029,6356.0,1.865,1.227,
KIC 8507073,8507073,,296.0347,44.56221,6130.0,1.024,1.005,
KIC 8507586,8507586,,296.19122,44.542122,5919.0,0.923,0.945,
KIC 8509781,8509781,,296.83002,44.549149,6081.0,0.966,1.022,
KIC 8510197,8510197,,296.94693,44.553761,6609.0,1.391,1.076,
KIC 8516349,8516349,,298.51447,44.500278,4386.0,0.709,0.708,
KIC 8525101,8525101,,300.83527,44.560661,4995.0,5.058,1.225,
KIC 8525286,8525286,,300.90146,44.597328,,,,
KIC 8542879,8542879,,283.7251,44.67886,6077.0,1.058,1.042,
KIC 9304976,9304976,,299.81772,45.709164,5299.0,0.757,0.715,
KIC 9306677,9306677,,300.35648,45.737091,7872.0,3.373,2.068,
KIC 9330740,9330740,,286.12247,45.84251,,,,
KIC 9334027,9334027,,288.02945,45.800098,6054.0,1.028,1.023,
KIC 9357578,9357578,,297.29742,45.881748,5033.0,13.679,3.01,
KIC 9362842,9362842,,298.73535,45.863979,6195.0,2.439,1.23,
KIC 9363944,9363944,,299.03528,45.869289,4961.0,4.649,1.067,
KIC 9368524,9368524,,300.42334,45.886761,6065.0,2.344,1.162,
KIC 10227881,10227881,,298.55719,47.251991,5893.0,0.941,1.033,
KIC 10266852,10266852,,288.77939,47.344372,,,,
KIC 10272858,10272858,,291.36295,47.328709,5208.0,3.62,1.37,
KIC 10292000,10292000,,298.01306,47.325008,,,,
KIC 10319341,10319341,,281.5239,47.474751,6174.0,1.089,1.02,
KIC 10319834,10319834,,281.88324,47.41605,,,,
KIC 10320341,10320341,,282.19702,47.419579,6273.0,1.044,1.099,
KIC 10339000,10339000,,291.63892,47.474972,6224.0,0.983,0.91,
KIC 7625143,7625143,,296.6608,43.275089,6525.0,1.412,1.196,
KIC 7631138,7631138,,298.03403,43.228271,5324.0,1.534,0.912,
KIC 7658229,7658229,,280.1925,43.302479,5696.0,1.321,0.901,
KIC 7662502,7662502,,282.98114,43.300407,6223.0,1.095,1.073,
KIC 7672215,7672215,,287.93747,43.377659,7372.0,1.752,1.552,
KIC 7674050,7674050,,288.74359,43.351089,5763.0,0.842,0.937,
KIC 7690782,7690782,,294.51031,43.322319,5574.0,0.953,0.798,
KIC 7700561,7700561,,297.25482,43.308979,5762.0,0.801,0.892,
KIC 8546464,8546464,,285.70206,44.686989,3960.0,0.537,0.553,
KIC 8547213,8547213,,286.11234,44.657581,5701.0,0.815,0.877,
KIC 8547366,8547366,,286.20068,44.64772,,,,
KIC 8547525,8547525,,286.28214,44.6651,5255.0,0.727,0.8,
KIC 8547537,8547537,,286.29144,44.658772,5302.0,0.771,0.865,
KIC 8548403,8548403,,286.78064,44.615559,5649.0,0.845,0.93,
KIC 8548454,8548454,,286.80566,44.63987,5823.0,0.901,0.984,
KIC 8552607,8552607,,288.92142,44.635181,5853.0,0.868,0.961,
KIC 9390655,9390655,,284.92264,45.973461,3705.0,0.569,0.57,
KIC 9391817,9391817,,285.60675,45.990318,5960.0,1.213,1.087,
KIC 9394762,9394762,,287.25195,45.9529,5778.0,0.911,1.028,
KIC 9394953,9394953,,287.3548,45.948662,6018.0,1.75,1.24,
KIC 9397862,9397862,,289.02255,45.926022,6164.0,0.927,0.952,
KIC 9402670,9402670,,291.28577,45.953651,6140.0,1.027,1.094,
KIC 9402859,9402859,,291.3595,45.93539,,,,
KIC 9407689,9407689,,293.30792,45.983459,5960.0,0.828,0.91,
KIC 10356840,10356840,,297.83392,47.420731,6068.0,0.829,0.926,
KIC 10387792,10387792,,283.46307,47.5546,5074.0,0.761,0.725,
KIC 10394802,10394802,,287.29132,47.598251,4899.0,0.713,0.818,
KIC 10399137,10399137,,289.53293,47.596931,6205.0,1.358,1.05,
KIC 10416390,10416390,,296.2486,47.526539,4889.0,0.724,0.718,
KIC 10419108,10419108,,297.04718,47.51762,5227.0,0.744,0.701,
KIC 10453009,10453009,,283.58612,47.633739,5197.0,3.784,1.483,
KIC 10459749,10459749,,287.11761,47.61618,,,,
KIC 7701809,7701809,,297.53174,43.350368,5132.0,4.732,1.71,
KIC 7731281,7731281,Kepler-1628,281.6337,43.411579,3869.0,0.584,0.587,
KIC 7743464,7743464,,288.15308,43.47356,6063.0,1.012,1.117,
KIC 7747091,7747091,,289.72818,43.488239,5475.0,0.837,0.944,
KIC 7747197,7747197,,289.76526,43.432331,5284.0,0.769,0.855,
KIC 7750342,7750342,,290.85773,43.48455,5214.0,6.519,1.996,
KIC 7751133,7751133,,291.13617,43.476749,5892.0,1.054,0.985,
KIC 7757620,7757620,,293.41537,43.41761,,,,
KIC 8560475,8560475,,291.97943,44.69516,4989.0,18.266,3.366,
KIC 8561192,8561192,,292.27148,44.697262,7072.0,1.705,1.428,
KIC 8570210,8570210,,295.59698,44.613892,5829.0,0.802,0.879,
KIC 8571421,8571421,,295.97278,44.645088,6343.0,1.137,1.213,
KIC 8574794,8574794,,296.9707,44.61042,5751.0,0.943,1.06,
KIC 8575061,8575061,,297.04089,44.62812,5385.0,0.878,0.81,
KIC 8612291,8612291,,286.28964,44.745998,,,,
KIC 8613769,8613769,,287.08969,44.792,5693.0,0.856,0.95,
KIC 9412267,9412267,,295.06277,45.9039,,,,
KIC 9417931,9417931,,296.97369,45.995209,6098.0,1.131,0.976,
KIC 9418508,9418508,,297.14429,45.950981,5515.0,1.678,0.813,
KIC 9449320,9449320,,283.80612,46.065563,,,,
KIC 9451521,9451521,,285.07355,46.033482,5695.0,0.872,0.971,
KIC 9455322,9455322,,287.25385,46.094769,7037.0,1.683,1.417,
KIC 9455526,9455526,,287.37115,46.051189,5242.0,2.917,1.253,
KIC 9456887,9456887,,288.13684,46.03838,5221.0,0.936,0.843,
KIC 10470779,10470779,,292.03522,47.684391,5613.0,1.044,0.948,
KIC 10480952,10480952,,295.80463,47.670906,6456.0,2.056,1.244,
KIC 10487228,10487228,,297.69525,47.605862,5108.0,0.759,0.833,
KIC 10519727,10519727,,284.43692,47.750332,5620.0,1.621,1.042,
KIC 10525077,10525077,,287.37808,47.771191,6091.0,1.047,1.058,
KIC 10535708,10535708,,292.11447,47.729462,5849.0,0.919,1.014,
KIC 10547378,10547378,,296.4761,47.703018,5485.0,2.087,1.049,
KIC 10548411,10548411,,296.80301,47.785828,,,,
KIC 7762153,7762153,,294.81995,43.471111,5857.0,1.1,1.116,
KIC 7762717,7762717,,294.99432,43.49432,,,,
KIC 7767781,7767781,,296.47906,43.409382,,,,
KIC 7770901,7770901,,297.29047,43.467789,6103.0,1.234,0.898,
KIC 7800285,7800285,,281.65961,43.587891,5934.0,1.064,0.885,
KIC 7804128,7804128,,283.87573,43.523079,,,,
KIC 7809049,7809049,,286.51007,43.507629,,,,
KIC 7811057,7811057,,287.49988,43.59108,5229.0,1.725,1.048,
KIC 8622875,8622875,,291.08795,44.751789,5768.0,1.009,0.881,
KIC 8644545,8644545,,298.13864,44.744061,5505.0,0.992,0.871,
KIC 8644911,8644911,,298.23279,44.756432,5456.0,0.843,0.777,
KIC 8652997,8652997,,300.39194,44.78532,6113.0,1.277,0.874,
KIC 8655076,8655076,,300.95102,44.74918,5197.0,0.938,0.847,
KIC 8656535,8656535,,301.50656,44.711842,5594.0,1.006,0.901,
KIC 8671707,8671707,,283.34769,44.889378,5938.0,1.504,1.086,
KIC 8676061,8676061,,285.75574,44.85244,6225.0,1.031,1.091,
KIC 9457533,9457533,,288.47919,46.058208,5101.0,6.422,2.123,
KIC 9463329,9463329,,291.21664,46.02248,6120.0,0.955,1.024,
KIC 9466486,9466486,,292.50098,46.037479,5553.0,1.844,0.792,
KIC 9472328,9472328,,294.69092,46.06662,5261.0,3.63,1.383,
KIC 9472341,9472341,,294.69489,46.077,5401.0,1.717,0.824,
KIC 9474485,9474485,,295.46451,46.016998,4612.0,0.604,0.591,
KIC 9475697,9475697,,295.87292,46.014462,5048.0,8.611,2.571,
KIC 9481235,9481235,,297.59805,46.04377,4883.0,6.502,0.936,
KIC 10551346,10551346,,297.61914,47.767921,6099.0,0.919,1.0,
KIC 10552151,10552151,,297.8389,47.751709,5277.0,3.931,1.764,
KIC 10552263,10552263,,297.87003,47.771091,5914.0,0.973,0.981,
KIC 10554421,10554421,,298.49625,47.738918,,,,
KIC 10556891,10556891,,299.18796,47.77029,,,,
KIC 10579570,10579570,,281.66693,47.876911,,,,
KIC 10581308,10581308,,282.68713,47.816978,5458.0,1.441,0.931,
KIC 10591578,10591578,,288.27332,47.876881,,,,
KIC 7812990,7812990,,288.41895,43.534599,,,,
KIC 7819520,7819520,,290.83856,43.526741,,,,
KIC 7829836,7829836,,294.30466,43.509701,5878.0,1.035,1.038,
KIC 7830953,7830953,,294.6467,43.577499,5897.0,0.992,1.106,
KIC 7836096,7836096,,296.18665,43.581379,4949.0,0.777,0.855,
KIC 7837526,7837526,,296.61633,43.529301,6327.0,1.151,0.914,
KIC 7881464,7881464,,288.14142,43.685799,,,,
KIC 7884986,7884986,,289.74466,43.684608,5079.0,7.684,2.042,
KIC 8677186,8677186,,286.38165,44.879082,5228.0,0.854,0.787,
KIC 8678345,8678345,,287.03516,44.815739,5574.0,0.884,0.782,
KIC 8682751,8682751,,289.30008,44.828609,,,,
KIC 8715564,8715564,,299.99295,44.88612,5260.0,0.717,0.68,
KIC 8715589,8715589,,300.00098,44.828499,5222.0,3.162,1.312,
KIC 8718273,8718273,,300.76859,44.83062,4630.0,12.623,1.588,
KIC 8737343,8737343,,284.03015,44.908718,6031.0,1.566,1.132,
KIC 8741367,8741367,,286.29129,44.920082,6456.0,2.773,1.49,
KIC 9489348,9489348,,299.84818,46.068039,5966.0,1.551,1.028,
KIC 9517242,9517242,,287.38818,46.139381,5709.0,0.837,0.92,
KIC 9532603,9532603,,294.35034,46.14957,5176.0,0.738,0.826,
KIC 9534832,9534832,,295.18097,46.179401,4816.0,0.823,0.795,
KIC 9536727,9536727,,295.85934,46.117008,5039.0,14.954,3.149,
KIC 9543302,9543302,,297.88663,46.190578,6084.0,1.677,1.046,
KIC 9575728,9575728,,285.63629,46.247269,4147.0,0.683,0.678,
KIC 10799291,10799291,,292.70148,48.14328,11068.0,1.555,2.102,
KIC 10802364,10802364,,293.91037,48.192081,5591.0,0.86,0.977,
KIC 10809888,10809888,,296.5499,48.186661,5099.0,7.317,2.049,
KIC 10813078,10813078,,297.45166,48.15691,4031.0,0.585,0.578,
KIC 10817600,10817600,,298.70694,48.10091,8237.0,3.134,2.032,
KIC 10850327,10850327,,286.59122,48.220268,6261.0,1.679,1.03,
KIC 10855545,10855545,,289.21732,48.204311,6095.0,1.082,1.15,
KIC 10858504,10858504,,290.57974,48.214218,6287.0,0.962,1.002,
KIC 7885558,7885558,,289.97064,43.662239,5587.0,0.851,0.952,
KIC 7888863,7888863,,291.07666,43.61208,6187.0,0.937,1.011,
KIC 7900450,7900450,,294.96277,43.671661,6250.0,0.986,1.052,
KIC 7900695,7900695,,295.03766,43.62122,5492.0,0.812,0.911,
KIC 7900727,7900727,,295.04797,43.650429,5911.0,0.914,1.006,
KIC 7902719,7902719,,295.66922,43.654781,6409.0,0.887,0.956,
KIC 7916058,7916058,,299.10294,43.69421,5665.0,0.82,0.916,
KIC 7917068,7917068,,299.34103,43.643162,5751.0,2.611,1.269,
KIC 8742270,8742270,,286.7926,44.968369,5544.0,1.362,0.946,
KIC 8745553,8745553,Kepler-1633,288.5152,44.923229,5889.0,4.912,2.006,1114.91
KIC 8747222,8747222,,289.32968,44.974209,4678.0,6.72,0.94,
KIC 8747910,8747910,,289.62814,44.942421,5596.0,0.821,0.879,
KIC 8766285,8766285,,296.42862,44.980206,5780.0,1.0,1.0,
KIC 8807988,8807988,,287.06146,45.03043,5192.0,0.802,0.896,
KIC 8812360,8812360,,289.25467,45.05521,5158.0,2.995,1.137,
KIC 8814872,8814872,,290.30774,45.01141,4236.0,0.612,0.599,
KIC 9579072,9579072,,287.56281,46.258438,6029.0,0.956,1.04,
KIC 9579606,9579606,,287.86899,46.26936,5565.0,0.802,0.879,
KIC 9591728,9591728,,293.3472,46.25544,6201.0,1.23,0.9,
KIC 9594184,9594184,,294.25906,46.221199,4885.0,0.763,0.738,
KIC 9594992,9594992,,294.53946,46.294769,,,,
KIC 9596820,9596820,,295.22586,46.22015,6886.0,1.287,1.227,
KIC 9598315,9598315,,295.75208,46.253868,6407.0,1.344,1.065,
KIC 9602595,9602595,,297.14346,46.228458,8105.0,2.433,1.868,
KIC 10601163,10601163,,292.32944,47.835629,6070.0,1.159,0.863,
KIC 10616317,10616317,,297.58429,47.892738,,,,
KIC 10616656,10616656,,297.69446,47.87896,6486.0,1.136,1.021,
KIC 10618044,10618044,,298.06827,47.867809,5210.0,1.849,0.976,
KIC 10656842,10656842,,288.13202,47.995541,4986.0,7.733,2.231,
KIC 10658177,10658177,,288.72644,47.906872,5903.0,1.4,1.079,
KIC 10661679,10661679,,290.25308,47.983318,5791.0,0.958,1.071,
KIC 10663976,10663976,,291.21762,47.95216,5513.0,0.729,0.796,
KIC 7935997,7935997,Kepler-1629,280.2066,43.774288,5713.0,0.893,1.01,336.09
KIC 7938499,7938499,,281.9617,43.713871,4347.0,0.609,0.597,
KIC 7948619,7948619,,287.27939,43.76498,,,,
KIC 7950158,7950158,,288.03607,43.796139,5283.0,2.504,1.144,
KIC 7967210,7967210,,294.31674,43.797642,6043.0,1.065,0.968,
KIC 7970194,7970194,,295.27673,43.706509,5508.0,0.835,0.9,
KIC 7978202,7978202,Kepler-1630,297.5083,43.710949,5037.0,0.756,0.724,331.213
KIC 8823893,8823893,,293.79514,45.098499,6201.0,1.126,0.998,
KIC 8836224,8836224,,297.73325,45.078861,,,,
KIC 8841297,8841297,,299.07831,45.05481,6043.0,1.634,1.062,
KIC 8868481,8868481,,284.31519,45.132259,5779.0,2.46,1.29,
KIC 8888745,8888745,,293.01563,45.16674,4999.0,0.801,0.764,
KIC 8890417,8890417,,293.61044,45.160938,6007.0,1.518,1.215,
KIC 8891684,8891684,Kepler-1634,294.0434,45.139778,5636.0,1.354,1.103,617.339
KIC 8904714,8904714,,297.94617,45.10014,6176.0,1.631,1.255,
KIC 9645188,9645188,,290.20685,46.313541,,,,
KIC 9659022,9659022,,295.69479,46.319328,6141.0,1.007,1.046,
KIC 9662475,9662475,,296.85858,46.30019,5780.0,1.0,1.0,
KIC 9674789,9674789,,300.47403,46.332039,5147.0,0.716,0.779,
KIC 9705620,9705620,,289.87979,46.400139,6063.0,1.012,1.117,
KIC 9715631,9715631,Kepler-1636,294.05762,46.441029,5977.0,1.022,1.133,1947.54
KIC 9723746,9723746,,296.94031,46.494099,6208.0,1.168,1.175,
KIC 9724993,9724993,,297.31314,46.448212,5615.0,1.4,0.976,
KIC 10677763,10677763,,296.40851,47.982121,,,,
KIC 10678912,10678912,,296.75278,47.973282,,,,
KIC 10685764,10685764,,298.74216,47.945278,4885.0,1.979,0.933,
KIC 10724569,10724569,,289.16986,48.06678,5325.0,0.75,0.84,
KIC 10734441,10734441,,293.14627,48.058331,,,,
KIC 10737437,10737437,,294.28503,48.059448,5991.0,1.2,0.784,
KIC 10747162,10747162,,297.39093,48.03928,4294.0,0.664,0.654,
KIC 10777591,10777591,Kepler-1637,282.23685,48.154243,6024.0,1.009,0.756,567.187
KIC 7979297,7979297,,297.75494,43.789261,5955.0,0.883,0.972,
KIC 7982917,7982917,,298.62399,43.719471,4971.0,0.857,0.813,
KIC 8005002,8005002,,280.34219,43.83334,5166.0,3.244,1.529,
KIC 8007174,8007174,,281.8277,43.808689,5023.0,0.782,0.821,
KIC 8009811,8009811,,283.37384,43.801361,6039.0,2.622,1.442,
KIC 8016211,8016211,,286.69333,43.869961,5116.0,1.619,0.944,
KIC 8016650,8016650,,286.92426,43.82943,4849.0,8.984,2.573,
KIC 8025718,8025718,,290.7309,43.87009,6231.0,1.152,1.054,
KIC 8915379,8915379,,300.9559,45.11108,5523.0,0.753,0.695,
KIC 8935352,8935352,,283.98358,45.284752,5323.0,2.064,0.804,
KIC 8937555,8937555,,285.09998,45.23811,5155.0,2.233,1.067,
KIC 8939211,8939211,,285.91354,45.206799,5906.0,0.85,0.773,
KIC 8939650,8939650,,286.12524,45.276932,6352.0,1.072,1.118,
KIC 8946267,8946267,,289.3334,45.242641,5583.0,0.824,0.899,
KIC 8949512,8949512,,290.58508,45.22105,5926.0,0.913,1.004,
KIC 8955741,8955741,,292.87256,45.246151,5962.0,2.028,1.143,
KIC 9758615,9758615,,285.59543,46.509666,,,,
KIC 9771920,9771920,,292.40878,46.515259,,,,
KIC 9775475,9775475,,293.8945,46.592491,5780.0,1.0,1.0,
KIC 9776907,9776907,,294.40469,46.56572,4965.0,0.781,0.856,
KIC 9780149,9780149,,295.6026,46.517567,5780.0,1.296,0.924,
KIC 9786017,9786017,,297.50803,46.521568,6025.0,2.293,1.209,
KIC 9832379,9832379,,292.38818,46.615101,5335.0,0.742,0.83,
KIC 9837659,9837659,,294.52805,46.608521,,,,
KIC 10865043,10865043,,293.45459,48.227852,,,,
KIC 10878117,10878117,,297.9147,48.224411,,,,
KIC 10879247,10879247,,298.26733,48.207458,5183.0,0.739,0.818,
KIC 10879899,10879899,,298.47745,48.222031,6362.0,1.378,1.199,
KIC 10905641,10905641,,283.54834,48.388931,6126.0,2.717,1.449,
KIC 10920086,10920086,,291.85208,48.319561,6712.0,1.513,1.206,
KIC 10933306,10933306,,297.19424,48.322891,6277.0,1.097,1.148,
KIC 10958972,10958972,,281.81027,48.420395,,,,
KIC 8029848,8029848,,292.21179,43.831848,5657.0,1.355,1.028,
KIC 8035322,8035322,,294.08139,43.824032,5636.0,2.357,1.305,
KIC 8036863,8036863,,294.57321,43.898521,5806.0,0.901,0.881,
KIC 8037038,8037038,Kepler-1631,294.63257,43.807671,5858.0,0.963,1.056,1305.99
KIC 8040308,8040308,,295.65958,43.85825,,,,
KIC 8040457,8040457,,295.70108,43.825218,6099.0,0.95,0.867,
KIC 8043968,8043968,,296.73291,43.864319,5764.0,0.863,0.959,
KIC 8044083,8044083,,296.76855,43.862,6089.0,0.95,1.031,
KIC 8959240,8959240,,294.09128,45.21767,5066.0,2.27,1.15,
KIC 8971044,8971044,,297.48312,45.291142,6168.0,0.96,1.034,
KIC 8975776,8975776,,298.50476,45.25124,5911.0,1.091,0.944,
KIC 8979500,8979500,,299.54834,45.283661,4842.0,4.164,0.93,
KIC 9003126,9003126,,283.62271,45.382992,4285.0,0.632,0.622,
KIC 9008125,9008125,,286.10162,45.319191,5220.0,1.887,0.835,
KIC 9011877,9011877,,287.82678,45.331322,5073.0,0.851,0.8,
KIC 9838414,9838414,,294.80966,46.613079,4611.0,0.76,0.748,
KIC 9838582,9838582,,294.87628,46.607254,5780.0,1.0,1.0,
KIC 9839030,9839030,,295.05518,46.66975,6304.0,1.094,1.11,
KIC 9845362,9845362,,297.2294,46.616402,5271.0,0.781,0.786,
KIC 9845931,9845931,,297.38342,46.68388,6343.0,1.14,1.213,
KIC 9847239,9847239,,297.74112,46.660488,6131.0,0.945,1.023,
KIC 9848760,9848760,,298.155,46.600121,5134.0,0.746,0.836,
KIC 9850843,9850843,,298.71469,46.650639,6193.0,1.067,1.127,
KIC 7018210,7018210,,286.35242,42.58577,7202.0,1.755,1.454,
KIC 7019580,7019580,,286.98447,42.551121,5099.0,5.032,1.836,
KIC 7022603,7022603,,288.22437,42.549011,4024.0,30.882,1.636,
KIC 7024045,7024045,,288.76083,42.554619,4415.0,0.715,0.708,
KIC 7035812,7035812,,292.49271,42.550739,5604.0,1.025,0.909,
KIC 7038988,7038988,,293.43866,42.56181,,,,
KIC 7041972,7041972,,294.26602,42.519218,,,,
KIC 7047299,7047299,,295.61066,42.578369,5840.0,0.812,0.898,
KIC 8075618,8075618,,281.5979,43.976479,5487.0,0.832,0.924,
KIC 8076215,8076215,,281.95456,43.98061,5437.0,3.18,1.372,
KIC 8094942,8094942,,290.84729,43.962742,5957.0,0.971,1.083,
KIC 8099517,8099517,,292.50958,43.957169,5248.0,4.413,1.66,
KIC 8105398,8105398,Kepler-1632,294.49487,43.91362,6072.0,1.286,0.818,716.76
KIC 8105719,8105719,,294.60629,43.937141,5635.0,1.183,0.967,
KIC 8106139,8106139,,294.74234,43.909351,5926.0,0.887,0.978,
KIC 8108437,8108437,,295.4931,43.99353,5911.0,0.914,1.006,
KIC 9012244,9012244,,287.99823,45.396439,6074.0,1.034,0.913,
KIC 9016592,9016592,,289.83994,45.354191,,,,
KIC 9018021,9018021,,290.39032,45.389992,5053.0,1.907,0.885,
KIC 9024568,9024568,,292.77322,45.371311,5275.0,0.792,0.852,
KIC 9026007,9026007,,293.29337,45.342541,5812.0,0.963,1.079,
KIC 9026248,9026248,,293.37994,45.31385,5138.0,3.098,1.245,
KIC 9044060,9044060,,298.28308,45.373589,6282.0,1.725,1.257,
KIC 9047416,9047416,,299.19171,45.34354,5627.0,1.735,1.103,
KIC 9851638,9851638,,298.9433,46.679771,4828.0,0.63,0.616,
KIC 9875101,9875101,,283.49139,46.757889,5122.0,0.824,0.793,
KIC 9881660,9881660,,287.36737,46.76865,4703.0,0.764,0.755,
KIC 9896438,9896438,,294.12787,46.796848,5780.0,1.0,1.0,
KIC 9899514,9899514,,295.26416,46.745941,5122.0,0.881,0.835,
KIC 9899607,9899607,,295.2951,46.775841,6091.0,0.967,1.045,
KIC 9908486,9908486,,298.11667,46.721958,4770.0,16.114,1.973,
KIC 9910043,9910043,,298.5697,46.753971,5913.0,0.795,0.898,
KIC 7101726,7101726,,286.19986,42.61301,,,,
KIC 7107567,7107567,,288.49567,42.69556,7117.0,1.64,1.398,
KIC 7109680,7109680,,289.27045,42.674389,6343.0,1.115,1.069,
KIC 7115671,7115671,,291.12695,42.62439,6413.0,1.494,1.299,
KIC 7123580,7123580,,293.54224,42.699532,,,,
KIC 7123614,7123614,,293.55038,42.67226,6210.0,1.033,1.093,
KIC 7125794,7125794,,294.15234,42.61898,6611.0,1.249,1.057,
KIC 7130612,7130612,,295.41357,42.663071,3939.0,0.527,0.55,
KIC 8125917,8125917,,299.98801,43.917721,5465.0,1.702,0.983,
KIC 8129333,8129333,,300.87204,43.973541,5936.0,1.46,0.986,
KIC 8155368,8155368,,287.80481,44.049191,5853.0,0.934,0.967,
KIC 8158429,8158429,,289.2291,44.09166,5861.0,0.865,0.957,
KIC 8179747,8179747,,296.41702,44.04821,5228.0,1.722,0.872,
KIC 8192427,8192427,,299.59756,44.07642,6060.0,2.93,1.401,
KIC 8197176,8197176,,300.88522,44.081329,5188.0,4.521,1.583,
KIC 8197406,8197406,,300.94186,44.023651,6996.0,3.359,1.742,
KIC 9049550,9049550,,299.77884,45.394032,5421.0,1.89,0.803,
KIC 9049697,9049697,,299.82376,45.334881,4137.0,0.61,0.601,
KIC 9073549,9073549,,284.32489,45.482319,6064.0,1.069,1.121,
KIC 9079671,9079671,,287.76385,45.482159,5468.0,1.423,0.898,
KIC 9079767,9079767,,287.81815,45.404732,6225.0,1.031,1.091,
KIC 9087071,9087071,,291.18909,45.49229,6302.0,1.135,1.034,
KIC 9087853,9087853,,291.46518,45.47007,5438.0,0.82,0.92,
KIC 9097470,9097470,,294.82776,45.469952,5754.0,0.946,1.008,
KIC 9911112,9911112,,298.87128,46.75198,8982.0,2.123,2.122,
KIC 9933600,9933600,,282.1142,46.816589,,,,
KIC 9934274,9934274,,282.58215,46.81551,6409.0,2.83,1.485,
KIC 9935983,9935983,,283.67346,46.82272,5725.0,1.289,0.988,
KIC 9941136,9941136,,286.63068,46.843369,5916.0,0.96,0.976,
KIC 9941387,9941387,,286.81644,46.884369,5310.0,0.768,0.849,
KIC 9941550,9941550,,286.90347,46.816341,5068.0,7.417,1.347,
KIC 9942658,9942658,,287.57361,46.822159,6122.0,0.964,1.041,
KIC 7132462,7132462,,295.8591,42.642189,6014.0,1.699,1.027,
KIC 7138841,7138841,,297.39395,42.686958,6821.0,1.548,1.321,
KIC 7174911,7174911,,281.75983,42.779018,,,,
KIC 7176424,7176424,,282.50769,42.742699,,,,
KIC 7184556,7184556,,286.23111,42.79517,,,,
KIC 7186436,7186436,,287.01953,42.751282,5779.0,0.901,0.993,
KIC 7189825,7189825,,288.41675,42.7136,5503.0,0.764,0.768,
KIC 7191523,7191523,,289.03937,42.701439,,,,
KIC 8223445,8223445,,287.91861,44.1213,6202.0,1.11,1.113,
KIC 8223655,8223655,,288.02615,44.118858,5387.0,0.799,0.892,
KIC 8229361,8229361,,290.39822,44.17038,6295.0,1.08,1.065,
KIC 8234889,8234889,,292.38724,44.13007,5593.0,0.842,0.92,
KIC 8241258,8241258,,294.59424,44.110592,6072.0,0.923,1.005,
KIC 8241736,8241736,,294.74133,44.131809,5255.0,0.783,0.754,
KIC 8242350,8242350,,294.93457,44.12981,6565.0,2.467,1.414,
KIC 8244947,8244947,,295.76822,44.167011,,,,
KIC 9101279,9101279,,296.00156,45.448132,8572.0,3.034,2.009,
KIC 9108058,9108058,,297.78107,45.424278,6792.0,1.636,1.364,
KIC 9114614,9114614,,299.56708,45.47356,4351.0,0.592,0.582,
KIC 9116075,9116075,,299.97076,45.448738,4519.0,0.597,0.641,
KIC 9116510,9116510,,300.08292,45.411072,6026.0,1.176,1.01,
KIC 9117123,9117123,,300.24493,45.498039,,,,
KIC 9118858,9118858,,300.72061,45.460869,,,,
KIC 9137257,9137257,,283.03592,45.577709,5083.0,0.71,0.68,
KIC 9953491,9953491,,292.75555,46.81184,5271.0,0.698,0.773,
KIC 9954225,9954225,,293.0744,46.899979,6332.0,1.222,0.991,
KIC 9957659,9957659,,294.47601,46.86166,6185.0,1.192,1.179,
KIC 9957668,9957668,,294.4783,46.863811,6335.0,1.286,0.894,
KIC 9962595,9962595,,296.32794,46.83963,5297.0,0.808,0.838,
KIC 9967398,9967398,,297.828,46.884602,4979.0,0.629,0.618,
KIC 9968924,9968924,,298.27487,46.837372,6519.0,1.672,1.311,
KIC 9993683,9993683,,282.50021,46.918571,5115.0,0.866,0.808,
KIC 7192680,7192680,,289.44095,42.741638,,,,
KIC 7198587,7198587,,291.26584,42.739491,5122.0,6.261,2.123,
KIC 7203858,7203858,,292.89294,42.776581,7612.0,2.968,1.969,
KIC 7204233,7204233,,293.00269,42.708851,4899.0,0.713,0.818,
KIC 7205717,7205717,,293.44861,42.744911,5834.0,1.207,1.022,
KIC 7206422,7206422,,293.64182,42.736019,5031.0,3.859,1.47,
KIC 7207081,7207081,,293.82782,42.771709,,,,
KIC 7213311,7213311,,295.51764,42.758942,5142.0,2.756,0.817,
KIC 8255058,8255058,,298.43073,44.192451,5057.0,6.222,1.936,
KIC 8265239,8265239,,301.15225,44.185116,,,,
KIC 8279146,8279146,,282.24631,44.28228,6809.0,1.673,1.224,
KIC 8288404,8288404,,287.2117,44.283192,5310.0,1.03,0.879,
KIC 8294683,8294683,,290.01547,44.205582,5003.0,0.669,0.654,
KIC 8295087,8295087,,290.15518,44.254017,6290.0,1.395,1.016,
KIC 8300828,8300828,,292.22482,44.29277,5375.0,0.899,0.8,
KIC 8307489,8307489,,294.61761,44.216881,6760.0,1.515,1.314,
KIC 9141355,9141355,Kepler-1635,285.349,45.556179,5474.0,0.763,0.847,1069.45
KIC 9142225,9142225,,285.80096,45.571739,6003.0,1.442,1.139,
KIC 9142334,9142334,,285.85172,45.511349,3754.0,0.473,0.483,
KIC 9147012,9147012,,288.42819,45.566269,5197.0,0.736,0.697,
KIC 9147029,9147029,,288.43582,45.519852,6423.0,1.231,1.296,
KIC 9153246,9153246,,291.27625,45.568192,5578.0,0.794,0.87,
KIC 9157030,9157030,,292.81415,45.546501,4810.0,0.685,0.751,
KIC 9157523,9157523,,293.01486,45.577831,6065.0,1.569,1.126,
KIC 9994381,9994381,,282.93451,46.994869,4864.0,0.692,0.746,
KIC 10002266,10002266,,287.56247,46.95116,5715.0,0.782,0.872,
KIC 10004515,10004515,,288.73169,46.943699,,,,
KIC 10004772,10004772,,288.85568,46.997261,3749.0,59.684,0.885,
KIC 10006096,10006096,,289.49918,46.92865,5511.0,0.789,0.773,
KIC 10007492,10007492,,290.08661,46.945202,4980.0,5.443,1.589,
KIC 10007916,10007916,,290.23773,46.980042,5354.0,0.788,0.884,
KIC 10018364,10018364,,294.52576,46.994301,,,,
KIC 7255910,7255910,,281.28262,42.89959,6267.0,1.118,0.981,
KIC 7256460,7256460,,281.59372,42.871609,,,,
KIC 7258902,7258902,,282.78036,42.80621,5164.0,1.779,0.876,
KIC 7282470,7282470,,291.9227,42.892921,5227.0,4.313,1.419,
KIC 7289139,7289139,,293.96146,42.806419,6158.0,1.024,1.08,
KIC 7345136,7345136,,285.40469,42.907589,5722.0,0.854,0.937,
KIC 7352727,7352727,,288.57425,42.913288,4870.0,8.531,0.812,
KIC 7375100,7375100,,295.34177,42.9958,,,,
KIC 8308639,8308639,,294.98322,44.217911,5047.0,7.821,2.064,
KIC 8313697,8313697,,296.55786,44.2831,,,,
KIC 8351919,8351919,,285.75095,44.356979,5196.0,0.784,0.863,
KIC 8352009,8352009,,285.79572,44.35051,6277.0,1.031,1.085,
KIC 8352016,8352016,,285.79947,44.34819,5701.0,0.903,0.813,
KIC 8364969,8364969,,291.59738,44.398521,5645.0,0.871,0.746,
KIC 8378278,8378278,,296.18494,44.342991,6085.0,0.936,0.952,
KIC 8380743,8380743,,296.90295,44.351231,6225.0,1.672,1.041,
KIC 9159461,9159461,,293.75519,45.500839,6251.0,1.119,1.089,
KIC 9164003,9164003,,295.4079,45.535233,6569.0,2.203,1.232,
KIC 9166700,9166700,,296.33813,45.545109,6551.0,1.236,1.213,
KIC 9173014,9173014,,298.11365,45.563419,6328.0,3.134,1.542,
KIC 9178502,9178502,,299.63815,45.58778,,,,
KIC 9178894,9178894,,299.74387,45.586361,7892.0,2.496,1.894,
KIC 9180282,9180282,,300.11902,45.510349,6407.0,1.668,1.311,
KIC 9181402,9181402,,300.41495,45.574299,,,,
KIC 10023469,10023469,,296.36893,46.957821,5222.0,0.78,0.73,
KIC 10027861,10027861,,297.66437,46.94482,5166.0,0.791,0.871,
KIC 10064591,10064591,,287.09412,47.075359,,,,
KIC 10074700,10074700,,291.62619,47.08123,5273.0,0.768,0.73,
KIC 10083325,10083325,,294.9733,47.015369,5877.0,2.034,1.316,
KIC 10090854,10090854,,297.39322,47.011459,5579.0,0.798,0.892,
KIC 10096697,10096697,,299.02518,47.079071,5727.0,0.918,0.827,
KIC 10098540,10098540,,299.58463,47.000771,4368.0,0.637,0.624,
KIC 7377343,7377343,,295.90891,42.988209,6217.0,1.196,1.052,
KIC 7383840,7383840,,297.39856,42.991539,5282.0,0.805,0.868,
KIC 7386200,7386200,,297.88852,42.993031,6025.0,0.949,0.922,
KIC 7416016,7416016,,280.35452,43.056671,4192.0,0.59,0.577,
KIC 7416306,7416306,,280.52133,43.077068,5425.0,2.655,1.304,
KIC 7416646,7416646,,280.72287,43.065472,5420.0,0.953,0.825,
KIC 7440715,7440715,,290.50705,43.015041,5087.0,2.024,0.857,
KIC 7456380,7456380,,295.06079,43.058811,5401.0,0.749,0.76,
KIC 8395870,8395870,,300.93237,44.34454,5933.0,1.807,1.07,
KIC 8396288,8396288,,301.05518,44.306229,5488.0,0.818,0.913,
KIC 8414914,8414914,,284.52087,44.455078,6060.0,1.046,0.994,
KIC 8415353,8415353,,284.7644,44.485004,6359.0,1.83,1.358,
KIC 8429817,8429817,,291.45227,44.431751,6247.0,1.194,0.936,
KIC 8432034,8432034,,292.30594,44.459366,5780.0,1.0,1.0,
KIC 8432249,8432249,,292.39389,44.476212,5172.0,4.721,1.679,
KIC 8439618,8439618,,295.06573,44.477032,5679.0,0.794,0.886,
KIC 9209981,9209981,,288.01117,45.68716,6452.0,1.148,1.164,
KIC 9210738,9210738,,288.40182,45.677029,5159.0,2.604,1.101,
KIC 9214176,9214176,,290.15314,45.635471,5183.0,4.89,1.276,
KIC 9216231,9216231,,291.03244,45.64106,4197.0,0.588,0.575,
KIC 9217583,9217583,,291.57455,45.618389,6543.0,1.531,1.268,
KIC 9220614,9220614,,292.79358,45.687859,5496.0,0.79,0.863,
KIC 9224514,9224514,,294.26019,45.69408,,,,
KIC 9229807,9229807,,296.12985,45.681862,,,,
KIC 10130646,10130646,,287.42953,47.127609,3659.0,0.4,0.42,
KIC 10132552,10132552,,288.3555,47.106468,6054.0,1.009,0.969,
KIC 10132908,10132908,,288.50931,47.120701,6137.0,0.963,1.038,
KIC 10141271,10141271,,291.90961,47.174339,5272.0,0.799,0.751,
KIC 10146103,10146103,,293.74625,47.15406,5753.0,1.041,1.034,
KIC 10158715,10158715,,297.72064,47.134892,6418.0,1.171,1.241,
KIC 10161534,10161534,,298.49445,47.187271,6263.0,1.113,1.084,
KIC 7458433,7458433,,295.57947,43.06356,6322.0,1.075,1.124,
KIC 7458743,7458743,,295.64517,43.065338,4895.0,6.428,1.533,
KIC 7468295,7468295,,297.68704,43.060162,5002.0,4.042,0.979,
KIC 7516073,7516073,,287.96262,43.132195,5786.0,1.388,1.003,
KIC 7538450,7538450,,294.80457,43.138699,7664.0,3.697,2.039,
KIC 7539174,7539174,,295.00153,43.171341,,,,
KIC 7539277,7539277,,295.02985,43.129421,5691.0,0.887,1.003,
KIC 7550875,7550875,,297.65436,43.178551,5340.0,0.867,0.783,
KIC 8442463,8442463,,295.94467,44.445938,4911.0,4.419,1.608,
KIC 8474892,8474892,,281.76312,44.57719,5869.0,1.17,0.971,
KIC 8480642,8480642,,285.0004,44.544991,5178.0,2.295,0.995,
KIC 8482513,8482513,,286.11569,44.592941,5539.0,0.913,0.892,
KIC 8487777,8487777,,288.92505,44.53577,6038.0,1.186,0.902,
KIC 8495232,8495232,,291.80365,44.534592,5125.0,3.007,1.411,
KIC 8499922,8499922,,293.66245,44.527512,4835.0,7.917,0.927,
KIC 8505674,8505674,,295.5806,44.568977,5929.0,1.292,0.914,
KIC 11444772,11444772,,285.70541,49.342628,4596.0,0.678,0.714,
KIC 11444974,11444974,,285.82983,49.39431,5451.0,0.936,0.81,
KIC 11446961,11446961,,287.15372,49.33197,5548.0,0.986,0.961,
KIC 11453930,11453930,,291.14532,49.365318,6823.0,1.493,1.332,
KIC 11456256,11456256,,292.43137,49.368561,6533.0,1.386,1.184,
KIC 11457664,11457664,,293.16309,49.383331,5778.0,0.871,0.967,
KIC 11465658,11465658,,296.63181,49.363312,5426.0,0.85,0.902,
KIC 11465869,11465869,,296.71918,49.35994,5359.0,0.741,0.823,
KIC 11493378,11493378,,283.46997,49.416962,,,,
KIC 11506938,11506938,,291.64651,49.493408,6581.0,1.468,1.23,
KIC 11513366,11513366,,294.72955,49.428478,4784.0,11.839,2.629,
KIC 11513441,11513441,,294.7627,49.430069,5361.0,1.951,0.997,
KIC 11520114,11520114,,297.39496,49.48494,4808.0,0.806,0.785,
KIC 11520465,11520465,,297.52707,49.404499,6493.0,1.205,1.065,
KIC 11559493,11559493,,292.07788,49.52961,6233.0,1.076,1.086,
KIC 11598638,11598638,,284.55368,49.6847,6495.0,1.168,1.19,
KIC 11598894,11598894,,284.74847,49.606258,5861.0,0.875,0.929,
KIC 11599800,11599800,,285.36389,49.629608,6273.0,1.139,1.092,
KIC 11599937,11599937,,285.45917,49.661942,5874.0,0.871,0.963,
KIC 11600299,11600299,,285.6911,49.690311,,,,
KIC 11601425,11601425,,286.3562,49.690128,5766.0,0.915,0.963,
KIC 11601633,11601633,,286.49686,49.614578,5360.0,0.866,0.869,
KIC 11601972,11601972,,286.73245,49.683189,6238.0,1.403,1.204,
KIC 11603298,11603298,,287.65161,49.686501,6587.0,1.008,1.078,
KIC 11614808,11614808,,293.96027,49.619312,6184.0,3.304,1.516,
KIC 11615258,11615258,,294.15775,49.614971,6315.0,1.116,1.161,
KIC 11615521,11615521,,294.27182,49.633869,5090.0,4.962,2.023,
KIC 11616434,11616434,,294.69086,49.626991,5031.0,0.748,0.72,
KIC 11651240,11651240,,285.40842,49.763641,5518.0,1.742,1.04,
KIC 11652427,11652427,,286.17105,49.71032,,,,
KIC 11654039,11654039,,287.29846,49.703049,5997.0,0.971,1.004,
KIC 11674709,11674709,,297.74567,49.70763,,,,
KIC 11716643,11716643,,293.86526,49.800289,5830.0,0.876,0.97,
KIC 11722217,11722217,,296.2525,49.886559,3358.0,0.303,0.294,
KIC 11773174,11773174,,296.55469,49.958092,,,,
KIC 11803074,11803074,,285.33783,50.066132,5736.0,0.801,0.892,
KIC 11807906,11807906,,288.43665,50.075722,5066.0,3.9,1.442,
KIC 11811382,11811382,,290.36365,50.052608,5432.0,0.913,0.801,
KIC 11818566,11818566,,294.2063,50.045399,,,,
KIC 11819396,11819396,,294.56738,50.069721,,,,
KIC 11824578,11824578,,296.7554,50.055271,7435.0,1.876,1.547,
KIC 11860294,11860294,,289.65347,50.12801,6273.0,1.155,1.073,
KIC 11868941,11868941,,294.35275,50.185989,6471.0,1.13,1.147,
KIC 11905398,11905398,,286.48987,50.230068,5496.0,0.776,0.869,
KIC 11910670,11910670,,289.65152,50.282619,5509.0,0.811,0.727,
KIC 11911929,11911929,,290.3689,50.27055,5119.0,7.738,1.997,
KIC 11923213,11923213,,296.20459,50.236328,5869.0,1.396,1.065,
KIC 11924426,11924426,,296.70383,50.281551,6175.0,0.974,0.952,
KIC 11959893,11959893,,289.58356,50.348137,6531.0,2.231,1.566,
KIC 11966643,11966643,,293.52264,50.308079,,,,
KIC 11968514,11968514,,294.36172,50.307598,4884.0,8.747,1.522,
KIC 12007270,12007270,,288.18256,50.49836,5776.0,0.759,0.83,
KIC 12009917,12009917,,289.68549,50.409229,6201.0,1.111,1.011,
KIC 12020376,12020376,,295.4801,50.42128,5359.0,0.741,0.823,
KIC 12066767,12066767,,294.17059,50.593632,,,,
KIC 12071775,12071775,,296.40887,50.585171,5866.0,1.02,0.916,
KIC 12102775,12102775,,286.39944,50.625679,5291.0,0.886,0.989,
KIC 12105086,12105086,,288.05573,50.65369,5865.0,0.918,1.012,
KIC 12110901,12110901,,291.59988,50.635891,,,,
KIC 12121701,12121701,,296.90057,50.628059,6108.0,1.03,1.132,
KIC 12156805,12156805,,289.96442,50.791859,5225.0,0.954,0.853,
KIC 12165063,12165063,,294.52161,50.795456,5093.0,0.798,0.777,
KIC 12168895,12168895,,296.24155,50.78051,5979.0,0.902,0.984,
KIC 12170767,12170767,,297.0217,50.769112,5622.0,1.441,0.84,
KIC 12253490,12253490,,288.64325,50.90118,4492.0,0.516,0.518,
KIC 12257851,12257851,,291.20724,50.91663,6063.0,1.012,1.117,
KIC 12265150,12265150,,295.12543,50.906052,5783.0,0.88,0.977,
KIC 12300524,12300524,,287.09006,51.01606,6039.0,1.005,1.108,
KIC 12349560,12349560,,286.93784,51.123508,4871.0,0.725,0.778,
KIC 12350136,12350136,,287.35873,51.158321,,,,
KIC 10964747,10964747,,285.86667,48.407742,5481.0,0.775,0.709,
KIC 10967168,10967168,,287.37283,48.465542,6888.0,1.492,1.363,
KIC 10977671,10977671,,292.81577,48.422169,5157.0,3.436,1.496,
KIC 10978581,10978581,,293.26508,48.426399,5117.0,7.549,2.012,
KIC 10979952,10979952,,293.88602,48.469292,5251.0,1.811,0.891,
KIC 10989620,10989620,,297.61707,48.408089,5611.0,0.997,0.962,
KIC 10991389,10991389,,298.29181,48.465691,5952.0,0.955,0.982,
KIC 12401859,12401859,,288.142,51.245602,5043.0,4.874,1.893,
KIC 12402588,12402588,,288.53769,51.280384,5997.0,2.284,1.217,
KIC 12405436,12405436,,290.1449,51.25771,4822.0,0.771,0.851,
KIC 12417572,12417572,,295.91843,51.250118,6854.0,1.674,1.308,
KIC 12418418,12418418,,296.26324,51.26609,4558.0,0.548,0.544,
KIC 12505590,12505590,,288.62769,51.400131,5310.0,0.786,0.853,
KIC 12506986,12506986,,289.4024,51.441738,6686.0,1.053,1.074,
KIC 10991431,10991431,,298.30725,48.48246,6026.0,1.006,1.007,
KIC 11021266,11021266,,287.36044,48.5564,6028.0,1.001,1.073,
KIC 11021676,11021676,,287.60306,48.599289,5217.0,0.869,0.799,
KIC 11026582,11026582,,290.25085,48.558701,6146.0,0.943,1.02,
KIC 11036168,11036168,,294.79651,48.557861,5600.0,1.283,0.97,
KIC 11037818,11037818,Kepler-1638,295.48242,48.524441,5490.0,3.204,1.592,1525.52
KIC 11046723,11046723,,298.71347,48.545479,,,,
KIC 11046870,11046870,,298.75833,48.59779,6321.0,1.058,1.108,
KIC 12554212,12554212,,288.9162,51.534962,4680.0,0.649,0.638,
KIC 12645262,12645262,,289.40317,51.736649,,,,
KIC 12645761,12645761,,289.70395,51.714401,5030.0,5.208,1.498,
KIC 12690465,12690465,,289.70395,51.871689,,,,
KIC 12734110,12734110,,288.71906,51.914211,4988.0,0.85,0.829,
KIC 12735793,12735793,,289.79166,51.993721,6178.0,1.076,1.098,
KIC 12736658,12736658,,290.26956,51.916302,5846.0,1.207,0.988,
KIC 12835139,12835139,,290.38977,52.171055,6658.0,1.992,1.244,
KIC 11069681,11069681,,283.30917,48.685829,5119.0,9.343,1.983,
KIC 11072982,11072982,,285.56879,48.632099,5283.0,2.907,1.277,
KIC 11073238,11073238,,285.72473,48.607632,6195.0,1.029,1.051,
KIC 11076176,11076176,,287.57657,48.679379,5264.0,0.724,0.807,
KIC 11080702,11080702,,290.00208,48.655361,5620.0,0.882,0.893,
KIC 11082795,11082795,,291.17084,48.649261,5161.0,0.829,0.775,
KIC 11090561,11090561,,294.86819,48.649578,5254.0,15.369,2.687,
KIC 11090926,11090926,,295.02325,48.680649,4895.0,9.435,1.195,
KIC 11097752,11097752,,297.6507,48.617802,4945.0,6.632,1.835,
KIC 11098704,11098704,,298.02136,48.626141,6538.0,1.477,1.153,
KIC 11100170,11100170,,298.57523,48.668362,4641.0,0.691,0.677,
KIC 11129145,11129145,,287.46823,48.758659,4342.0,0.523,0.518,
KIC 11145391,11145391,,295.4769,48.765079,5600.0,0.839,0.804,
KIC 11145637,11145637,,295.56812,48.759811,,,,
KIC 11147785,11147785,,296.32471,48.783112,5083.0,11.723,2.176,
KIC 11152511,11152511,,298.06229,48.724918,5426.0,1.007,0.883,
KIC 11176166,11176166,Kepler-1639,283.06863,48.802078,6477.0,1.148,1.102,1031.31
KIC 11182213,11182213,,287.22351,48.813251,5991.0,1.026,0.938,
KIC 11183752,11183752,,288.21854,48.886742,5803.0,0.884,0.83,
KIC 11191364,11191364,,292.33502,48.87252,5433.0,0.689,0.736,
KIC 11198419,11198419,,295.57629,48.897861,3827.0,0.462,0.471,
KIC 11199233,11199233,,295.89526,48.832939,,,,
KIC 11251991,11251991,,295.46149,48.903751,6948.0,1.433,1.171,
KIC 11298442,11298442,,292.61597,49.003139,,,,
KIC 11305417,11305417,,295.74002,49.01152,6493.0,1.424,1.229,
KIC 11338918,11338918,,285.33615,49.190769,5135.0,0.849,0.792,
KIC 11340218,11340218,,286.12357,49.105289,5763.0,0.948,1.063,
KIC 11341266,11341266,,286.79611,49.19426,6437.0,1.773,1.158,
KIC 11341314,11341314,,286.83151,49.18824,5929.0,1.202,1.071,
KIC 11348610,11348610,,290.8688,49.105068,5463.0,0.803,0.893,
KIC 11351454,11351454,,292.39926,49.173641,6195.0,1.124,1.178,
KIC 11355925,11355925,,294.52682,49.175072,5758.0,1.132,0.885,
KIC 11391512,11391512,,285.2085,49.207829,4665.0,0.701,0.689,
KIC 11393248,11393248,,286.30084,49.211319,5573.0,0.827,0.902,
KIC 11393633,11393633,,286.55554,49.240501,5583.0,0.79,0.865,
KIC 11401845,11401845,,291.297,49.244469,7796.0,2.34,1.725,
KIC 11407847,11407847,,294.30084,49.240311,5550.0,0.958,0.862,
KIC 11414368,11414368,,296.96423,49.202339,5544.0,0.75,0.693,
KIC 8355178,8355178,,287.53177,44.30801,6122.0,0.996,1.07,
KIC 8374077,8374077,,294.8566,44.322041,6063.0,1.012,1.117,
KIC 8494783,8494783,,291.63733,44.56422,,,,
KIC 8517303,8517303,,298.75,44.57254,4647.0,6.055,0.932,
KIC 8590149,8590149,,300.90247,44.61261,5031.0,0.848,0.801,
KIC 2309587,2309587,,292.89972,37.659309,5799.0,1.055,0.861,
KIC 2445134,2445134,,291.8497,37.738621,6247.0,1.314,1.057,
KIC 3241344,3241344,,293.01654,38.318451,5616.0,0.72,0.675,
KIC 3347485,3347485,,292.77972,38.448551,5953.0,1.609,0.91,
KIC 2019477,2019477,,292.55194,37.421211,5440.0,4.524,1.894,
KIC 2161623,2161623,,291.74445,37.591019,6723.0,1.719,1.327,
KIC 2707097,2707097,,290.04553,37.939384,5780.0,1.0,1.0,
KIC 2719873,2719873,,292.9306,37.96442,5251.0,0.658,0.663,
KIC 2852810,2852810,,291.51575,38.058418,,,,
KIC 8590780,8590780,,301.16916,44.645962,6231.0,1.501,0.984,
KIC 8613338,8613338,,286.85727,44.766392,5671.0,0.919,0.9,
KIC 8646141,8646141,,298.54065,44.767578,6608.0,2.189,1.412,
KIC 8653134,8653134,Kepler-1643,300.431,44.751015,5101.0,0.67,0.699,341.774
KIC 8702921,8702921,,296.66501,44.853069,4968.0,5.026,1.8,
KIC 8822421,8822421,,293.24701,45.056461,5416.0,0.756,0.847,
KIC 8957954,8957954,,293.68591,45.238609,6106.0,0.966,1.043,
KIC 8984706,8984706,,300.93588,45.205688,5895.0,1.415,0.926,
KIC 3530668,3530668,,287.03967,38.640308,6224.0,1.433,1.094,
KIC 3532985,3532985,,287.91516,38.640781,4918.0,9.169,2.376,
KIC 3831911,3831911,,285.05515,38.985008,3857.0,0.531,0.535,
KIC 3852258,3852258,,291.98096,38.97118,4754.0,25.287,3.644,
KIC 3858919,3858919,,293.70291,38.956291,5692.0,0.866,0.965,
KIC 3869326,3869326,,296.03302,38.936691,4805.0,13.941,2.853,
KIC 3971315,3971315,,295.69324,39.006538,6225.0,1.009,1.07,
KIC 2997455,2997455,,293.1304,38.127789,4846.0,7.102,1.775,
KIC 3003991,3003991,,294.48996,38.199619,5530.0,0.788,0.882,
KIC 3229028,3229028,,289.81143,38.324951,5929.0,1.463,1.107,
KIC 3230787,3230787,,290.25485,38.34166,5883.0,1.554,0.966,
KIC 9093086,9093086,,293.40323,45.493809,6273.0,1.044,1.099,
KIC 7954278,7954278,,289.82599,43.725231,5310.0,0.786,0.732,
KIC 9101400,9101400,,296.03485,45.490822,6645.0,1.328,1.206,
KIC 9119652,9119652,,300.95703,45.449188,5299.0,1.769,0.837,
KIC 9145861,9145861,,287.84042,45.599751,4926.0,7.849,2.351,
KIC 9153823,9153823,,291.48495,45.54567,4569.0,0.559,0.553,
KIC 4037428,4037428,,285.14496,39.186989,6052.0,1.417,0.887,
KIC 4049124,4049124,,289.31421,39.131359,5561.0,0.809,0.864,
KIC 4275328,4275328,,294.68643,39.396561,6691.0,1.565,1.083,
KIC 4753561,4753561,,293.73715,39.825859,4428.0,0.701,0.697,
KIC 4912991,4912991,,288.47214,40.087662,6316.0,1.119,1.109,
KIC 5036966,5036966,,297.95358,40.153252,6211.0,1.44,1.013,
KIC 5254230,5254230,,284.04843,40.408539,5288.0,0.71,0.675,
KIC 3545840,3545840,,291.75204,38.66254,6711.0,1.565,1.353,
KIC 3634051,3634051,Kepler-1981,287.97546,38.74028,5874.0,3.006,1.519,659.395
KIC 7967517,7967517,,294.41693,43.799587,6339.0,1.102,1.075,
KIC 3761319,3761319,,295.05994,38.855911,5729.0,0.923,0.848,
KIC 3762553,3762553,,295.32828,38.8475,8057.0,2.407,1.868,
KIC 3965879,3965879,,294.4754,39.00388,,,,
KIC 4035675,4035675,,284.62463,39.17878,5692.0,2.287,1.288,
KIC 9282687,9282687,,292.57278,45.757729,6844.0,1.629,1.358,
KIC 9289960,9289960,,295.34586,45.768803,,,,
KIC 9291629,9291629,,295.90674,45.724098,4809.0,5.145,1.232,
KIC 9304842,9304842,,299.77258,45.778999,6468.0,1.302,1.198,
KIC 9304923,9304923,,299.79901,45.735371,7981.0,3.298,2.061,
KIC 9343862,9343862,,292.43274,45.853409,7945.0,2.17,1.812,
KIC 9389245,9389245,,284.14114,45.944641,,,,
KIC 8110757,8110757,,296.18478,43.980751,5405.0,1.772,0.816,
KIC 5385139,5385139,,297.52072,40.585419,5754.0,0.905,1.021,
KIC 5385150,5385150,,297.52277,40.581341,5595.0,0.886,0.933,
KIC 5385269,5385269,,297.55103,40.557388,5968.0,1.048,1.069,
KIC 8210370,8210370,,280.77213,44.18874,4794.0,6.816,1.023,
KIC 5385509,5385509,,297.6044,40.53286,4873.0,0.693,0.676,
KIC 5385566,5385566,,297.61758,40.506771,5442.0,0.783,0.778,
KIC 5385773,5385773,,297.66727,40.51413,5571.0,0.691,0.776,
KIC 5386163,5386163,,297.75357,40.55262,6098.0,2.657,1.313,
KIC 5470960,5470960,,297.5343,40.653389,5279.0,0.72,0.796,
KIC 4139254,4139254,,285.8627,39.20528,5551.0,0.957,0.811,
KIC 4144236,4144236,,287.83334,39.221272,6621.0,1.297,1.213,
KIC 4150701,4150701,,289.76312,39.245178,4746.0,0.696,0.713,
KIC 4255944,4255944,,289.84818,39.331463,6845.0,2.674,1.843,
KIC 4285087,4285087,,296.64883,39.318588,6181.0,1.444,0.923,
KIC 4346875,4346875,,285.58578,39.47913,5512.0,0.787,0.851,
KIC 9394605,9394605,,287.15613,45.979259,,,,
KIC 9471755,9471755,,294.48807,46.002289,7332.0,1.46,1.43,
KIC 9479460,9479460,,297.11075,46.0896,7803.0,3.373,2.023,
KIC 9549472,9549472,,299.6091,46.11824,5843.0,1.006,0.924,
KIC 9576197,9576197,,285.88449,46.289829,5250.0,0.736,0.698,
KIC 8110758,8110758,,296.18518,43.978649,5876.0,1.209,0.999,
KIC 9579860,9579860,,288.01651,46.206921,4748.0,8.179,1.053,
KIC 9655711,9655711,,294.444,46.335972,5947.0,0.962,1.022,
KIC 8222395,8222395,,287.37039,44.187988,5896.0,0.914,1.0,
KIC 5471068,5471068,,297.55954,40.639469,5691.0,0.887,1.003,
KIC 5471192,5471192,,297.58768,40.632092,6246.0,1.092,1.18,
KIC 5471217,5471217,,297.59531,40.660728,5514.0,0.826,0.926,
KIC 5471769,5471769,,297.74551,40.67429,5742.0,0.827,0.921,
KIC 5471770,5471770,,297.74567,40.652519,6367.0,1.357,1.019,
KIC 5556804,5556804,,297.63263,40.709129,5761.0,0.791,0.881,
KIC 5597970,5597970,,283.43982,40.83622,5301.0,0.936,0.833,
KIC 4459068,4459068,,290.02435,39.563389,8617.0,3.018,2.002,
KIC 8107150,8107150,,295.0809,43.953239,5823.0,0.878,0.862,
KIC 4464394,4464394,,291.59775,39.53606,,,,
KIC 4547480,4547480,,287.13815,39.673592,5511.0,0.746,0.753,
KIC 4739229,4739229,,289.53336,39.836639,7081.0,1.619,1.387,
KIC 4740676,4740676,,289.96436,39.811352,6562.0,2.433,1.435,
KIC 4742420,4742420,,290.45026,39.862011,6116.0,1.008,1.025,
KIC 9727765,9727765,,298.06549,46.436298,,,,
KIC 9767392,9767392,,290.47803,46.537949,6630.0,1.416,1.26,
KIC 9774400,9774400,,293.45514,46.521751,5955.0,0.894,0.814,
KIC 9839081,9839081,,295.07114,46.68782,5955.0,0.883,0.972,
KIC 9974142,9974142,,299.87131,46.822491,6049.0,2.522,1.241,
KIC 10163066,10163066,,298.90012,47.146481,4547.0,0.747,0.737,
KIC 9008103,9008103,,286.08908,45.369011,4944.0,0.721,0.786,
KIC 5643492,5643492,,297.76053,40.829948,6063.0,0.788,0.874,
KIC 5795648,5795648,,293.2944,41.035351,6306.0,1.109,0.991,
KIC 5961350,5961350,,292.1745,41.290661,7049.0,1.549,1.432,
KIC 5979863,5979863,,297.00006,41.290031,5949.0,0.907,0.848,
KIC 6117415,6117415,,289.86105,41.408192,6535.0,1.529,1.301,
KIC 6128027,6128027,,293.21854,41.417339,5067.0,0.694,0.742,
KIC 6146418,6146418,,297.7937,41.402401,6070.0,1.777,1.074,
KIC 4826439,4826439,,289.02982,39.951889,6064.0,1.449,1.107,
KIC 4933476,4933476,,294.44336,40.06134,5650.0,0.926,0.77,
KIC 4990977,4990977,,284.34503,40.196091,5838.0,0.988,0.781,
KIC 5034333,5034333,,297.40039,40.149479,8675.0,2.168,2.057,
KIC 5039441,5039441,,298.40985,40.156792,6184.0,1.257,0.891,
KIC 8231299,8231299,,291.06418,44.170399,5632.0,0.847,0.736,
KIC 5121173,5121173,,297.16843,40.27552,6313.0,2.641,1.291,
KIC 5306984,5306984,,299.23679,40.425819,,,,
KIC 10198662,10198662,,287.78461,47.228043,,,,
KIC 10200627,10200627,,288.79553,47.203651,5174.0,3.608,0.802,
KIC 10219361,10219361,,296.10846,47.222279,5236.0,2.332,1.019,
KIC 10228942,10228942,,298.82739,47.25774,6631.0,2.438,1.361,
KIC 10341878,10341878,,292.76028,47.448299,7286.0,2.056,1.532,
KIC 10357831,10357831,,298.10834,47.487919,4535.0,0.668,0.659,
KIC 6150977,6150977,,298.82443,41.435921,5423.0,0.828,0.872,
KIC 6182019,6182019,,282.68491,41.587959,5726.0,0.987,0.899,
KIC 6191945,6191945,,287.3327,41.506672,5182.0,1.824,1.043,
KIC 6209347,6209347,,293.19833,41.558311,5457.0,0.905,0.827,
KIC 6268722,6268722,,285.5184,41.660469,6502.0,1.753,1.098,
KIC 6301030,6301030,,296.29636,41.604561,5988.0,1.13,0.869,
KIC 6606934,6606934,,292.07166,42.076382,6387.0,1.105,1.145,
KIC 8242769,8242769,,295.06631,44.162449,5763.0,0.997,0.989,
KIC 5385548,5385548,,297.61353,40.584942,6381.0,1.423,1.055,
KIC 5385778,5385778,,297.66788,40.58028,4849.0,6.952,2.025,
KIC 5428657,5428657,,284.44101,40.625,4530.0,0.539,0.537,
KIC 5471617,5471617,,297.7027,40.68623,5221.0,2.067,0.819,
KIC 5629353,5629353,Kepler-1640,294.55789,40.850498,6264.0,1.651,1.352,1859.78
KIC 10363233,10363233,,299.61707,47.406021,5332.0,0.843,0.821,
KIC 10385682,10385682,,282.18964,47.523762,6075.0,1.091,1.149,
KIC 10414727,10414727,,295.68192,47.591881,,,,
KIC 10483644,10483644,,296.6817,47.600342,6029.0,0.894,0.972,
KIC 10601549,10601549,,292.47943,47.83461,5446.0,0.668,0.646,
KIC 10614158,10614158,,296.97522,47.886551,4847.0,3.619,0.905,
KIC 6614926,6614926,,294.33139,42.093979,6283.0,1.01,1.067,
KIC 6628237,6628237,,297.47104,42.087898,5931.0,1.012,0.981,
KIC 6694186,6694186,,292.63113,42.180779,5433.0,0.843,0.756,
KIC 6934587,6934587,,286.99765,42.46516,6192.0,1.162,1.04,
KIC 7219906,7219906,,297.01459,42.789169,5603.0,0.846,0.941,
KIC 7257373,7257373,,282.05328,42.864952,5841.0,0.977,0.992,
KIC 7295570,7295570,,295.65799,42.801239,5633.0,1.547,0.907,
KIC 7362852,7362852,,291.80966,42.981609,6201.0,0.989,1.058,
KIC 5641294,5641294,,297.31543,40.874981,6645.0,1.42,1.259,
KIC 5738698,5738698,,299.71979,40.903961,6466.0,1.21,1.011,
KIC 5768927,5768927,,283.26172,41.08448,6081.0,1.454,1.046,
KIC 5814635,5814635,,297.83493,41.058319,,,,
KIC 5816144,5816144,,298.19412,41.029331,6174.0,1.021,1.055,
KIC 10717220,10717220,Kepler-1644,285.47504,48.034931,5723.0,0.818,0.857,629.27
KIC 10728219,10728219,,290.66058,48.04615,5615.0,0.912,0.865,
KIC 10735988,10735988,,293.74011,48.011501,5193.0,0.774,0.732,
KIC 8112324,8112324,,296.64764,43.995041,5461.0,0.683,0.656,
KIC 10971944,10971944,,289.90967,48.489231,6643.0,1.976,1.259,
KIC 10973583,10973583,,290.7988,48.483929,5772.0,0.836,0.903,
KIC 10989274,10989274,Kepler-1645,297.47946,48.418571,5929.0,1.069,1.079,1202.47
KIC 11099351,11099351,,298.27737,48.64082,9565.0,2.286,2.335,
KIC 11147460,11147460,,296.20502,48.766811,5051.0,4.089,1.014,
KIC 8042747,8042747,,296.38904,43.85051,6197.0,1.035,1.096,
KIC 7373877,7373877,,295.03033,42.983501,4871.0,0.741,0.822,
KIC 7436177,7436177,,289.11096,43.013641,6505.0,1.29,1.078,
KIC 7537945,7537945,,294.67804,43.199261,5885.0,0.933,0.821,
KIC 7624297,7624297,,296.45999,43.28553,5278.0,0.659,0.723,
KIC 8109692,8109692,,295.86908,43.997959,6790.0,2.597,1.631,
KIC 7695093,7695093,,295.8085,43.303108,5960.0,0.962,0.927,
KIC 7749318,7749318,,290.49683,43.49091,5340.0,0.601,0.685,
KIC 7777397,7777397,,298.84302,43.402031,6705.0,3.293,1.682,
KIC 5817566,5817566,,298.47604,41.07991,8212.0,3.185,2.016,
KIC 5952403,5952403,,289.28741,41.264809,5037.0,7.553,2.091,
KIC 6032730,6032730,,288.5929,41.307339,7343.0,2.955,1.793,
KIC 6116172,6116172,,289.48145,41.49942,,,,
KIC 6182093,6182093,,282.71991,41.519379,6626.0,3.206,1.776,
KIC 11252617,11252617,,295.69138,48.90377,6304.0,1.058,1.11,
KIC 8245108,8245108,,295.81485,44.19334,4604.0,0.501,0.514,
KIC 11296437,11296437,,291.57312,49.097771,7102.0,1.874,1.497,
KIC 11341164,11341164,,286.72897,49.154945,,,,
KIC 11462969,11462969,,295.56683,49.378029,5847.0,0.884,0.956,
KIC 7830321,7830321,,294.45444,43.500511,5544.0,0.875,0.761,
KIC 7841986,7841986,,297.73981,43.510319,5971.0,2.003,1.202,
KIC 7877820,7877820,,286.28693,43.61364,6558.0,1.431,1.096,
KIC 7914906,7914906,,298.81647,43.673321,7279.0,2.624,1.8,
KIC 8023317,8023317,,289.97034,43.82053,5870.0,2.3,1.239,
KIC 8126531,8126531,,300.16159,43.992931,4833.0,6.065,1.81,
KIC 8121067,8121067,,298.75574,43.964642,5714.0,0.901,0.939,
KIC 6197038,6197038,,289.30081,41.526508,5147.0,3.145,0.957,
KIC 6221385,6221385,Kepler-1641,296.35944,41.574532,6486.0,1.485,1.098,860.37
KIC 6362386,6362386,,291.26416,41.74884,7201.0,1.724,1.488,
KIC 8260269,8260269,,299.79675,44.163071,6461.0,1.131,1.162,
KIC 6449358,6449358,,293.89642,41.831772,7666.0,3.601,2.153,
KIC 6593968,6593968,,287.91104,42.014042,,,,
KIC 6674908,6674908,,286.1767,42.196529,4013.0,0.63,0.63,
KIC 11516930,11516930,,296.20621,49.47205,5491.0,0.887,0.776,
KIC 11558882,11558882,,291.73993,49.570808,6300.0,1.057,1.028,
KIC 11656928,11656928,,289.03772,49.712601,,,,
KIC 8042835,8042835,,296.40967,43.876019,6769.0,1.161,1.188,
KIC 11673686,11673686,,297.31537,49.706081,6195.0,1.781,1.0,
KIC 8153568,8153568,,286.90445,44.005508,7026.0,1.785,1.36,
KIC 8167938,8167938,,292.61746,44.002048,11360.0,4.712,3.504,
KIC 8167978,8167978,,292.63339,44.001839,5510.0,0.741,0.822,
KIC 8168581,8168581,,292.84973,44.060638,5783.0,0.88,0.977,
KIC 8230809,8230809,,290.89172,44.16885,5872.0,0.867,0.83,
KIC 8364115,8364115,,291.27151,44.376362,5927.0,0.86,0.944,
KIC 8458207,8458207,,300.09155,44.41481,6208.0,1.344,1.107,
KIC 6946681,6946681,,291.19293,42.49445,,,,
KIC 6946708,6946708,,291.20096,42.449989,5642.0,0.747,0.811,
KIC 6967278,6967278,,296.76535,42.404987,3599.0,98.38,1.688,
KIC 7108433,7108433,,288.82379,42.602341,7426.0,1.698,1.373,
KIC 7119080,7119080,,292.20297,42.640499,,,,
KIC 7129465,7129465,,295.13705,42.646999,5372.0,0.96,0.836,
KIC 7174617,7174617,,281.59381,42.710011,5022.0,0.589,0.589,
KIC 11724210,11724210,,297.02438,49.89217,5940.0,0.96,0.904,
KIC 11856178,11856178,,287.16504,50.113232,6122.0,0.964,1.041,
KIC 11867071,11867071,,293.48392,50.12513,6617.0,1.18,1.202,
KIC 11975363,11975363,,297.3342,50.311138,5721.0,0.961,0.956,
KIC 12207117,12207117,,290.55728,50.832722,,,,
KIC 8580438,8580438,,298.38272,44.61557,5516.0,0.988,0.825,
KIC 8581232,8581232,,298.57599,44.683788,4483.0,0.63,0.616,
KIC 8655458,8655458,,301.09857,44.76059,5388.0,0.885,0.802,
KIC 8695779,8695779,,294.3335,44.870853,6244.0,1.807,1.152,
KIC 8953059,8953059,,291.84222,45.2393,6435.0,1.157,1.186,
KIC 9048145,9048145,,299.39795,45.31823,6712.0,1.538,1.294,
KIC 9214712,9214712,,290.38962,45.681438,5873.0,0.863,0.954,
KIC 9214715,9214715,,290.39124,45.68161,6108.0,0.997,1.072,
KIC 7190639,7190639,,288.72083,42.71698,6669.0,1.427,1.251,
KIC 7198881,7198881,,291.34805,42.79454,6299.0,1.167,1.249,
KIC 7422883,7422883,,283.60733,43.004189,6826.0,1.52,1.307,
KIC 7464205,7464205,,296.85583,43.058311,6003.0,1.085,0.954,
KIC 7622059,7622059,,295.91998,43.28175,6428.0,1.436,1.049,
KIC 12367464,12367464,,296.41437,51.162006,6384.0,1.716,1.14,
KIC 12470041,12470041,,296.01483,51.34697,7517.0,3.226,1.98,
KIC 8179286,8179286,,296.27393,44.010441,6188.0,1.155,1.038,
KIC 9221398,9221398,,293.09286,45.691841,6399.0,1.289,1.246,
KIC 9411317,9411317,,294.66852,45.966431,4601.0,0.566,0.559,
KIC 9418619,9418619,,297.18176,45.988441,8914.0,2.867,2.357,
KIC 9532123,9532123,,294.17896,46.188431,5654.0,0.774,0.865,
KIC 9549471,9549471,,299.60898,46.115662,5812.0,0.96,0.912,
KIC 9649222,9649222,,291.85846,46.386452,5957.0,0.971,1.083,
KIC 9664215,9664215,,297.35962,46.343552,5761.0,0.791,0.881,
KIC 7750740,7750740,,290.99643,43.458752,6103.0,1.083,0.987,
KIC 7779942,7779942,,299.44345,43.449886,6731.0,1.876,1.42,
KIC 7835312,7835312,,295.97079,43.52969,5746.0,1.351,1.027,
KIC 7838906,7838906,,296.98563,43.581352,4289.0,35.695,1.863,
KIC 7908367,7908367,Kepler-1642,297.21216,43.643719,5254.0,1.514,0.937,413.873
KIC 7940533,7940533,,283.06628,43.743591,5495.0,0.798,0.812,
KIC 9714358,9714358,,293.54028,46.437279,4947.0,0.624,0.614,
KIC 9851123,9851123,,298.79437,46.680771,5478.0,0.812,0.906,
KIC 9966115,9966115,,297.44794,46.884319,6297.0,1.506,1.18,
KIC 10026458,10026458,,297.25943,46.987629,5763.0,0.998,1.107,
KIC 10139305,10139305,,291.14401,47.185459,5008.0,0.594,0.592,
KIC 10288922,10288922,,297.15894,47.319191,5993.0,0.986,1.093,
KIC 7974634,7974634,,296.58698,43.766918,6443.0,1.248,1.198,
KIC 8182107,8182107,,297.0672,44.0676,5808.0,1.22,1.097,
KIC 8043882,8043882,,296.7114,43.85815,5899.0,1.07,0.979,
KIC 8058507,8058507,,300.29269,43.811508,,,,
KIC 8095099,8095099,,290.91058,43.92947,6074.0,0.965,0.992,
KIC 8163784,8163784,,291.06699,44.071201,5505.0,0.776,0.848,
KIC 10659313,10659313,,289.22275,47.913891,6385.0,1.189,1.062,
KIC 10710755,10710755,,281.9364,48.010059,5796.0,0.904,0.885,
KIC 10727668,10727668,,290.43994,48.045101,9696.0,2.492,2.444,
KIC 10735519,10735519,,293.55737,48.04174,4822.0,12.899,2.785,
KIC 8197767,8197767,,301.03964,44.036179,4852.0,0.651,0.634,
KIC 10935310,10935310,,297.91592,48.33205,5949.0,1.083,0.876,
KIC 11021252,11021252,,287.35608,48.543091,6372.0,1.015,1.066,
KIC 11404644,11404644,,292.7561,49.264561,6184.0,1.094,1.022,
KIC 11408935,11408935,,294.78079,49.273621,5899.0,0.805,0.889,
KIC 8165617,8165617,,291.74231,44.074871,6698.0,1.37,1.273,
KIC 8181016,8181016,,296.7843,44.069012,5350.0,0.693,0.663,
KIC 8197761,8197761,,301.03876,44.071098,7301.0,1.717,1.384,
KIC 8223568,8223568,,287.9856,44.147202,6725.0,1.31,1.354,
KIC 8265156,8265156,,301.13428,44.100128,7193.0,1.671,1.46,
KIC 11519226,11519226,,297.07068,49.442451,5893.0,1.745,0.979,
KIC 11756821,11756821,,288.22913,49.904129,4608.0,0.658,0.73,
KIC 11769146,11769146,,294.81921,49.963631,5999.0,0.959,1.045,
KIC 11812199,11812199,,290.87125,50.052601,5910.0,0.94,1.032,
KIC 8263187,8263187,,300.63809,44.156269,5294.0,2.884,1.206,
KIC 11826400,11826400,,297.51343,50.07481,7249.0,2.071,1.537,
KIC 12010534,12010534,,290.02682,50.455391,5720.0,0.989,0.912,
KIC 7116117,7116117,,291.2699,42.692009,7589.0,2.169,1.809,
KIC 7868092,7868092,,280.7475,43.601841,7608.0,1.991,1.738,
KIC 9826171,9826171,,289.73468,46.64534,5971.0,0.868,0.898,
KIC 3936658,3936658,,285.54712,39.06329,,,,
KIC 4577484,4577484,,295.6828,39.618729,5424.0,2.11,1.11,
KIC 5005618,5005618,,290.12708,40.15947,6095.0,1.035,1.041,
KIC 4663658,4663658,,294.20782,39.789291,10346.0,2.449,2.609,
KIC 10847721,10847721,,285.13657,48.257301,8914.0,2.867,2.357,
KIC 10118942,10118942,,281.12289,47.16489,6362.0,2.27,1.36,
KIC 9471539,9471539,,294.41833,46.038712,7682.0,2.783,1.949,
KIC 5482603,5482603,,299.87357,40.607719,5780.0,1.0,1.0,
KIC 2305819,2305819,,292.08047,37.67461,6070.0,1.277,0.778,
KIC 9518710,9518710,,288.23862,46.118061,7056.0,2.785,1.836,
KIC 10284575,10284575,,295.83194,47.39381,7296.0,1.818,1.526,
KIC 3342952,3342952,,291.65018,38.40937,5689.0,0.976,0.918,
KIC 10338624,10338624,,291.49722,47.463509,7076.0,1.691,1.467,
KIC 5307990,5307990,,299.436,40.477852,9456.0,2.022,2.213,
KIC 2142501,2142501,,286.61902,37.504044,,,,
KIC 2713018,2713018,,291.4325,37.93618,6745.0,1.182,1.174,
KIC 8413968,8413968,,284.01102,44.49432,6181.0,1.227,1.044,
KIC 4376629,4376629,,294.50916,39.461109,5797.0,0.828,0.916,
KIC 8211605,8211605,,281.60605,44.184761,5182.0,0.666,0.646,
KIC 11098573,11098573,,297.97269,48.672981,5868.0,1.037,0.978,
KIC 9837586,9837586,,294.49814,46.691032,5780.0,1.0,1.0,
KIC 6021655,6021655,,283.42587,41.325531,5504.0,0.819,0.918,
KIC 8308682,8308682,,294.99933,44.213531,5381.0,0.811,0.903,
KIC 3344427,3344427,,292.00238,38.4352,4884.0,3.584,0.891,
KIC 6205481,6205481,,291.98618,41.55703,5333.0,0.688,0.74,
KIC 4474637,4474637,,294.34079,39.563118,5780.0,1.0,1.0,
KIC 8435232,8435232,,293.53409,44.477085,4040.0,0.527,0.525,
KIC 5217733,5217733,,298.93646,40.39175,9341.0,1.87,2.128,
KIC 5706592,5706592,,292.17029,40.907162,6250.0,0.986,1.052,
KIC 5716244,5716244,,294.96027,40.98698,5984.0,0.906,0.993,
KIC 5725851,5725851,,297.13116,40.921341,6715.0,5.97,2.114,
KIC 5731312,5731312,,298.25183,40.90353,4789.0,0.573,0.571,
KIC 5735878,5735878,,299.16174,40.92701,6300.0,2.755,1.223,
KIC 5736461,5736461,,299.2717,40.972389,5616.0,0.81,0.905,
KIC 5737869,5737869,,299.55539,40.996132,5649.0,0.875,0.787,
KIC 5771589,5771589,,284.58551,41.009579,6180.0,1.686,1.053,
KIC 8364232,8364232,,291.31281,44.38192,4348.0,0.646,0.636,
KIC 6670742,6670742,,284.33261,42.12709,7694.0,3.627,2.054,
KIC 6672229,6672229,,284.94107,42.113159,5722.0,1.0,1.037,
KIC 6676725,6676725,,286.92691,42.108849,6197.0,1.035,1.096,
KIC 6695622,6695622,,293.04248,42.11232,6153.0,0.993,1.065,
KIC 6695889,6695889,,293.10742,42.122589,6205.0,0.873,0.948,
KIC 6697716,6697716,,293.59467,42.143082,5067.0,0.715,0.686,
KIC 6697976,6697976,,293.6633,42.113079,,,,
KIC 6698670,6698670,,293.83826,42.122211,6269.0,1.508,1.065,
KIC 7541746,7541746,,295.63531,43.115688,,,,
KIC 7584778,7584778,,282.31512,43.266312,5672.0,0.853,0.742,
KIC 7588436,7588436,,284.17172,43.200809,6221.0,1.05,1.008,
KIC 7592529,7592529,,286.14291,43.236351,6140.0,1.206,0.941,
KIC 7592922,7592922,,286.33069,43.267929,5269.0,0.713,0.79,
KIC 7597703,7597703,,288.37411,43.294319,5938.0,0.755,0.844,
KIC 7602351,7602351,,290.12088,43.24361,5839.0,1.358,1.063,
KIC 7605600,7605600,,291.15067,43.285301,3520.0,0.349,0.358,
KIC 8312222,8312222,,296.1174,44.232841,5973.0,0.826,0.907,
KIC 8314801,8314801,,296.8732,44.241341,5657.0,1.168,0.846,
KIC 8316503,8316503,,297.29782,44.281658,6350.0,1.286,1.03,
KIC 8330575,8330575,,301.0209,44.232239,6367.0,1.468,1.066,
KIC 8345358,8345358,,282.11639,44.373489,5926.0,0.913,1.004,
KIC 8358008,8358008,,288.9664,44.35693,5185.0,0.705,0.673,
KIC 8362974,8362974,,290.85971,44.350922,5135.0,0.874,0.812,
KIC 8364119,8364119,,291.27377,44.371239,5623.0,0.763,0.853,
KIC 9278021,9278021,,290.65009,45.782429,6587.0,3.514,1.53,
KIC 9284741,9284741,,293.42542,45.760849,5256.0,0.802,0.745,
KIC 9286728,9286728,,294.15503,45.70723,5525.0,0.753,0.843,
KIC 9291368,9291368,,295.82617,45.78764,8117.0,3.07,1.922,
KIC 9291748,9291748,,295.94705,45.741562,5191.0,0.65,0.635,
KIC 9301564,9301564,,298.80557,45.759998,5696.0,1.292,0.916,
KIC 9304561,9304561,,299.68271,45.71133,5742.0,3.374,1.378,
KIC 9328852,9328852,,284.99713,45.886688,4399.0,0.463,0.48,
KIC 10089123,10089123,,296.89828,47.081059,6013.0,1.187,1.206,
KIC 10091257,10091257,,297.50986,47.054489,5826.0,1.262,1.091,
KIC 10093664,10093664,,298.20029,47.06292,7331.0,2.041,1.668,
KIC 10095512,10095512,,298.71655,47.014519,6033.0,1.026,0.961,
KIC 10098534,10098534,,299.58353,47.022888,5593.0,0.812,0.723,
KIC 10129482,10129482,,286.84036,47.173309,4627.0,0.526,0.53,
KIC 10155080,10155080,,296.69858,47.137741,6154.0,1.168,1.247,
KIC 10156064,10156064,,296.99341,47.146648,7652.0,1.921,1.707,
KIC 8555967,8555967,,290.3031,44.678089,5995.0,0.878,0.964,
KIC 11198723,11198723,,295.70044,48.834229,5970.0,0.908,0.996,
KIC 11199725,11199725,,296.07492,48.8591,5283.0,18.959,2.948,
KIC 11200773,11200773,,296.47736,48.85371,6018.0,0.794,0.853,
KIC 11228612,11228612,,282.60721,48.96825,6065.0,1.047,0.954,
KIC 11232745,11232745,,285.47064,48.927292,5419.0,0.795,0.885,
KIC 11233911,11233911,,286.12268,48.923439,5391.0,0.822,0.854,
KIC 11234677,11234677,,286.61768,48.996811,6440.0,1.241,1.153,
KIC 11235323,11235323,,287.04657,48.993229,5260.0,0.717,0.68,
KIC 3854496,3854496,,292.56421,38.931129,6247.0,1.066,1.122,
KIC 3858757,3858757,,293.66006,38.964008,5591.0,0.86,0.977,
KIC 3858767,3858767,,293.66177,38.964748,5582.0,0.85,0.937,
KIC 3858884,3858884,,293.69543,38.982792,6569.0,1.729,1.11,
KIC 3936061,3936061,,285.27823,39.088428,5847.0,0.849,0.882,
KIC 3938073,3938073,,286.15421,39.065708,6011.0,1.741,1.1,
KIC 3972391,3972391,,295.88843,39.027901,6428.0,1.109,0.992,
KIC 3972432,3972432,,295.89651,39.076359,5889.0,0.869,0.961,
KIC 3973002,3973002,,296.00211,39.000511,6024.0,0.9,0.985,
KIC 5025217,5025217,,295.43771,40.120998,6286.0,7.342,2.233,
KIC 5025234,5025234,,295.43936,40.147449,6594.0,1.138,1.158,
KIC 5025294,5025294,,295.45105,40.175652,5929.0,0.888,0.867,
KIC 5026187,5026187,,295.63986,40.19825,6564.0,3.837,1.757,
KIC 5031804,5031804,,296.83371,40.16124,6877.0,1.753,1.196,
KIC 5031882,5031882,,296.8522,40.166519,6028.0,2.412,1.122,
KIC 5036516,5036516,,297.87564,40.10746,5433.0,1.348,0.944,
KIC 5036530,5036530,,297.87741,40.120781,6333.0,1.523,1.338,
KIC 5781192,5781192,,288.69742,41.059231,5569.0,0.829,0.928,
KIC 5802285,5802285,,295.10843,41.074059,4963.0,0.701,0.781,
KIC 5802470,5802470,,295.15628,41.052559,5622.0,0.723,0.803,
KIC 5807579,5807579,,296.3493,41.072968,5993.0,1.485,1.046,
KIC 5809372,5809372,,296.73676,41.00066,6681.0,4.185,1.866,
KIC 5860347,5860347,,285.95218,41.14439,5190.0,0.899,0.823,
KIC 5871918,5871918,,290.34891,41.137829,3977.0,0.562,0.572,
KIC 5894825,5894825,,296.82806,41.192028,6831.0,2.106,1.511,
KIC 8374394,8374394,,294.96524,44.360481,4992.0,6.226,1.179,
KIC 6706287,6706287,,295.67706,42.111355,5446.0,0.961,0.825,
KIC 6715997,6715997,,297.83545,42.11039,5794.0,1.012,0.89,
KIC 6763884,6763884,,287.23486,42.263309,5821.0,1.033,1.022,
KIC 6766748,6766748,,288.36362,42.24807,6818.0,1.216,1.24,
KIC 6774408,6774408,,290.87341,42.277828,5922.0,0.921,0.881,
KIC 6778289,6778289,,292.10236,42.252239,6674.0,1.347,1.284,
KIC 6781047,6781047,,292.93964,42.244156,,,,
KIC 6781535,6781535,,293.07452,42.280258,5857.0,1.039,0.981,
KIC 8440062,8440062,,295.19839,44.419601,6295.0,2.049,1.237,
KIC 7622072,7622072,,295.9227,43.285881,5953.0,1.254,0.831,
KIC 7630658,7630658,,297.91519,43.256203,6011.0,1.267,0.966,
KIC 7631194,7631194,,298.05032,43.23317,4994.0,12.487,2.731,
KIC 7662209,7662209,,282.79242,43.374859,5017.0,0.688,0.663,
KIC 7663804,7663804,,283.69098,43.367691,5258.0,2.004,0.864,
KIC 7668648,7668648,,286.27698,43.339142,6126.0,0.915,0.994,
KIC 7670485,7670485,,287.12943,43.344131,5873.0,0.843,0.93,
KIC 7670617,7670617,,287.18448,43.367088,5030.0,0.65,0.717,
KIC 8367298,8367298,,292.4931,44.333439,5515.0,1.001,0.831,
KIC 8374499,8374499,,295.00055,44.321018,6099.0,0.919,1.0,
KIC 8378656,8378656,,296.29739,44.333,6284.0,1.093,0.986,
KIC 8378922,8378922,,296.3717,44.383541,5623.0,0.917,0.77,
KIC 8379547,8379547,,296.55756,44.31023,5030.0,0.587,0.587,
KIC 8381592,8381592,,297.1105,44.399872,5622.0,0.924,0.864,
KIC 8382339,8382339,,297.29306,44.355251,4840.0,15.355,3.121,
KIC 8394475,8394475,,300.42432,44.343601,5745.0,0.936,1.017,
KIC 8398290,8398290,,301.70032,44.380005,6596.0,2.176,1.415,
KIC 9328864,9328864,,285.00354,45.887951,5381.0,0.911,0.806,
KIC 9334490,9334490,,288.27121,45.87661,5220.0,0.695,0.665,
KIC 9340411,9340411,,291.0527,45.835129,5155.0,3.355,1.331,
KIC 9344623,9344623,,292.7402,45.80151,6522.0,1.105,1.135,
KIC 9353182,9353182,,295.85443,45.892208,6109.0,1.536,1.076,
KIC 9357275,9357275,,297.20245,45.849861,7742.0,2.094,1.687,
KIC 9357375,9357375,,297.23355,45.843262,3931.0,0.544,0.564,
KIC 9392702,9392702,,286.06958,45.900581,6425.0,1.143,1.04,
KIC 9394920,9394920,,287.33417,45.924709,,,,
KIC 8524110,8524110,,300.55823,44.570061,6056.0,1.196,0.975,
KIC 10163067,10163067,,298.9006,47.107769,6167.0,2.346,1.279,
KIC 10164018,10164018,,299.16739,47.185692,5602.0,0.732,0.832,
KIC 10189523,10189523,,283.01196,47.238602,5110.0,0.647,0.632,
KIC 10198109,10198109,,287.49353,47.224659,5870.0,1.63,0.775,
KIC 10208759,10208759,,292.25565,47.286301,6773.0,1.391,1.427,
KIC 10214328,10214328,,294.37708,47.289928,6917.0,1.837,1.383,
KIC 10215422,10215422,,294.75986,47.201931,5644.0,0.854,0.943,
KIC 10257903,10257903,,284.0842,47.373589,,,,
KIC 10258558,10258558,,284.45453,47.311951,6095.0,1.016,0.9,
KIC 11240948,11240948,,290.10678,48.903389,7094.0,2.17,1.379,
KIC 11241560,11241560,,290.43677,48.983452,5008.0,0.814,0.775,
KIC 11244571,11244571,,292.08185,48.96711,6306.0,1.109,0.991,
KIC 11250867,11250867,,294.97415,48.94458,6116.0,0.951,0.888,
KIC 11251058,11251058,,295.05701,48.976349,6850.0,1.53,1.35,
KIC 11282568,11282568,,282.93994,49.050289,5172.0,13.454,3.257,
KIC 11285625,11285625,,285.21619,49.08947,7216.0,2.804,1.682,
KIC 11286311,11286311,,285.63681,49.009109,5443.0,1.008,0.848,
KIC 1026032,1026032,,291.04407,36.729271,5951.0,0.702,0.796,
KIC 1293379,1293379,,291.11398,36.994061,5509.0,0.836,0.937,
KIC 3973504,3973504,,296.09506,39.055439,5896.0,0.916,1.008,
KIC 4042088,4042088,,286.8895,39.107368,,,,
KIC 4055092,4055092,,290.98013,39.186489,4831.0,0.54,0.548,
KIC 4067549,4067549,,294.19971,39.172379,5774.0,0.876,0.903,
KIC 4069063,4069063,,294.55844,39.13765,6140.0,1.187,0.899,
KIC 4069213,4069213,,294.5957,39.193748,6100.0,2.086,1.244,
KIC 4075064,4075064,,295.86926,39.148201,4867.0,0.613,0.665,
KIC 4076061,4076061,,296.07407,39.158192,5829.0,0.802,0.879,
KIC 4076952,4076952,,296.24484,39.185139,6468.0,2.048,1.196,
KIC 5036538,5036538,,297.87799,40.10796,4239.0,0.454,0.466,
KIC 5038469,5038469,,298.22311,40.172298,,,,
KIC 5039687,5039687,,298.4595,40.16156,5956.0,0.934,1.017,
KIC 5042785,5042785,,299.09546,40.19817,,,,
KIC 5078879,5078879,,284.11514,40.243561,6429.0,3.137,1.479,
KIC 5080346,5080346,,284.85397,40.208569,9451.0,2.679,2.441,
KIC 5080652,5080652,,285.02042,40.2985,5519.0,0.718,0.811,
KIC 5894972,5894972,,296.86258,41.147419,6541.0,2.652,1.519,
KIC 5951140,5951140,,288.88849,41.246738,3582.0,0.41,0.431,
KIC 5952309,5952309,,289.263,41.26638,6075.0,0.909,0.957,
KIC 5952457,5952457,,289.29977,41.278751,4949.0,0.741,0.715,
KIC 5962514,5962514,,292.53986,41.21159,6785.0,1.342,1.374,
KIC 5962716,5962716,,292.60831,41.225201,6271.0,1.515,1.261,
KIC 5966732,5966732,,293.7937,41.204491,6375.0,0.975,1.033,
KIC 5977541,5977541,,296.47546,41.241116,8847.0,1.685,1.643,
KIC 5977804,5977804,,296.53571,41.23901,6100.0,0.94,0.883,
KIC 6792124,6792124,,295.78482,42.285679,6224.0,2.368,1.337,
KIC 6804648,6804648,,298.48257,42.240379,6280.0,2.449,1.366,
KIC 6806632,6806632,,298.89075,42.209862,9454.0,1.832,2.144,
KIC 6841577,6841577,,283.77585,42.359322,5704.0,0.868,0.822,
KIC 6842345,6842345,,284.13208,42.350441,6116.0,1.02,0.969,
KIC 6852488,6852488,,288.47314,42.38007,7128.0,1.775,1.461,
KIC 6853172,6853172,,288.73029,42.334011,6268.0,1.1,1.188,
KIC 6859546,6859546,,290.72195,42.391571,5003.0,0.759,0.75,
KIC 8460634,8460634,,300.78308,44.489269,4820.0,13.654,2.009,
KIC 7671594,7671594,,287.63586,43.37077,3354.0,0.25,0.245,
KIC 7677005,7677005,,289.91574,43.390789,6894.0,1.419,1.317,
KIC 7687365,7687365,,293.41785,43.34285,5204.0,0.76,0.787,
KIC 7691527,7691527,,294.7326,43.349522,5591.0,0.756,0.812,
KIC 7695445,7695445,,295.90744,43.385979,6640.0,1.478,1.291,
KIC 7700500,7700500,,297.24039,43.397678,5110.0,0.711,0.704,
KIC 7700578,7700578,,297.26019,43.306358,6919.0,1.748,1.406,
KIC 7707736,7707736,,298.89764,43.394459,5629.0,0.783,0.875,
KIC 7733540,7733540,,283.01382,43.483109,,,,
KIC 8411947,8411947,,282.88736,44.43911,5284.0,0.807,0.783,
KIC 8414159,8414159,,284.12369,44.44035,6089.0,0.959,0.942,
KIC 8414216,8414216,,284.15799,44.45911,3787.0,0.505,0.514,
KIC 8415863,8415863,,285.05148,44.485138,5925.0,1.611,1.066,
KIC 8423903,8423903,,289.2308,44.412483,6821.0,2.73,1.733,
KIC 8429450,8429450,,291.31595,44.462849,6881.0,2.406,1.43,
KIC 8442795,8442795,,296.05728,44.461079,6018.0,0.733,0.807,
KIC 8443812,8443812,,296.38422,44.433418,5470.0,0.777,0.71,
KIC 8445775,8445775,,296.95325,44.46423,6175.0,1.436,0.97,
KIC 9397900,9397900,,289.04196,45.977081,6575.0,1.305,1.182,
KIC 9411943,9411943,,294.94177,45.929562,5880.0,1.087,0.854,
KIC 9412462,9412462,,295.12039,45.968552,5557.0,0.916,0.859,
KIC 9418994,9418994,,297.28387,45.95311,5260.0,4.062,1.73,
KIC 9451096,9451096,,284.8071,46.098003,6297.0,1.663,1.023,
KIC 9458266,9458266,,288.87769,46.059139,4201.0,0.566,0.552,
KIC 9466042,9466042,,292.3114,46.073318,,,,
KIC 9468296,9468296,,293.21976,46.05373,4961.0,0.753,0.725,
KIC 10264202,10264202,,287.42365,47.373341,5427.0,0.7,0.776,
KIC 10264293,10264293,,287.47986,47.360161,4885.0,0.72,0.773,
KIC 10268809,10268809,,289.68057,47.31781,6065.0,1.023,1.018,
KIC 10274244,10274244,,291.9364,47.309689,5359.0,0.708,0.673,
KIC 10275887,10275887,,292.59222,47.392277,5618.0,1.406,0.922,
KIC 10290021,10290021,,297.47162,47.39994,6215.0,2.05,1.37,
KIC 10290447,10290447,,297.59232,47.34536,4892.0,0.586,0.583,
KIC 10292465,10292465,,298.13632,47.384529,5426.0,0.784,0.726,
KIC 10294608,10294608,,298.73633,47.37743,5843.0,0.99,0.926,
KIC 11287726,11287726,,286.52194,49.069149,5335.0,0.719,0.803,
KIC 11288492,11288492,,287.04843,49.02861,5523.0,0.832,0.933,
KIC 11288772,11288772,,287.22009,49.053501,5836.0,1.048,1.044,
KIC 11295085,11295085,,290.85852,49.052189,7117.0,2.211,1.641,
KIC 11296724,11296724,,291.72018,49.084541,5838.0,0.897,0.992,
KIC 11350389,11350389,,291.8429,49.119099,5258.0,0.811,0.772,
KIC 11356602,11356602,,294.82391,49.158642,5866.0,1.198,1.045,
KIC 11358392,11358392,,295.62772,49.178242,6437.0,1.369,1.18,
KIC 1433531,1433531,,291.66547,37.076118,6248.0,1.996,1.218,
KIC 1717528,1717528,,290.57657,37.290539,6032.0,0.973,1.055,
KIC 1871483,1871483,,292.13239,37.388481,4861.0,0.709,0.689,
KIC 2012722,2012722,,291.01147,37.43364,7046.0,2.724,1.834,
KIC 2013883,2013883,,291.2832,37.419601,6218.0,1.726,1.263,
KIC 2161949,2161949,,291.8129,37.55587,5683.0,1.115,0.959,
KIC 2162994,2162994,,292.05801,37.592049,5610.0,0.808,0.813,
KIC 2167444,2167444,,292.99991,37.580139,7239.0,1.781,1.558,
KIC 4078693,4078693,,296.57791,39.111519,5496.0,1.669,1.063,
KIC 4142768,4142768,,287.26285,39.260021,5638.0,2.703,1.055,
KIC 4149684,4149684,,289.50229,39.211605,6098.0,1.083,1.034,
KIC 4150703,4150703,,289.76437,39.246231,5561.0,0.854,0.968,
KIC 4157488,4157488,,291.60318,39.228329,6248.0,1.528,0.955,
KIC 4160669,4160669,,292.32391,39.299351,3198.0,162.725,1.075,
KIC 4171955,4171955,,294.92883,39.201401,6011.0,0.902,0.988,
KIC 4174507,4174507,,295.47385,39.213829,5967.0,0.83,0.824,
KIC 5083138,5083138,,286.21539,40.203411,5878.0,0.945,1.058,
KIC 5083252,5083252,,286.27789,40.273029,6305.0,1.052,1.06,
KIC 5087223,5087223,,287.97455,40.25523,3894.0,0.541,0.548,
KIC 5091075,5091075,,289.31235,40.288189,7450.0,3.063,1.637,
KIC 5091614,5091614,,289.48297,40.292751,6079.0,0.945,1.019,
KIC 5092799,5092799,,289.84402,40.262741,5025.0,0.657,0.639,
KIC 5094301,5094301,,290.2691,40.20216,5506.0,0.782,0.725,
KIC 5983348,5983348,,297.73364,41.250912,6015.0,1.101,0.942,
KIC 5990753,5990753,,299.30551,41.263519,5029.0,9.476,2.653,
KIC 6019971,6019971,,282.58801,41.347092,4926.0,0.793,0.763,
KIC 6029130,6029130,,287.03979,41.328869,5293.0,0.756,0.846,
KIC 6035335,6035335,,289.51791,41.343632,7274.0,1.698,1.523,
KIC 6041511,6041511,,291.53125,41.389069,6527.0,1.631,1.409,
KIC 6042116,6042116,,291.71811,41.389969,7617.0,2.439,1.558,
KIC 6042663,6042663,,291.89954,41.305889,5633.0,0.829,0.906,
KIC 6044064,6044064,,292.35315,41.324242,5375.0,0.752,0.7,
KIC 6859813,6859813,,290.8067,42.343929,6200.0,1.045,1.047,
KIC 6863840,6863840,,292.05487,42.334969,5176.0,0.76,0.735,
KIC 6864569,6864569,,292.26715,42.321289,11076.0,2.896,2.984,
KIC 6864706,6864706,,292.30566,42.302479,5214.0,0.766,0.72,
KIC 6864859,6864859,,292.35025,42.393429,6807.0,2.59,1.723,
KIC 6867219,6867219,,293.02472,42.325089,6032.0,0.929,1.014,
KIC 6877673,6877673,,295.76584,42.391331,6085.0,0.979,0.959,
KIC 6877871,6877871,,295.80725,42.372341,6495.0,1.168,1.19,
KIC 6878408,6878408,,295.93283,42.39669,5883.0,0.892,0.985,
KIC 7741048,7741048,,287.02686,43.405682,5982.0,0.96,1.047,
KIC 7751562,7751562,,291.28461,43.405289,6197.0,1.035,1.096,
KIC 7755741,7755741,,292.78702,43.416039,10894.0,4.378,3.249,
KIC 7769072,7769072,,296.83969,43.408051,5022.0,4.167,1.298,
KIC 7769815,7769815,,297.01929,43.478802,5659.0,0.842,0.839,
KIC 7777365,7777365,,298.83493,43.41951,5392.0,0.819,0.814,
KIC 7798259,7798259,,280.34384,43.596142,4765.0,0.702,0.69,
KIC 8453191,8453191,,298.79752,44.417992,6263.0,2.072,1.173,
KIC 8453324,8453324,,298.82861,44.48914,4927.0,9.356,2.434,
KIC 8479107,8479107,,284.12561,44.550571,5182.0,0.627,0.619,
KIC 8479386,8479386,,284.27853,44.594028,6267.0,1.158,0.94,
KIC 8488876,8488876,,289.40515,44.51548,7259.0,3.009,1.808,
KIC 8504570,8504570,,295.23688,44.507671,7162.0,1.631,1.484,
KIC 8509346,8509346,,296.71408,44.577209,6356.0,1.141,0.941,
KIC 8517433,8517433,,298.78268,44.57465,5812.0,1.055,1.065,
KIC 9474222,9474222,,295.37402,46.04274,6295.0,1.554,1.267,
KIC 9474969,9474969,,295.62891,46.05135,6322.0,1.692,1.051,
KIC 9480398,9480398,,297.37427,46.054806,5845.0,1.198,1.001,
KIC 9490342,9490342,,300.13855,46.061691,5421.0,1.877,0.978,
KIC 9509207,9509207,,282.66821,46.16013,5864.0,1.414,1.005,
KIC 9513168,9513168,,284.95761,46.14381,4199.0,0.684,0.694,
KIC 9520700,9520700,,289.33817,46.152828,5753.0,0.989,0.94,
KIC 9529294,9529294,,293.013,46.166561,5403.0,1.284,0.955,
KIC 10296163,10296163,,299.16693,47.356098,6461.0,2.884,1.418,
KIC 10330495,10330495,,287.87509,47.445759,5330.0,0.855,0.776,
KIC 10332789,10332789,,289.0368,47.46595,6122.0,0.996,1.07,
KIC 10340228,10340228,,292.11972,47.485619,5436.0,0.869,0.973,
KIC 10341787,10341787,,292.72198,47.4548,5390.0,0.852,0.798,
KIC 10342097,10342097,,292.85236,47.498039,5016.0,5.344,1.072,
KIC 10345862,10345862,,294.25418,47.43779,5463.0,1.044,0.894,
KIC 10346522,10346522,,294.48337,47.45266,5538.0,0.719,0.676,
KIC 10352603,10352603,,296.59042,47.416908,6122.0,0.964,1.041,
KIC 11359305,11359305,,295.98428,49.130249,6351.0,2.385,1.352,
KIC 11391181,11391181,,284.99454,49.228161,5387.0,0.87,0.837,
KIC 11401869,11401869,,291.30954,49.242439,6047.0,1.013,0.988,
KIC 11409698,11409698,,295.14685,49.28241,6664.0,1.44,1.135,
KIC 11411639,11411639,,295.92404,49.220188,5510.0,0.793,0.888,
KIC 11455795,11455795,,292.18417,49.31004,4664.0,0.683,0.668,
KIC 11457191,11457191,,292.92563,49.34734,5858.0,0.867,0.84,
KIC 11462556,11462556,,295.38477,49.333672,6923.0,1.664,1.336,
KIC 2283362,2283362,,286.11075,37.611851,5461.0,0.858,0.957,
KIC 2301068,2301068,,291.02719,37.613911,5418.0,4.233,1.83,
KIC 2305372,2305372,,291.99033,37.672749,6230.0,1.863,1.396,
KIC 2306740,2306740,,292.26981,37.6982,5912.0,1.217,0.907,
KIC 2308957,2308957,,292.75183,37.603539,5788.0,3.211,1.52,
KIC 2422820,2422820,,286.13458,37.799881,5472.0,0.79,0.718,
KIC 2437452,2437452,,290.22617,37.75964,5653.0,0.798,0.868,
KIC 2437804,2437804,,290.25357,37.759418,4475.0,16.755,2.185,
KIC 2438061,2438061,,290.27701,37.79097,5780.0,1.0,1.0,
KIC 4180396,4180396,,296.54669,39.226372,9609.0,2.108,2.284,
KIC 4245897,4245897,,286.3909,39.334389,6915.0,1.875,1.322,
KIC 4252226,4252226,,288.72693,39.337742,5923.0,2.06,1.242,
KIC 4261960,4261960,,291.49063,39.388592,5226.0,0.674,0.743,
KIC 4269252,4269252,,293.27979,39.393318,4597.0,13.874,1.845,
KIC 4274071,4274071,,294.40472,39.351681,5737.0,1.125,0.979,
KIC 4281895,4281895,,296.05179,39.39497,5537.0,1.785,0.798,
KIC 4282390,4282390,,296.14655,39.396938,6221.0,2.198,1.516,
KIC 5095269,5095269,,290.55194,40.23502,6492.0,1.17,1.041,
KIC 5097278,5097278,,291.1962,40.261959,7392.0,1.772,1.563,
KIC 5098757,5098757,,291.65561,40.253944,6955.0,2.161,1.308,
KIC 5111801,5111801,,295.17368,40.290157,6609.0,1.455,1.144,
KIC 5112198,5112198,,295.25665,40.257511,6300.0,1.036,1.012,
KIC 5113809,5113809,,295.55603,40.233089,6612.0,1.264,1.173,
KIC 5115178,5115178,,295.84485,40.280869,5838.0,0.967,0.936,
KIC 5115379,5115379,,295.88437,40.27766,6190.0,1.259,1.052,
KIC 5115688,5115688,,295.94925,40.247829,5039.0,4.95,1.765,
KIC 6045093,6045093,,292.64594,41.353039,5496.0,0.838,0.939,
KIC 6046311,6046311,,293.02133,41.355999,6312.0,1.122,0.998,
KIC 6048106,6048106,,293.55844,41.395351,7002.0,1.488,1.261,
KIC 6048255,6048255,,293.60648,41.306278,,,,
KIC 6057750,6057750,,296.104,41.36927,6400.0,2.512,1.732,
KIC 6060580,6060580,,296.76862,41.319538,5508.0,0.764,0.855,
KIC 6063448,6063448,,297.40732,41.329769,6703.0,1.892,1.365,
KIC 6066107,6066107,,298.06454,41.308311,,,,
KIC 8391983,8391983,,299.77228,44.363022,5618.0,1.002,0.865,
KIC 6890618,6890618,,298.62164,42.39423,5951.0,0.962,0.869,
KIC 6925263,6925263,,282.80841,42.486778,5646.0,0.841,0.914,
KIC 6927629,6927629,,283.90543,42.441891,5780.0,1.046,0.921,
KIC 6929016,6929016,,284.50391,42.46386,5855.0,0.797,0.885,
KIC 6936977,6936977,,287.95151,42.413189,5452.0,0.766,0.854,
KIC 6939670,6939670,,288.96494,42.469391,5655.0,0.804,0.716,
KIC 6947623,6947623,,291.49585,42.47813,5416.0,0.8,0.89,
KIC 6947837,6947837,,291.5636,42.476871,8027.0,2.314,1.94,
KIC 6949550,6949550,,292.11746,42.45628,5973.0,0.829,0.915,
KIC 7811211,7811211,,287.57062,43.531738,5776.0,0.755,0.826,
KIC 7812893,7812893,,288.37213,43.591221,4298.0,0.675,0.668,
KIC 7816680,7816680,,289.92133,43.508221,6467.0,1.174,1.197,
KIC 7816935,7816935,,290.00784,43.502129,6274.0,1.062,1.115,
KIC 7838639,7838639,,296.91443,43.519451,6215.0,1.463,1.073,
KIC 7846730,7846730,,298.85602,43.536968,6271.0,1.387,1.109,
KIC 7847927,7847927,,299.13303,43.527111,5458.0,0.755,0.845,
KIC 7868967,7868967,,281.35678,43.658352,3867.0,0.525,0.545,
KIC 8526387,8526387,,301.35458,44.524948,4535.0,0.668,0.659,
KIC 8543278,8543278,,283.94864,44.669498,5085.0,0.634,0.699,
KIC 8552500,8552500,,288.86761,44.648022,6185.0,0.991,1.06,
KIC 8552540,8552540,,288.89041,44.61702,5951.0,0.991,0.983,
KIC 8553788,8553788,,289.4288,44.641411,8027.0,2.314,1.94,
KIC 8553907,8553907,,289.47922,44.631371,6618.0,1.117,1.128,
KIC 8559796,8559796,,291.70581,44.618542,7138.0,1.684,1.419,
KIC 8559863,8559863,,291.7309,44.622631,5315.0,0.697,0.772,
KIC 8489260,8489260,,289.57452,44.519939,5616.0,0.903,1.006,
KIC 9529856,9529856,,293.26245,46.15062,6422.0,2.415,1.284,
KIC 9536048,9536048,,295.61349,46.190689,6302.0,1.258,1.15,
KIC 9540450,9540450,,297.09329,46.132381,6100.0,1.064,1.029,
KIC 9540675,9540675,,297.16602,46.199188,5831.0,1.109,0.873,
KIC 9541163,9541163,,297.29395,46.102341,5822.0,0.898,0.994,
KIC 9541567,9541567,,297.40424,46.119991,,,,
KIC 9569866,9569866,,282.22711,46.246159,5260.0,0.717,0.68,
KIC 9579192,9579192,,287.63187,46.29871,6770.0,2.214,1.389,
KIC 8540376,8540376,Kepler-457,282.37753,44.694592,6474.0,1.242,1.148,
KIC 10363300,10363300,,299.63449,47.477249,5962.0,1.078,1.126,
KIC 10388451,10388451,,283.84756,47.515659,3761.0,0.526,0.535,
KIC 10396708,10396708,,288.29715,47.56004,4889.0,0.715,0.693,
KIC 10407047,10407047,,292.77695,47.539391,4909.0,5.272,1.386,
KIC 10407430,10407430,,292.93396,47.514751,5766.0,0.866,0.895,
KIC 10407464,10407464,,292.94501,47.528469,6300.0,1.025,0.942,
KIC 10417704,10417704,,296.65329,47.515259,,,,
KIC 10420279,10420279,,297.38031,47.545029,5731.0,1.08,0.972,
KIC 10422852,10422852,,298.07645,47.512798,6134.0,1.051,0.962,
KIC 11495989,11495989,,285.37671,49.461712,4668.0,0.548,0.548,
KIC 11499757,11499757,,287.7262,49.435261,6247.0,1.066,1.122,
KIC 11501774,11501774,,288.87637,49.490528,5226.0,0.962,0.857,
KIC 11502172,11502172,,289.07819,49.480019,5754.0,0.9,0.847,
KIC 11502179,11502179,,289.08099,49.420315,5791.0,1.646,1.127,
KIC 11506235,11506235,,291.30069,49.495689,5941.0,0.963,1.038,
KIC 11551652,11551652,,287.57501,49.551167,7302.0,2.069,1.44,
KIC 11560382,11560382,,292.53864,49.538761,5799.0,0.86,0.955,
KIC 11560431,11560431,,292.56583,49.535721,5367.0,0.828,0.817,
KIC 2438062,2438062,,290.27707,37.791946,5780.0,1.0,1.0,
KIC 2438517,2438517,,290.32913,37.763889,5385.0,0.875,0.835,
KIC 2442084,2442084,,291.1601,37.761101,3892.0,0.542,0.546,
KIC 2449245,2449245,,292.73026,37.787182,6158.0,1.026,1.092,
KIC 2450716,2450716,,293.07098,37.710899,5261.0,0.768,0.784,
KIC 2557350,2557350,,286.81915,37.859009,3628.0,0.41,0.427,
KIC 2557430,2557430,,286.84528,37.815891,6531.0,1.524,1.117,
KIC 2568971,2568971,,290.10883,37.845211,7514.0,1.955,1.571,
KIC 4284147,4284147,,296.48584,39.312611,,,,
KIC 4349935,4349935,,286.82983,39.469559,4447.0,0.625,0.611,
KIC 4352168,4352168,,287.71497,39.442711,5282.0,0.694,0.665,
KIC 4356621,4356621,,289.20514,39.468441,5691.0,1.508,1.032,
KIC 4357985,4357985,,289.60037,39.431709,5210.0,0.749,0.707,
KIC 4367544,4367544,,292.28394,39.4571,5583.0,1.413,0.95,
KIC 4372410,4372410,,293.52682,39.404831,8098.0,2.199,1.819,
KIC 4372620,4372620,,293.5787,39.447979,5500.0,2.491,1.348,
KIC 4372961,4372961,,293.66101,39.411629,6440.0,2.254,1.386,
KIC 5119143,5119143,,296.68451,40.290588,6534.0,1.622,1.294,
KIC 5125048,5125048,,298.02026,40.265659,,,,
KIC 5126627,5126627,,298.39581,40.25948,,,,
KIC 5130890,5130890,,299.24683,40.29866,,,,
KIC 5164794,5164794,,283.48358,40.324066,5780.0,1.0,1.0,
KIC 5171707,5171707,,286.74857,40.36544,5705.0,0.989,0.945,
KIC 5172274,5172274,,286.97809,40.302078,6881.0,1.534,1.535,
KIC 5174492,5174492,,287.88882,40.386768,8497.0,2.211,2.095,
KIC 6068947,6068947,,298.74298,41.386292,5745.0,1.196,1.018,
KIC 6103049,6103049,,283.76822,41.44112,5899.0,0.989,0.869,
KIC 6109688,6109688,,286.91357,41.48151,7138.0,1.89,1.5,
KIC 6111011,6111011,,287.46738,41.47163,5541.0,0.733,0.82,
KIC 6128141,6128141,,293.25287,41.426319,6031.0,1.004,0.983,
KIC 6128245,6128245,,293.2793,41.403679,5918.0,0.865,0.956,
KIC 6131659,6131659,,294.27908,41.436901,5079.0,0.732,0.741,
KIC 6146838,6146838,,297.91599,41.485641,5503.0,0.742,0.69,
KIC 6950275,6950275,,292.34671,42.402939,6072.0,0.923,1.005,
KIC 6953219,6953219,,293.24902,42.446621,5233.0,0.824,0.764,
KIC 6956176,6956176,,294.07739,42.402241,5195.0,2.935,0.805,
KIC 6962018,6962018,,295.54373,42.428429,4446.0,0.737,0.729,
KIC 6965293,6965293,,296.31641,42.43351,6174.0,1.271,1.012,
KIC 6967430,6967430,,296.80319,42.47797,6045.0,1.028,1.055,
KIC 7009828,7009828,,282.42773,42.593639,5787.0,0.758,0.734,
KIC 7025851,7025851,,289.35959,42.530239,6300.0,1.136,1.047,
KIC 7870250,7870250,,282.15744,43.689152,5989.0,0.933,0.986,
KIC 7871395,7871395,,282.83334,43.600689,,,,
KIC 7885518,7885518,,289.9574,43.657429,5921.0,1.211,0.888,
KIC 7885570,7885570,,289.97372,43.653809,5587.0,2.553,1.35,
KIC 7886329,7886329,,290.23407,43.66206,6370.0,1.548,0.986,
KIC 7902204,7902204,,295.50229,43.609871,5778.0,0.911,1.028,
KIC 7919653,7919653,,299.93735,43.627129,5947.0,1.885,1.137,
KIC 7938468,7938468,,281.94336,43.728588,6270.0,1.36,1.064,
KIC 8560861,8560861,,292.1394,44.672741,7854.0,3.462,2.039,
KIC 8565900,8565900,,294.10526,44.615269,,,,
KIC 8566113,8566113,,294.20145,44.639839,7045.0,1.604,1.341,
KIC 8569819,8569819,,295.4758,44.62149,7355.0,1.984,1.581,
KIC 8574270,8574270,,296.82111,44.67598,5232.0,0.725,0.686,
KIC 8581658,8581658,,298.68329,44.63681,6225.0,1.291,0.943,
KIC 8590527,8590527,,301.04822,44.603031,6465.0,1.847,1.101,
KIC 8604993,8604993,,282.23996,44.73114,5812.0,0.908,0.916,
KIC 8608490,8608490,,284.16718,44.779369,5096.0,1.782,0.898,
KIC 9579789,9579789,,287.97546,46.289631,5101.0,0.84,0.824,
KIC 9581498,9581498,,288.92041,46.221142,,,,
KIC 9588862,9588862,,292.15543,46.204529,6300.0,1.126,1.082,
KIC 9592855,9592855,,293.77014,46.23658,7498.0,2.274,1.735,
KIC 9596064,9596064,,294.95062,46.242149,5238.0,0.764,0.854,
KIC 9596187,9596187,,294.99121,46.223572,6183.0,1.02,0.969,
KIC 9596892,9596892,,295.25565,46.2164,5865.0,0.918,1.012,
KIC 9597095,9597095,,295.32855,46.268375,5780.0,1.0,1.0,
KIC 10450504,10450504,,282.15787,47.686531,4918.0,0.752,0.727,
KIC 10454401,10454401,,284.31717,47.678638,5750.0,0.882,0.98,
KIC 10462826,10462826,,288.67477,47.636028,6137.0,1.012,1.043,
KIC 10464199,10464199,,289.32047,47.632446,6163.0,1.486,1.122,
KIC 10468514,10468514,,291.10974,47.61549,5164.0,1.676,0.91,
KIC 10471113,10471113,,292.16614,47.612251,6170.0,1.032,1.04,
KIC 10481054,10481054,,295.84448,47.652119,6356.0,1.358,1.101,
KIC 10486425,10486425,,297.47675,47.658981,7247.0,1.834,1.584,
KIC 11560447,11560447,,292.57596,49.5257,5321.0,1.475,0.931,
KIC 11601357,11601357,,286.30902,49.623871,5497.0,0.8,0.896,
KIC 11602794,11602794,,287.31912,49.65699,5455.0,0.927,0.88,
KIC 11615481,11615481,,294.25418,49.695839,6201.0,1.04,1.059,
KIC 11616200,11616200,,294.57288,49.668442,6071.0,0.865,0.947,
KIC 11616631,11616631,,294.76575,49.664719,5289.0,0.731,0.809,
KIC 11616663,11616663,,294.77649,49.65601,5900.0,0.951,1.065,
KIC 11618798,11618798,,295.65591,49.609348,5628.0,0.953,1.054,
KIC 2570505,2570505,,290.28955,37.888168,4986.0,0.733,0.709,
KIC 2570767,2570767,,290.33002,37.891029,5850.0,1.977,0.749,
KIC 2571075,2571075,,290.38739,37.82029,5658.0,0.815,0.895,
KIC 2576692,2576692,,291.64301,37.814259,5784.0,1.642,0.951,
KIC 2580872,2580872,,292.52859,37.81002,5496.0,0.917,0.907,
KIC 2583777,2583777,,293.16727,37.841389,6032.0,1.365,0.954,
KIC 2693092,2693092,,285.90485,37.928089,6078.0,2.07,1.38,
KIC 2708156,2708156,,290.28711,37.936508,11287.0,4.662,3.471,
KIC 2708172,2708172,,290.29175,37.981079,4267.0,0.627,0.622,
KIC 4375101,4375101,,294.15329,39.464279,5912.0,0.889,0.98,
KIC 4380283,4380283,,295.319,39.480049,6240.0,1.048,0.983,
KIC 4384793,4384793,,296.20227,39.40519,5997.0,0.815,0.904,
KIC 4445630,4445630,,285.06241,39.57439,6280.0,1.115,1.036,
KIC 4446411,4446411,,285.41,39.52837,5628.0,0.976,0.85,
KIC 4454219,4454219,,288.56314,39.541649,5780.0,1.0,1.0,
KIC 4456622,4456622,,289.32434,39.582581,5697.0,0.903,0.857,
KIC 4482738,4482738,,296.13901,39.579632,4936.0,4.527,0.848,
KIC 4484312,4484312,,296.45139,39.59166,6082.0,1.184,0.802,
KIC 5174920,5174920,,288.05316,40.369499,8107.0,3.385,2.086,
KIC 5181455,5181455,,290.14093,40.319141,6188.0,1.022,1.013,
KIC 5193386,5193386,,293.66013,40.364208,4905.0,3.484,0.883,
KIC 5193439,5193439,,293.67682,40.334068,6133.0,1.032,1.035,
KIC 5196851,5196851,,294.54105,40.308029,7118.0,1.489,1.322,
KIC 5199978,5199978,,295.31302,40.352341,4891.0,4.529,1.106,
KIC 5211470,5211470,,297.70847,40.30759,4697.0,17.032,1.691,
KIC 5215508,5215508,,298.49994,40.333672,,,,
KIC 6147573,6147573,,298.07883,41.484268,5691.0,0.897,0.881,
KIC 6152521,6152521,,299.12161,41.42445,6661.0,3.067,1.589,
KIC 6185717,6185717,,284.46127,41.56179,6148.0,2.133,1.03,
KIC 6187508,6187508,,285.33963,41.539749,5396.0,0.789,0.845,
KIC 6205460,6205460,,291.98026,41.559422,5425.0,2.592,1.166,
KIC 6206751,6206751,,292.40631,41.513039,6967.0,1.476,1.414,
KIC 6207053,6207053,,292.5015,41.549061,4842.0,0.726,0.815,
KIC 6209225,6209225,,293.16168,41.538158,6553.0,0.962,1.017,
KIC 6220470,6220470,,296.15887,41.516541,7605.0,1.862,1.677,
KIC 7031132,7031132,,290.98767,42.53167,5680.0,0.908,0.988,
KIC 7031732,7031732,,291.18863,42.59071,5548.0,0.889,0.856,
KIC 7031767,7031767,,291.20343,42.526718,5674.0,0.911,0.97,
KIC 7031948,7031948,,291.26016,42.584019,3844.0,0.526,0.531,
KIC 7031992,7031992,,291.27606,42.593521,5812.0,0.853,0.947,
KIC 7032117,7032117,,291.3194,42.5495,4987.0,0.654,0.637,
KIC 7032174,7032174,,291.3367,42.53442,6108.0,1.753,0.876,
KIC 7032383,7032383,,291.40652,42.582218,5313.0,0.784,0.727,
KIC 7939761,7939761,,282.67258,43.788311,5349.0,2.388,1.197,
KIC 7943535,7943535,,284.56271,43.774261,6792.0,2.058,1.444,
KIC 7947631,7947631,,286.76498,43.796329,4937.0,0.587,0.585,
KIC 7950775,7950775,,288.32407,43.763329,6480.0,1.132,1.045,
KIC 7955301,7955301,,290.18625,43.72385,4830.0,6.784,1.628,
KIC 7960295,7960295,,291.89343,43.730251,5780.0,1.0,1.0,
KIC 7960547,7960547,,291.99203,43.7668,5926.0,0.843,0.844,
KIC 7967100,7967100,,294.27921,43.719849,6057.0,1.11,1.009,
KIC 8610483,8610483,,285.28397,44.76915,6170.0,0.992,1.063,
KIC 8613446,8613446,,286.91599,44.704529,6158.0,1.024,1.08,
KIC 8618226,8618226,,289.33154,44.772579,5837.0,1.187,0.983,
KIC 8621026,8621026,,290.42838,44.787331,6610.0,1.33,1.236,
KIC 8624860,8624860,,291.79575,44.746181,5649.0,4.994,1.74,
KIC 8625408,8625408,,292.01733,44.713268,6072.0,1.273,1.139,
KIC 8686442,8686442,,290.75494,44.851589,6045.0,0.955,1.038,
KIC 8690001,8690001,,292.10843,44.846481,6198.0,1.567,0.817,
KIC 8693536,8693536,,293.53033,44.832771,6478.0,1.188,1.209,
KIC 9597854,9597854,,295.59369,46.269711,5906.0,0.852,0.826,
KIC 9602431,9602431,,297.09915,46.243511,4964.0,0.633,0.621,
KIC 9602538,9602538,,297.12708,46.282082,5475.0,0.818,0.734,
KIC 9630640,9630640,,281.63019,46.321152,6793.0,1.589,1.162,
KIC 9635520,9635520,,284.69968,46.375092,5445.0,1.426,1.024,
KIC 9635529,9635529,,284.70453,46.378799,6550.0,1.225,1.157,
KIC 9637299,9637299,,285.76071,46.367008,6322.0,1.213,0.872,
KIC 9639106,9639106,,286.85812,46.311729,5341.0,0.801,0.824,
KIC 9640123,9640123,,287.51071,46.38995,5403.0,3.6,1.714,
KIC 10490960,10490960,,298.75854,47.69558,5897.0,1.196,0.99,
KIC 10491031,10491031,,298.77716,47.655403,6613.0,1.925,1.4,
KIC 10535807,10535807,,292.15167,47.719501,6478.0,1.174,1.018,
KIC 10535858,10535858,,292.1669,47.755638,3615.0,0.42,0.445,
KIC 10546063,10546063,,296.02774,47.753551,6277.0,1.097,1.148,
KIC 10547685,10547685,,296.57245,47.752708,6075.0,1.13,0.962,
KIC 10549576,10549576,,297.11826,47.741611,7675.0,2.015,1.665,
KIC 10552700,10552700,,297.99118,47.768749,6875.0,2.856,1.868,
KIC 11619964,11619964,,296.0968,49.643829,5855.0,0.944,0.852,
KIC 11650543,11650543,,284.95026,49.747147,6002.0,1.693,1.107,
KIC 11651105,11651105,,285.33289,49.734112,5667.0,0.796,0.791,
KIC 11662440,11662440,,292.21732,49.707901,5461.0,0.846,0.858,
KIC 11671646,11671646,,296.53479,49.785851,5128.0,0.988,0.87,
KIC 11672354,11672354,,296.82037,49.75045,6268.0,1.1,1.188,
KIC 11704044,11704044,,286.91037,49.815781,5704.0,0.948,0.996,
KIC 11706658,11706658,,288.51208,49.864231,4627.0,0.741,0.734,
KIC 2708445,2708445,,290.35684,37.938759,5086.0,6.86,0.784,
KIC 2708614,2708614,,290.40158,37.942009,6483.0,1.078,1.114,
KIC 2711114,2711114,,291.01422,37.969711,6491.0,1.371,1.147,
KIC 2716979,2716979,,292.29626,37.93306,6060.0,1.133,0.914,
KIC 2720354,2720354,,293.0361,37.954739,6701.0,1.506,1.092,
KIC 2834463,2834463,,286.58701,38.00108,6243.0,1.084,1.048,
KIC 2852560,2852560,,291.46603,38.005039,5564.0,0.785,0.878,
KIC 2856960,2856960,,292.38132,38.076649,4907.0,0.727,0.737,
KIC 4484356,4484356,,296.45972,39.573738,5233.0,0.639,0.627,
KIC 4489844,4489844,,297.55054,39.565659,5709.0,0.938,0.824,
KIC 4540632,4540632,,284.04434,39.661469,5023.0,1.784,0.921,
KIC 4544623,4544623,,285.89905,39.690639,3624.0,0.406,0.425,
KIC 4565985,4565985,,292.92682,39.613361,4029.0,20.888,0.972,
KIC 4567118,4567118,,293.23929,39.691681,5942.0,0.947,0.884,
KIC 4569590,4569590,,293.86234,39.690128,4764.0,6.883,1.035,
KIC 4574310,4574310,,294.99365,39.64283,6600.0,1.124,0.796,
KIC 4575824,4575824,,295.34366,39.609322,5689.0,0.894,0.906,
KIC 5216727,5216727,,298.71249,40.341228,6343.0,1.417,1.157,
KIC 5218014,5218014,,298.99789,40.314751,5096.0,7.023,2.233,
KIC 5255552,5255552,,284.69308,40.498619,4869.0,0.543,0.552,
KIC 5263167,5263167,,288.03058,40.418301,6181.0,1.029,1.036,
KIC 5266937,5266937,,289.34967,40.497189,5661.0,0.987,0.859,
KIC 5269407,5269407,,290.09079,40.46183,5530.0,0.892,0.773,
KIC 5271803,5271803,,290.79919,40.41156,7296.0,1.498,1.45,
KIC 5272571,5272571,,291.05292,40.44767,5216.0,3.871,1.058,
KIC 6228703,6228703,,298.06311,41.510712,6873.0,1.923,1.518,
KIC 6231401,6231401,,298.62177,41.567429,6063.0,0.913,0.806,
KIC 6265961,6265961,,284.12134,41.633072,5600.0,1.037,0.936,
KIC 6279823,6279823,,290.07434,41.668598,5227.0,0.8,0.894,
KIC 6283224,6283224,,291.1915,41.66721,5297.0,0.722,0.746,
KIC 6285094,6285094,,291.82001,41.697842,6029.0,0.956,1.005,
KIC 6285396,6285396,,291.92285,41.624439,6212.0,0.862,0.932,
KIC 6285397,6285397,,291.92297,41.630718,4634.0,0.689,0.685,
KIC 7032968,7032968,,291.58624,42.50993,6045.0,0.999,0.863,
KIC 7033713,7033713,,291.83594,42.564838,5376.0,0.806,0.897,
KIC 7033748,7033748,,291.84366,42.558521,6438.0,1.273,0.899,
KIC 7049486,7049486,,296.12494,42.522102,5957.0,1.286,0.888,
KIC 7050754,7050754,,296.41483,42.587559,6315.0,3.075,1.381,
KIC 7090801,7090801,,280.96588,42.623707,5780.0,1.0,1.0,
KIC 7097571,7097571,,284.31378,42.600914,6256.0,1.514,0.911,
KIC 7103300,7103300,,286.84534,42.67696,6534.0,1.437,1.205,
KIC 7970629,7970629,,295.40265,43.774761,6267.0,0.919,0.946,
KIC 7970760,7970760,,295.44434,43.718182,6387.0,1.076,1.051,
KIC 7971389,7971389,,295.63474,43.750172,6067.0,0.997,0.981,
KIC 7976136,7976136,,297.01382,43.72493,6063.0,1.012,1.117,
KIC 7976435,7976435,,297.09592,43.789322,,,,
KIC 7985167,7985167,,299.20007,43.79594,6163.0,1.358,0.922,
KIC 7987749,7987749,,299.82162,43.760342,5575.0,1.423,0.86,
KIC 8007675,8007675,,282.15485,43.867352,6749.0,2.003,1.28,
KIC 8700506,8700506,,295.93079,44.83852,6860.0,1.292,1.3,
KIC 8701327,8701327,,296.17844,44.870342,6292.0,1.235,1.002,
KIC 8711548,8711548,,298.87222,44.874432,6794.0,1.71,1.356,
KIC 8713828,8713828,,299.50754,44.801235,,,,
KIC 8719897,8719897,,301.30865,44.806961,5017.0,4.293,1.505,
KIC 8736245,8736245,,283.43408,44.989731,5810.0,0.781,0.808,
KIC 8738115,8738115,,284.44827,44.96336,5941.0,0.917,0.817,
KIC 8739209,8739209,,285.04236,44.910477,6313.0,1.594,1.22,
KIC 8746310,8746310,,288.88599,44.959969,6109.0,0.931,0.946,
KIC 9640921,9640921,,287.96375,46.306911,6053.0,0.949,1.025,
KIC 9641031,9641031,,288.02032,46.324139,6126.0,1.176,0.972,
KIC 9641103,9641103,,288.06711,46.379551,5096.0,0.737,0.758,
KIC 9644411,9644411,,289.87915,46.322498,4331.0,0.666,0.675,
KIC 9644683,9644683,,289.99408,46.304871,5459.0,0.797,0.893,
KIC 9651602,9651602,,292.82965,46.365768,5497.0,0.809,0.907,
KIC 9652166,9652166,,293.05569,46.342331,7257.0,1.631,1.487,
KIC 10556578,10556578,,299.09528,47.706791,5134.0,0.721,0.688,
KIC 10583181,10583181,,283.76651,47.818989,6472.0,1.579,1.093,
KIC 10586619,10586619,,285.6409,47.81105,5751.0,0.94,1.038,
KIC 10592163,10592163,,288.55362,47.867298,5691.0,1.031,0.875,
KIC 10597164,10597164,,290.67877,47.845261,5446.0,2.39,1.293,
KIC 10601538,10601538,,292.47604,47.83942,6781.0,1.651,1.333,
KIC 10601579,10601579,,292.49185,47.83535,6328.0,1.45,1.107,
KIC 10613718,10613718,,296.82581,47.877399,5237.0,0.74,0.698,
KIC 8557246,8557246,,290.7782,44.61866,6168.0,0.96,1.034,
KIC 11709022,11709022,,289.73761,49.858589,,,,
KIC 11724091,11724091,,296.97705,49.841808,7279.0,2.624,1.8,
KIC 11757422,11757422,,288.5928,49.968361,4205.0,0.578,0.567,
KIC 11763910,11763910,,292.29239,49.955441,6720.0,1.368,1.294,
KIC 11768970,11768970,,294.74091,49.928791,5092.0,3.54,1.201,
KIC 11773625,11773625,,296.73917,49.978352,5530.0,1.575,1.004,
KIC 11775530,11775530,,297.52872,49.990059,6290.0,1.385,0.99,
KIC 11811454,11811454,,290.39725,50.06509,6389.0,1.947,1.134,
KIC 8560280,8560280,,291.90042,44.686241,4850.0,4.696,1.095,
KIC 2860594,2860594,,293.16495,38.06913,7079.0,2.634,1.695,
KIC 2860788,2860788,,293.20734,38.009029,5566.0,0.967,0.822,
KIC 2969638,2969638,,285.72971,38.164829,,,,
KIC 2970670,2970670,,286.07114,38.16761,5508.0,0.84,0.955,
KIC 2973509,2973509,,287.0257,38.171021,6316.0,1.333,1.102,
KIC 2994092,2994092,,292.40063,38.134579,6520.0,1.215,1.279,
KIC 2998124,2998124,,293.26636,38.12608,6590.0,2.474,1.368,
KIC 3098194,3098194,,286.00308,38.285721,5527.0,1.073,0.867,
KIC 4578594,4578594,,295.92361,39.60907,5432.0,0.745,0.834,
KIC 4587448,4587448,,297.65744,39.655231,,,,
KIC 4633434,4633434,,283.98602,39.784538,5068.0,0.73,0.698,
KIC 4661634,4661634,,293.6817,39.758839,5442.0,0.841,0.759,
KIC 4665989,4665989,,294.76398,39.752838,7141.0,1.563,1.442,
KIC 4671584,4671584,,295.99811,39.742748,6331.0,1.326,0.898,
KIC 4678171,4678171,,297.284,39.70768,4464.0,0.719,0.711,
KIC 4681152,4681152,,297.8519,39.783886,5930.0,0.976,1.029,
KIC 4725292,4725292,,283.70551,39.870491,,,,
KIC 8297017,8297017,,290.80057,44.270512,7128.0,3.811,1.754,
KIC 5282656,5282656,,293.98837,40.458981,6142.0,1.046,1.143,
KIC 5284133,5284133,,294.38223,40.45219,8144.0,1.914,1.841,
KIC 5285607,5285607,,294.77219,40.459629,6469.0,1.193,1.26,
KIC 5286786,5286786,,295.08017,40.4771,5152.0,0.786,0.741,
KIC 5288543,5288543,,295.49411,40.406204,6526.0,1.482,1.223,
KIC 5294739,5294739,,296.83719,40.473099,5467.0,4.055,1.62,
KIC 5295206,5295206,,296.92773,40.429661,6463.0,1.225,1.126,
KIC 5298620,5298620,,297.6394,40.490452,4995.0,0.698,0.677,
KIC 5300878,5300878,,298.08188,40.478142,4794.0,0.625,0.612,
KIC 6292732,6292732,,294.18524,41.632351,5869.0,0.942,1.054,
KIC 6307000,6307000,,297.61307,41.672829,4893.0,0.739,0.746,
KIC 6311637,6311637,,298.70334,41.633961,5757.0,1.177,0.818,
KIC 6345758,6345758,,284.57642,41.705971,5653.0,1.163,0.958,
KIC 6364126,6364126,,291.84723,41.72522,5047.0,0.766,0.802,
KIC 6364195,6364195,,291.8703,41.768002,4920.0,0.691,0.768,
KIC 6364200,6364200,,291.87134,41.788971,6060.0,0.925,1.008,
KIC 6364247,6364247,,291.88922,41.777969,5952.0,0.971,1.057,
KIC 7105574,7105574,,287.74615,42.648628,6011.0,0.902,0.988,
KIC 7115200,7115200,,290.96869,42.619678,5966.0,1.349,1.014,
KIC 7115332,7115332,,291.01474,42.653309,6395.0,1.049,1.094,
KIC 7115463,7115463,,291.065,42.63665,6075.0,0.969,1.048,
KIC 7115597,7115597,,291.10468,42.645309,5836.0,0.97,1.087,
KIC 7115878,7115878,,291.19955,42.686722,6100.0,1.093,0.993,
KIC 7116043,7116043,,291.24707,42.626389,5576.0,1.132,0.928,
KIC 7116226,7116226,,291.30963,42.61652,6273.0,1.021,1.077,
KIC 8008128,8008128,,282.42578,43.884331,6214.0,1.022,1.051,
KIC 8009500,8009500,,283.20117,43.888981,5294.0,0.79,0.733,
KIC 8013289,8013289,,285.09076,43.801754,5930.0,1.473,0.96,
KIC 8016214,8016214,,286.6958,43.86742,5863.0,0.821,0.908,
KIC 8016692,8016692,,286.9454,43.899139,6056.0,1.597,1.094,
KIC 8027902,8027902,,291.47702,43.84412,7117.0,2.09,1.548,
KIC 8039925,8039925,,295.54422,43.878342,6602.0,1.269,1.178,
KIC 8042644,8042644,,296.35956,43.86676,6187.0,0.937,1.011,
KIC 8081389,8081389,,284.62198,43.971981,6962.0,1.62,1.352,
KIC 8750094,8750094,,290.50241,44.96817,5662.0,0.84,0.937,
KIC 8758161,8758161,,293.62054,44.967281,6980.0,1.755,1.292,
KIC 8760760,8760760,,294.59918,44.927689,5636.0,0.734,0.821,
KIC 8767034,8767034,,296.67044,44.959839,4556.0,0.615,0.669,
KIC 8773948,8773948,,298.44244,44.910912,5934.0,3.075,1.315,
KIC 8784288,8784288,,301.3035,44.99966,5977.0,2.077,1.125,
KIC 8804358,8804358,,285.08145,45.023762,6343.0,1.137,1.213,
KIC 8807057,8807057,,286.55365,45.002338,6499.0,1.169,1.191,
KIC 8508493,8508493,,296.44946,44.583241,5941.0,0.885,0.975,
KIC 9652632,9652632,,293.24738,46.310413,6499.0,1.497,0.993,
KIC 9655424,9655424,,294.35074,46.311771,6240.0,0.929,1.0,
KIC 9657636,9657636,,295.19278,46.37188,6099.0,1.212,0.856,
KIC 9658089,9658089,,295.35825,46.343929,6000.0,0.946,1.003,
KIC 9665503,9665503,,297.73764,46.358101,5290.0,0.648,0.723,
KIC 9673173,9673173,,300.01407,46.345268,6039.0,1.278,1.041,
KIC 9674320,9674320,,300.34525,46.339882,5366.0,0.715,0.793,
KIC 9693803,9693803,,283.11642,46.442699,5962.0,1.019,1.102,
KIC 9711751,9711751,,292.45786,46.43338,6679.0,1.326,1.246,
KIC 10619109,10619109,,298.37128,47.81385,7128.0,2.135,1.479,
KIC 10646620,10646620,,282.38934,47.967178,6628.0,2.595,1.489,
KIC 10649230,10649230,,283.89807,47.933487,5927.0,1.607,0.914,
KIC 10659624,10659624,,289.36646,47.923851,5747.0,1.729,1.135,
KIC 10661913,10661913,,290.34503,47.963589,4237.0,0.631,0.62,
KIC 10661976,10661976,,290.37558,47.996696,6619.0,2.23,1.408,
KIC 10662021,10662021,,290.39279,47.997429,5600.0,1.118,0.951,
KIC 10665228,10665228,,291.70639,47.908581,5334.0,0.727,0.723,
KIC 8560927,8560927,,292.16537,44.640579,5846.0,1.323,0.942,
KIC 11817750,11817750,,293.82687,50.07653,7199.0,1.95,1.571,
KIC 11825996,11825996,,297.34726,50.04744,5628.0,0.81,0.779,
KIC 11854636,11854636,,286.10281,50.126541,5685.0,0.886,0.987,
KIC 11855538,11855538,,286.70947,50.165909,6306.0,1.874,0.862,
KIC 11858541,11858541,,288.63611,50.17326,5594.0,1.071,0.841,
KIC 11873166,11873166,,296.19351,50.129219,6108.0,0.997,1.072,
KIC 11873171,11873171,,296.19693,50.13612,6406.0,1.005,1.057,
KIC 11904704,11904704,,286.03839,50.294441,5220.0,0.881,0.855,
KIC 3102024,3102024,,287.35608,38.212212,5246.0,0.668,0.653,
KIC 3110937,3110937,,290.02631,38.249458,5741.0,0.884,0.781,
KIC 3115480,3115480,,291.19321,38.244652,6309.0,1.396,1.306,
KIC 3120320,3120320,,292.29196,38.284489,5865.0,1.423,1.09,
KIC 3127817,3127817,,293.99973,38.232269,6425.0,1.718,1.179,
KIC 3228740,3228740,,289.7424,38.373169,6028.0,1.078,0.994,
KIC 3230206,3230206,,290.10718,38.374409,5941.0,0.911,1.001,
KIC 3230227,3230227,,290.11258,38.399872,8162.0,2.321,1.845,
KIC 4729553,4729553,,285.72754,39.841282,6300.0,1.404,1.106,
KIC 4736208,4736208,,288.53741,39.83408,5979.0,1.054,0.986,
KIC 4737302,4737302,,288.92667,39.81179,7221.0,4.24,2.018,
KIC 4739194,4739194,,289.52148,39.862438,6440.0,1.183,1.194,
KIC 4739565,4739565,,289.63968,39.899761,5712.0,1.872,1.162,
KIC 4740688,4740688,,289.96838,39.815739,4186.0,0.635,0.686,
KIC 4753988,4753988,,293.8439,39.87542,6024.0,0.9,0.985,
KIC 4757331,4757331,,294.68542,39.83176,5229.0,0.692,0.664,
KIC 5301955,5301955,,298.28897,40.468819,,,,
KIC 5306862,5306862,,299.2139,40.458382,6348.0,1.99,1.431,
KIC 5307574,5307574,,299.35703,40.49762,5833.0,0.775,0.753,
KIC 5308778,5308778,,299.57739,40.458481,5043.0,3.956,1.098,
KIC 5310435,5310435,,299.88721,40.487339,6562.0,2.263,1.279,
KIC 5343976,5343976,,285.08569,40.52763,5655.0,0.854,0.788,
KIC 5347537,5347537,,286.71182,40.528542,5712.0,0.971,0.912,
KIC 5347784,5347784,,286.82251,40.513222,5605.0,2.275,1.226,
KIC 6364294,6364294,,291.90421,41.779518,6598.0,1.145,1.166,
KIC 6367439,6367439,,292.92783,41.78616,5017.0,0.605,0.601,
KIC 6367628,6367628,,292.98526,41.716888,5328.0,0.716,0.695,
KIC 6368222,6368222,,293.16202,41.735229,,,,
KIC 6372268,6372268,,294.35617,41.777206,,,,
KIC 6384840,6384840,,297.44244,41.789719,5525.0,0.93,0.906,
KIC 6386784,6386784,,297.93439,41.792912,6773.0,1.69,1.207,
KIC 6390236,6390236,,298.67233,41.776218,6224.0,1.096,1.031,
KIC 6421188,6421188,,282.90604,41.831841,5963.0,1.134,0.986,
KIC 7116236,7116236,,291.31244,42.618011,5707.0,0.828,0.864,
KIC 7117513,7117513,,291.7157,42.68787,6046.0,1.007,1.111,
KIC 7117541,7117541,,291.72385,42.629822,6117.0,1.025,1.095,
KIC 7118545,7118545,,292.02866,42.669552,6343.0,0.931,0.988,
KIC 7125636,7125636,,294.10791,42.617321,4448.0,0.563,0.558,
KIC 7128918,7128918,,294.99823,42.69392,5578.0,0.754,0.843,
KIC 7132015,7132015,,295.75351,42.671001,3681.0,229.908,3.426,
KIC 7135549,7135549,,296.6192,42.674931,,,,
KIC 8088354,8088354,,288.32922,43.965279,6318.0,1.077,0.98,
KIC 8091197,8091197,,289.60522,43.952831,6152.0,1.009,1.079,
KIC 8094140,8094140,,290.55716,43.98735,4429.0,0.736,0.733,
KIC 8094221,8094221,,290.58551,43.97216,5896.0,0.914,1.0,
KIC 8097825,8097825,,291.88184,43.973171,5539.0,0.959,0.807,
KIC 8098300,8098300,,292.05872,43.925228,6502.0,1.037,1.077,
KIC 8098515,8098515,,292.14331,43.922295,,,,
KIC 8098960,8098960,,292.30338,43.98381,5564.0,0.785,0.878,
KIC 8104436,8104436,,294.20117,43.976761,5488.0,0.706,0.79,
KIC 8815279,8815279,,290.45645,45.003231,,,,
KIC 8822585,8822585,,293.30566,45.007969,6854.0,2.088,1.368,
KIC 8823397,8823397,,293.60986,45.018631,8751.0,2.352,2.14,
KIC 8841616,8841616,,299.16168,45.05191,4462.0,0.554,0.561,
KIC 8845221,8845221,,300.20993,45.003059,6350.0,1.984,1.195,
KIC 8845552,8845552,,300.30533,45.093418,4367.0,0.501,0.503,
KIC 8848104,8848104,,300.99487,45.078861,5658.0,1.654,0.798,
KIC 8848115,8848115,,300.99884,45.076019,4148.0,41.424,1.796,
KIC 8868657,8868657,,284.401,45.149391,5531.0,0.764,0.855,
KIC 9726452,9726452,,297.72226,46.47583,,,,
KIC 9762514,9762514,,287.93466,46.580421,4867.0,0.696,0.78,
KIC 9762519,9762519,,287.94138,46.58239,5624.0,0.777,0.722,
KIC 9777062,9777062,,294.46078,46.58971,7703.0,2.916,2.165,
KIC 9786821,9786821,,297.72574,46.54884,6195.0,1.598,1.09,
KIC 9790965,9790965,,298.91162,46.586578,6531.0,1.921,1.234,
KIC 9811915,9811915,,281.22937,46.681862,5595.0,0.796,0.89,
KIC 9818732,9818732,,285.47278,46.69873,6484.0,1.153,1.178,
KIC 10665749,10665749,,291.90216,47.96207,5993.0,0.993,0.958,
KIC 10670112,10670112,,293.66928,47.906689,6839.0,1.7,1.313,
KIC 10680424,10680424,,297.20752,47.972099,4494.0,0.591,0.632,
KIC 10685175,10685175,,298.57156,47.963951,8709.0,1.797,2.012,
KIC 10686876,10686876,,299.05673,47.909359,8143.0,2.361,1.854,
KIC 10686930,10686930,,299.07559,47.92078,5088.0,3.293,1.257,
KIC 10711913,10711913,,282.60107,48.03669,5702.0,0.799,0.711,
KIC 10732401,10732401,,292.32864,48.021519,6224.0,1.024,1.084,
KIC 11906217,11906217,,287.05927,50.214031,4623.0,0.56,0.556,
KIC 11913052,11913052,,291.04498,50.282261,4929.0,7.7,2.167,
KIC 11913071,11913071,,291.0614,50.25544,8529.0,3.065,2.017,
KIC 11918482,11918482,,294.01917,50.216606,3246.0,0.2,0.178,
KIC 11922648,11922648,,295.94925,50.20892,5696.0,0.812,0.902,
KIC 11922782,11922782,,296.00742,50.232609,5726.0,1.465,0.935,
KIC 11923819,11923819,,296.46429,50.286152,7967.0,2.379,2.069,
KIC 11959569,11959569,,289.39417,50.368069,5383.0,1.935,1.105,
KIC 11966557,11966557,,293.48035,50.347488,5995.0,0.977,0.946,
KIC 3241619,3241619,,293.09494,38.361252,5325.0,0.648,0.695,
KIC 3241662,3241662,,293.10568,38.37434,5749.0,0.864,0.961,
KIC 3245000,3245000,,293.90091,38.308689,5514.0,0.826,0.926,
KIC 3246867,3246867,,294.34146,38.340519,4905.0,0.679,0.659,
KIC 3247294,3247294,,294.43991,38.38084,6071.0,0.962,0.898,
KIC 3248332,3248332,,294.66467,38.333,6793.0,1.508,1.346,
KIC 3249334,3249334,,294.87888,38.397812,4960.0,0.707,0.786,
KIC 3323289,3323289,,285.33658,38.45052,5427.0,0.899,0.826,
KIC 3324069,3324069,,285.64093,38.418732,5011.0,3.324,0.843,
KIC 4758350,4758350,,294.93198,39.81242,6720.0,4.845,2.02,
KIC 4758368,4758368,,294.93637,39.852482,4588.0,18.328,2.09,
KIC 4760959,4760959,,295.52618,39.806839,5551.0,0.809,0.887,
KIC 4764969,4764969,,296.32202,39.856049,6510.0,1.228,0.992,
KIC 4768756,4768756,,297.1174,39.859112,5433.0,0.769,0.766,
KIC 4769824,4769824,,297.32239,39.87299,5853.0,0.868,0.961,
KIC 4773155,4773155,,297.98264,39.894081,5642.0,0.903,0.936,
KIC 4830859,4830859,,290.31134,39.98069,6263.0,1.019,0.959,
KIC 4832273,4832273,,290.76251,39.910648,6316.0,1.036,1.01,
KIC 5353938,5353938,,289.15955,40.51181,3914.0,0.515,0.543,
KIC 5359678,5359678,,290.95132,40.54797,6367.0,1.087,1.131,
KIC 5380812,5380812,,296.56232,40.590939,6801.0,2.637,1.727,
KIC 5385469,5385469,,297.59485,40.512299,7225.0,1.414,1.397,
KIC 5385647,5385647,,297.63452,40.52652,5349.0,1.505,0.914,
KIC 5385667,5385667,,297.64059,40.531952,5948.0,1.432,0.957,
KIC 5388229,5388229,,298.21118,40.512501,5371.0,0.949,0.83,
KIC 5389184,5389184,,298.40009,40.58567,5869.0,1.221,1.021,
KIC 6421483,6421483,,283.0451,41.860062,5210.0,1.946,0.829,
KIC 6421937,6421937,,283.25659,41.80315,5087.0,5.899,1.935,
KIC 6423922,6423922,,284.2399,41.819042,3325.0,0.109,0.101,
KIC 6428942,6428942,,286.67697,41.826874,6668.0,1.791,1.395,
KIC 6437993,6437993,,290.18521,41.867222,5074.0,0.761,0.725,
KIC 6442246,6442246,,291.60077,41.830639,6195.0,1.405,0.92,
KIC 6443392,6443392,,291.99298,41.884125,5999.0,1.042,1.046,
KIC 7137798,7137798,,297.13776,42.68,6951.0,1.662,1.328,
KIC 7177553,7177553,,283.01212,42.721272,5684.0,2.249,1.134,
KIC 7177892,7177892,,283.16901,42.792114,6226.0,1.594,1.264,
KIC 7185487,7185487,,286.61896,42.778561,3229.0,0.201,0.178,
KIC 7198648,7198648,,291.28311,42.741859,5488.0,0.789,0.877,
KIC 7199935,7199935,,291.65759,42.729649,6130.0,1.393,1.003,
KIC 7200102,7200102,,291.70828,42.797001,5385.0,1.002,0.855,
KIC 7200225,7200225,,291.74335,42.769482,5949.0,0.962,1.05,
KIC 8488381,8488381,,289.20331,44.505138,6088.0,1.011,1.06,
KIC 8111622,8111622,,296.43854,43.965961,5838.0,0.897,0.992,
KIC 8112013,8112013,,296.55594,43.967758,6586.0,1.219,1.131,
KIC 8115647,8115647,,297.46857,43.98201,5884.0,1.21,1.081,
KIC 8120820,8120820,,298.70001,43.97649,4934.0,0.809,0.781,
KIC 8123170,8123170,,299.27612,43.936829,6558.0,1.28,1.035,
KIC 8123937,8123937,,299.48206,43.916603,6157.0,2.306,1.302,
KIC 8128965,8128965,,300.7731,43.962132,5945.0,1.333,0.953,
KIC 8129189,8129189,,300.83307,43.962311,5261.0,2.943,1.013,
KIC 8878681,8878681,,289.23157,45.164322,6757.0,2.615,1.734,
KIC 8879427,8879427,,289.53668,45.105141,6008.0,1.006,1.018,
KIC 8879915,8879915,,289.74515,45.18716,5960.0,1.073,0.986,
KIC 8881169,8881169,,290.21255,45.134991,6220.0,1.083,1.064,
KIC 8890996,8890996,,293.82175,45.10775,6839.0,2.02,1.497,
KIC 8906676,8906676,,298.44855,45.104176,6258.0,2.111,1.237,
KIC 8938628,8938628,,285.6626,45.21772,5815.0,0.969,0.764,
KIC 8940961,8940961,,286.78952,45.271381,5846.0,0.953,0.984,
KIC 8953278,8953278,,291.92896,45.231838,,,,
KIC 9821078,9821078,,286.81927,46.66478,4268.0,0.68,0.675,
KIC 9821428,9821428,,287.02615,46.686291,5606.0,0.76,0.832,
KIC 9837013,9837013,,294.29364,46.629501,5457.0,1.196,0.903,
KIC 9848420,9848420,,298.0549,46.633461,5219.0,0.905,0.823,
KIC 9850387,9850387,,298.59238,46.690529,7053.0,2.121,1.489,
KIC 9850912,9850912,,298.73502,46.699791,6092.0,0.998,1.074,
KIC 9852050,9852050,,299.07486,46.65892,,,,
KIC 9873869,9873869,,282.69977,46.717018,6253.0,1.181,0.95,
KIC 10736223,10736223,,293.84622,48.050251,8011.0,2.927,1.855,
KIC 10736489,10736489,Kepler-1974,293.94763,48.065254,,,,
KIC 10743600,10743600,,296.38348,48.044006,5780.0,1.0,1.0,
KIC 10751908,10751908,,298.60785,48.016022,5654.0,0.737,0.801,
KIC 10753734,10753734,,299.07828,48.021969,5622.0,0.778,0.862,
KIC 10794242,10794242,,290.61478,48.186771,5655.0,0.992,0.873,
KIC 10794405,10794405,,290.68866,48.1992,5662.0,0.863,0.909,
KIC 10809677,10809677,,296.47855,48.14616,5149.0,6.619,2.055,
KIC 10812541,10812541,,297.30438,48.195271,4137.0,0.647,0.643,
KIC 11967004,11967004,,293.68073,50.300259,6525.0,1.161,1.183,
KIC 11968490,11968490,,294.35016,50.35146,6486.0,1.456,1.156,
KIC 11970288,11970288,,295.21255,50.31691,6956.0,2.888,1.664,
KIC 12004679,12004679,,286.42569,50.417019,5605.0,0.854,0.816,
KIC 12004680,12004680,,286.42703,50.4063,5546.0,0.81,0.907,
KIC 12004689,12004689,,286.43137,50.40144,5110.0,0.637,0.697,
KIC 12013615,12013615,,291.94641,50.48196,6060.0,1.643,1.129,
KIC 12016243,12016243,,293.49564,50.48064,6077.0,0.999,1.077,
KIC 12022517,12022517,,296.37537,50.486801,5819.0,0.861,0.858,
KIC 3327980,3327980,,287.17612,38.433498,7563.0,2.638,1.938,
KIC 3329643,3329643,,287.77148,38.498711,5910.0,1.124,0.959,
KIC 3335816,3335816,,289.6983,38.406609,6338.0,1.247,1.021,
KIC 3337438,3337438,,290.14084,38.493809,5321.0,6.669,2.334,
KIC 3337548,3337548,,290.16632,38.47644,5481.0,0.835,0.821,
KIC 3339538,3339538,,290.73944,38.414139,5146.0,1.626,0.934,
KIC 3341934,3341934,,291.38623,38.49147,6208.0,1.024,1.086,
KIC 3343866,3343866,,291.86655,38.409081,5445.0,2.117,0.977,
KIC 4839180,4839180,,292.83759,39.93383,6228.0,1.226,1.034,
KIC 4840263,4840263,,293.12161,39.975552,5908.0,2.033,1.103,
KIC 4840818,4840818,,293.27969,39.91576,6322.0,0.989,0.99,
KIC 4847832,4847832,,295.07663,39.958279,5291.0,0.926,0.828,
KIC 4851217,4851217,,295.83401,39.952259,7823.0,2.675,2.002,
KIC 4851338,4851338,,295.86285,39.96711,6249.0,1.076,1.13,
KIC 4851356,4851356,,295.8656,39.9641,5930.0,0.997,0.99,
KIC 4862332,4862332,,298.16129,39.90097,4981.0,18.374,3.369,
KIC 4862625,4862625,,298.21509,39.955101,6373.0,1.047,1.094,
KIC 5393558,5393558,,299.18677,40.501701,5931.0,1.349,1.042,
KIC 5397905,5397905,,299.9982,40.550259,5339.0,0.793,0.731,
KIC 5444392,5444392,,290.5174,40.696812,5807.0,1.909,1.13,
KIC 5456979,5456979,,294.28778,40.692741,5778.0,0.935,0.962,
KIC 5460835,5460835,,295.29691,40.66156,6136.0,0.933,0.973,
KIC 5462901,5462901,,295.75555,40.61866,4348.0,0.678,0.669,
KIC 5466109,5466109,,296.4718,40.681622,6231.0,0.955,1.025,
KIC 5471010,5471010,,297.54706,40.615742,5497.0,0.809,0.907,
KIC 6447326,6447326,,293.26874,41.850719,6225.0,1.031,1.091,
KIC 6448768,6448768,,293.72183,41.873131,6020.0,2.097,1.162,
KIC 6449291,6449291,,293.87863,41.856449,5473.0,2.162,1.065,
KIC 6449552,6449552,,293.94894,41.855461,5547.0,0.918,0.862,
KIC 6452742,6452742,,294.88351,41.800461,5885.0,0.933,0.821,
KIC 6464285,6464285,,297.67096,41.87598,5220.0,0.695,0.665,
KIC 6466939,6466939,,298.25748,41.850639,5058.0,0.608,0.603,
KIC 6468938,6468938,,298.69,41.880852,6047.0,1.211,0.943,
KIC 8429014,8429014,,291.1738,44.449799,6881.0,1.351,1.34,
KIC 7200301,7200301,,291.76828,42.757221,5691.0,0.887,1.003,
KIC 7203179,7203179,,292.68881,42.748001,6508.0,1.312,1.217,
KIC 7203194,7203194,,292.69376,42.760899,6158.0,1.026,1.092,
KIC 7204073,7204073,,292.95926,42.799252,4208.0,0.583,0.57,
KIC 7212722,7212722,,295.37515,42.75378,5932.0,0.795,0.882,
KIC 7217088,7217088,,296.39548,42.78014,5767.0,1.159,1.015,
KIC 7280953,7280953,,291.45313,42.851227,,,,
KIC 7281217,7281217,,291.52869,42.86697,5593.0,0.752,0.791,
KIC 7281229,7281229,,291.53311,42.83847,6108.0,1.03,1.132,
KIC 8143170,8143170,,281.08948,44.057941,5154.0,3.981,1.672,
KIC 8145789,8145789,,282.75241,44.048721,5009.0,0.69,0.666,
KIC 8145958,8145958,,282.84103,44.049728,5763.0,1.242,1.014,
KIC 8155584,8155584,,287.90555,44.01086,6287.0,1.28,1.015,
KIC 8155654,8155654,,287.94165,44.008018,6214.0,1.076,1.169,
KIC 8158324,8158324,,289.18787,44.006969,6103.0,1.03,0.953,
KIC 8162376,8162376,,290.59076,44.002579,5037.0,0.568,0.574,
KIC 8167504,8167504,,292.46378,44.090111,5618.0,0.969,0.962,
KIC 8953281,8953281,,291.93063,45.22002,5176.0,0.681,0.657,
KIC 8953426,8953426,,291.99097,45.234138,6234.0,1.159,1.097,
KIC 8953475,8953475,,292.01447,45.205681,6276.0,1.353,0.988,
KIC 8957572,8957572,,293.5484,45.201,6742.0,3.138,1.752,
KIC 8958811,8958811,,293.96545,45.273571,5821.0,1.036,1.031,
KIC 8958939,8958939,,294.00787,45.232689,6146.0,0.943,1.02,
KIC 8973000,8973000,,297.89444,45.211189,5231.0,0.544,0.569,
KIC 9881258,9881258,,287.12561,46.733479,6105.0,1.025,0.99,
KIC 9899153,9899153,,295.14157,46.793919,4895.0,0.828,0.796,
KIC 9899193,9899193,,295.15475,46.736641,6600.0,1.681,1.148,
KIC 9899410,9899410,,295.2258,46.76009,5154.0,16.486,2.7,
KIC 9899421,9899421,,295.23248,46.77037,4601.0,12.581,1.209,
KIC 9899577,9899577,,295.28519,46.770592,5309.0,0.763,0.843,
KIC 9899583,9899583,,295.28735,46.75449,6108.0,0.997,1.072,
KIC 9906489,9906489,,297.52359,46.703129,6543.0,1.159,1.181,
KIC 10815677,10815677,,298.17337,48.173611,5849.0,0.919,1.014,
KIC 10816107,10816107,,298.29193,48.194691,5888.0,1.219,0.796,
KIC 10847907,10847907,,285.25192,48.286209,6328.0,1.864,1.374,
KIC 10848097,10848097,,285.35583,48.221489,5472.0,0.877,0.772,
KIC 10849244,10849244,,285.97827,48.225491,6151.0,0.983,1.048,
KIC 10857589,10857589,,290.13074,48.289848,5845.0,0.838,0.926,
KIC 10866969,10866969,,294.20096,48.250061,5357.0,0.814,0.772,
KIC 12022718,12022718,,296.44351,50.420441,5845.0,0.874,0.968,
KIC 12053823,12053823,,286.68756,50.531506,6581.0,2.42,1.428,
KIC 12067960,12067960,,294.73962,50.566841,5699.0,0.853,0.95,
KIC 12071006,12071006,,296.10501,50.518471,7598.0,2.692,1.945,
KIC 12105785,12105785,,288.4874,50.675461,5524.0,2.734,1.346,
KIC 12106875,12106875,,289.14355,50.611198,5475.0,0.923,0.829,
KIC 12157983,12157983,,290.65952,50.711342,5693.0,0.816,0.911,
KIC 12164751,12164751,,294.38742,50.717098,6315.0,1.108,0.875,
KIC 12217907,12217907,,296.27115,50.886292,6003.0,0.932,1.019,
KIC 3346543,3346543,,292.52939,38.489079,5623.0,2.109,1.221,
KIC 3352751,3352751,,294.07187,38.426922,8529.0,1.558,1.572,
KIC 3356193,3356193,,294.87256,38.43446,5704.0,0.804,0.897,
KIC 3427776,3427776,,286.45258,38.538342,5448.0,0.794,0.721,
KIC 3437739,3437739,,289.79056,38.52906,6387.0,1.105,1.145,
KIC 3440230,3440230,,290.47125,38.528561,8104.0,3.369,1.957,
KIC 3441340,3441340,,290.81723,38.53912,6122.0,0.996,1.07,
KIC 3448323,3448323,,292.64017,38.513569,5495.0,0.882,0.887,
KIC 4863369,4863369,,298.38226,39.913521,5807.0,0.922,1.036,
KIC 4863753,4863753,,298.47495,39.92321,5176.0,3.605,1.621,
KIC 4902030,4902030,,283.61157,40.05624,4524.0,0.737,0.727,
KIC 4908495,4908495,,286.65768,40.02726,4926.0,0.749,0.724,
KIC 4912589,4912589,,288.3205,40.000523,5757.0,1.345,0.898,
KIC 4914709,4914709,,289.08063,40.026791,5301.0,0.84,0.869,
KIC 4914737,4914737,,289.08875,40.018162,3929.0,0.55,0.559,
KIC 5471141,5471141,,297.57599,40.61364,5925.0,1.066,1.07,
KIC 5471328,5471328,,297.62177,40.604099,4922.0,0.704,0.681,
KIC 5471415,5471415,,297.64334,40.62252,8691.0,2.193,2.069,
KIC 5471480,5471480,,297.66238,40.68774,5853.0,0.895,0.99,
KIC 5475712,5475712,,298.57382,40.676601,6596.0,1.094,1.098,
KIC 5479973,5479973,,299.38046,40.694759,6363.0,1.012,1.065,
KIC 5513822,5513822,,284.32294,40.71521,5606.0,0.962,0.829,
KIC 5513833,5513833,,284.33002,40.736401,3256.0,0.207,0.184,
KIC 6471229,6471229,,299.16608,41.863049,5952.0,0.844,0.932,
KIC 6471230,6471230,,299.16617,41.861912,5779.0,0.99,0.827,
KIC 6521174,6521174,,291.42236,41.978939,5631.0,0.847,0.946,
KIC 6521542,6521542,,291.52811,41.915958,6153.0,1.0,0.927,
KIC 6522353,6522353,,291.79865,41.963551,5252.0,0.783,0.896,
KIC 6522750,6522750,,291.92892,41.956371,5759.0,0.945,0.984,
KIC 6523216,6523216,,292.08383,41.915031,5750.0,2.379,1.041,
KIC 6531485,6531485,,294.58789,41.914261,5813.0,0.816,0.903,
KIC 6531801,6531801,,294.67725,41.90464,7229.0,1.38,1.32,
KIC 7281356,7281356,,291.56744,42.856178,6247.0,1.002,1.045,
KIC 7281399,7281399,,291.58347,42.830051,4373.0,0.544,0.569,
KIC 7281410,7281410,,291.58682,42.890133,,,,
KIC 7281616,7281616,,291.64725,42.861191,5092.0,0.645,0.712,
KIC 7281699,7281699,,291.68314,42.884411,5603.0,0.846,0.941,
KIC 7282008,7282008,,291.77713,42.845871,5230.0,0.777,0.873,
KIC 7285616,7285616,,292.91879,42.850082,6487.0,1.748,1.343,
KIC 7335514,7335514,,280.77686,42.924541,4524.0,0.717,0.707,
KIC 8178616,8178616,,296.06284,44.018822,6068.0,0.829,0.926,
KIC 8180290,8180290,,296.56937,44.01722,6045.0,0.955,1.038,
KIC 8183389,8183389,,297.3703,44.09877,5081.0,0.696,0.668,
KIC 8192861,8192861,,299.71408,44.037189,5952.0,0.904,0.913,
KIC 8193315,8193315,,299.82968,44.040359,6728.0,1.46,1.257,
KIC 8195877,8195877,,300.5683,44.029549,6038.0,1.213,0.864,
KIC 8196180,8196180,,300.63577,44.053398,7343.0,1.94,1.436,
KIC 8210721,8210721,,281.0105,44.15377,5619.0,1.153,0.901,
KIC 8977176,8977176,,298.87738,45.203979,6344.0,1.39,0.869,
KIC 9001468,9001468,,282.76163,45.398521,5079.0,0.683,0.659,
KIC 9005854,9005854,,285.03131,45.380451,5356.0,0.78,0.872,
KIC 9007918,9007918,,286.00845,45.35603,7207.0,1.894,1.499,
KIC 9007953,9007953,,286.0213,45.343681,6122.0,0.996,1.07,
KIC 9025739,9025739,,293.20148,45.354691,5966.0,1.016,0.985,
KIC 9029486,9029486,,294.47293,45.389721,5593.0,1.083,0.876,
KIC 9906802,9906802,,297.61273,46.738949,,,,
KIC 9906841,9906841,,297.62296,46.75386,5026.0,16.891,3.319,
KIC 9909965,9909965,,298.54852,46.756641,6211.0,1.054,0.98,
KIC 9913481,9913481,,299.58655,46.765541,7624.0,3.682,2.068,
KIC 9913798,9913798,,299.68179,46.735352,4817.0,0.7,0.767,
KIC 9932197,9932197,,280.99176,46.88937,,,,
KIC 9934208,9934208,,282.54208,46.856628,4340.0,0.573,0.561,
KIC 9936698,9936698,,284.06732,46.809582,6604.0,1.526,1.283,
KIC 10867017,10867017,,294.21442,48.258179,6018.0,0.975,1.058,
KIC 10909274,10909274,,285.97623,48.320782,6599.0,1.234,1.248,
KIC 10920813,10920813,,292.21005,48.315643,5288.0,0.737,0.748,
KIC 10923260,10923260,,293.34525,48.382301,6214.0,0.933,1.005,
KIC 10924400,10924400,,293.82587,48.34436,5151.0,0.761,0.874,
KIC 10932270,10932270,,296.84967,48.323318,5092.0,7.913,2.012,
KIC 10936427,10936427,,298.34381,48.335892,5229.0,0.668,0.659,
KIC 10937609,10937609,,298.74158,48.326962,6244.0,0.971,1.021,
KIC 10965963,10965963,,286.61066,48.479729,6085.0,1.215,1.055,
KIC 12251779,12251779,,287.57361,50.99873,6161.0,0.988,0.829,
KIC 12268220,12268220,,296.49069,50.905861,8026.0,3.461,1.95,
KIC 12302391,12302391,,288.40378,51.073761,6109.0,1.029,1.099,
KIC 12304728,12304728,,289.82199,51.063492,5189.0,4.93,1.992,
KIC 12351927,12351927,,288.51062,51.162472,4717.0,0.519,0.536,
KIC 12353633,12353633,,289.5249,51.172005,5800.0,2.053,1.129,
KIC 12353720,12353720,,289.57025,51.125702,6450.0,3.928,1.782,
KIC 8565912,8565912,,294.10941,44.691078,6987.0,1.716,1.343,
KIC 3458919,3458919,,295.14029,38.597542,5561.0,0.855,0.866,
KIC 3542573,3542573,,290.85925,38.633808,6026.0,1.689,1.315,
KIC 3543270,3543270,,291.05762,38.64534,5462.0,0.708,0.799,
KIC 3544678,3544678,,291.44281,38.623581,,,,
KIC 3545626,3545626,,291.70047,38.695129,,,,
KIC 3547178,3547178,,292.10071,38.61499,6501.0,1.209,1.017,
KIC 3548622,3548622,,292.47549,38.691311,6117.0,0.947,1.025,
KIC 3556742,3556742,,294.47253,38.67551,4975.0,0.724,0.818,
KIC 4917014,4917014,,289.7692,40.021091,4897.0,13.499,1.935,
KIC 4931073,4931073,,293.82971,40.031189,6675.0,2.747,1.54,
KIC 4932691,4932691,,294.24017,40.00745,7323.0,1.722,1.587,
KIC 4939265,4939265,,295.79138,40.01236,4337.0,0.714,0.709,
KIC 4940201,4940201,,295.98352,40.061661,5496.0,0.743,0.825,
KIC 4946680,4946680,,297.38254,40.02417,6071.0,2.389,1.301,
KIC 4947726,4947726,,297.61514,40.06081,5873.0,0.863,0.954,
KIC 4948863,4948863,,297.85007,40.068722,5679.0,0.747,0.849,
KIC 8308516,8308516,,294.95258,44.207909,6626.0,1.132,1.039,
KIC 5529501,5529501,,290.4678,40.754238,6168.0,1.307,1.105,
KIC 5529560,5529560,,290.49057,40.722191,6090.0,1.071,1.173,
KIC 5530881,5530881,,290.92267,40.777359,6507.0,1.145,1.049,
KIC 5534476,5534476,,292.11362,40.792179,6862.0,1.712,1.395,
KIC 5534702,5534702,,292.18344,40.707241,6700.0,1.883,1.424,
KIC 5535280,5535280,,292.34787,40.733101,5955.0,0.91,0.999,
KIC 5552808,5552808,,296.82327,40.757229,,,,
KIC 5553624,5553624,,296.98712,40.77536,5539.0,1.027,0.95,
KIC 5564082,5564082,,299.11465,40.748619,5992.0,0.961,0.884,
KIC 6543682,6543682,,297.54327,41.951748,5780.0,1.0,1.0,
KIC 6545018,6545018,,297.81381,41.963051,5807.0,0.861,0.771,
KIC 6548447,6548447,,298.54251,41.953201,5226.0,1.643,0.921,
KIC 6551106,6551106,,299.07507,41.94223,6106.0,0.966,1.043,
KIC 6584167,6584167,,283.72507,42.027374,6175.0,1.405,0.904,
KIC 6584278,6584278,,283.77316,42.070862,5826.0,4.189,1.865,
KIC 6590726,6590726,,286.60938,42.063229,5618.0,0.932,1.033,
KIC 6591789,6591789,,287.04648,42.000519,5618.0,0.791,0.884,
KIC 6593363,6593363,,287.67276,42.059158,6154.0,2.321,1.219,
KIC 7336754,7336754,,281.49689,42.906078,5761.0,0.932,0.821,
KIC 7345335,7345335,,285.50293,42.911789,5533.0,0.819,0.782,
KIC 7350067,7350067,Kepler-1646,287.5264,42.912899,3236.0,0.193,0.169,127.591
KIC 7362534,7362534,,291.70813,42.96941,5799.0,0.758,0.836,
KIC 7362632,7362632,,291.74191,42.958309,6165.0,0.942,0.965,
KIC 7365447,7365447,,292.62149,42.92197,6826.0,1.233,1.211,
KIC 7366036,7366036,,292.79962,42.99033,6398.0,1.111,1.023,
KIC 7366065,7366065,,292.80829,42.976021,6300.0,1.057,1.028,
KIC 8211521,8211521,,281.56042,44.184818,5402.0,0.717,0.731,
KIC 8227086,8227086,,289.62292,44.104431,5515.0,0.761,0.782,
KIC 8227464,8227464,,289.77121,44.139969,5560.0,1.316,0.942,
KIC 8229048,8229048,,290.2905,44.134239,6469.0,1.056,1.095,
KIC 8231877,8231877,,291.26697,44.197269,5112.0,0.673,0.651,
KIC 8234477,8234477,,292.22934,44.160789,6327.0,1.528,1.252,
KIC 8240109,8240109,,294.22354,44.135658,7970.0,2.652,1.906,
KIC 8240861,8240861,,294.47131,44.12344,6338.0,1.299,1.065,
KIC 9049010,9049010,,299.62277,45.364079,6240.0,2.803,1.385,
KIC 9083503,9083503,,289.73306,45.43795,5222.0,0.795,0.828,
KIC 9085039,9085039,,290.38025,45.445419,6088.0,1.077,0.901,
KIC 9093566,9093566,,293.57108,45.413639,7693.0,1.984,1.737,
KIC 9098590,9098590,,295.18893,45.40617,6081.0,0.801,0.786,
KIC 9098810,9098810,,295.26965,45.476009,5306.0,0.888,0.802,
KIC 9099773,9099773,,295.55292,45.473431,5749.0,1.48,1.059,
KIC 9101208,9101208,,295.97623,45.440338,5941.0,0.911,1.001,
KIC 9943009,9943009,,287.76895,46.83194,5927.0,1.53,1.118,
KIC 9944201,9944201,,288.49091,46.804989,4893.0,0.625,0.614,
KIC 9944421,9944421,,288.6192,46.802971,5481.0,0.778,0.871,
KIC 9945280,9945280,,289.09744,46.811081,5791.0,1.472,0.89,
KIC 9953736,9953736,,292.85281,46.85136,7141.0,1.56,1.558,
KIC 9958053,9958053,,294.62296,46.826469,,,,
KIC 9959093,9959093,,295.04248,46.863991,5877.0,2.234,1.319,
KIC 9963009,9963009,,296.4682,46.85178,5911.0,1.207,1.112,
KIC 8545603,8545603,,285.1973,44.64661,5668.0,0.868,0.963,
KIC 10976412,10976412,,292.2048,48.417881,4976.0,2.638,0.868,
KIC 10979716,10979716,,293.79077,48.401421,3887.0,0.523,0.553,
KIC 10982373,10982373,,294.90292,48.477211,,,,
KIC 10987439,10987439,,296.82587,48.443378,6496.0,1.485,1.312,
KIC 10989032,10989032,,297.39349,48.410751,8851.0,2.178,2.106,
KIC 10991989,10991989,,298.52713,48.418591,5210.0,15.004,3.512,
KIC 10992733,10992733,,298.80557,48.471989,5492.0,0.887,0.978,
KIC 11019739,11019739,,286.40033,48.521961,5183.0,0.782,0.806,
KIC 12356746,12356746,,291.27692,51.135712,6134.0,0.901,0.932,
KIC 12356914,12356914,,291.3735,51.153381,5541.0,0.739,0.747,
KIC 12365000,12365000,,295.32907,51.137798,5273.0,3.15,1.511,
KIC 12365015,12365015,,295.33847,51.105068,,,,
KIC 12367017,12367017,,296.23392,51.141869,5157.0,0.87,0.806,
KIC 12367310,12367310,,296.34995,51.12344,5146.0,4.063,1.795,
KIC 12403968,12403968,,289.33759,51.20903,5414.0,0.678,0.759,
KIC 12418662,12418662,,296.38013,51.209721,5461.0,0.861,0.851,
KIC 12418816,12418816,,296.44193,51.224319,4675.0,0.511,0.523,
KIC 3558803,3558803,,294.94058,38.635689,4850.0,8.586,1.969,
KIC 3634169,3634169,,288.01553,38.709862,6192.0,1.322,0.999,
KIC 3644174,3644174,,291.06226,38.787151,4606.0,0.699,0.696,
KIC 3655326,3655326,,293.92529,38.738979,5751.0,1.626,1.028,
KIC 3656322,3656322,,294.16028,38.767429,5269.0,2.183,0.806,
KIC 3656700,3656700,,294.25818,38.706928,5869.0,2.313,1.302,
KIC 3659940,3659940,,295.00464,38.775478,5551.0,0.861,0.842,
KIC 3663494,3663494,,295.73334,38.792011,5955.0,0.91,0.999,
KIC 4949027,4949027,,297.88528,40.097321,5966.0,0.961,1.049,
KIC 4949214,4949214,,297.93069,40.014961,6484.0,1.153,1.178,
KIC 4950341,4950341,,298.16547,40.005249,6032.0,0.929,1.014,
KIC 4950557,4950557,,298.21442,40.0732,6300.0,1.862,1.214,
KIC 4995716,4995716,,286.54742,40.150539,5319.0,0.783,0.729,
KIC 5000179,5000179,,288.35828,40.17466,,,,
KIC 5017058,5017058,,293.53088,40.15049,6225.0,1.457,1.242,
KIC 5018787,5018787,,293.99124,40.18964,5370.0,0.671,0.649,
KIC 8345473,8345473,,282.18466,44.359459,4507.0,12.787,1.467,
KIC 5597361,5597361,,283.13373,40.852421,5931.0,1.087,0.967,
KIC 5598639,5598639,,283.77744,40.842037,5143.0,0.776,0.796,
KIC 5610698,5610698,,288.92068,40.881302,6567.0,1.636,1.084,
KIC 5616489,5616489,,290.72864,40.866501,5015.0,18.489,2.725,
KIC 5617510,5617510,,291.04001,40.84993,6865.0,2.211,0.983,
KIC 5621294,5621294,,292.21927,40.89333,8615.0,3.003,2.002,
KIC 5621299,5621299,,292.22049,40.88567,6534.0,1.797,1.395,
KIC 5622250,5622250,,292.51321,40.82756,6237.0,1.508,1.156,
KIC 5632781,5632781,,295.43829,40.843578,6047.0,2.3,1.021,
KIC 6594972,6594972,,288.29306,42.057369,5955.0,0.991,0.961,
KIC 6595662,6595662,,288.53311,42.047619,6038.0,1.076,0.958,
KIC 6603765,6603765,,291.09485,42.002918,5103.0,0.674,0.747,
KIC 6606282,6606282,,291.87244,42.030499,5838.0,7.385,2.172,
KIC 6606669,6606669,,291.99316,42.049259,4555.0,15.63,1.974,
KIC 6607610,6607610,,292.27612,42.037739,4938.0,4.33,1.669,
KIC 6610219,6610219,,293.02563,42.001381,6143.0,1.448,1.118,
KIC 6610433,6610433,,293.08749,42.024651,,,,
KIC 7368103,7368103,,293.41541,42.917259,8051.0,2.347,1.856,
KIC 7369523,7369523,,293.8414,42.948139,6156.0,0.932,1.0,
KIC 7376982,7376982,,295.82541,42.941639,6025.0,1.193,1.036,
KIC 7381580,7381580,,296.91513,42.905079,5442.0,0.747,0.811,
KIC 7381695,7381695,,296.93594,42.954231,5576.0,0.852,0.953,
KIC 7385387,7385387,,297.7178,42.989311,5438.0,0.82,0.92,
KIC 7385478,7385478,,297.74109,42.99609,6725.0,2.171,1.247,
KIC 7421876,7421876,,283.18817,43.01564,,,,
KIC 8243263,8243263,,295.22525,44.112679,6656.0,1.232,1.248,
KIC 8244295,8244295,,295.54388,44.12537,4856.0,0.728,0.793,
KIC 8248103,8248103,,296.69574,44.150761,5693.0,0.939,0.943,
KIC 8256882,8256882,,298.88669,44.11586,5598.0,1.594,1.028,
KIC 8262223,8262223,,300.33246,44.144138,7832.0,2.779,1.93,
KIC 8265520,8265520,,301.21725,44.13343,5548.0,2.113,1.021,
KIC 8265990,8265990,,301.36261,44.173409,6002.0,1.629,1.041,
KIC 8283875,8283875,,284.77267,44.249371,4336.0,0.59,0.574,
KIC 9119405,9119405,,300.89032,45.403431,5786.0,3.478,1.536,
KIC 9150870,9150870,,290.30801,45.598412,5610.0,0.858,0.953,
KIC 9156957,9156957,,292.78583,45.585789,3823.0,0.519,0.525,
KIC 9159301,9159301,,293.69333,45.517021,8199.0,3.163,2.039,
KIC 9163674,9163674,,295.28845,45.518337,6413.0,1.91,1.453,
KIC 9164788,9164788,,295.69476,45.529202,6593.0,1.561,1.302,
KIC 9172506,9172506,,297.96613,45.545792,6225.0,1.646,1.08,
KIC 9179531,9179531,,299.92822,45.595081,5806.0,0.975,0.923,
KIC 9963639,9963639,,296.69196,46.869171,9763.0,2.045,2.303,
KIC 9965691,9965691,,297.32681,46.845211,6407.0,2.191,1.355,
KIC 9971475,9971475,,298.99442,46.812408,5768.0,2.057,0.993,
KIC 10000490,10000490,,286.556,46.95734,6706.0,1.924,1.436,
KIC 10002049,10002049,,287.46475,46.96841,6060.0,0.953,1.036,
KIC 10014702,10014702,,293.12991,46.921768,6045.0,0.955,1.038,
KIC 10019854,10019854,,295.08221,46.941711,6534.0,1.199,1.219,
KIC 10020423,10020423,,295.29791,46.920471,5636.0,0.867,0.846,
KIC 11027270,11027270,,290.64642,48.597092,7163.0,2.177,1.392,
KIC 11027722,11027722,,290.90582,48.531811,6429.0,0.942,0.91,
KIC 11029877,11029877,,291.95267,48.568878,6640.0,1.25,1.261,
KIC 11068630,11068630,,282.55869,48.63097,5808.0,0.963,1.077,
KIC 11071207,11071207,,284.41779,48.680908,6698.0,1.485,1.197,
KIC 11073223,11073223,,285.71439,48.601822,6028.0,1.014,0.849,
KIC 11076279,11076279,,287.64722,48.646679,7360.0,2.024,1.521,
KIC 11092783,11092783,,295.83051,48.602261,3900.0,0.534,0.555,
KIC 11124509,11124509,,284.40344,48.70808,5615.0,0.893,0.929,
KIC 12454800,12454800,,288.29788,51.326519,6210.0,1.054,1.07,
KIC 12458817,12458817,,290.54504,51.32362,5191.0,0.65,0.635,
KIC 12470530,12470530,,296.24603,51.369099,4859.0,0.621,0.61,
KIC 12504353,12504353,,287.86331,51.488522,6184.0,1.038,1.1,
KIC 12506342,12506342,,289.04477,51.415379,4551.0,0.56,0.59,
KIC 12519942,12519942,,296.28311,51.404362,5061.0,0.814,0.771,
KIC 12555616,12555616,,289.82422,51.552029,5573.0,0.936,0.837,
KIC 12557713,12557713,,291.08231,51.558361,4705.0,0.552,0.552,
KIC 3733638,3733638,,287.22351,38.817612,5768.0,2.81,1.236,
KIC 3746248,3746248,,291.2598,38.897999,6661.0,1.29,1.33,
KIC 3748855,3748855,,291.93356,38.827202,5823.0,0.919,0.951,
KIC 3757588,3757588,,294.1434,38.893162,5354.0,0.804,0.737,
KIC 3764411,3764411,,295.68594,38.889359,5977.0,1.022,1.133,
KIC 3765692,3765692,,295.92456,38.876968,5327.0,0.681,0.772,
KIC 3766353,3766353,,296.05377,38.89426,6609.0,0.974,1.073,
KIC 5019567,5019567,,294.18454,40.150372,7537.0,2.145,1.703,
KIC 5021432,5021432,,294.6561,40.13726,,,,
KIC 5021732,5021732,,294.7312,40.15049,6410.0,1.178,1.077,
KIC 5022440,5022440,,294.90256,40.169979,5968.0,0.881,0.97,
KIC 5022900,5022900,,295.01114,40.151402,5584.0,0.885,0.974,
KIC 5024126,5024126,,295.27374,40.133659,5210.0,0.799,0.786,
KIC 5024268,5024268,,295.29596,40.186569,4899.0,18.92,3.05,
KIC 5024372,5024372,,295.31177,40.19759,5919.0,0.715,0.66,
KIC 5633259,5633259,,295.55298,40.877991,,,,
KIC 5647638,5647638,,298.64252,40.838909,6234.0,2.5,1.255,
KIC 5686974,5686974,,284.87558,40.984428,6057.0,0.999,0.896,
KIC 5696909,5696909,,289.07111,40.978809,5681.0,1.036,0.807,
KIC 5697628,5697628,,289.30341,40.924229,4936.0,0.628,0.689,
KIC 5700330,5700330,,290.15335,40.90163,5653.0,2.057,1.24,
KIC 5702770,5702770,,290.91504,40.988499,5830.0,0.876,0.97,
KIC 6614748,6614748,,294.28693,42.032791,6675.0,1.293,1.336,
KIC 6628926,6628926,,297.62299,42.09882,6274.0,1.428,1.024,
KIC 6629156,6629156,,297.66974,42.08886,,,,
KIC 6629588,6629588,,297.75565,42.009071,6782.0,1.752,1.155,
KIC 6636020,6636020,,299.02518,42.061729,5713.0,0.856,0.948,
KIC 6664842,6664842,,281.5202,42.169472,5529.0,1.412,0.965,
KIC 6665064,6665064,,281.64999,42.132061,5761.0,0.956,1.035,
KIC 6670610,6670610,,284.27499,42.123779,4183.0,0.594,0.582,
KIC 7431665,7431665,,287.37662,43.009491,4797.0,10.709,1.791,
KIC 7447895,7447895,,292.72079,43.076809,5450.0,0.83,0.939,
KIC 7455553,7455553,,294.83984,43.019718,6712.0,2.361,1.467,
KIC 7456521,7456521,,295.09634,43.047981,5956.0,0.929,0.797,
KIC 7461314,7461314,,296.23856,43.02179,5973.0,0.935,1.024,
KIC 7461521,7461521,,296.28384,43.033981,6296.0,1.35,1.093,
KIC 7499571,7499571,,280.46259,43.142052,5695.0,0.839,0.923,
KIC 7537660,7537660,,294.6015,43.159935,,,,
KIC 7541502,7541502,,295.57651,43.190327,5160.0,3.279,1.45,
KIC 8285254,8285254,,285.56534,44.29525,4969.0,0.537,0.574,
KIC 8285970,8285970,,285.95874,44.254719,5638.0,0.933,0.868,
KIC 8288719,8288719,,287.35971,44.294991,5242.0,0.622,0.616,
KIC 8294484,8294484,,289.94028,44.225719,6487.0,1.233,1.085,
KIC 8296467,8296467,,290.59256,44.206589,5497.0,0.9,0.782,
KIC 8301013,8301013,,292.29675,44.280571,6604.0,1.526,1.283,
KIC 8302455,8302455,,292.8627,44.22105,6078.0,2.059,1.156,
KIC 8302473,8302473,,292.8685,44.23616,5587.0,0.851,0.952,
KIC 8311864,8311864,Kepler-452,296.00369,44.277561,5579.0,0.798,0.892,551.727
KIC 9181340,9181340,,300.39902,45.521111,6181.0,1.028,0.925,
KIC 9203154,9203154,,284.12521,45.628052,5120.0,0.853,0.797,
KIC 9205993,9205993,,285.72537,45.666431,7358.0,1.637,1.449,
KIC 9207508,9207508,,286.59497,45.69828,6988.0,1.649,1.448,
KIC 9210828,9210828,,288.44455,45.612671,5033.0,0.655,0.638,
KIC 9221627,9221627,,293.17194,45.677391,6544.0,1.207,1.193,
KIC 9236858,9236858,,298.12146,45.651131,6735.0,1.309,1.275,
KIC 9243795,9243795,,300.12634,45.633549,5757.0,2.736,1.283,
KIC 9266285,9266285,,284.31046,45.76955,4504.0,0.709,0.701,
KIC 10026136,10026136,,297.17203,46.953949,6461.0,1.131,1.162,
KIC 10026457,10026457,,297.25931,46.989681,5382.0,0.669,0.749,
KIC 10031409,10031409,,298.68484,46.94997,6140.0,1.254,1.014,
KIC 10031526,10031526,,298.72095,46.933891,5602.0,0.817,0.913,
KIC 10031808,10031808,,298.79758,46.930244,6331.0,2.194,1.142,
KIC 10053138,10053138,,280.71948,47.07222,5410.0,1.056,0.875,
KIC 10063044,10063044,,286.29077,47.076221,7652.0,2.242,1.723,
KIC 10066755,10066755,,288.21976,47.041279,6881.0,1.714,1.356,
KIC 10070479,10070479,,289.96161,47.08036,4744.0,0.725,0.772,
KIC 11134079,11134079,,290.01401,48.701832,5388.0,0.715,0.701,
KIC 11137061,11137061,,291.61365,48.749451,5413.0,0.754,0.786,
KIC 11144439,11144439,,295.0618,48.798168,5595.0,0.796,0.89,
KIC 11147276,11147276,,296.14212,48.702141,5883.0,0.905,0.885,
KIC 11154043,11154043,,298.64676,48.784649,8912.0,2.299,2.164,
KIC 11182260,11182260,,287.26074,48.846512,4995.0,0.638,0.625,
KIC 11187972,11187972,,290.478,48.854645,6266.0,1.342,1.06,
KIC 3830820,3830820,,284.62024,38.969501,3849.0,0.546,0.549,
KIC 3831523,3831523,,284.89017,38.991505,6438.0,2.266,1.263,
KIC 3834364,3834364,,286.0722,38.972229,5631.0,0.764,0.702,
KIC 3836413,3836413,,286.94046,38.923927,5780.0,1.0,1.0,
KIC 3836439,3836439,,286.94843,38.928219,7394.0,2.283,1.502,
KIC 3838004,3838004,,287.55768,38.912231,5313.0,2.095,1.095,
KIC 3851134,3851134,,291.69427,38.986462,6469.0,1.193,1.26,
KIC 3851193,3851193,,291.70963,38.92136,6368.0,1.225,1.151,
KIC 9595956,9595956,,294.91272,46.264839,,,,
KIC 9655792,9655792,,294.4686,46.34129,6003.0,0.932,1.019,
KIC 9970396,9970396,,298.70981,46.833031,4894.0,5.568,1.051,
KIC 10079420,10079420,,293.54141,47.007912,,,,
KIC 10253638,10253638,,281.63889,47.314121,,,,
KIC 10267121,10267121,,288.91046,47.396709,6258.0,1.046,1.102,
KIC 10341777,10341777,,292.71817,47.469891,6302.0,0.815,0.831,
KIC 10407271,10407271,,292.86078,47.57457,5611.0,0.787,0.764,
KIC 10471167,10471167,,292.19189,47.690102,4753.0,0.717,0.72,
KIC 10471174,10471174,,292.19583,47.661518,5619.0,0.838,0.927,
KIC 10471345,10471345,,292.26321,47.643478,5649.0,0.741,0.841,
KIC 11296798,11296798,,291.76938,49.075165,6335.0,3.523,1.774,
KIC 11463950,11463950,,295.95383,49.374859,7064.0,2.531,1.806,
KIC 11559304,11559304,,291.97635,49.575771,3578.0,0.375,0.401,
KIC 11621897,11621897,,296.82455,49.68491,6297.0,1.031,1.084,
KIC 12253534,12253534,,288.66644,50.982529,6098.0,1.59,1.152,
KIC 12304202,12304202,,289.52319,51.069191,,,,
KIC 4737267,4737267,,288.91531,39.804981,5180.0,3.371,1.112,
KIC 5955321,5955321,,290.18271,41.21664,6360.0,1.058,1.105,
KIC 3123418,3123418,,293.02545,38.213261,5853.0,0.868,0.961,
KIC 3458687,3458687,,295.08774,38.562061,6431.0,5.294,1.932,
KIC 3955867,3955867,,291.93008,39.072079,4774.0,6.447,0.871,
KIC 3965201,3965201,,294.31064,39.049702,7854.0,3.462,2.039,
KIC 4074294,4074294,,295.72275,39.183449,6228.0,2.975,1.504,
KIC 4380560,4380560,,295.3815,39.453732,6106.0,0.966,1.043,
KIC 4384652,4384652,,296.17712,39.439419,5714.0,0.711,0.78,
KIC 4483235,4483235,,296.23389,39.560089,8784.0,1.967,2.017,
KIC 4662363,4662363,,293.87805,39.789089,,,,
KIC 4680745,4680745,,297.77371,39.739441,6525.0,1.805,1.167,
KIC 4851195,4851195,,295.82941,39.912182,6446.0,1.155,1.17,
KIC 4862924,4862924,,298.27673,39.903851,6315.0,1.095,1.066,
KIC 5024414,5024414,,295.31638,40.18652,5000.0,10.533,2.615,
KIC 5177065,5177065,,288.81137,40.361938,6472.0,1.299,1.146,
KIC 5268955,5268955,,289.96063,40.479839,5845.0,1.352,1.003,
KIC 5271090,5271090,,290.56674,40.449902,5275.0,0.796,0.739,
KIC 5444276,5444276,,290.48553,40.630699,6528.0,1.155,1.177,
KIC 5598645,5598645,,283.78003,40.818779,4973.0,4.708,1.306,
KIC 5696518,5696518,,288.92908,40.917622,,,,
KIC 5878506,5878506,,292.5253,41.197231,,,,
KIC 5908086,5908086,,299.64996,41.113209,6691.0,7.781,2.703,
KIC 6307243,6307243,,297.67926,41.613731,9024.0,2.005,2.092,
KIC 6350522,6350522,,286.88757,41.75547,4541.0,0.669,0.661,
KIC 6385302,6385302,,297.55707,41.78577,,,,
KIC 6443274,6443274,,291.95438,41.826969,4486.0,0.646,0.668,
KIC 6508734,6508734,,287.08438,41.95406,3622.0,0.43,0.451,
KIC 6527050,6527050,,293.2829,41.969261,,,,
KIC 6590362,6590362,,286.45126,42.012489,5926.0,0.887,0.978,
KIC 6628740,6628740,,297.58078,42.061459,6266.0,1.613,1.108,
KIC 6876575,6876575,,295.51334,42.31879,9051.0,4.232,2.738,
KIC 7031126,7031126,,290.98584,42.595551,5102.0,1.961,0.86,
KIC 7031208,7031208,,291.0116,42.553822,6319.0,1.032,1.084,
KIC 7031742,7031742,,291.19305,42.556541,6063.0,1.012,1.117,
KIC 7032568,7032568,,291.46033,42.581261,6432.0,1.603,0.977,
KIC 7032687,7032687,,291.49487,42.53331,6215.0,0.872,0.968,
KIC 7115384,7115384,,291.03226,42.650471,3789.0,27.384,0.969,
KIC 7116282,7116282,,291.3284,42.643028,5490.0,0.887,0.783,
KIC 7116859,7116859,,291.49725,42.618191,5766.0,0.94,0.874,
KIC 7133286,7133286,,296.05859,42.669567,4374.0,0.635,0.621,
KIC 7186259,7186259,,286.94995,42.741459,,,,
KIC 7214090,7214090,,295.69482,42.756962,5730.0,0.908,0.96,
KIC 7281694,7281694,,291.68167,42.809319,5018.0,1.734,0.985,
KIC 7362450,7362450,,291.68283,42.932812,5616.0,1.547,0.958,
KIC 8007262,8007262,,281.88489,43.860657,6664.0,1.675,1.415,
KIC 8096395,8096395,,291.35892,43.93681,5941.0,0.945,0.948,
KIC 8106973,8106973,,295.01907,43.959839,5810.0,0.811,0.885,
KIC 8168509,8168509,,292.8259,44.098389,7037.0,1.683,1.417,
KIC 8258103,8258103,,299.20239,44.14175,8596.0,2.968,1.994,
KIC 8297319,8297319,,290.90695,44.291779,4906.0,0.668,0.736,
KIC 8423344,8423344,,288.96823,44.448341,3761.0,0.526,0.535,
KIC 8444868,8444868,,296.70224,44.449451,6525.0,1.359,1.194,
KIC 8579684,8579684,,298.20016,44.608501,6593.0,1.67,1.335,
KIC 8649876,8649876,,299.53748,44.71151,6183.0,2.073,1.268,
KIC 8682094,8682094,,289.0155,44.88205,,,,
KIC 8846809,8846809,,300.63303,45.07666,7846.0,3.066,1.898,
KIC 8868686,8868686,,284.41647,45.138889,6137.0,1.076,0.96,
KIC 9025662,9025662,,293.16879,45.38773,6054.0,0.893,0.938,
KIC 8572936,8572936,,296.43582,44.64156,5915.0,1.13,0.992,
KIC 9837578,9837578,,294.49698,46.689758,5620.0,0.974,0.797,
KIC 7821010,7821010,,291.31985,43.59547,6457.0,1.365,1.233,
KIC 5473556,5473556,,298.15009,40.65617,6217.0,1.464,0.882,
KIC 6504534,6504534,,285.16711,41.967079,4936.0,0.761,0.734,
KIC 6307062,6307062,,297.62912,41.64151,5420.0,0.771,0.864,
KIC 9092897,9092897,,293.34308,45.444969,,,,
KIC 9246715,9246715,,300.95135,45.604118,4857.0,14.219,1.95,
KIC 9292130,9292130,,296.06937,45.703098,6176.0,2.16,1.31,
KIC 9541144,9541144,,297.28665,46.139839,5490.0,2.825,1.396,
KIC 8677057,8677057,,286.31052,44.838188,4612.0,0.662,0.726,
KIC 8702537,8702537,,296.5477,44.898041,5616.0,1.602,0.894,
KIC 8757213,8757213,,293.2709,44.919102,6268.0,1.1,1.188,
KIC 8880003,8880003,,289.77744,45.153191,5813.0,0.833,0.925,
KIC 8953296,8953296,,291.93869,45.222198,6576.0,1.455,1.147,
KIC 8749844,8749844,,290.40793,44.96394,9492.0,4.298,2.806,
KIC 8962007,8962007,,294.94873,45.210251,5470.0,0.994,0.837,
KIC 8703491,8703491,,296.81982,44.869434,6045.0,1.34,1.205,
KIC 9043947,9043947,,298.25204,45.396641,6014.0,2.246,1.281,
KIC 9079587,9079587,,287.71542,45.436329,5606.0,0.8,0.841,
KIC 8703506,8703506,,296.82361,44.855309,6112.0,0.908,0.981,
KIC 8590776,8590776,,301.16556,44.664108,5818.0,0.848,0.937,
KIC 8761550,8761550,,294.86639,44.980991,5786.0,1.771,1.124,
KIC 8686761,8686761,,290.87735,44.861591,5382.0,2.909,1.363,
KIC 8873450,8873450,Kepler-1975,286.74857,45.158741,4450.0,0.707,0.698,
KIC 8880317,8880317,,289.92197,45.10392,6337.0,1.239,1.019,
KIC 8750503,8750503,,290.64545,44.904202,5010.0,0.75,0.72,
KIC 8639155,8639155,,296.78802,44.7696,6240.0,2.948,1.515,
KIC 9021047,9021047,,291.49545,45.378941,6340.0,1.01,1.066,
KIC 8587439,8587439,,300.18503,44.635578,5892.0,0.935,0.781,
KIC 8712863,8712863,,299.25092,44.856091,6894.0,4.032,1.774,
KIC 9079915,9079915,,287.89935,45.417488,6636.0,1.236,1.251,
KIC 10208894,10208894,,292.32233,47.255112,4959.0,11.963,1.934,
KIC 10214873,10214873,,294.56131,47.298092,5717.0,0.884,0.984,
KIC 10253977,10253977,,281.87015,47.394989,5307.0,0.753,0.843,
KIC 10268714,10268714,,289.64059,47.346439,6664.0,1.73,1.3,
KIC 10281311,10281311,,294.64493,47.338921,6306.0,1.076,1.126,
KIC 10341876,10341876,,292.75928,47.430401,5845.0,0.918,0.838,
KIC 10351947,10351947,,296.38278,47.409592,4845.0,7.796,1.748,
KIC 10160922,10160922,,298.31586,47.105091,5774.0,0.818,0.907,
KIC 10198225,10198225,,287.55182,47.244862,5094.0,4.163,1.517,
KIC 10214341,10214341,,294.38254,47.205769,6461.0,0.971,1.025,
KIC 10219288,10219288,,296.08136,47.275814,3974.0,59.437,1.467,
KIC 10226343,10226343,,298.13785,47.25856,6520.0,1.215,1.279,
KIC 10263598,10263598,,287.09363,47.3713,5096.0,8.038,2.394,
KIC 10266860,10266860,,288.78162,47.39735,6511.0,1.851,1.261,
KIC 4763020,4763020,,295.94016,39.849072,5884.0,1.628,0.921,
KIC 5128966,5128966,,298.89563,40.28949,5941.0,0.924,0.962,
KIC 5288744,5288744,,295.53885,40.409279,6045.0,1.719,0.975,
KIC 5305225,5305225,,298.89359,40.437752,5708.0,0.933,0.926,
KIC 5598216,5598216,,283.56866,40.865761,5846.0,1.116,0.821,
KIC 5637036,5637036,,296.42337,40.892471,4932.0,12.048,2.632,
KIC 5647008,5647008,,298.52679,40.858391,5568.0,0.882,0.873,
KIC 10385708,10385708,,282.21188,47.577,5845.0,1.702,1.115,
KIC 10404545,10404545,,291.75497,47.549332,5188.0,0.69,0.768,
KIC 10425070,10425070,,298.68832,47.513821,5648.0,0.841,0.939,
KIC 10461045,10461045,,287.82239,47.690208,6732.0,1.316,1.185,
KIC 10493253,10493253,,299.40509,47.620991,4742.0,21.291,2.075,
KIC 10515564,10515564,,282.05078,47.743992,5450.0,0.83,0.939,
KIC 10321927,10321927,,283.17575,47.401718,5334.0,0.81,0.743,
KIC 10321972,10321972,,283.2048,47.478271,5592.0,0.894,0.764,
KIC 10322797,10322797,,283.66428,47.40097,6532.0,1.987,1.319,
KIC 10331279,10331279,,288.27457,47.495781,5663.0,0.782,0.847,
KIC 10338529,10338529,,291.46838,47.4674,6136.0,1.087,1.005,
KIC 10340212,10340212,,292.11115,47.452293,2661.0,0.116,0.094,
KIC 10383729,10383729,,280.90179,47.526241,6046.0,1.007,1.111,
KIC 5709226,5709226,,292.96835,40.954239,5665.0,0.82,0.916,
KIC 5775090,5775090,,286.24023,41.022572,4403.0,0.576,0.606,
KIC 5791705,5791705,,292.06931,41.042858,6228.0,1.427,1.156,
KIC 5802205,5802205,,295.08749,41.037395,6180.0,1.917,1.185,
KIC 5812648,5812648,,297.44507,41.010571,6565.0,3.308,1.493,
KIC 5858919,5858919,,285.29388,41.1026,3297.0,151.184,1.436,
KIC 5872139,5872139,,290.42435,41.183498,6089.0,1.024,1.125,
KIC 10519701,10519701,,284.42633,47.737759,6122.0,2.348,1.299,
KIC 10664150,10664150,,291.29425,47.944511,6296.0,0.966,1.03,
KIC 10735575,10735575,,293.57895,48.00602,3940.0,84.461,1.498,
KIC 10753394,10753394,,298.98932,48.077171,4326.0,0.575,0.56,
KIC 10875937,10875937,,297.23099,48.223919,4878.0,4.461,0.874,
KIC 10907307,10907307,,284.74127,48.34367,6046.0,1.048,0.91,
KIC 11087662,11087662,,293.60757,48.658379,6564.0,1.461,1.235,
KIC 10389280,10389280,,284.34103,47.55378,11357.0,4.528,3.472,
KIC 10397315,10397315,,288.61859,47.557201,6014.0,0.958,1.043,
KIC 10403228,10403228,,291.22672,47.54998,3391.0,0.311,0.304,
KIC 10405224,10405224,,292.0274,47.509682,4938.0,0.753,0.836,
KIC 10405482,10405482,,292.13193,47.56374,6223.0,1.006,1.063,
KIC 10405546,10405546,,292.15488,47.562019,6367.0,1.087,1.131,
KIC 10407191,10407191,,292.832,47.507389,,,,
KIC 5955197,5955197,,290.14304,41.27755,5316.0,0.753,0.715,
KIC 5955427,5955427,,290.2196,41.246811,4594.0,0.752,0.744,
KIC 5956977,5956977,,290.71783,41.247318,4763.0,7.068,0.882,
KIC 6043574,6043574,,292.19037,41.31144,6056.0,2.29,1.252,
KIC 6049470,6049470,,293.96423,41.318802,3778.0,0.515,0.533,
KIC 6105359,6105359,,284.93216,41.45401,5533.0,1.255,1.009,
KIC 6114140,6114140,,288.7709,41.412571,6367.0,1.087,1.131,
KIC 11099109,11099109,,298.18619,48.685757,5780.0,1.0,1.0,
KIC 11124353,11124353,,284.29269,48.704021,5743.0,0.853,0.949,
KIC 11338091,11338091,,284.79071,49.125359,6392.0,1.34,1.067,
KIC 11400356,11400356,,290.47623,49.20261,5511.0,0.872,0.833,
KIC 11446424,11446424,,286.79462,49.347591,5447.0,0.859,0.864,
KIC 11449696,11449696,,288.81409,49.35561,6106.0,0.94,1.013,
KIC 11456839,11456839,,292.73511,49.330639,5013.0,19.813,3.549,
KIC 10452252,10452252,,283.15057,47.671967,3374.0,0.218,0.202,
KIC 10462462,10462462,,288.49582,47.640781,,,,
KIC 10470882,10470882,,292.08099,47.613461,5628.0,0.808,0.903,
KIC 10470993,10470993,,292.12277,47.646069,6363.0,1.131,1.17,
KIC 10471005,10471005,,292.12784,47.614342,5593.0,1.094,0.976,
KIC 10471055,10471055,,292.14102,47.62624,6102.0,0.887,0.968,
KIC 10471204,10471204,,292.20523,47.6483,5734.0,0.883,0.982,
KIC 6119605,6119605,,290.51993,41.46513,5250.0,0.608,0.65,
KIC 6230649,6230649,,298.46213,41.5256,6743.0,1.433,1.043,
KIC 6286633,6286633,,292.32611,41.671761,5083.0,12.868,3.083,
KIC 6451125,6451125,,294.42145,41.8969,6793.0,1.96,1.181,
KIC 6507334,6507334,,286.47037,41.994789,6242.0,1.047,1.104,
KIC 6516529,6516529,,289.98419,41.918591,5947.0,0.945,1.0,
KIC 6521526,6521526,,291.52393,41.94294,3749.0,0.581,0.582,
KIC 11501492,11501492,,288.72406,49.466091,6164.0,1.045,1.109,
KIC 11558217,11558217,,291.34402,49.577091,6740.0,1.471,1.155,
KIC 11649292,11649292,,284.10953,49.733379,5078.0,3.0,0.989,
KIC 11760931,11760931,,290.60349,49.99242,6032.0,0.973,1.055,
KIC 11854061,11854061,,285.73474,50.124962,4559.0,0.655,0.641,
KIC 11868122,11868122,,293.96844,50.178219,6070.0,1.191,0.794,
KIC 11872364,11872364,,295.86533,50.13348,5573.0,0.981,0.845,
KIC 10471243,10471243,,292.22083,47.635689,5665.0,0.82,0.916,
KIC 10471296,10471296,,292.24588,47.63343,5595.0,0.796,0.89,
KIC 10535886,10535886,,292.17847,47.750751,3885.0,0.54,0.545,
KIC 10535897,10535897,,292.18378,47.722832,6221.0,0.983,0.995,
KIC 10535926,10535926,,292.19623,47.76659,6028.0,0.95,0.969,
KIC 10535991,10535991,,292.2276,47.746262,5978.0,0.846,0.932,
KIC 10536177,10536177,,292.31165,47.72583,5984.0,1.017,0.991,
KIC 6600492,6600492,,290.08203,42.071129,5818.0,0.925,1.039,
KIC 6685403,6685403,,289.96942,42.138859,5587.0,0.877,0.891,
KIC 6846544,6846544,,286.08136,42.30574,6486.0,1.812,1.174,
KIC 6848529,6848529,,286.91888,42.306129,10974.0,2.677,2.873,
KIC 6887321,6887321,,297.92798,42.310829,5860.0,1.13,0.987,
KIC 6953281,6953281,,293.26727,42.42807,6322.0,1.075,1.124,
KIC 7020168,7020168,,287.24051,42.573139,5548.0,1.616,0.889,
KIC 12012872,12012872,,291.48068,50.47366,5715.0,0.782,0.872,
KIC 12069319,12069319,,295.39795,50.539268,5386.0,11.839,3.083,
KIC 12121118,12121118,,296.65671,50.68721,6075.0,0.969,1.048,
KIC 12252732,12252732,,288.19321,50.921619,5618.0,1.288,0.865,
KIC 12554051,12554051,,288.81714,51.592911,4787.0,8.522,1.129,
KIC 12554485,12554485,,289.09082,51.532009,5515.0,0.82,0.791,
KIC 12555140,12555140,,289.52121,51.57468,6420.0,0.941,1.001,
KIC 10536241,10536241,,292.33951,47.746391,5975.0,1.072,0.907,
KIC 10614845,10614845,,297.1684,47.821129,4891.0,0.571,0.572,
KIC 10616829,10616829,,297.74243,47.891682,7031.0,1.523,1.415,
KIC 10686909,10686909,,299.06802,47.920029,5657.0,2.682,1.38,
KIC 10730250,10730250,,291.47424,48.026958,5796.0,0.807,0.856,
KIC 10790401,10790401,,289.0275,48.13792,5193.0,6.502,2.018,
KIC 10801951,10801951,,293.76025,48.145248,5883.0,0.959,1.005,
KIC 7049771,7049771,,296.18787,42.57666,4959.0,4.486,1.049,
KIC 7053328,7053328,,297.0069,42.597229,6785.0,2.623,1.542,
KIC 7106437,7106437,,288.08237,42.636909,7021.0,1.976,1.526,
KIC 7117050,7117050,,291.55719,42.694649,4769.0,14.706,3.02,
KIC 7185710,7185710,,286.72119,42.778511,5128.0,6.775,2.063,
KIC 7282872,7282872,,292.04956,42.870251,6251.0,0.889,0.977,
KIC 7340624,7340624,,283.32138,42.939289,5900.0,0.951,1.065,
KIC 12647110,12647110,,290.48471,51.72855,5059.0,2.799,0.834,
KIC 12647757,12647757,,290.86276,51.701908,5037.0,4.817,1.513,
KIC 3629119,3629119,,286.04395,38.708801,5762.0,0.801,0.892,
KIC 3662635,3662635,,295.56934,38.726059,5826.0,0.978,0.772,
KIC 3734501,3734501,,287.5589,38.88081,4785.0,6.443,1.546,
KIC 4169315,4169315,,294.33698,39.29496,6525.0,1.161,1.183,
KIC 4446859,4446859,,285.60822,39.5793,6067.0,1.195,0.934,
KIC 9084569,9084569,,290.19992,45.419998,5060.0,0.869,0.856,
KIC 9087580,9087580,,291.37222,45.468102,5058.0,0.739,0.827,
KIC 9099607,9099607,,295.50128,45.433979,5926.0,0.887,0.978,
KIC 10844823,10844823,,283.29706,48.266628,5176.0,0.766,0.79,
KIC 10862284,10862284,,292.28278,48.256672,5849.0,0.919,1.014,
KIC 10862759,10862759,,292.48358,48.275219,6870.0,1.407,1.337,
KIC 10877024,10877024,,297.56628,48.288342,6315.0,1.282,1.083,
KIC 10920281,10920281,,291.94415,48.351791,3704.0,0.45,0.463,
KIC 10920420,10920420,,292.00674,48.306309,6947.0,2.297,1.511,
KIC 11032748,11032748,,293.31909,48.518608,6008.0,0.875,0.961,
KIC 7622473,7622473,,296.01974,43.23439,3674.0,89.878,0.833,
KIC 7662744,7662744,,283.11157,43.346771,5849.0,0.919,1.014,
KIC 7686191,7686191,,293.03891,43.384048,5477.0,0.818,0.905,
KIC 7690521,7690521,,294.42719,43.38464,5518.0,0.822,0.733,
KIC 7747835,7747835,,290.02124,43.402161,6131.0,0.945,1.023,
KIC 7762886,7762886,,295.03894,43.477329,4875.0,0.81,0.781,
KIC 7811537,7811537,,287.72198,43.596432,6321.0,1.125,1.207,
KIC 4566999,4566999,,293.20059,39.664879,5657.0,0.824,0.919,
KIC 4569942,4569942,,293.94141,39.642658,5291.0,0.926,0.828,
KIC 4572728,4572728,,294.63766,39.655811,6299.0,1.754,1.095,
KIC 4772095,4772095,,297.76138,39.854195,6832.0,2.578,1.717,
KIC 4847801,4847801,,295.06955,39.953491,5162.0,0.754,0.845,
KIC 5026023,5026023,,295.60205,40.175331,6249.0,1.076,1.13,
KIC 5098334,5098334,,291.52951,40.252918,5547.0,0.911,1.005,
KIC 9101271,9101271,,295.9964,45.461231,6167.0,1.195,1.034,
KIC 9118340,9118340,,300.56625,45.42445,7030.0,3.512,2.011,
KIC 9142714,9142714,,286.04276,45.511211,,,,
KIC 9159198,9159198,,293.65582,45.511108,6181.0,0.98,1.042,
KIC 9210820,9210820,,288.43912,45.68721,5031.0,0.615,0.608,
KIC 9227215,9227215,,295.22937,45.624889,6086.0,1.116,1.037,
KIC 9278575,9278575,,290.89395,45.71664,5637.0,0.833,0.73,
KIC 11098004,11098004,,297.74451,48.693668,6293.0,1.213,1.045,
KIC 11135119,11135119,,290.57559,48.785881,5216.0,3.207,1.27,
KIC 11139682,11139682,,292.9603,48.7005,6386.0,1.123,1.161,
KIC 11145726,11145726,,295.60391,48.718151,5180.0,4.717,1.673,
KIC 11152950,11152950,,298.23053,48.794109,6619.0,3.41,1.67,
KIC 11182706,11182706,,287.59253,48.886459,4859.0,12.023,1.594,
KIC 11294822,11294822,,290.6962,49.066078,4829.0,0.794,0.843,
KIC 7874976,7874976,,284.69919,43.681171,6137.0,1.187,0.993,
KIC 7888957,7888957,,291.10947,43.635181,4994.0,7.619,2.124,
KIC 7900114,7900114,,294.85776,43.677929,5412.0,0.887,0.936,
KIC 7936194,7936194,,280.33868,43.706039,5335.0,1.794,1.104,
KIC 7959310,7959310,,291.54568,43.789879,6382.0,1.5,1.068,
KIC 8012732,8012732,,284.72949,43.864216,6221.0,1.312,1.24,
KIC 5391407,5391407,,298.81052,40.540199,6424.0,1.18,1.242,
KIC 5468555,5468555,,296.98615,40.67511,6469.0,1.171,1.143,
KIC 5638699,5638699,,296.78223,40.835541,5770.0,1.326,1.017,
KIC 5683219,5683219,,282.96545,40.922619,5485.0,0.788,0.716,
KIC 5871116,5871116,,290.10568,41.13895,5119.0,0.827,0.777,
KIC 5956171,5956171,,290.4519,41.22551,6299.0,0.95,1.008,
KIC 6032318,6032318,,288.43362,41.358391,5205.0,0.679,0.755,
KIC 9347066,9347066,,293.7041,45.892509,5299.0,0.848,0.896,
KIC 9390228,9390228,,284.67227,45.97382,5880.0,0.891,0.949,
KIC 9392016,9392016,,285.71143,45.920658,5882.0,0.833,0.923,
KIC 9429631,9429631,,300.38046,45.973549,5455.0,0.909,0.795,
KIC 9469494,9469494,,293.68533,46.095737,5989.0,2.467,1.289,
KIC 9518558,9518558,,288.14877,46.196911,6290.0,0.898,0.99,
KIC 9521317,9521317,,289.67508,46.131882,6077.0,0.999,1.077,
KIC 11296205,11296205,,291.45468,49.043289,6156.0,0.824,0.906,
KIC 11348086,11348086,,290.57971,49.18998,6032.0,0.949,0.948,
KIC 11350634,11350634,,291.96802,49.115311,4951.0,4.342,1.537,
KIC 11357185,11357185,,295.08365,49.170158,6218.0,1.131,1.219,
KIC 11358305,11358305,,295.59012,49.198601,6738.0,1.692,1.351,
KIC 11392362,11392362,,285.74564,49.238869,6214.0,1.076,1.169,
KIC 11443757,11443757,,285.08685,49.36282,5216.0,4.303,1.703,
KIC 8028465,8028465,,291.67062,43.814461,4393.0,0.526,0.522,
KIC 8129641,8129641,,300.95416,43.991718,6014.0,0.958,1.043,
KIC 8226720,8226720,,289.4827,44.17889,6428.0,0.977,0.998,
KIC 8307354,8307354,,294.57861,44.21526,5546.0,0.81,0.907,
KIC 8439949,8439949,,295.16364,44.422211,6429.0,1.116,1.152,
KIC 8527297,8527297,,301.6618,44.577499,,,,
KIC 8588982,8588982,,300.58768,44.681862,4575.0,10.788,1.66,
KIC 6182508,6182508,,282.90985,41.502739,3710.0,0.452,0.467,
KIC 6195669,6195669,,288.81357,41.555119,5755.0,0.776,0.85,
KIC 6356506,6356506,,289.32593,41.749939,6292.0,1.078,1.129,
KIC 6583107,6583107,,283.24283,42.028561,5860.0,1.197,0.917,
KIC 6681618,6681618,,288.77316,42.137081,6047.0,1.002,1.081,
KIC 6946985,6946985,,291.2955,42.44994,9935.0,1.996,2.332,
KIC 7106438,7106438,,288.08368,42.676392,6129.0,1.055,1.06,
KIC 9529148,9529148,,292.9418,46.193691,6311.0,1.172,1.253,
KIC 9531850,9531850,,294.08633,46.131641,5780.0,1.0,1.0,
KIC 9541094,9541094,,297.27579,46.132751,5887.0,1.001,0.965,
KIC 9579753,9579753,,287.9549,46.298271,4327.0,0.614,0.6,
KIC 9588880,9588880,,292.16595,46.227631,,,,
KIC 9592831,9592831,,293.76086,46.231201,5296.0,0.815,0.911,
KIC 9602658,9602658,,297.16284,46.27631,3745.0,0.427,0.438,
KIC 11453349,11453349,,290.81824,49.30558,6063.0,1.001,1.079,
KIC 11560397,11560397,,292.54663,49.543373,6762.0,2.637,1.386,
KIC 11565903,11565903,,295.14056,49.55706,5282.0,8.243,2.118,
KIC 11601597,11601597,,286.47849,49.64114,6124.0,1.315,0.991,
KIC 11612241,11612241,,292.65387,49.644138,5953.0,0.99,0.968,
KIC 11661803,11661803,,291.88229,49.748161,6289.0,1.093,1.121,
KIC 8608544,8608544,,284.19217,44.762112,6450.0,1.155,1.183,
KIC 8618147,8618147,,289.29507,44.71656,6214.0,1.076,1.169,
KIC 8630840,8630840,,294.13348,44.71735,6179.0,1.555,1.199,
KIC 8683144,8683144,,289.48599,44.886089,6008.0,0.897,0.97,
KIC 8708961,8708961,,298.21265,44.80479,6028.0,1.63,0.999,
KIC 8740744,8740744,,285.94116,44.994148,6018.0,0.975,1.058,
KIC 7451315,7451315,,293.7084,43.08815,6063.0,0.941,0.959,
KIC 7751294,7751294,,291.19321,43.475128,6388.0,1.033,1.035,
KIC 7832787,7832787,,295.22299,43.590439,5741.0,0.898,0.934,
KIC 8008913,8008913,,282.90509,43.871769,4559.0,0.648,0.707,
KIC 8022520,8022520,,289.66574,43.879459,6263.0,1.009,1.068,
KIC 8108450,8108450,,295.49759,43.909611,5425.0,0.847,0.796,
KIC 8293631,8293631,,289.64142,44.224751,5323.0,15.075,2.683,
KIC 9604563,9604563,,297.69662,46.264679,5521.0,0.734,0.821,
KIC 9639021,9639021,,286.80914,46.390411,5349.0,0.836,0.767,
KIC 9640649,9640649,,287.81287,46.340569,5806.0,0.899,0.996,
KIC 9643210,9643210,,289.24158,46.359711,3274.0,0.224,0.202,
KIC 9650579,9650579,,292.41211,46.36388,5580.0,0.886,0.989,
KIC 9650762,9650762,,292.48166,46.371479,5769.0,0.812,0.9,
KIC 9651155,9651155,,292.64063,46.388039,8059.0,2.859,1.834,
KIC 11709006,11709006,,289.7356,49.859787,6014.0,0.993,1.101,
KIC 11714107,11714107,,292.58734,49.834469,5650.0,0.906,0.92,
KIC 11724094,11724094,,296.97861,49.817329,6325.0,1.112,1.157,
KIC 11774383,11774383,,297.04431,49.9702,5780.0,1.0,1.0,
KIC 11804952,11804952,,286.56653,50.08947,5008.0,12.39,2.844,
KIC 11819135,11819135,,294.45728,50.03027,6929.0,1.704,1.343,
KIC 11904835,11904835,,286.12177,50.279449,5968.0,0.881,0.97,
KIC 8742735,8742735,,287.04742,44.987968,5652.0,0.798,0.888,
KIC 8743244,8743244,,287.33807,44.918709,6060.0,1.068,1.061,
KIC 8748435,8748435,,289.86804,44.96003,5374.0,0.744,0.833,
KIC 8766268,8766268,,296.42264,44.976181,5815.0,0.877,0.973,
KIC 8808064,8808064,,287.10013,45.00631,5911.0,0.887,0.972,
KIC 8813404,8813404,,289.75296,45.00629,5804.0,1.234,0.909,
KIC 8329346,8329346,,300.69672,44.298409,5289.0,0.79,0.886,
KIC 8637903,8637903,,296.40787,44.77364,6551.0,1.195,1.215,
KIC 8673511,8673511,,284.29565,44.895859,5651.0,0.953,0.998,
KIC 8873674,8873674,,286.86218,45.151569,5659.0,0.869,0.95,
KIC 9011955,9011955,,287.86737,45.321289,6268.0,1.1,1.188,
KIC 9159288,9159288,,293.68979,45.549332,6592.0,1.19,1.211,
KIC 9209808,9209808,,287.89438,45.606468,5094.0,0.736,0.821,
KIC 9656547,9656547,,294.77216,46.377731,5044.0,0.686,0.762,
KIC 9658192,9658192,,295.39212,46.329639,5793.0,0.925,0.954,
KIC 9710611,9710611,,291.97656,46.414631,6165.0,1.177,1.051,
KIC 9710626,9710626,,291.98297,46.486462,5189.0,0.85,0.951,
KIC 9710792,9710792,,292.05267,46.43021,6306.0,1.076,1.126,
KIC 9770983,9770983,,291.9935,46.516071,5977.0,1.022,1.133,
KIC 9777089,9777089,,294.47092,46.592979,6654.0,1.712,1.386,
KIC 11918793,11918793,,294.21954,50.260738,5979.0,1.004,1.033,
KIC 11922290,11922290,,295.80801,50.227188,5412.0,0.712,0.674,
KIC 11966668,11966668,,293.5318,50.311291,5254.0,0.73,0.816,
KIC 11967872,11967872,,294.07483,50.39724,5910.0,0.94,1.032,
KIC 12004656,12004656,,286.409,50.41811,3932.0,0.52,0.548,
KIC 12008916,12008916,,289.09659,50.427181,5166.0,6.891,2.282,
KIC 12021943,12021943,,296.14963,50.46661,6108.0,1.03,1.132,
KIC 8815031,8815031,,290.36932,45.009258,5764.0,0.863,0.959,
KIC 8821936,8821936,,293.064,45.03421,6227.0,1.089,1.025,
KIC 8832676,8832676,,296.79715,45.027962,3737.0,0.466,0.476,
KIC 8873873,8873873,,286.94946,45.142139,5332.0,0.762,0.708,
KIC 9075882,9075882,,285.66858,45.45433,5931.0,0.863,0.953,
KIC 9084832,9084832,,290.3038,45.443291,5359.0,0.95,0.832,
KIC 9093859,9093859,,293.66754,45.498451,5390.0,0.78,0.875,
KIC 9239670,9239670,,298.90518,45.61084,5678.0,1.298,0.891,
KIC 9388557,9388557,,283.77472,45.910831,5125.0,6.69,1.587,
KIC 9532997,9532997,,294.48926,46.140121,6477.0,1.187,1.182,
KIC 9536836,9536836,,295.90207,46.116138,6146.0,0.943,1.02,
KIC 9592621,9592621,,293.6839,46.265541,5440.0,0.901,0.931,
KIC 10010452,10010452,,291.28595,46.920551,5482.0,0.826,0.918,
KIC 10226420,10226420,,298.15732,47.29166,6353.0,1.134,1.174,
KIC 9777990,9777990,,294.7959,46.521626,3358.0,0.174,0.155,
KIC 9813678,9813678,,282.509,46.634441,5398.0,1.843,0.821,
KIC 9826551,9826551,,289.91638,46.677559,6325.0,1.676,1.325,
KIC 9838537,9838537,,294.85934,46.635689,5852.0,0.837,0.928,
KIC 9838761,9838761,,294.94775,46.671951,5460.0,0.734,0.686,
KIC 9839062,9839062,,295.06592,46.686432,6339.0,1.017,1.069,
KIC 9851983,9851983,,299.0531,46.620392,6184.0,2.646,1.179,
KIC 12156930,12156930,,290.03943,50.768501,6339.0,1.224,1.129,
KIC 12266099,12266099,,295.57001,50.9049,4840.0,0.749,0.727,
KIC 12307496,12307496,,291.55447,51.043201,5022.0,0.672,0.651,
KIC 12419303,12419303,,296.6366,51.22134,6309.0,1.044,1.096,
KIC 12453855,12453855,,287.71039,51.317638,5240.0,0.774,0.724,
KIC 12459808,12459808,,291.09753,51.310925,6306.0,1.197,1.064,
KIC 12602999,12602999,,290.87411,51.685181,6787.0,2.753,1.596,
KIC 9114508,9114508,,299.53513,45.44186,4070.0,0.646,0.645,
KIC 9216810,9216810,,291.26102,45.63747,,,,
KIC 9268159,9268159,,285.32791,45.753738,7365.0,3.638,2.049,
KIC 9340460,9340460,,291.07208,45.879307,6164.0,1.825,1.173,
KIC 9409493,9409493,,294.00723,45.953941,4538.0,0.663,0.65,
KIC 9468848,9468848,,293.43494,46.03944,6065.0,0.947,1.022,
KIC 9649205,9649205,,291.84842,46.339661,5786.0,1.007,0.934,
KIC 10341781,10341781,,292.71887,47.47094,4604.0,0.696,0.69,
KIC 10459805,10459805,,287.14548,47.686989,4988.0,0.636,0.678,
KIC 10471090,10471090,,292.15829,47.67271,6292.0,1.078,1.129,
KIC 10532751,10532751,,290.87155,47.753368,5348.0,9.888,2.814,
KIC 10585887,10585887,,285.24338,47.812592,6000.0,0.97,0.996,
KIC 11867733,11867733,,293.77362,50.12447,5903.0,0.994,1.005,
KIC 11923074,11923074,,296.14072,50.279949,5813.0,0.833,0.925,
KIC 9873004,9873004,,282.03058,46.750809,5581.0,0.845,0.946,
KIC 9899216,9899216,,295.16165,46.750637,8133.0,1.935,1.91,
KIC 9899256,9899256,,295.17673,46.721409,6071.0,0.887,0.93,
KIC 9899345,9899345,,295.20798,46.786221,,,,
KIC 9899621,9899621,,295.29987,46.739471,6310.0,1.095,1.143,
KIC 9899623,9899623,,295.30023,46.797009,6184.0,1.038,1.1,
KIC 9906688,9906688,,297.58023,46.719952,5999.0,0.967,0.979,
KIC 12644020,12644020,,288.6127,51.770439,4987.0,0.727,0.81,
KIC 2010152,2010152,,290.37881,37.481419,6050.0,1.333,0.779,
KIC 2284957,2284957,,286.61917,37.62624,5979.0,0.975,0.83,
KIC 2712825,2712825,,291.38812,37.990219,6335.0,1.401,1.172,
KIC 3443582,3443582,,291.42249,38.535229,15896.0,2.404,2.995,
KIC 3533483,3533483,,288.10904,38.652012,5380.0,0.813,0.924,
KIC 3663850,3663850,,295.80203,38.797932,4936.0,14.907,3.295,
KIC 9771576,9771576,,292.2626,46.571239,5303.0,0.771,0.861,
KIC 9827094,9827094,,290.15576,46.631199,5790.0,1.088,0.829,
KIC 9837720,9837720,,294.54276,46.669083,5061.0,0.668,0.704,
KIC 9873604,9873604,,282.47763,46.754169,5103.0,2.816,1.168,
KIC 9874581,9874581,,283.13617,46.788219,7056.0,2.937,1.657,
KIC 9899449,9899449,,295.24326,46.794891,6014.0,0.958,1.043,
KIC 9962731,9962731,,296.37497,46.806492,5676.0,1.336,0.974,
KIC 12117215,12117215,,294.92795,50.662369,5677.0,0.828,0.92,
KIC 12168280,12168280,,295.97794,50.771481,6419.0,2.057,1.465,
KIC 9912977,9912977,,299.42685,46.70015,5959.0,1.365,0.908,
KIC 9938836,9938836,,285.30768,46.829803,6297.0,2.219,1.398,
KIC 9941425,9941425,,286.83789,46.830837,4067.0,38.446,1.874,
KIC 9959368,9959368,,295.15332,46.828011,5161.0,0.892,0.821,
KIC 9959765,9959765,,295.30353,46.80574,6600.0,1.157,1.133,
KIC 10011213,10011213,,291.60455,46.973289,6231.0,0.955,1.025,
KIC 10014875,10014875,,293.19342,46.91655,6060.0,0.925,1.008,
KIC 3954211,3954211,,291.49051,39.04866,6321.0,1.125,1.207,
KIC 4056579,4056579,,291.40619,39.184292,4915.0,6.877,1.996,
KIC 4276445,4276445,,294.93173,39.36182,6102.0,0.887,0.968,
KIC 4371172,4371172,,293.22186,39.430443,5271.0,1.895,0.989,
KIC 4557341,4557341,,290.37891,39.694,5053.0,0.717,0.754,
KIC 4645492,4645492,,288.97824,39.750259,5672.0,0.965,1.08,
KIC 4738095,4738095,,289.16815,39.829182,6299.0,1.262,1.236,
KIC 10023069,10023069,,296.23184,46.909012,6619.0,3.41,1.67,
KIC 10028127,10028127,,297.73398,46.961529,5570.0,0.855,0.971,
KIC 10079317,10079317,,293.50534,47.018719,6645.0,2.054,1.382,
KIC 10079481,10079481,,293.56528,47.09362,6158.0,1.066,0.998,
KIC 10081899,10081899,,294.46457,47.045441,3439.0,0.318,0.32,
KIC 10199817,10199817,,288.39456,47.264351,6596.0,1.44,0.895,
KIC 10205598,10205598,,290.93597,47.29073,5263.0,0.699,0.668,
KIC 10031643,10031643,,298.74921,46.973351,5638.0,1.088,0.856,
KIC 10090151,10090151,,297.18875,47.093819,5638.0,0.903,1.005,
KIC 10128825,10128825,,286.50937,47.163219,6119.0,1.031,1.075,
KIC 10147276,10147276,,294.16489,47.176281,6173.0,1.041,1.104,
KIC 10155286,10155286,,296.76288,47.145142,4989.0,7.824,2.19,
KIC 10156110,10156110,,297.00977,47.121021,6469.0,1.193,1.26,
